product_id,sku,name,price,original_price,stock,max_per_order,available,fetched_at
141369420,5XZF4Q,brightfarms Chicken Standard Cut 1kg,639,639,19,0,True,2026-09-06 08:32:28
141369530,WML33D,brightfarms Chicken Breast Boneless 500g,475,475,18,100,True,2026-09-06 08:32:28
141369527,44Z79F,brightfarms Chicken Boneless Cubes 500g,479,479,14,100,True,2026-09-06 08:32:28
141373741,1Y38A0,brightfarms Chicken Karhai Cut 1kg,639,639,21,100,True,2026-09-06 08:32:28
141369535,BJ1A4Y,brightfarms Chicken Mince 500g,489,489,2,0,True,2026-09-06 08:32:28
141373743,F13984,brightfarms Chicken Breast Boneless Boti 1kg,959,959,4,100,True,2026-09-06 08:32:28
141419840,OB2978,brightfarms Chicken Standard Cut 500g,315,315,18,8,True,2026-09-06 08:32:28
141419841,6S50SO,brightfarms Chicken Biryani Cut 500g,315,315,4,8,True,2026-09-06 08:32:28
141419842,1N44WY,brightfarms Chicken Karahi Cut 500g,315,315,7,0,True,2026-09-06 08:32:28
141373745,V18LCP,brightfarms Chicken Tikka Leg 1kg,599,599,1,100,True,2026-09-06 08:32:28
141419847,25N220,brightfarms Chicken Drumsticks 500g,315,315,9,8,True,2026-09-06 08:32:28
141369533,M9AZNN,brightfarms Chicken Drumsticks 1kg,629,629,5,100,True,2026-09-06 08:32:28
141372597,CW998T,Brightfarms Fresh Chicken Boneless Strips 500g,479,479,4,100,True,2026-09-06 08:32:28
141419846,WU5250,brightfarms Chicken Wings 500g,255,255,8,8,True,2026-09-06 08:32:28
141369531,25M2T9,brightfarms Chicken Wings 1kg,505,505,3,100,True,2026-09-06 08:32:28
141372591,M0165O,Brightfarms chicken thigh boneless fillet 500g,479,479,7,100,True,2026-09-06 08:32:28
141373739,Q0H761,brightfarms Chicken Biryani Cut 1kg,629,629,1,100,True,2026-09-06 08:32:28
141372606,JKL1BF,Brightfarms Fresh Chicken liver & Heart 1kg,475,475,4,100,True,2026-09-06 08:32:28
141374735,rtc-422,K&N's Boneless Handi 500g,810,810,1,6,True,2026-09-04 14:05:41
141374734,rtc-421,K&N's Qeema Extra Lean 500g,810,810,1,6,True,2026-09-03 19:11:48
141374689,rtc-414,K&N's Breast Fillet 500g,810,810,1,6,True,2026-09-03 19:11:48
141374732,rtc-419,K&N's Karahi Chicken Cut 1kg,1049,1049,2,0,True,2026-09-06 08:32:28
141374733,rtc-420,K&N's Boti Chicken Cut 1kg,1129,1129,1,6,True,2026-09-06 08:32:28
141845491,K4U8D7,Frozen Mutton Qorma Cut 900g,3239,3239,1,100,True,2026-09-06 08:32:28
141845489,49K23H,Frozen Mutton Mince 500g,1849,1849,1,0,True,2026-08-31 19:27:33
141370133,4MNDHO,Nurpur Milk Full Cream 1500ml,510,560,1,8,True,2026-09-06 08:32:48
141370139,H62J9F,Nurpur Butter 200g,800,800,1,10,True,2026-07-24 11:45:27
141370131,18V001,Nurpur Milk Full Cream Pouch 250ml,98,98,44,27,True,2026-06-18 13:32:46
141370140,8TG3AH,Nurpur Milk Full Cream Pouch 125ml,55,55,4,0,True,2026-07-02 17:55:38
141370132,UNO99V,Nurpur Butter Unsalted 200g,800,800,1,100,True,2026-07-27 17:47:58
141369606,1STNIQ,Olper's Full Cream Milk 250ml,92.12,98,175,4,True,2026-09-06 08:32:48
141369356,0LTV3D,Olper's Full Cream Milk 1000ml,339,380,232,4,True,2026-09-06 08:32:48
141369354,U4QR0C,Olper's Full Cream Milk Ecolean 250ml,92.12,98,763,28,True,2026-09-06 08:32:48
141369605,NFEFVF,Olper's Flavored Milk Chocolate 180ml,90,100,1,24,True,2026-09-04 18:55:03
141372718,42VITQ,Olper's Flavored Milk Chocolate School Pack (6 Pieces x 110ml),360,400,20,0,True,2026-09-06 08:32:48
141372719,237COA,Olper's Flavored Milk Strawberry School Pack (6 Pieces x 110ml),360,400,8,4,True,2026-09-06 08:32:48
141374066,r1vf-402,Olper's Full Cream Milk Ecolean 125ml,62.98,67,62,36,True,2026-09-06 08:32:48
141370490,8NNX6T,Olper's Full Cream Milk Pouch 375ml,122.2,130,46,24,True,2026-09-06 08:32:48
141369349,VXH013,Olper's Strawberry Flavoured Milk 180ml,90,100,17,24,True,2026-09-06 08:32:48
141371251,PPRYGI,Olper's Badam Zafran Flavoured Milk 180ml,90,100,21,24,True,2026-09-06 08:32:48
141373194,PBDK64,Olper's Mango Flavoured Milk 180ml,90,100,2,24,True,2026-09-04 18:55:03
141369350,4TEI19,Olper's Procal Milk 200ml,94,100,17,24,True,2026-09-05 13:20:54
141371241,766DP9,Olper's Full Cream Milk Powder Pouch 800g,2300,2300,2,0,True,2026-09-06 08:32:48
141371243,G46466,Olper's Full Cream Milk Powder Pouch 390g,1150,1150,5,24,True,2026-09-06 08:32:48
141370574,363D3V,Nestle Milkpak Nestle Milkpak Cream - 200ml,225.6,240,39,0,True,2026-09-06 08:32:48
141369352,GQ695V,Olper's Full Cream Milk 1500ml,526.4,560,111,4,True,2026-09-06 08:32:48
141376355,PIFR31,Prema Whole Milk 900ml,390,390,40,10,True,2026-09-06 08:32:48
141370575,B55L20,Nestle Milkpak Full Cream UHT Milk 1000ml,357.2,380,39,0,True,2026-09-06 08:32:48
141370573,II18AK,Nestle Milkpak Nestle Milkpak Tetra Pack - 250ml,89.3,95,8,0,True,2026-09-05 08:13:53
141369351,65MP3S,Olper's Procal Milk 1000ml,376,400,12,12,True,2026-09-06 08:32:48
141371399,L6ORLQ,Haleeb Asli Milk 1000ml,320,320,25,48,True,2026-09-06 08:32:48
144380828,r1vf-10682,Nurpur Dairy Cream Promo (Rs.30 Off) 200ml,210,210,1,8,True,2026-03-31 11:00:25
141376373,WL6KZ2,Anhaar Pasteurized Whole Milk Bottle 1 ltr.,385,385,4,10,True,2026-09-06 08:32:48
141369353,868167,Dairy Omung Milk 225ml,66.5,70,79,81,True,2026-09-06 08:32:48
141376374,3WV73J,Anhaar Pasteurized Full Cream Milk Bottle 1 ltr,390,390,2,100,True,2026-09-06 08:32:48
141371245,UKFH4P,Dairy Omung Milk 1000ml,313.5,330,22,48,True,2026-09-06 08:32:48
141369859,I0K3PY,DayFresh Milk Lactose Free 1L,418,440,1,48,True,2026-08-30 14:45:28
141371244,CI068L,Dairy Omung Milk 1500ml,408.5,430,10,48,True,2026-09-06 08:32:48
141376376,19Z291,Anhaar Pasteurized Daily Dairy Pouch 1 ltr,265,265,1,100,True,2026-09-01 14:39:35
141376663,r1vf-4700,Haleeb Evaporated Milk 250ml,170,170,12,8,True,2026-09-06 08:32:48
141370576,79934O,Nestle Nestle Nesvita (High Calcium) UHT Milk -200ml,100,100,35,0,True,2026-09-06 08:32:48
141369833,59M6NJ,Dayfresh Full Cream Milk 1L,370.5,390,1,48,True,2026-08-31 10:42:31
141371405,LDV1Y7,Haleeb Milk Asli Full Cream 225ml,80,80,25,81,True,2026-09-06 08:32:48
141373422,56AOSF,MilkFields Full Cream UHT Milk 1l,375,375,22,100,True,2026-09-06 08:32:48
141369857,6UT434,Dayfresh Full Cream Milk - 250ml Capped,104.5,110,4,81,True,2026-09-02 14:13:22
141369841,DAS1E5,DayFresh Milk Lactose Free 200ml,104.5,110,10,81,True,2026-08-31 10:42:31
141370577,W5OQHR,Nestle Nesvita Milk 1 Litre (1000ml),410,410,12,0,True,2026-09-06 08:32:48
141376375,3M4DXG,Anhaar Pasteurized Low Fat Milk Bottle 1 ltr,380,380,1,0,True,2026-09-05 08:13:53
141371401,P2O1S7,Haleeb Milk 1000ml (1 Piece),370,370,3,48,True,2026-09-06 08:32:48
141371400,51959G,Haleeb Milk 250ml,95,95,25,81,True,2026-09-06 08:32:48
141372915,Y7117I,NESTLÉ MILKPAK 1000ml Promo 11+1,4070,4070,1,100,True,2026-04-14 11:09:05
143856813,S7R7J9,Olper's Full Cream Milk 500ml,183.3,195,13,12,True,2026-09-06 08:32:48
141373420,44OYV5,MilkFields Full Cream UHT Milk 250ml,95,95,48,100,True,2026-09-06 08:32:48
141370606,KV435N,NESTLE MILO RTD 180ml Pet,94,100,47,0,True,2026-09-06 08:32:48
141369839,1872D0,Dayfresh Flavored Milk Chocolate 225 ml,104.5,110,15,10,True,2026-09-06 08:32:48
141372768,8Q0DB6,Nestle Milo PET Bottle 220ml,150.4,160,23,0,True,2026-09-06 08:33:45
141369854,Q61S9Q,Dayfresh Flavored Milk Strawberry 225 ml,104.5,110,3,100,True,2026-09-06 08:32:48
143249833,r1vf-106006,Dayfresh Date Chocolate Flavored Milk 180ml,76,80,3,8,True,2026-09-06 08:32:48
144103962,r1vf-10661,Dayfresh Strawberry Flavored Milk 125ml,57,60,3,8,True,2026-07-27 17:47:21
141369858,19NUU9,Dayfresh Flavoured Milk Banana 225ml,102.3,110,3,100,True,2026-08-24 13:55:01
141373073,0RP4C3,Nestle Milo Active Go Cocoa Malt Beverage 12x180ml (12pieces),1080,1200,2,0,True,2026-07-30 15:15:12
144103963,r1vf-10662,Dayfresh Vanilla Flavored Milk 125ml,57,60,14,8,True,2026-09-06 08:32:48
141375722,r1vf-2790,Dayfresh Vanilla Flavored Milk 225ml,104.5,110,3,8,True,2026-09-06 08:32:48
141373965,r1vf-274,Milo All in One 150g,432.4,460,19,0,True,2026-09-06 08:32:48
141373964,r1vf-273,Milo All in One 25g,70.5,75,43,0,True,2026-09-06 08:32:48
141375723,r1vf-2791,Dayfresh Malai Kulfi Flavored Milk 225ml,104.5,110,12,8,True,2026-09-06 08:32:48
143249835,r1vf-106008,Dayfresh Vanillaaa Flavored Milk 180ml,76,80,3,8,True,2026-09-06 08:32:48
141369848,6MA59Z,Dayfresh Premium Flavored Milk Belgian  Chocolate 225ml,129.2,170,6,100,True,2026-09-05 18:01:42
141373419,5M4K78,MilkFields Chocolate Flavored Milk 180ml,95,95,19,0,True,2026-09-06 08:32:48
141370602,506T8S,NESTLE MILO Activ-Go Cocoa Malt Powder 300g Pouch,977.6,1040,1,0,True,2026-09-05 13:22:17
141369832,N1ZO38,Dayfresh Flavoured Milk Pista Zafran 225ml,104.5,110,6,100,True,2026-09-06 08:32:48
141369846,JOBRF7,Dayfresh Premium Flavored Milk Hezalnut 225ml,129.2,170,1,100,True,2026-09-06 08:32:48
143249832,r1vf-106005,Dayfresh Pista Zafran Flavored Milk 180ml,76,80,1,8,True,2026-09-03 14:17:03
143633585,r1vf-4185,Milk Fields Badam Zafran Flavored Milk 180ml,95,95,6,8,True,2026-09-06 08:32:48
141376616,TM2919,Nestle Milo Pet Bottle 12 Pieces x 220ml,1728,1920,1,0,True,2026-08-15 07:34:42
141370937,0EGR37,Comelle Condensed Milk 1Kg Tin,773.5,910,2,100,True,2026-09-06 08:32:48
142364372,OXPJ76,Polac Brand Sweetened Condensed Milk 1kg,720,720,1,0,True,2026-05-15 15:22:39
141376357,I868U4,Prema Pouch Yogurt 425g,220,220,54,100,True,2026-09-06 08:32:48
141376363,31KZIZ,Prema Plain Yogurt 375g,250,250,23,100,True,2026-09-06 08:32:48
141376354,JWI4MW,Prema Yogurt Sweetened 400g,250,250,12,100,True,2026-09-06 08:32:48
141376379,TO31S0,Anhaar Greek Style Yogurt 250 g,250,250,2,0,True,2026-09-05 13:20:54
141376377,DAZ6UP,Anhaar Yogurt Plain Kafayat Pouch 450g,210,210,3,0,True,2026-09-06 08:32:48
141376364,XXC51H,Prema Low Fat Yogurt 375g,255,255,6,100,True,2026-09-06 08:32:48
141369210,4T3L52,Amson's Yogurt Pouch 1000g,400,400,5,0,True,2026-09-06 08:32:48
141376378,3UX89F,Anhaar Plain Yogurt 400 g,270,270,2,0,True,2026-09-06 08:32:48
141370595,KTWP5I,Nestle Bunyad Powder Pouch 260g,507.6,540,3,0,True,2026-09-06 08:32:48
141374170,mro-207,Nestle Bunyad Ferripro Bachat 910g,1748.4,1860,1,0,True,2026-09-06 08:32:48
141376201,r1vf-4239,Nido Full Cream Milk Powder 375g,1000,1000,1,0,True,2026-08-31 10:42:31
141372151,H40LA4,Horlicks Chocolate Flavour Pouch 200g,750,750,12,5,True,2026-09-06 08:32:48
141370605,9I6HLZ,NESTLE NIDO School Age Pouch 390g,1034,1100,3,0,True,2026-09-06 08:39:06
141370673,PJPLPJ,NESTLE NIDO Full Cream Milk Powder 800g Pouch,2397,2550,5,0,True,2026-09-06 08:39:06
141373593,ZT9294,Nestle EveryDay Promo 900g,1770,1770,1,8,True,2026-07-21 17:29:36
141370609,FP31Y2,Milo Milk Powder Pouch 500g,1485.2,1580,23,0,True,2026-09-06 08:33:45
141370621,A74D5E,Nestle Nido NESTLE NIDO School Age Nutrition 900g Pouch,2350,2500,1,0,True,2026-09-06 08:39:06
141370930,V10JW6,Millac Milk Powder Pouch 390g,900,1000,12,100,True,2026-09-06 08:32:48
141370929,JY1TMO,Millac Milk Powder Pouch 910g,2070,2300,5,100,True,2026-09-06 08:32:48
143070623,r1vf-2770,Millac Gro Milk Powder 130g,250,250,96,0,True,2026-09-06 08:32:48
141370616,JP66J9,NESTLE NIDO School Age Pouch 650g,1786,1900,6,0,True,2026-09-06 08:39:06
141374661,nid-302,Nestlé NIDO SAN Fortified Milk Powder Promo Pack 990g,2500,2500,2,0,True,2026-09-06 08:32:48
142807121,38DII8,Millac Gro Powder (pouch) 260g,450,500,1,0,True,2026-09-06 08:32:48
143460114,LZEWTF,Complan Strawberry Bib 200g,750,750,1,100,True,2026-05-03 14:13:51
143460117,HVZ66I,Complan Strawberry Jar 400g (Imported),1450,1450,2,100,True,2026-09-06 08:32:48
141370938,I7V144,Millac Skimillac Milk Powder Tin 500g,1237.5,1375,4,100,True,2026-09-06 08:32:48
142807120,2BDUJ7,Millac Gro 900g,1548,1720,12,0,True,2026-09-06 08:32:48
143460115,EVBIL2,Complan Vanilla Bib 200g,750,750,1,100,True,2026-08-13 17:00:22
142807122,5XUGCD,Millac Malty Chocolate Powder 300g,720,800,1,0,True,2026-09-06 08:32:48
141370932,X1VM55,Comelle Milk Powder 800g,1955,2300,1,0,True,2026-09-06 08:32:48
143460113,PH7WLI,Complan Vanilla Jar 400g (Imported),1450,1450,4,100,True,2026-09-06 08:32:48
141370933,R60922,Comelle Milk Powder 390Gm,977.5,1150,2,100,True,2026-09-06 08:32:48
141376360,9X9SP4,Prema Yogurt Strawberry 90g,110,110,1,0,True,2026-09-05 18:01:42
141376367,FIEFSJ,Prema Yogurt Chunky Blueberry 90g,122,122,2,100,True,2026-09-05 18:01:42
141376365,HSVGNU,Prema Yogurt Mango 90g,110,110,1,100,True,2026-09-04 18:55:03
142543500,r1vf-6603,Anhaar Greek Strawberry Yogurt 250g,250,250,1,8,True,2026-09-04 14:05:59
141376366,T25O72,Prema Chunky Strawberry Yogurt 90g,122,122,1,100,True,2026-09-05 18:01:42
142543501,r1vf-6604,Anhaar Greek Mango Yogurt 250g,235,250,9,8,True,2026-06-14 17:26:08
141376352,610L69,Prema Laban Strawberry 180 ml,135,135,6,100,True,2026-09-06 08:32:48
141376358,9ZEJ8R,Prema Laban Blueberry 180ml,135,135,4,0,True,2026-09-06 08:32:48
141376353,J82ZI4,Prema Laban Sweet 180ml,135,135,3,100,True,2026-09-06 08:32:48
141369348,OA4PQV,Olper's Cream 200ml,220.8,240,59,4,True,2026-09-06 08:32:48
141371403,2C652H,Haleeb Cremyum 200ml,160,160,9,100,True,2026-09-06 08:32:48
141371246,6728AK,Omung Dobala 200ml,148.8,160,43,81,True,2026-09-06 08:32:48
141371402,1W229Y,Haleeb Cream 200ml,230,230,23,10,True,2026-08-28 16:28:48
141369251,85KP46,Adam's Cheese Cheddar 200g,660,660,4,100,True,2026-09-06 08:32:48
141371370,4DBVD2,Dairy Life Cheese Pizza Shredded 200g,690,690,1,0,True,2026-08-31 19:28:28
141371368,6IP823,Dairy Life Cheese Mozzarella Shredded 200g,690,690,1,100,True,2026-08-09 16:41:06
141369247,G46WM4,Adams Buffalo Mozzarella Cheese 200g,735,735,7,100,True,2026-09-06 08:32:48
141374961,r1vf-1702,Dayfresh Dairy Cream 200ml,207,230,1,8,True,2026-08-15 04:36:18
141369836,WJR5HM,Dayfresh Cheddar Cheese Block 200 g,600,600,12,100,True,2026-09-06 08:32:48
141371367,601GPG,Dairy Life Cheese Mozzarella Block 200g,670,670,27,100,True,2026-09-06 08:32:48
141373423,M5Q862,MilkFields UHT Dairy Cream 200ml,230,230,23,100,True,2026-09-06 08:32:48
141370110,N4QEOD,Deen's Mozzarella Cheese 140g,597,597,2,100,True,2026-09-06 08:32:48
141369246,4H6N90,Adam's Mozzarella Singles Slices 200g,730,730,1,100,True,2026-08-22 10:28:40
141369239,DD27IS,Adams Burger Cheese Slices 10 Pieces 200g,720,720,1,0,True,2026-08-13 11:05:12
141369255,OQ77DI,Happy Cow Regular Cheese Wheel Imported Portion ( 8 Pieces) 120g,899,899,8,8,True,2026-09-06 08:32:48
141370118,Y60R44,Deen's Cheese Slice 10 Pieces 200g,637,637,4,100,True,2026-09-06 08:32:48
141370112,48QIJ1,Deen's Cheddar Cheese 200g,658,658,3,0,True,2026-09-06 08:32:48
141369840,1UR8VV,Dayfresh Mozzarella Cheese Block 200 g,670,670,11,100,True,2026-09-06 08:32:48
141369243,9V4P47,Adams Cheese Toast Slices 10 Pieces,670,670,2,0,True,2026-09-06 08:32:48
141368948,XPE8TR,Happy Cow Yellow Cheddar Cheese 8 Slices 150g,835.24,1099,3,100,True,2026-09-06 08:32:48
141369245,32YSBG,Adam's Pizza Cheese 200g,730,730,8,100,True,2026-09-06 08:32:48
141370135,52065O,Nurpur Cheddar Cheese Block 200g,650,650,1,100,True,2026-06-12 16:24:17
141369238,U0UGTK,Adam's Diet Cheese Slices 10 Pieces,730,730,1,0,True,2026-09-05 08:13:53
141369199,ME5FX1,Adam's Cottage Cheese 200g,570,570,1,100,True,2026-09-03 08:47:07
141369250,7M1T6D,Adam's Cheddar Cheese 400g,1260,1260,2,0,True,2026-09-06 08:32:48
141370117,J8XC0T,Deen's Slice Cheese 250g,700,700,2,100,True,2026-09-06 08:32:48
141370113,2PDGEG,Deen's Cheddar Cheese 400g,1209,1209,1,100,True,2026-09-06 08:32:48
141370122,FF73T4,Deen's Mozzarella Cheese 200g,576.84,759,2,10,True,2026-09-02 14:13:22
141370138,4J7I05,Nurpur Mozzarella Cheese Block 200g,700,700,3,100,True,2026-06-25 07:50:47
141369254,JL4306,Happy Cow Burger Cheese 10 Slices 200g,1385,1385,6,100,True,2026-09-06 08:32:48
141368970,57D42G,Happy Cow Regular Cheese Wheel (Big Pack) 24 Portions 360g (Imported),2240,2240,1,100,True,2026-09-01 09:17:52
141369244,2WJ84H,Adams Pizza Cheese 400 g.,1390,1390,1,0,True,2026-09-06 08:32:48
141368959,2Q00E1,Happy Cow Cream Cheese Natural Wheel 8 x 140g,759.24,999,5,100,True,2026-09-06 08:32:48
141369248,982OKN,Adams Mozzarella Cheese Silver 400g,1400,1400,1,100,True,2026-08-18 13:46:44
141376341,TDILHQ,Adams Buffalo Mozzarella Cheese 400 g,1400,1400,8,0,True,2026-09-06 08:32:48
141370121,238X32,Deen's Mozzarella Cheese 400g,1072.36,1411,1,100,True,2026-09-06 08:32:48
142265277,775WLL,Happy Cow Mozzarella Cheese 10 Slices 200g (Imported),1052.6,1385,5,100,True,2026-09-06 08:32:48
141368931,N2AOZO,Happy Cow Toast Cheese (Imported) 10 Slices 200g,1052.6,1385,4,100,True,2026-09-06 08:32:48
142265279,T1S818,Happy Cow Low Fat cheese 10 slices 200g,1385,1385,7,100,True,2026-09-06 08:32:48
141374519,h1ei-3,Almarai Processed Cream Cheese 500g,2150,2150,7,8,True,2026-05-25 17:50:05
141374520,h1ei-5,Almarai Spreadable Cream Cheese 200g,925,1250,2,8,True,2026-05-25 17:50:05
142265278,P189DI,Happy Cow Gouda Cheese (Imported) 8 Slices 150g,835.24,1099,4,100,True,2026-09-06 08:32:48
141375446,r1vf-3001,Quaker White oats 400gm,800,800,9,0,True,2026-09-06 08:33:05
141371374,219R39,brightfarms Fresh Eggs 12 Pieces,300,300,191,2,True,2026-09-06 08:33:05
141371375,6YJRLD,brightfarms Fresh Eggs 6 Pieces,155,155,53,2,True,2026-09-06 08:33:05
141373090,7F9267,brightfarms Fresh Desi Eggs 12 Pieces,410,410,1,0,True,2026-09-06 08:33:05
141373091,Y13IQ3,brightfarms Fresh Desi Eggs  6 Pieces,210,210,6,0,True,2026-09-06 08:33:05
141376034,r1vf-3312,Barley Porridge 250g,102.6,108,8,6,True,2026-09-06 08:33:05
141376050,r1vf-3338,Wheat Porridge 250g,53.2,56,7,0,True,2026-09-06 08:33:05
141369214,TKZ3G4,Blue Band Regular Margarine 100g,200,200,2,5,True,2026-06-10 08:12:59
141369311,JK6WS2,Blue Band Regular Margarine 200g,399,399,11,4,True,2026-09-06 08:33:05
141369310,97MB54,Blue Band Regular Margarine 50g,100,100,41,10,True,2026-09-06 08:33:05
141369312,8E41L5,Blue Band Regular Margarine 250g,550,550,23,4,True,2026-09-06 08:33:05
141369203,6VLXM1,Adam's Butter Salted 100g,400,400,1,0,True,2026-08-17 10:37:20
141369202,0782J1,Adam's Salted Butter 50g,240,240,1,100,True,2026-08-13 14:25:19
141369213,2RK48R,Blue Band Regular Margarine 25g,50,50,24,0,True,2026-09-06 08:33:05
141369204,57043A,Adam's Butter Salted 200g,750,750,2,100,True,2026-09-06 08:33:05
141369309,7ZSMY3,Blue Band Regular Margarine 500g,990,990,2,8,True,2026-09-06 08:33:05
141372497,H7BJQB,Blueband Margarine Spread Sachet 45g,60,60,1,100,True,2026-05-17 06:50:20
141374960,r1vf-1701,Dayfresh Salted Butter 200g,595,700,1,8,True,2026-08-15 16:31:58
141368947,5T8CSG,Mumtaz Table Margarine 50 g (Imported),69.92,92,12,100,True,2026-09-06 08:33:05
141368955,WD9L5E,Mumtaz Table Margarine 200 g,377,377,1,100,True,2026-07-30 11:56:42
141374061,r1vf-356,Blue Band Regular Margarine 700g,1295,1295,2,8,True,2026-09-06 08:33:05
141368927,3T4PI8,Mumtaz Table Margarine 500 g (Imported),596.4,840,1,0,True,2026-08-14 14:17:29
141376350,8G4MW8,Prema Cream Cheese 190g,630,630,5,100,True,2026-09-06 08:33:05
141370736,9FKRN0,National Mango Jam 410g,272,340,6,0,True,2026-09-06 08:33:05
141369807,VL79EA,Young's Chicken Spread Pouch 200ml,310,310,3,6,True,2026-09-06 08:33:05
141373800,F45UVT,Young's Choco Bliss Double Chocolate 180g,510,510,1,100,True,2026-08-08 07:55:32
141370700,K6W495,National Apple Jam 200g,200.2,220,24,3,True,2026-09-06 08:33:05
141373802,6NNC4K,Young's Peanut Butter 320g,750,750,1,100,True,2026-08-07 08:18:23
141369802,4M7C84,Choco Bliss Chocolate Spread Milk Jar 350g,800,800,14,0,True,2026-09-06 08:33:05
141370738,IHDF7L,National Jam 200Gm Mango,200.2,220,20,3,True,2026-09-06 08:33:05
141369806,51BNFV,Young's Chicken Spread Pouch 500ml,720,720,1,100,True,2026-09-06 08:33:05
141369805,34L2OB,Youngs Spread Sandwich Pouch 200ml,250,250,16,0,True,2026-09-06 08:33:05
141369803,2MO349,Choco Bliss Chocolate Spread Hazelnut Jar 350g,900,900,1,6,True,2026-08-31 10:43:25
141370688,P6IJNN,National Strawberry Jam 410g,482.3,530,12,3,True,2026-09-06 08:33:05
141372203,T60RUE,Swiss Premium Original Cheese Spread 250g,900,900,14,100,True,2026-09-06 08:33:05
141369738,BH569E,Young's Chocolate Spread 360g,700,700,1,0,True,2026-08-07 10:57:52
141370687,20NB85,National Apple Jam 410g,309.4,340,7,3,True,2026-09-06 08:33:05
141369714,WZ5S82,Choco Bliss Chocolate Spread Hazelnut 150g,480,480,1,100,True,2026-08-17 16:33:41
141372201,76322M,Swiss Chilli Cheese Sauce 200g,700,700,30,100,True,2026-09-06 08:33:05
141369745,8R4IT8,Young's BeeHives Natural Honey 125g,370,370,24,100,True,2026-09-06 08:33:05
141372200,0L6ATD,Swiss Premium Cheddar Cheese Spread 250g.,900,900,4,100,True,2026-09-06 08:33:05
141374209,r1vf-488,Reload All Natural Chunky Peanut Butter 340g,839.3,1199,8,0,True,2026-09-06 08:33:05
141369801,FA2486,Young's Bar B Que Spread Pouch 200ml,335,335,7,100,True,2026-09-06 08:33:05
141376347,JYA132,Prema Butter Plain 190g,670,670,1,100,True,2026-09-02 14:13:59
141371444,ZVG2SG,Lotus Biscoff Smooth Biscuit Spread 400g,999,999,1,100,True,2026-06-22 19:35:27
141372621,419KXN,Italia Honey 125g (Imported),370,370,11,100,True,2026-09-06 08:33:05
141376423,0J4LB9,Dairy Life Butter Salted 100g,330,330,1,100,True,2026-07-29 17:20:37
141369739,3F1618,Young's Chocolate Spread 600g,1090,1090,7,100,True,2026-09-06 08:33:05
141369797,BZWZSK,Young's Maska Breakfast Spread 100g,170,170,57,100,True,2026-09-06 08:33:05
141369509,M7FJFR,Shezan Strawberry Jam 370g,267.3,297,4,100,True,2026-09-06 08:33:05
141369737,P58G1T,Young's Chicken Spread Pouch 1l,1280,1280,2,100,True,2026-09-06 08:33:05
141369735,0D87JF,Young's BeeHives Honey Pouch 200g,440,440,9,100,True,2026-09-06 08:33:05
141369784,8AXXZ3,Young's Natural Honey 250g,670,670,29,0,True,2026-09-06 08:33:05
141369734,93RKCO,Young's BeeHives Honey Sqeeuze Bottle 170g,470,470,40,100,True,2026-09-06 08:33:05
141372625,0EF37G,Italia Honey 250Gm Natural,517.26,699,9,100,True,2026-09-06 08:33:05
142265284,ZE83N6,FRUTAMINS PEANUT BUTTER 340GM CREAMY (Imported),617.5,950,1,100,True,2026-08-23 07:37:39
141369799,Y946ED,Youngs Maska Breakfast Spread 400Gm,560,560,22,100,True,2026-07-25 11:15:58
141369744,Z0V5NS,Youngs Honey Natural 1000Gm,1650,1650,17,100,True,2026-09-06 08:33:05
141369715,MK96I5,Choco Bliss Chocolate Spread Hazelnut 300g,800,800,15,100,True,2026-07-25 11:15:58
141369804,4X1R9B,Youngs Beehives Honey Squeeze Bottle 450g,1100,1100,20,0,True,2026-09-06 08:33:05
141369746,HHK4O6,Youngs Honey Natural 500Gm,1100,1100,20,100,True,2026-09-06 08:33:05
141369736,ERW610,Young's BeeHives Honey Pouch 400g,840,840,22,100,True,2026-09-06 08:33:05
141374207,r1vf-489,Reload All Natural Smooth Peanut Butter 340g,839.3,1199,6,0,True,2026-09-06 08:33:05
145094406,N3G8FY,Mitchells Golden Apple Jam 410g,330,330,12,100,True,2026-09-06 08:33:05
145094419,r1vf-11064,Mitchells Diet Strawberry Jam 300g,365,365,9,0,True,2026-09-06 08:33:05
145094415,TD5438,Mitchells Black Currant Jam 300g,480,480,5,100,True,2026-09-06 08:33:05
145094414,2O449Z,Mitchells Old English Marmalade 300g,336,480,1,100,True,2026-09-06 08:33:05
145094405,F1513L,Mitchells Golden Apple Diet Jam 300g,255.5,365,7,100,True,2026-09-06 08:33:05
145094412,AV16FJ,Mitchells Strawberry Jelly 410g,330,330,8,100,True,2026-09-06 08:33:05
145094404,52050F,Mitchells Diet Mist Marmalade Orange 300g,255.5,365,6,100,True,2026-09-06 08:33:05
145094410,WP184P,Mitchells Mixed Fruit Diet Jam 300g,255.5,365,6,100,True,2026-09-06 08:33:05
145094413,P9WM25,Mitchells Pineapple Jelly 410g,231,330,6,100,True,2026-09-06 08:33:05
145094411,3WYQBN,Mitchells Apple Jelly 410g,231,330,11,0,True,2026-09-06 08:33:05
141375131,PHM6NT,Major Grains Choco Shells 24 x 150g,450,450,17,0,True,2026-09-06 08:33:05
141375129,r1vf-1892,Major Grains Choco Loops 24 x 150g,450,450,14,0,True,2026-09-06 08:33:05
141375128,r1vf-1891,"Major Grains Chocolate Choco Balls, 24x150g",450,450,12,0,True,2026-09-06 08:33:05
141373970,r1vf-272,Kababjees Pheni Rs. 200,200,200,1,0,True,2026-08-02 17:06:40
141370105,FFX83I,Funchies Mingalz Chocolate Filled Crunch 16g Sachet,21,30,60,0,True,2026-09-06 08:33:05
141370098,P55ZL6,Funchies Mingalz Choco Balls Sachet 16g,28.5,30,25,100,True,2026-09-06 08:33:05
141370104,SMW318,Funchies Mingalz Chocolate Filled Crunch Pouch 125g,154,220,7,100,True,2026-09-06 08:33:05
141370099,00811Y,Funchies Mingalz Choco Bites Sachet 16g,28.5,30,56,100,True,2026-09-06 08:33:05
141371315,4J2I1P,Fauji Porridge Barley 250Gm,333,450,6,100,True,2026-09-06 08:33:05
141374777,r1vf-1541,Bisconni Cocomo Cereal 1 Unit,559.2,699,6,8,True,2026-09-06 08:33:05
141372260,719GAP,Nutrilov Crunchy Cereal Berry Blast Cup,385,385,15,100,True,2026-09-06 08:33:05
141371309,13N4W8,Fauji Corn Flakes 150g,460,460,2,100,True,2026-09-06 08:33:05
141370101,WA6KN6,Funchies Mingalz 330Gm Chocolate Crunch,525,700,9,100,True,2026-09-06 08:33:05
141373076,90RH6D,Nutrilov Crunchy Cereal Chocolate Chip Vanilla Cup,385,385,9,0,True,2026-09-06 08:33:05
141374284,r1vf-580,Nutrilov Crunchy Cereal Berry Blast Small Box,561.66,759,15,8,True,2026-09-06 08:33:05
141371319,8C264F,Fauji Porridge Wheat 250Gm,300,300,3,100,True,2026-09-06 08:33:05
141371297,MMSG83,Fauji Porridge Barley 100Gm,190,190,7,0,True,2026-09-06 08:33:05
141370103,JSIGM6,Funchies Mingalz Chocobites 125g,209,220,4,100,True,2026-09-06 08:33:05
141372261,WJ4WLS,Nutrilov Crunchy Cereal Honey Almond Cup,385,385,36,100,True,2026-09-06 08:33:05
141376665,virtual-1321,Nissin Gekikara Ramen Hot Chicken Flavour Noodles 80g,299,299,3,12,True,2026-09-06 08:35:03
141371312,7H1N84,Fauji Cereals Corn Flakes 250g,680,680,6,0,True,2026-09-06 08:33:05
141371323,Z433QX,Fauji Nut Fruits&Flakes 250Gm Muesli,814,1100,1,100,True,2026-09-06 08:33:05
141370100,0Z0X2C,Funchies Mingalz Choco Balls 330g,490,700,9,100,True,2026-09-06 08:33:05
141370102,T7I7CJ,Funchies Mingalz Choco Balls 125g,154,220,9,100,True,2026-09-06 08:33:05
141371304,D0U30D,Fauji Porridge Barley 175g,300,300,6,100,True,2026-09-06 08:33:05
141372371,6A0V6E,Daffy Froops Cereal 250gm,357.5,550,1,0,True,2026-09-04 08:42:45
141373077,E85UZ9,Nutrilov Crunchy Cereal Chocolate Chip Vanilla Large Box,925,1250,6,100,True,2026-09-06 08:33:05
141372262,X2L47X,Nutrilov Crunchy Cereal Berry Blast Large Box,925,1250,13,100,True,2026-09-06 08:33:05
141370090,G5X795,Funchies Mingalz Choco Bites 330g,490,700,7,100,True,2026-09-06 08:33:05
141371320,634336,Fauji Corn Flakes 500g,814,1100,2,0,True,2026-09-06 08:33:05
141371306,1B8Q7M,Fauji Wheat Porridge 100g,103.6,140,1,100,True,2026-09-06 08:33:05
141371318,2X9U96,Fauji Wheat Porridge 1kg,584.6,790,9,0,True,2026-09-06 08:33:05
142723606,r1vf-487,Reload Granola Cereal Premium Chocolate Box,532,760,8,0,True,2026-09-06 08:33:05
141371311,7N0Q71,Fauji Chocolate Pops 150Gm,425.5,575,5,0,True,2026-09-06 08:33:05
141371321,JEO938,Fauji Porridge Barley 1Kg,851,1150,4,0,True,2026-09-06 08:33:05
141371298,2GINP7,Fauji Choco Cups 250Gm,647.5,875,5,0,True,2026-09-06 08:33:05
141371307,D8C797,Fauji Wheat Porridge 175g,162.8,220,6,100,True,2026-09-06 08:33:05
141371305,MKBKEB,Fauji Chocolate Pops 250Gm,647.5,875,4,0,True,2026-09-06 08:33:05
141372140,84NSUB,Fauji Fit-O-Fiber Multigrain Cereal 250g,800,800,1,0,True,2026-09-06 08:33:05
141370097,M64F73,Funchies Mingalz Cornflakes 16g,28.5,30,10,100,True,2026-09-06 08:33:05
141374208,r1vf-486,Reload Granola Cereal Salted Caramel Box,532,760,9,0,True,2026-09-06 08:33:05
141374285,r1vf-581,Nutrilov Crunchy Cereal Honey Almond Small Box,561.66,759,5,0,True,2026-09-06 08:33:05
141371588,9A3UW8,Daffy Coco Cris Chocolate Cup Cereal 250gm,357.5,550,12,100,True,2026-09-06 08:33:05
141371303,24UWDN,Fauji Frosted Flakes 250Gm,703,950,5,0,True,2026-09-06 08:33:05
144091645,r1vf-10600,Nutrilov Crunchy Cereal Variety Pack,4165,4900,14,0,True,2026-09-06 08:33:05
141375816,r1vf-3064,Daali Earthfoods Sugar-free Muesli 250g,764.75,805,4,8,True,2026-09-06 08:33:05
141371317,6NW8K0,Fauji Bran Flakes 250g,740,1000,10,0,True,2026-09-06 08:33:05
141371314,BXCA23,Fauji Choco Stars 250g,647.5,875,2,100,True,2026-09-06 08:33:05
141371299,8Z3YH8,Fauji Choco Cups 150Gm,407,550,2,0,True,2026-09-06 08:33:05
141375132,U0SVX5,Major Grains Moons & Stars 24 x 150g,450,450,21,0,True,2026-09-06 08:33:05
141375135,HDV26P,Major Grains Moons & Stars 24 x 300g,850,850,20,0,True,2026-09-06 08:33:05
141375130,r1vf-1895,Major Grains Choco Balls 24 x 300g,850,850,14,0,True,2026-09-06 08:33:05
141375134,D11K04,Major Grains Choco Loops 24 x 300g,850,850,21,0,True,2026-09-06 08:33:05
141371300,NLS9U1,Fauji Choco Rings 250g,647.5,875,5,100,True,2026-09-06 08:33:05
141375133,XKK0WF,Major Grains Choco Shells 24 x 300g,850,850,14,0,True,2026-09-06 08:33:05
141375466,r1vf-3010,"Nibl Chocolate, Fruit & Nut Granola Cereal 200g",900,900,4,0,True,2026-09-06 08:33:05
141371322,G94KI2,Fauji Honey Corn Flakes 250Gm,690,690,1,100,True,2026-04-02 08:10:51
141375467,r1vf-3011,Nibl Peanut Butter & Jelly Granola Cereal 200g,900,900,3,0,True,2026-08-31 10:43:25
141376394,7X4Z1R,Bread & Beyond Bread Milky Large,250,250,8,0,True,2026-09-06 08:33:05
141376387,70H1X4,Bread & Beyond Bread Multigrain,290,290,12,0,True,2026-09-06 08:33:05
141376398,93EP5D,Bread & Beyond Bread Plain White Large,250,250,3,0,True,2026-09-06 08:33:05
141376384,S30846,Bread & Beyond Bran Bread,220,220,2,0,True,2026-09-06 08:33:05
141376397,XT9BPL,Bread & Beyond  White Bread Small,130,130,4,0,True,2026-09-06 08:33:05
141376395,07G1F0,Bread & Beyond Milky Bread Small,130,130,2,0,True,2026-09-06 08:33:05
141376392,L904R1,Bread & Beyond Sandwich Bread,320,320,1,0,True,2026-09-04 14:06:22
141376388,8YLY37,Bread & Beyond Bread Tortilla 540g,400,400,6,0,True,2026-09-06 08:33:05
141376502,r1vf-1986,Bread & Beyond Whole Wheat Bread Large,170,170,1,8,True,2026-08-04 06:33:12
142364344,9Z0GG1,Heinz Farley's Original 12 Rusks 120g,750,750,6,100,True,2026-09-06 08:33:05
141373913,r1vf-76,Baisan Chickpea Flour (Besan) 1kg,342,380,84,5,True,2026-05-05 09:11:10
141368746,1AW130,Ghiza Maida 1kg,209,220,2,0,True,2026-08-06 12:07:37
141371204,0HB2V0,Ghiza Semolina (Suji) 500g,133.4,145,2,8,True,2026-04-03 10:51:03
141373429,92KRR2,Ghiza Superfine Flour (Ghiza Superfine Atta)  5kg,799,940,26,0,True,2026-09-06 08:33:25
141373428,6N05JC,Ghiza Superfine Flour (Ghiza Superfine Atta)  10kg,1589.5,1870,13,0,True,2026-09-06 08:33:25
141374548,sta-638,Bajra 1kg,144.4,152,12,8,True,2026-09-06 08:33:25
141375813,r1vf-3061,Daali Earthfoods Wholewheat Aata 5kg,1026,1080,9,3,True,2026-09-06 08:33:25
141374479,r1vf-1323,National Cornflour 250g,152,160,7,3,True,2026-09-06 08:33:25
141371687,87V2S1,Bakea Rice Flour 300g,83.57,137,6,0,True,2026-09-06 08:33:25
141376053,r1vf-4011,Makai Atta Flour 500g,171,180,4,10,True,2026-09-06 08:33:25
141376044,r1vf-3332,Rice Flour Atta 500g,126.35,133,11,10,True,2026-09-06 08:33:25
141371301,6170C4,Fauji Rice Flour 300g,155.4,210,1,0,True,2026-09-06 08:33:25
141374556,sta-647,Wheat (Gandum)  500g,95,100,5,10,True,2026-09-06 08:33:25
141376033,r1vf-3311,Barley Flour 500g,224.2,236,7,10,True,2026-09-06 08:33:25
141376479,4AB7U1,Wheat Factory Multigrain Flour (Atta)  2.5kg,902.5,950,3,3,True,2026-09-06 08:33:25
141375812,r1vf-3060,Daali Earthfoods Diabetic & Diet Aata 2kg,817,860,1,5,True,2026-09-01 09:18:52
141376443,3SM97R,Rawayeti White Flour (Maida)  1kg,261.32,278,1,5,True,2026-05-01 09:05:40
141373203,573CGQ,Daal Masoor Whole (Black Masoor) 500g,136.8,144,5,0,True,2026-09-06 08:33:25
141374544,sta-633,Safed Chana Chota 7mm (White Chickpea) 500gm,125.4,132,5,14,True,2026-09-06 08:33:25
141376336,L026C5,Daal Moong 500g,248.4,276,8,4,True,2026-05-05 09:11:10
141376440,591S5H,Rawayeti Refined Flour (Maida)  500g,154.85,163,3,0,True,2026-09-05 08:15:01
141368717,SW8ME9,Split Chickpeas (Chana Daal)  1kg,204,240,55,0,True,2026-09-06 08:33:25
141376449,XDW990,Rawayeti Red Kidney Beans (Red Lobia)  500g,352.5,375,1,4,True,2026-04-24 11:12:03
141376442,G78TBB,Rawayeti Split Chickpeas (Daal Chana)  500g,148.52,158,1,4,True,2026-04-30 09:21:01
141376447,61BD95,Rawayeti Chickpea Flour (Besan)  500g,148.2,156,19,10,True,2026-09-06 08:33:25
141371202,36T6A3,White Chickpeas (Safed Chana) 9mm 1kg,326.4,408,4,10,True,2026-09-06 08:33:25
141376323,38QC95,Split Chickpeas (Chana Daal) 500g,123.5,130,11,0,True,2026-09-06 08:33:25
141376334,FKR958,Split Mash Daal (Mash Daal)  500g,268.2,298,8,4,True,2026-05-05 09:11:10
141376451,6K0E1E,Rawayeti Gram Flour (Baisan)  1kg,290.7,306,1,5,True,2026-09-06 08:33:25
141376338,NV5203,Masoor Daal (Red Lentils)  500g,134.9,142,6,14,True,2026-09-06 08:33:25
141376446,5TEX3P,Rawayeti White Chickpeas (Safed Chana)  500g,226.1,238,6,0,True,2026-09-06 08:33:25
141376450,N7075E,Rawayeti Washed Moong Daal (Daal Moong Dhuli)  500g,336.52,358,1,4,True,2026-04-26 10:53:48
141368748,64KDP2,Red Lentils (Masoor Daal)  1kg,247,260,2,10,True,2026-09-06 08:33:25
141373911,r1vf-74,Daal Masoor Whole (Black Masoor) 1kg,258.3,287,6,6,True,2026-05-05 09:11:10
141371200,6PFML7,Black Chickpeas (Kala Chana)  1kg,195.2,244,5,0,True,2026-09-05 08:15:01
141368869,66R2Q2,Red Kidney Beans (Lobia Lal)  500g,231.8,244,5,14,True,2026-09-06 08:33:25
141368868,TBK4YH,Red Kidney Beans (Lal Lobia)  1kg,538.2,598,4,6,True,2026-05-05 09:11:10
141376448,K03YA7,Rawayeti White Chickpeas (Safed Chana)  1kg,427.5,450,1,10,True,2026-09-06 08:33:25
141371199,84ZQ29,Black Chickpeas (Kala Chana)  500g,105.6,132,7,0,True,2026-09-06 08:33:25
141374540,sta-629,Premium Whole Masoor (Masoor Whole Premium)  1kg,232.98,353,1,4,True,2026-04-30 09:21:01
141371203,2498VF,White Kidney Beans (Safed Lobia)  500g,155.8,164,7,14,True,2026-09-06 08:33:25
141376452,O2OQ7M,Rawayeti Washed Split Black Lentils (Daal Mash Dhuli)  500g,308.75,325,1,0,True,2026-09-05 08:15:01
141374536,sta-624,Premium Masoor Dal (Dal Masoor Premium)  1kg,327.6,364,4,4,True,2026-05-05 09:11:10
141376455,MFQUU7,Rawayeti Black Chickpeas (Kala Chana)  500g,178.6,188,6,14,True,2026-09-06 08:33:25
141374537,sta-626,Premium Black Chickpeas (Chana Black Premium)  1kg,259.2,288,1,10,True,2026-07-27 07:39:17
141374541,sta-630,Premium Chana Dal (Dal Chana Supreme Premium)  1kg,334.4,352,3,0,True,2026-09-06 08:33:25
141376454,WN12DF,Rawayeti Whole Red Lentils (Masoor Sabit)  500g,166.25,175,9,14,True,2026-09-06 08:33:25
141376453,B0162W,Rawayeti Split Red Lentils (Daal Masoor)  500g,178.6,188,1,0,True,2026-09-05 08:15:01
141374555,sta-645,Split Moong Dal (Dal Moong Chilka)  500g,220.4,232,5,8,True,2026-09-06 08:33:25
141376445,YLO9D6,Rawayeti Red Kidney Beans (Lobia Laal)  1kg,551.95,581,4,10,True,2026-09-05 08:15:01
141376444,9024ZN,Rawayeti Split Chickpeas (Daal Chana)  1kg,344.85,363,8,0,True,2026-09-06 08:33:25
141376441,56QX0I,Rawayeti Whole Red Lentils (Masoor Sabut)  1kg,332.5,350,1,10,True,2026-09-05 08:15:01
141376035,r1vf-3313,Barley Whole 500g,171,180,2,14,True,2026-09-06 08:33:25
141368877,I81UZJ,White Kidney Beans (Safed Lobia)  1kg,319.2,336,2,10,True,2026-09-06 08:33:25
141376606,M665HM,Rawayeti Red Lentils (Daal Masoor)  1kg,338.2,356,1,10,True,2026-09-06 08:33:25
141376605,5XH70R,Rawayeti Washed Mash Daal (Daal Mash Dhuli)  1kg,599.45,631,6,10,True,2026-09-06 08:33:25
141374538,sta-627,Premium Mash Dal (Dal Mash Premium)  1kg,627,660,3,10,True,2026-09-06 08:33:25
141374539,sta-628,Premium Moong Dal (Dal Moong Premium)  1kg,490.2,516,1,10,True,2026-08-22 13:37:38
141376607,TLBT59,Rawayeti Washed Moong Daal (Daal Moong Dhuli)  1kg,475,500,11,10,True,2026-09-06 08:33:25
141373397,9T441G,Kababjees Daal Chana Rs. 250,250,250,1,4,True,2026-09-06 08:33:25
141371934,91B9OK,Jazaa Black Elite Steam Rice 1 kg,416,520,20,5,True,2026-05-05 09:11:10
141371221,ET9JD3,Guard Awami Basmati Rice 1kg,294.5,310,8,5,True,2026-09-06 08:33:25
141368722,ATA9S6,Falak  Long Grain Rice (Lambi Chawal)  1kg,285,300,16,0,True,2026-09-06 08:33:25
141371213,SMCO34,Guard Ultimate Basmati Rice (Chawal) 1kg,501.6,570,4,5,True,2026-09-06 08:33:25
141368728,CL25NH,Falak  Rice Extreme Pouch  1kg,546.25,575,7,5,True,2026-05-05 09:11:10
141371214,6O601N,Guard Supreme Basmati Rice 1kg,541.5,570,2,5,True,2026-09-06 08:33:25
141371212,OR48F5,Guard Ultimate Basmati Rice (Ultimate Basmati Chawal) 5kg,2560.5,2845,3,3,True,2026-05-05 09:11:10
141374481,r1vf-1213,Sliced Almond 100g,430.2,478,2,8,True,2026-05-01 11:16:34
141371222,AKPMU6,Guard Super Kernel Basmati Rice 1kg,469.2,510,1,5,True,2026-05-02 06:12:37
141370413,I3QF1X,Mughal Gold Blended Basmati Rice (Chawal) 1kg,294.1,346,1,5,True,2026-06-24 18:02:05
141369752,V68196,Falak  Bachat Basmati Rice (Bachat Basmati Chawal)  5kg,1192,1490,4,3,True,2026-09-06 08:33:25
141373595,PQ2J45,Mughal Royal Diamond Rice (Mughal Royal Diamond)  5kg,2132,2665,1,3,True,2026-06-01 16:13:34
141369756,PSYL75,Falak  Extreme Basmati Rice (Extreme Basmati Chawal)  5kg,2521.2,2865,4,3,True,2026-09-06 08:33:25
141368737,B136WJ,Falak  Peshawari Sela Rice (Peshawari Sela Chawal)  1kg,454.77,489,6,5,True,2026-05-05 09:11:10
141369754,5K77O5,Falak  Daily Rice (Falak Daily Chawal)  1kg,361,380,14,0,True,2026-09-06 08:33:25
141368741,UAFE8U,Falak  Premium Rice (Falak Premium)  1kg,420,525,19,0,True,2026-09-06 08:33:25
141374977,virtual-567,Yopokki Korean Rice Cake Original Cup 120g,350,350,1,8,True,2026-05-07 17:53:57
141371226,2R2WT5,Guard Supreme Basmati Rice (Supreme Basmati Chawal) 5kg,2702.75,2845,7,0,True,2026-09-06 08:33:25
141370405,9GXP6N,Mughal Rozana Plus Rice (Chawal)  5kg,1093.5,1215,1,3,True,2026-06-13 07:55:13
143895268,r1vf-4605,Kausar Deghi Sella Rice 1kg,389.5,410,1,0,True,2026-08-17 07:57:04
141371211,25L8EQ,Guard Tiber Basmati Rice (Tiber Basmati Chawal) 1kg,408.5,430,5,5,True,2026-05-05 09:11:10
141370414,8Y64YR,Mughal Pure Basmati Rice (Mughal Diamond)  5kg,1678.5,1865,1,0,True,2026-06-30 18:02:40
141370408,F6055Z,Mughal Economy Plus Rice (Chawal)  1kg,267.75,315,1,5,True,2026-06-23 18:04:49
141371219,259DTL,Guard Awami Basmati Rice (Awami Basmati Chawal) 5kg,1467.75,1545,3,3,True,2026-09-06 08:33:25
141371216,HP9JVH,Guard Easy Cook Sella Rice 1kg,522.5,550,2,5,True,2026-05-05 09:11:10
141368743,41BP11,Falak  Brown Basmati Rice  1.5kg,640,800,2,0,True,2026-09-06 08:33:25
141369753,U5GXX4,Falak  Daily Rice (Falak Daily Chawal)  5kg,1520,1900,1,3,True,2026-09-06 08:33:25
141370407,K6TYDM,Mugha Royal Gold 1kg,437.75,515,1,5,True,2026-06-12 13:00:14
143895263,r1vf-4602,Kausar Supreme Basmati Rice 1kg,465.5,490,2,5,True,2026-09-06 08:33:25
141369758,RR44CF,Falak  Premium Basmati Rice (Premium Basmati Chawal)  5kg,2301.2,2615,4,3,True,2026-09-06 08:33:25
141374979,r1vf-1719,Yopokki Korean Rice Cake Spicy Pouch 220g,1200,1200,10,0,True,2026-09-06 08:35:03
141370412,40DO00,Mughal Gold Blended Basmati Rice (Chawal) 5kg,1548,1720,1,0,True,2026-08-01 17:06:52
141374978,virtual-559,Yopokki Korean Rice Cake Jjajang Cup 120g,650,650,9,0,True,2026-09-06 08:33:25
141370404,M755JH,Mughal Economy Plus Rice (Chawal)  5kg,1326,1560,1,3,True,2026-07-17 11:27:37
143895261,r1vf-4601,Kausar Sella Basmati Rice 1kg,465.5,490,1,0,True,2026-09-06 08:33:25
141369755,ON35CG,Falak  Select Basmati Rice (Select Chawal)  5kg,1796,2245,3,3,True,2026-09-06 08:33:25
143895256,r1vf-4597,Kausar Super Kernel Basmati Rice 1kg,418,440,1,5,True,2026-09-05 08:15:01
141374980,r1vf-1717,Yopokki Korean Rice Cake Jjajang Pouch 220g,1200,1200,22,8,True,2026-09-06 08:33:25
141368735,Q28G40,Falak  Organic Brown Basmati Rice Jar (Organic Brown Chawal Jar)  1.5kg,720,900,5,3,True,2026-09-06 08:33:25
141369757,57C04S,Falak  Select Rice (Chawal Select)  1kg,360,450,2,0,True,2026-09-06 08:33:25
141368727,K7M6WU,Falak  Easy Cook Rice (Easy Cook Chawal)  1kg,442.4,553,3,5,True,2026-09-06 08:33:25
141370406,O2ZU21,Mughal Royal Gold 5kg,2180.25,2565,1,3,True,2026-07-05 07:33:08
143895258,r1vf-4599,Kausar Steamed Basmati Rice 1kg,494,520,4,5,True,2026-09-06 08:33:25
141369751,76L94A,Falak  Easy Cook Sella Basmati Rice (Sella Basmati Chawal)  5kg,2204,2755,5,3,True,2026-09-06 08:33:25
143895270,r1vf-4606,Kausar Deghi Sella Rice 5kg,1919,2020,1,0,True,2026-09-05 08:15:01
143895265,r1vf-4603,Kausar Supreme Basmati Rice 5kg,2299,2420,2,3,True,2026-09-06 08:33:25
143895266,r1vf-4604,Kausar Haandi Steamed Rice 1kg,446.5,470,4,5,True,2026-09-06 08:33:25
143895257,r1vf-4598,Kausar Super Kernel Basmati Rice 5kg,2061.5,2170,2,0,True,2026-09-06 08:33:25
143895255,r1vf-4596,Kausar Sella Basmati Rice 5kg,2299,2420,3,3,True,2026-09-06 08:33:25
143895259,r1vf-4600,Kausar Steamed Basmati Rice 5kg,2441.5,2570,4,0,True,2026-09-06 08:33:25
141370678,FO1U0X,National Iodized Salt 800g,63,70,33,3,True,2026-09-06 08:33:25
141370684,986922,National Refined Salt 800g,63,70,18,3,True,2026-09-06 08:33:25
141369093,BGZA8D,Shan Pink Himalayan Salt 800g,95,100,10,3,True,2026-09-06 08:33:25
141369091,V4J685,Shan Iodized Salt 800g,76,80,21,3,True,2026-09-06 08:33:25
141369092,20028U,Shan Refined Salt 800g,52,80,2,3,True,2026-09-05 08:15:01
141368731,4I7I56,Falak  Pink Salt (Gulabi Namak)  800g,114,120,9,0,True,2026-09-06 08:33:25
141371931,3SFE7S,Jazaa Himalayan Pink Salt Pouch 800 g,85.5,95,35,100,True,2026-09-06 08:33:25
141368723,3I7LLY,Falak  Black Salt (Kala Namak)  120g,64.35,99,7,0,True,2026-09-06 08:33:25
141368730,16M7DP,Falak Himalayan Pink Rock Salt Refill Pouch 400g,76,80,4,6,True,2026-09-06 08:33:25
141376565,81E0D7,Falak  Arabian Sea Salt (Arabian Samundari Namak)  150g,95,100,1,0,True,2026-08-18 13:47:32
141368734,67OVD7,Falak  Iodized Salt (Namak Iodized)  800G,45.5,70,1,0,True,2026-09-06 08:33:25
141368739,J47Q4Q,Falak  Himalayan Pink Salt (Himalayan Pink Namak)  150g,93.06,99,1,6,True,2026-05-05 09:11:10
141368742,O194NR,Falak  Refined Salt (Table Namak)  800G,45.5,70,5,6,True,2026-09-06 08:33:25
141376567,A75YP8,Falak  Arabian Sea Salt (Arabian Samundari Namak)  400g,65,100,3,0,True,2026-09-06 08:33:25
141368733,47598Q,Falak  Low Sodium Salt  400g,314.9,335,6,6,True,2026-05-05 09:11:10
141368875,880L15,Sugar  2kg,318,318,21,5,True,2026-09-06 08:33:25
141368874,M8FXOJ,Sugar  1kg,159,159,26,10,True,2026-09-06 08:33:25
141370124,NR8Y6F,Sugar (Cheeni)  5kg,775,775,10,3,True,2026-09-06 08:33:25
141375139,virtual-100,Moiz Shakkar 500g,145,145,5,0,True,2026-09-06 08:33:25
141375138,virtual-151,Moiz Sugar 1kg,177,177,6,10,True,2026-09-06 08:33:25
141376054,r1vf-4012,Sugar 500gm,85,85,15,0,True,2026-09-06 08:33:25
141375136,r1vf-2012,Moiz Sugar 2kg,350,350,4,5,True,2026-09-06 08:33:25
141370073,1W2E2L,Mother Choice Icing Sugar 250g,152,160,8,8,True,2026-09-06 08:33:25
141371677,2OK4W8,Bakea Brown Sugar 250g,118.34,194,18,100,True,2026-09-06 08:33:25
141376045,r1vf-3333,Desi Gurr 500gm�,257.4,286,1,6,True,2026-04-09 11:05:13
141368726,K7QYC3,Falak  Unrefined Jaggery (Desi Gur)  500g,318.5,490,4,10,True,2026-09-06 08:33:25
141371675,W0912H,Bakea Icing Sugar 250g,108.58,178,18,100,True,2026-09-06 08:33:25
141370071,VSXNA2,Mother Choice Caster Sugar 250g,152,160,8,8,True,2026-09-06 08:33:25
141375137,r1vf-2013,Moiz Sugar 5kg,865,865,4,0,True,2026-09-06 08:33:25
141371676,253JM1,Bakea Caster Sugar 250g,111.63,183,10,100,True,2026-09-06 08:33:25
141376040,r1vf-3320,Peshawari Gurr 500gm,254.7,283,1,10,True,2026-04-29 17:44:48
141372711,93Q869,Fruitamin fruit cocktail 545g,670,670,14,0,True,2026-09-06 08:33:25
141375798,r1vf-3164,Sun Gold White Button Mushrooms Sliced 400g,361,380,12,0,True,2026-09-06 08:33:25
141371774,5ZFZ4E,Italia Fruit Cocktail Tin 220Gm,322.24,424,13,0,True,2026-09-06 08:33:25
141372713,1X1LC4,Fruitamins Pineapple Broken Slices 545Gm,424,530,32,6,True,2026-09-06 08:33:25
141372618,3OT2H7,Italia Sliced Black Olives 230/115g (Imported),790,790,10,100,True,2026-09-06 08:33:25
141793887,Z1VKD9,DEWDROP JALAPENO SLICE GREEN 320 G BOTTLE,450,450,1,0,True,2026-06-11 14:04:36
141371778,B85522,Italia Sweet Corn 400Gm Tin,320,320,20,0,True,2026-09-06 08:33:25
141369130,Q8SMF0,Shan Ginger Garlic Paste Bottle 310g,467.5,550,13,3,True,2026-09-06 08:33:25
141371775,O3YQ30,Italia Fruit Cocktail Tin 800g (Imported),703,925,16,100,True,2026-09-06 08:33:25
141372717,6H623D,Fruitamins Whole Mushroom 380G (Imported),399.2,499,13,0,True,2026-09-06 08:33:25
142265287,598H1O,Figaro Olives Black Plain 142g,565,565,1,100,True,2026-05-15 07:32:26
141375803,r1vf-3178,Sun Gold White Button Mushrooms Whole 400g,389.5,410,11,8,True,2026-09-06 08:33:25
141371964,O62VZ4,Figaro Olives Black Pitted 142g,476,595,6,100,True,2026-09-06 08:33:25
141369128,R02F1L,Shan Garlic Paste Bottle 310g,522.5,550,7,3,True,2026-09-06 08:33:25
142265286,8I6394,Figaro Olives Black Sliced 240g,676,845,1,0,True,2026-09-06 08:33:25
141372715,70P971,FRUITAMINS SWEET CORN 400GM,430,430,1,100,True,2026-06-02 14:11:41
141371771,11GESK,Italia Green Olives 450Gm Sliced,876.16,1184,7,100,True,2026-09-06 08:33:25
141371965,O52722,Figaro Olives Green Slice 240g,676,845,8,100,True,2026-09-06 08:33:25
141371966,9CR7C0,Figaro Olives Green Plain 142g,452,565,9,0,True,2026-09-06 08:33:25
142265285,0T249O,Figaro Green Olives Stuffed Imported 142g,452,565,4,100,True,2026-09-06 08:33:25
145120766,r1vf-11085,Naturelle Premium Quality Sweet Corn 400g,338.25,451,3,8,True,2026-09-06 08:33:25
145120755,r1vf-11075,Naturelle Plum Tomato Puree 450g,279.75,373,1,8,True,2026-09-06 08:33:25
145120759,r1vf-11079,Naturelle Mini Gherkins Brine & Vinegar 330g,394.8,420,1,8,True,2026-05-23 17:08:49
145120767,r1vf-11086,Naturelle Chick Peas 400g,374,374,1,0,True,2026-08-03 15:48:05
145120758,r1vf-11078,Naturelle Garden Peas 400g,281.25,375,9,8,True,2026-09-06 08:33:25
145120757,r1vf-11077,Naturelle Olives Pitted 380g,591,788,1,0,True,2026-09-03 08:48:29
145120771,r1vf-11090,"Naturelle Organic Whole Green Olives, 380g",492.75,657,2,8,True,2026-09-01 09:18:52
145120772,r1vf-11091,Naturelle Gherkins Brine & Vinegar 1150g,689.5,985,4,0,True,2026-08-22 04:39:59
145120754,r1vf-11074,Naturelle Sliced Jalapenos 1250g,672,672,1,8,True,2026-08-04 06:33:36
141371120,6DTBQ9,RAFHAN CORN FLOUR 275G,190,190,23,3,True,2026-09-06 08:33:25
141370069,359ZRU,Rossmoor Instant Yeast 11g,42.75,45,14,8,True,2026-09-06 08:33:25
141370066,5I3LT2,My Cook Vanilla Essence 28ml,104.5,110,9,0,True,2026-09-06 08:35:24
141369710,95TRS8,Choco Bliss Crave Cooking Chocolate Dark 200g,490,490,1,0,True,2026-08-22 07:37:45
144380851,r1vf-10717,My Wrap Butter Paper Medium (9 x 12 Inches) 36 Sheets,333,370,6,0,True,2026-09-06 08:33:25
141371681,6I0335,Bakea Chocolate Chips 85g,227.05,239,5,100,True,2026-09-06 08:33:25
141369712,K28PIR,Choco Bliss Crave Cooking Chocolate Milky 200g,450,450,2,100,True,2026-08-23 10:30:14
141370068,20N26G,My Cook Zarda Yellow 25g,123.5,130,6,8,True,2026-09-06 08:33:25
144380850,r1vf-10716,My Wrap Butter Paper Large (12 x 14 Inches) 24 Sheets,259,370,4,8,True,2026-09-06 08:33:25
141374546,sta-635,Baking Soda (Metha Soda) 100g,32.3,34,2,8,True,2026-09-02 19:20:11
141370070,MLDPZM,Mother Choice Baking Soda 100g,90.25,95,2,8,True,2026-09-06 08:33:25
141371665,GE3Y8Z,Bakea Cooking Chocolate Milk 200g,406.6,428,1,100,True,2026-09-06 08:33:25
141370057,Z4A1KS,Rossmoor Chocolate Dessert Custard 90g,108,180,5,8,True,2026-09-06 08:33:25
141370060,UG4RJ8,Rossmoor Instant Coconut Milk Powder 50g,218.5,230,13,8,True,2026-09-06 08:33:25
141371295,UAC6QZ,Fauji Corn Flour 275g,125.8,170,4,0,True,2026-09-06 08:33:25
141371678,45AIZ0,Bakea Baking Powder 100g,152.95,161,1,100,True,2026-09-06 08:33:25
141371689,691TB6,Bakea Gelatin Powder 50 g,145.79,239,7,0,True,2026-09-06 08:33:25
141371672,88X6Z7,Bakea Pancake Mix Butter Milk 450g,336.6,561,7,0,True,2026-09-06 08:33:25
141371666,PO7W0K,Bakea Premium Cocoa Powder 80g,305,500,3,100,True,2026-09-06 08:33:25
141371680,MR9XIP,Bakea Instant Yeast 25g,81.13,133,5,100,True,2026-09-06 08:33:25
141369709,K47481,Choco Bliss Crave Cocoa Powder 50g,420,420,3,100,True,2026-09-06 08:33:25
141371688,Q5U0T2,Bakea Self Raising Flour 375g,200.45,211,9,100,True,2026-09-06 08:33:25
144380865,r1vf-10715,My Wrap Baking Paper (12 Inches x 16.4 Feet x 5m) 1 Unit,259,370,3,0,True,2026-09-06 08:33:25
141371679,8BW25H,Bakea Baking Soda 100g,67.71,111,11,0,True,2026-09-06 08:33:25
141371683,HVNY3U,Bakea Orange Food Color 10g,91.5,150,21,100,True,2026-09-06 08:33:25
141371671,P371X2,Bakea Pancake Mix Original 450g,522.5,550,11,100,True,2026-09-06 08:33:25
141371685,Y936FY,Bakea Vanilla Powder 10g,122,200,11,100,True,2026-09-06 08:33:25
141371684,I4A118,Bakea Red Food Color 10g,142.5,150,21,100,True,2026-09-06 08:33:25
141369711,ZKK15W,Choco Bliss Crave Cooking Chocolate 500Gm Dark,1095,1095,11,100,True,2026-09-06 08:33:25
144380862,r1vf-10730,My Wrap Wax Paper (12 Inches x 16.4 Feet x 5m) 1 Unit,259,370,21,0,True,2026-09-06 08:33:25
141371682,G94Y3V,Bakea Yellow Food Color 10g,91.5,150,4,100,True,2026-09-06 08:33:25
143382534,8PMH78,Cadbury Cocoa Powder 125Gm Imp,1550,1550,2,100,True,2026-09-06 08:33:25
141369707,2H6004,ChocoBliss Crave-Cocoa Powder 100g,800,800,16,100,True,2026-09-06 08:33:25
141371084,07609B,Knorr Soup Chicken Corn 46g,170,170,50,4,True,2026-09-06 08:33:25
141371086,15KX7U,Knorr Soup Hot & Sour 51g,170,170,20,4,True,2026-09-06 08:33:25
141371085,5O87L9,Knorr Soup Cream Of Chicken 50g,170,170,43,4,True,2026-09-06 08:33:25
141370091,519Q91,Dashi Hot & Sour Soup 60g,115.5,165,172,0,True,2026-09-06 08:33:25
141370095,5533AQ,Dashi Chicken Corn Soup 54Gm,115.5,165,12,100,True,2026-09-06 08:33:25
141369144,LS1884,Coca Cola Bottle 1.5l,164,200,51,6,True,2026-09-06 08:33:45
141368703,ZOHH05,Pepsi PET 1.5L,164,200,33,6,True,2026-09-06 08:33:45
141368913,554P45,Pepsi PET 345ml,60.9,70,21,12,True,2026-09-01 19:19:36
141368914,EKY9X9,7Up PET 345ml,57.4,70,495,12,True,2026-09-06 08:33:45
141372613,L5WPZ7,Coca Cola Bottle 350ml,57.4,70,647,12,True,2026-09-06 08:33:45
141368705,RFE65R,7Up PET 1.5L,164,200,37,6,True,2026-09-06 08:33:45
141373930,r1vf-200,Coca Cola Bottle 2L,172.2,210,61,6,True,2026-09-06 08:33:45
141369603,I07J2G,Sprite Bottle 1.5l,164,200,24,6,True,2026-09-06 08:33:45
141369145,PPHG02,Coca Cola Bottle 1l,139.4,170,43,6,True,2026-09-06 08:33:45
141372612,1HJTQW,Sprite Bottle 350ml,57.4,70,370,12,True,2026-09-06 08:33:45
141369331,FUQ237,Coca Cola Can 250ml,98.4,120,79,12,True,2026-09-06 08:33:45
141368707,D7W0DR,Pepsi PET 500ml,90.2,110,21,12,True,2026-09-06 08:33:45
141368700,HP8205,7Up Zero Can 250ml,73.8,90,1,8,True,2026-09-05 13:22:17
141368697,99SE2T,Pepsi PET 1l,131.2,160,1,6,True,2026-08-24 16:46:04
141368893,2448Q4,7Up PET 500ml,82,100,33,12,True,2026-09-06 08:33:45
141368698,9TA8C3,Pepsi PET 2.25L,175,250,23,1,True,2026-09-06 08:33:45
141369152,Q39775,Coca Cola Bottle 500ml,98.4,120,32,12,True,2026-09-06 08:33:45
141368908,12I09Q,7Up 250ml Can,90.2,110,207,12,True,2026-09-06 08:33:45
141373835,11FNKG,Cola Next 1.5l,139.5,155,20,0,True,2026-09-06 08:33:45
141368899,H5B288,7Up PET 1l,139.2,160,6,6,True,2026-08-30 19:14:20
141368907,3392X1,7Up PET 2.25L,175,250,26,1,True,2026-09-06 08:33:45
141373829,ZW6K43,Cola Next 1l,103.5,115,16,0,True,2026-09-06 08:33:45
141369151,672G5I,Sprite Bottle 1l,139.4,170,14,6,True,2026-09-06 08:33:45
141372298,XYH6YW,Sprite Lemon Mint Bottle 500ml,98.4,120,38,12,True,2026-09-06 08:33:45
141372164,JTQMVX,Sprite Bottle 500ml,98.4,120,24,12,True,2026-09-06 08:33:45
141375663,CH1QZC,Cola Next Bottle 300ml,49.5,55,22,0,True,2026-09-06 08:33:45
141375697,r1vf-2701,7Up Mint Lemonade Bottle (PET) 345ml,57.4,70,12,12,True,2026-09-05 13:22:17
141368909,R47KRX,Mirinda PET 500ml,90.2,110,13,12,True,2026-09-06 08:33:45
141368896,I5JY23,Mountain Dew PET 1.5l,170,200,1,6,True,2026-08-25 04:46:28
141368894,853S4G,Mountain Dew PET 500ml,90,100,2,0,True,2026-09-02 14:15:13
141373833,B6JEEW,Fizup Next Drink Bottle 1.5l,139.5,155,6,0,True,2026-09-06 08:33:45
141368704,72EG07,Mirinda PET 1.5L,164,200,14,6,True,2026-09-06 08:33:45
141373838,YS5110,Cola Next 2.25l,180,200,7,0,True,2026-09-06 08:33:45
141368904,O6W54D,Mirinda Can 250ml,99,110,1,12,True,2026-08-30 14:46:32
141368895,WCSUR3,Mountain Dew PET 1l,136,160,2,6,True,2026-08-26 16:53:18
141375204,r1vf-2033,Cola Next Zero Sugar 250ml,90,90,12,8,True,2026-08-10 14:25:38
141369149,5A9WP7,Sprite Can 250ml,98.4,120,18,12,True,2026-09-06 08:33:45
141368905,AHT7JE,Mountain Dew Can 250ml,93.5,110,1,0,True,2026-08-22 16:32:18
141374333,I90711,Cola Next Can 250ml,81,90,11,50,True,2026-09-06 08:33:45
141375664,LWAIMO,Fizup Next Bottle 300ml,49.5,55,11,0,True,2026-09-06 08:33:45
141372611,5O3XMY,Sprite Zero Sugar Bottle 500ml,98.4,120,31,12,True,2026-09-06 08:33:45
141368897,0FH1M8,Mirinda PET 1L,131.2,160,2,6,True,2026-09-06 08:33:45
141373837,GN3551,Fizup Next Drink Bottle2.25l,180,200,6,0,True,2026-09-06 08:33:45
141375205,r1vf-2034,Fizup Next Zero Sugar 250ml,90,90,3,8,True,2026-08-12 17:03:02
141373853,1KOAY3,Fizup Next 500ml,63,70,15,0,True,2026-09-06 08:33:45
141373836,1WIO19,Fizup Next Drink Bottle 1L,103.5,115,3,0,True,2026-09-06 08:33:45
142488543,r1vf-7095,Sprite Lemon Mint Can 250ml,80.36,98,4,12,True,2026-05-08 14:57:13
141375696,r1vf-2700,7Up Mint Lemonade Can 250ml,93.5,110,5,12,True,2026-09-06 08:33:45
141369146,E3US9I,Fanta Orange Can 250ml,102,120,22,12,True,2026-09-06 08:33:45
141373842,49DE05,Rango Next 1500ml,139.5,155,6,0,True,2026-09-06 08:33:45
141373848,Z8126A,Anaar Next PET Bottle 1.5l,139.5,155,4,0,True,2026-09-06 08:33:45
141373847,4R5QWV,Dare Next Soft Drink Bottle 1.5L,139.5,155,1,0,True,2026-09-06 08:33:45
141374332,X8535U,Fizup Next Can 250ml,81,90,9,50,True,2026-09-06 08:33:45
142278963,r1vf-4380,Rango Next Drink Can 250ml,81,90,8,8,True,2026-09-06 08:33:45
141373839,968C7I,Dare Next Soft Drink Bottle 1L,103.5,115,3,0,True,2026-09-06 08:33:45
142278964,r1vf-4381,Dare Next Drink Can 250ml,81,90,7,8,True,2026-09-06 08:33:45
141368696,892Q2U,Aquafina Water PET 1.5L,81,90,6,0,True,2026-09-03 08:49:16
141373072,12D3CT,Nestle Pure Life Bottled Drinking Water 2 Pieces x 5l,660,660,29,0,True,2026-09-06 08:33:45
141370551,Y93ORO,NESTLE Pure Life 5L,330,330,18,0,True,2026-09-06 08:33:45
141368699,BE3836,Aquafina Water PET 500ml,38.25,45,12,12,True,2026-09-06 08:33:45
141370553,ZPTSCW,Nestle Pure Life 0.5l 500ml,70,70,10,0,True,2026-08-20 10:37:02
141369150,2F3HT5,Dasani Water Bottle 500ml,42.5,50,19,12,True,2026-09-06 08:33:45
141373834,0K6C37,Water Next 1.5L,67.5,75,14,6,True,2026-09-06 08:33:45
141370552,U0EKOJ,Nestle Pure Life Fit 330ml,60,60,12,0,True,2026-08-20 16:40:56
141373074,N4K269,Nestle Pure Life Active 500ml,70,70,2,0,True,2026-08-28 00:50:35
141374840,r1vf-1614,Murree Sparkletts Bottled Drinking Water 1.5L,96,96,4,6,True,2026-09-06 08:33:45
141371191,ARXHP9,Masafi Mineral Water (Imported) 1.5l,370,370,14,12,True,2026-09-06 08:33:45
141373004,1H0WEA,Pura Spring Natural Spring Water Bottle 5L,800,800,2,100,True,2026-09-06 08:33:45
141373828,I7XD7M,Water Next 500ml,36,40,6,12,True,2026-09-06 08:33:45
141373196,BJFZRW,Qarshi Springley 1500ml,85,85,1,0,True,2026-08-18 07:43:38
141375038,r1vf-1786,Qarshi Springley Natural Mineral Water 500ml,50,50,1,0,True,2026-08-19 07:44:00
141376234,AB70IK,Pura Spring from The Mountains Ofgilgit Baltistan Spring Water 1L,350,350,6,0,True,2026-09-06 08:33:45
141371384,ZM4PI2,Voss Waterglass Bottle 800ml,1850,1850,1,100,True,2026-09-03 14:18:20
141372804,H30S2S,Pura Spring Natural Spring Water Bottle 500ml,225,225,23,100,True,2026-09-06 08:33:45
141371385,FEJLRA,Voss Waterglass Bottle 375ml,1400,1400,16,100,True,2026-09-06 08:33:45
141371190,TSWYYB,Masafi  Water  500ml,180,180,24,12,True,2026-09-06 08:33:45
141376233,virtual-102,Masafi Mineral Water 330ml (00001),160,160,1,0,True,2026-04-08 14:48:54
141368912,PZOT0J,Slice Mango Fruit Drink 200ml,45,50,114,12,True,2026-09-06 08:33:45
141370583,2QS7W4,Nestle Fruita Vitals Chaunsa Mango Nectar 1000ml 1units,357.2,380,31,0,True,2026-09-06 08:33:45
141370564,600UXB,Nestle Fruita Vitals Chaunsa Mango Nectar 200ml,75.2,80,58,0,True,2026-09-06 08:33:45
141370675,OTTN7F,Nestle Nesfruta Mango Juice 200ml,52,52,22,0,True,2026-09-05 13:22:17
141370581,F35RIV,Nestle Fruita Vitals Juice Royal Mangoes 1000ml,423,450,15,0,True,2026-09-06 08:33:45
141370569,0C1726,Nestle Fruita Vitals Apple 200ml,75.2,80,20,0,True,2026-09-06 08:33:45
141370567,DH5U95,Nestle Fruita Vitals Apple Nectar 1000ml,376,400,13,0,True,2026-09-06 08:33:45
141370579,3KHMF7,Nestle Juice 200Ml Red Grapes Gold,75.2,80,35,0,True,2026-09-06 08:33:45
141375978,TJWAXG,Nestle Fruita Vitals Royal Mangoes Juice 200ml,62.98,67,20,0,True,2026-09-04 18:56:44
141369504,L22BJP,Shezan Fruit Punch 250ml,46,46,22,6,True,2026-09-06 08:33:45
141369503,417TXH,Shezan Mango 250ml,46,46,20,6,True,2026-09-06 08:33:45
141370578,V60OQ8,Nestle Fruita Vitals Peach Fruit Drink 200ml,75.2,80,21,0,True,2026-09-06 08:33:45
141370568,8BXWFC,Nestle Fruita Vitals Kinnow Nectar 200ml,75.2,80,27,0,True,2026-09-06 08:33:45
141371439,55G6X0,Nestle Sparkling Peach Fruit Drink 250ml,150,150,17,0,True,2026-09-06 08:33:45
141370582,RU44JT,Nestle Fruita Vitals Peach Fruit Drink 1000ml,357.2,380,10,0,True,2026-09-06 08:33:45
141372671,ODS77C,Nestle Fruita Vitals Apple Sparkling Fruit Drink Can 1 Piece,150,150,10,0,True,2026-09-06 08:33:45
141370674,NAQ8MZ,Nestle Fruita Vitals Guava juice 200ml,75.2,80,13,0,True,2026-09-06 08:33:45
141370585,5OBUUY,Nestle 100% Orange Juice 1l,470,500,13,0,True,2026-09-06 08:33:45
141375453,r1vf-3007,Nestle Fruita Vital Sparkling Pome Can 240ML,150,150,2,0,True,2026-09-04 14:07:03
141370795,205OMN,Nestle Nesfruta Apple Fruit Drink 200ml,75,75,19,0,True,2026-09-06 08:33:45
141372489,61O6FP,Smile Mango Juice 250ml,78.2,85,8,0,True,2026-09-06 08:33:45
141370794,FR2S94,Nestle Nesfruta Apple Juice 1l,253.8,270,6,0,True,2026-09-06 08:33:45
141370584,2LT144,Nestle Fruita Vitals Red Grapes Fruit Drink 1000ml,470,500,13,0,True,2026-09-06 08:33:45
141370586,1AF6VV,Nestle Juice 1Litre Bottle Kinnow,357.2,380,6,0,True,2026-09-06 08:33:45
141370563,449H1S,Nestle Fruita Vitals Guava Nectar 1000ml,357.2,380,9,0,True,2026-09-06 08:33:45
141369469,T61095,Shezan LYCHEE JUICE NR 225 ML,124,124,8,6,True,2026-09-06 08:33:45
141372488,9R38V1,Smile Juice Lychee 250ml,78.2,85,2,4,True,2026-09-06 08:33:45
141370833,2E95RM,Mogu Mogu Strawberry Flavored Drink With Nata De Coco 320ml,360,360,15,100,True,2026-09-06 08:33:45
141371037,1S2A68,Mogu Mogu Lychee Flavored Drink With Nata De Coco 320ml,360,360,24,6,True,2026-09-06 08:33:45
141793886,3R6O9G,Rania Fruit Drink Pet Bottle Peach 1000ml,199,199,1,100,True,2026-04-21 06:07:55
141371036,07J70W,Mogu Mogu Pineapple Flavored Drink 320ml,266.4,360,2,100,True,2026-09-06 08:33:45
141369505,AO9C99,Shezan Mango 1l,225,225,13,6,True,2026-09-06 08:33:45
141376420,888PCF,Mogu Mogu Peach 320ml,360,360,22,100,True,2026-09-06 08:33:45
141369508,R76O2P,Shezan Fruit Punch 1l,225,225,9,6,True,2026-09-06 08:33:45
141375867,r1vf-3245,Fruita Vitals Lime & Lemon Sparkling Fruit Drink 270ml,150,150,4,0,True,2026-09-06 08:33:45
141793885,MD51KA,RANIA MANGO BOTTLE 1LTR (Imported),220,220,1,100,True,2026-06-14 17:28:27
141372494,0W2Y59,Smile Apple Juice 1l,239.2,260,4,4,True,2026-09-06 08:33:45
141372492,Y212UM,Smile Lychee Juice 1l,239.2,260,5,4,True,2026-09-06 08:33:45
141370834,M6NF0D,Mogu Mogu Mango Flavored Drink 320ml,360,360,1,6,True,2026-09-04 08:44:37
141372493,IAR147,Smile Apple Juice 250ml,78.2,85,18,4,True,2026-09-06 08:33:45
141371396,7ZT167,Haleeb Chaunsa Juice 200ml,50,50,22,0,True,2026-09-06 08:33:45
141370838,9279NX,Mogu Mogu Coconut Flavored Drink With Nata De Coco 320ml,266.4,360,14,100,True,2026-09-06 08:33:45
141540651,E84S15,Mogu Mogu Grape Flavored Drink With Nata De Coco 320ml,266.4,360,1,6,True,2026-09-06 08:33:45
141369408,Z0RWW4,Fruiti O Mango Juice 1l,259,370,5,4,True,2026-09-06 08:33:45
141371398,3Q20WO,Tropico Apple Juice 200ml,50,50,23,100,True,2026-09-06 08:33:45
143805446,r1vf-1741,Applesshhh with Apple Juice 1500ml,190,190,1,8,True,2026-08-22 13:38:24
141369416,Z69XTS,Fruiti O Guava Juice 500ml,129.5,185,12,4,True,2026-09-06 08:33:45
141369472,0JL64X,Shezan LEMON BARLEY JUICE NR 225 ML,124,124,3,6,True,2026-09-06 08:33:45
141369414,T9J219,Fruiti O Mango Juice 500ml,129.5,185,6,4,True,2026-09-06 08:33:45
141369516,V1Q4KY,Shezan All Pure 100% Apple Juice 1l,247.5,275,5,0,True,2026-09-06 08:33:45
141369413,C56882,Fruiti O Orange Nectar Juice 1l,322,460,2,0,True,2026-09-06 08:33:45
141369462,C22W92,Shezan Mango Nectar 1l,247.5,275,12,0,True,2026-09-06 08:33:45
141374729,r1vf-1417,Pure Foods Fruit Farm Mixed Fruit Drink 200ml,40,50,13,8,True,2026-09-06 08:33:45
142364355,JCA832,Rani Juice 240Ml Peach,350,350,7,6,True,2026-04-19 14:04:04
141374664,r1vf-1283,Pure Foods Froot Ful Transparent Can Pomegranate 250ml,135,135,3,8,True,2026-09-06 08:33:45
141369361,2TPYFG,Fruiti O Juice 1 Litre Fruit Punch,182,260,4,4,True,2026-09-06 08:33:45
141370832,1JX0IZ,Mogu Mogu Orange Flavored Drink 320ml,266.4,360,13,6,True,2026-09-06 08:33:45
141374744,r1vf-1476,Capri-Sun Juice Mixed Fruit 200ml,210,280,36,8,True,2026-09-06 08:33:45
141376563,5WC4OT,Shezan Twist Apple Juice 200ml,40.5,45,10,6,True,2026-09-06 08:33:45
141369460,D442G4,Shezan Juice Apple 1000ml,225,225,9,6,True,2026-09-06 08:33:45
141376499,r1vf-1744,Qarshi La Cola 500ml,95,95,5,0,True,2026-08-31 10:45:13
141369471,L6K91S,Shezan RED GRAPES JUICE NR 225 ML,111.6,124,8,100,True,2026-09-06 08:33:45
141369468,O916F5,Shezan Punch Mixed Fruit Drink 200ml,45,45,5,100,True,2026-04-06 11:04:20
141374730,r1vf-1418,Pure Foods Fruit Farm Peach Fruit Drink 200ml,40,50,12,8,True,2026-09-06 08:33:45
141369518,SCKKVE,Shezan Mango Twist 200ml,40.5,45,24,6,True,2026-09-06 08:33:45
141369467,5VCD08,Shezan Juice Mango Smart 200ml,45,45,2,100,True,2026-03-30 17:04:15
141369465,37DYMN,Shezan Twist Fruit Punch 200ml,45,45,15,0,True,2026-09-06 08:33:45
141371406,1Z6600,Haleeb Chaunsa Juice 1l,230,230,9,100,True,2026-09-06 08:33:45
143805448,r1vf-1746,Qarshi Kinetik Energy Drink 500ml,95,95,9,8,True,2026-09-06 08:33:45
141376678,T6YZ58,Rani Mango Bottle,310,310,21,0,True,2026-09-06 08:33:45
141376679,2O3LQE,Capri-Sun Mango Drink 200ml,224,280,39,0,True,2026-09-06 08:33:45
141369463,467US3,Shezan Mango Nectar 200ml,50,50,11,6,True,2026-09-06 08:33:45
141374727,r1vf-1415,Pure Foods Fruit Farm Mango Fruit Drink 200ml,40,50,7,0,True,2026-09-06 08:33:45
141376569,G9HFK8,Shezan Juice Drink Guava Happy farms 200ml,50,50,1,100,True,2026-06-06 09:31:11
141374728,r1vf-1416,Pure Foods Fruit Farm Apple Fruit Drink 200ml,40,50,21,0,True,2026-09-06 08:33:45
141374863,h1ei-508,Tops Frootopia Peach Fruit Drink 500ml,100,100,1,8,True,2026-04-04 13:56:56
141369461,6NBQOK,Shezan Juice Orange Happy farms 1000ml,405,450,10,0,True,2026-09-06 08:33:45
142364357,XPJ4P7,Rani Juice 240Ml Orange,349,349,4,6,True,2026-06-05 08:14:21
141369415,AES17S,Fruiti O Mixed Fruit Punch Juice 500ml,129.5,185,9,0,True,2026-09-06 08:33:45
141369466,9EDNG6,Shezan Juice Apple Happy farms 200ml,45,50,24,0,True,2026-09-06 08:33:45
141374662,r1vf-1281,Pure Foods Froot Ful Transparent Can Mango 250ml,108,135,7,0,True,2026-09-06 08:33:45
141376677,GFKY0U,Rani Orange Bottle,279,310,22,0,True,2026-09-06 08:33:45
143805447,r1vf-1745,Qarshi La Cola 1.5L,190,190,2,8,True,2026-08-31 10:45:13
141375008,r1vf-1743,Jam-e-shirin Sparkling 1500ml,190,190,1,8,True,2026-05-02 16:58:00
141368910,V5HKR6,Sting Berry Blast Energy Drink PET 500ml,102,120,99,12,True,2026-09-06 08:33:45
144432335,r1vf-10941,Revive Lemonade Twist 1L,119,140,1,8,True,2026-08-15 13:36:08
141368906,GAAL32,Sting Berry Blast Energy Drink PET 300ml,67.5,75,64,3,True,2026-09-02 08:39:08
141370075,W97JV5,Red Bull Energy Drink 250ml,500,500,10,6,True,2026-09-06 08:33:45
141374321,r1vf-882,Gatorade Tropical Fruit 500ml,85,100,10,12,True,2026-09-06 08:33:45
141374323,360944,Gatorade Lemon Lime 500ml,85,100,18,12,True,2026-09-06 08:33:45
141374210,r1vf-560,Red Bull Red Edition Watermelon Flavor 250ml,500,500,9,0,True,2026-09-06 08:33:45
141370074,2L1QQ7,Red Bull Energy Drink Sugar Free 250ml,500,500,30,6,True,2026-09-06 08:33:45
141371442,38PA9Z,Red Bull Energy Drink 4 Packs 250ml,2000,2000,2,0,True,2026-09-06 08:33:45
141370505,UFL07Y,Tang Orange Pouch 375g (Makes 3l),350,350,11,0,True,2026-09-06 08:33:45
141370548,61RZ70,Qarshi Jam E Shirin 800ml,550,550,15,0,True,2026-09-06 08:33:45
141370540,FJ94R1,Roohafza Bottle 800Ml,525,525,1,99,True,2026-07-04 11:40:29
141370508,6I394R,Tang Orange Pouch Local 125g,100,100,8,0,True,2026-09-06 08:33:45
141370507,U47DQ3,Tang Pineapple Pouch 375g (Makes 3l),350,350,18,0,True,2026-09-06 08:33:45
141370506,C5F9WC,Tang Mango Pouch 375g (Makes 3l),297.5,350,5,0,True,2026-09-06 08:33:45
141370549,I4B2JJ,Qarshi Jam-e-Shirin 1500ml,925,925,2,0,True,2026-09-06 08:33:45
141370510,SM300B,Tang Pineapple Pouch Local 125g,100,100,16,0,True,2026-09-06 08:33:45
141370517,E1112D,Tang Lemon & Pepper Pouch 375g (Makes 3l),350,350,6,0,True,2026-09-06 08:33:45
141370509,D0LX3X,Tang Mango Pouch Local 125g,100,100,10,0,True,2026-09-06 08:33:45
141370512,592A46,Tang Lemon & Pepper Jug Pack 125g (Makes 1l),100,100,6,0,True,2026-09-06 08:33:45
141370511,3238C5,Tang Orange Sachet 25g (Makes 1 Glass),25,25,5,0,True,2026-09-06 08:33:45
141370513,5S55V8,Tang Mango Sachet 25g (Makes 1 Glass),25,25,6,0,True,2026-09-06 08:33:45
141370502,Z413S5,Sunsip Limopani 3 Ltr Pouch,262.5,350,20,0,True,2026-09-06 08:33:45
141370515,40642W,Tang Orange Small Tub 750gm (makes 6 Liters),830,830,7,0,True,2026-09-06 08:33:45
141370514,7A702J,Tang Pineapple Sachet 25g (Makes 1 Glass),25,25,12,0,True,2026-09-06 08:33:45
141375006,r1vf-1753,Qarshi Jam-e-Shirin 500ml,350,350,4,0,True,2026-09-06 08:33:45
141372874,T7AH0H,Tang Lemon & Pepper Sachet 25g (Makes 1 Glass),25,25,6,0,True,2026-09-06 08:33:45
141373206,475AQ1,Qarshi Jam-e-Shirin Concentrated Sugar Free Syrup 800ml,440,550,12,0,True,2026-09-06 08:33:45
143867614,GX0127,Quice 800Ml Ice Cream Syrup,393.75,525,5,100,True,2026-09-06 08:33:45
141375005,r1vf-1748,Qarshi Jam-e-Shirin 3000ml,1600,1600,3,0,True,2026-09-06 08:33:45
141370516,CYS8S8,Tang Mango Small Tub 750g (Makes 6l),664,830,14,0,True,2026-09-06 08:33:45
141370504,E58M2V,Sunsip Limopani 1 Glass Sachet (12 Pcs),240,300,3,0,True,2026-09-06 08:33:45
141370503,4H7HJ2,Sunsip Limopani 6 Ltr Tub,664,830,5,0,True,2026-09-06 08:33:45
141369507,99T18Z,Shezan Mango Squash Bottle 800ml,405,450,2,4,True,2026-09-06 08:33:45
141369459,SP2728,Shezan Squash Lemon Barley Bottle 800ml,405,450,9,4,True,2026-09-06 08:33:45
141369458,LXIHLG,Shezan Squash Mango Bottle 1400ml,675,750,6,0,True,2026-09-06 08:33:45
141373205,HKG9FV,Qarshi Sharbat-e-Sandaleen 800ml,550,550,10,50,True,2026-09-06 08:33:45
141373201,SWVY57,Qarshi Sharbat-e-Bazoreen 800ml,550,550,11,50,True,2026-09-06 08:33:45
141370501,AK17PM,Sunsip Limopani 1 Ltr Jug Sachet (8 Pcs),640,800,1,0,True,2026-09-06 08:33:45
141372872,S88U75,Tang Orange Big Tub (Makes 20L) 2.5kg,2040,2550,6,99,True,2026-09-06 08:33:45
141376335,KUX547,Shezan Squash Lemon Bottle 1400ml,675,750,10,4,True,2026-09-06 08:33:45
141372876,ETF99K,Tang Mango Big Tub (Makes 20L) 2.5kg,2040,2550,3,99,True,2026-09-06 08:33:45
143867613,KJ14Q1,Quice Syrup Rooh E Shireen 800 ml,393.75,525,19,100,True,2026-09-06 08:33:45
141374249,r1vf-482,Nestle Pure Life Sparkling Water 250ml,140,140,1,0,True,2026-08-15 04:38:08
141375007,r1vf-1742,Jam-e-shirin Sparkling 500ml,95,95,1,0,True,2026-09-06 08:33:45
141370797,1OCRWG,Murree Brewery's Peach Malt 250ml,85,85,2,8,True,2026-08-09 10:41:33
141370798,ICPAX3,Murree Brewery's Lemon Malt 250ml,85,85,1,8,True,2026-08-15 04:38:08
141376238,7KVNZP,Barbican Peach Drink 330ml,288,320,13,0,True,2026-09-06 08:33:45
141371739,4ZXW89,Barbican Bottle Tropical 330 ml,320,320,18,100,True,2026-09-06 08:33:45
141376237,RA7J7J,Barbican Lemon Flavour 330ml,288,320,1,0,True,2026-08-26 16:53:18
141369572,2OTFL2,Mezan Cooking Oil 1Litre Pouch,551.46,606,47,5,True,2026-09-06 08:34:25
141369371,YOAJME,Eva Cooking Oil Pillow Pouch 1l,564,600,44,5,True,2026-09-06 08:34:25
141369492,J35Z4L,Dalda Cooking Oil Pouch 1 Ltr,598,610,2,10,True,2026-07-12 17:09:04
141369328,4QH1X8,Eva Cooking Oil 1l,582.8,620,1,5,True,2026-09-06 08:34:25
141369570,VT4613,Mezan Olivola Pouch 1 ltr,644.84,686,6,10,True,2026-09-06 08:34:25
141371963,FMV24R,Dalda Manpasand Cooking Oil Pouch 900ml,517,522,1,10,True,2026-07-15 09:13:49
141370020,4J063P,Seasons Canola Oil Pouch 1l,584.25,615,12,0,True,2026-09-06 08:34:25
141369370,5728D0,Eva Canola Oil Standup Pouch 1l,592.2,630,4,5,True,2026-09-06 08:34:25
141371185,Y03XCC,CanOlive Oil Poly Pouch 1 Ltr,651.36,708,9,10,True,2026-09-06 08:34:25
141369489,011A85,Dalda Canola Oil Pouch 1L,590,610,2,10,True,2026-07-09 07:45:28
141369502,959RH3,Soya Supreme Cooking Oil Pouch 1l,588.05,619,5,10,True,2026-09-06 08:34:25
141370022,M1692J,Seasons Canola Oil Bottle 1 ltr,613,638,14,10,True,2026-09-06 08:34:25
141372022,8LA6W1,Dalda Cooking Oil Bottle 3L,1680.8,1910,1,0,True,2026-07-04 11:40:51
141369510,892CL9,Dalda Manpasand Banaspati Pouch 900g,517,522,1,10,True,2026-07-14 15:02:10
141369491,E00XY2,Dalda Cooking Oil Bottle 4.5l,2825,2850,2,3,True,2026-07-19 17:04:24
141370024,E1UQ7O,Seasons Canola Oil Bottle 3L,1880,1930,10,3,True,2026-09-06 08:34:25
141369501,2UP4G0,Soya Supreme Cooking Oil Bottle 1l,622,642,5,0,True,2026-09-06 08:34:25
141369373,52080P,Eva Cooking Oil Bottle 3l,1789.8,1884,3,0,True,2026-09-05 08:16:10
141371186,WAE033,Canolive Oil 1 Litre Stand Up Pouch,669.76,728,4,10,True,2026-09-06 08:34:25
141372133,6F0460,Soya Supreme Olive Bottle 1l,649,679,11,0,True,2026-09-06 08:34:25
141369374,I282M0,Eva Canola Oil 3Litre Bottle,1818.3,1914,2,3,True,2026-09-06 08:34:25
141369376,P6V6ES,Eva Cooking Oil Bottle 5l,2968.75,3125,1,3,True,2026-09-06 08:34:25
141369372,S71N23,Eva Sunflower Oil Pillow Pouch 1L,578.1,615,7,10,True,2026-09-06 08:34:25
141369478,CLOAUF,Tullo Cooking Oil Pouch 1L,573,578,1,10,True,2026-08-06 12:08:31
141369574,8KTZ63,Mezan Canola Oil Pouch 1L,557.52,606,2,10,True,2026-04-03 10:51:42
141369488,L44AN4,Dalda Sunflower Oil 1Litre Pouch,615,620,2,10,True,2026-07-16 09:21:08
141369329,20LQ22,Eva Sunflower Oil 1L,596.9,635,6,10,True,2026-09-06 08:34:25
141370019,7M9OY5,Seasons Canola Oil Bottle 4.5l,2774,2875,3,3,True,2026-09-06 08:34:25
141371117,D56RA5,RAFHAN CORN OIL BOTTLE 1L ,1200,1200,7,4,True,2026-09-06 08:34:25
141371118,77A9A8,RAFHAN CORN OIL BOTTLE 3L,3200,3200,4,4,True,2026-09-06 08:34:25
141372131,5T20L8,Soya Supreme Olive Bottle 3 Ltr,1945,2013,2,3,True,2026-09-06 08:34:25
141372046,4Y5M3Q,Canolive Oil Bottle 1.8 ltr.,1299.96,1413,4,6,True,2026-09-06 08:34:25
141369511,G1521A,Dalda Canola Oil 3l,1885,1910,1,3,True,2026-07-14 17:22:28
141369499,12B8NX,Soya Supreme Cooking Oil Bottle 5l,3035.25,3195,3,3,True,2026-09-05 13:22:35
141369500,AAVAL0,Soya Supreme Cooking Oil Bottle 3l,1821.15,1917,6,0,True,2026-09-06 08:34:25
141369330,2983C8,Eva Canola Oil Bottle 5l,3016.25,3175,1,3,True,2026-09-06 08:34:25
141369512,9KY155,Dalda Sunflower Oil Bottle 3 Ltr,1920,1945,1,3,True,2026-07-15 17:24:54
141371961,39SSZQ,Dalda Kalonji Canola Oil Bottle 1l,665,670,4,10,True,2026-07-31 12:07:28
141372045,23P5O3,Canolive Oil Bottle 1 ltr.,688.16,748,7,10,True,2026-09-06 08:34:25
141371162,7YUY81,RAFHAN CORN OIL TIN 3L,3100,3100,6,4,True,2026-09-06 08:34:25
141369375,SWX52F,Eva Sunflower Bottle 3l,1832.55,1929,13,3,True,2026-09-06 08:34:25
141371967,INZ7G4,Cbc Coconut Oil 400 Gm,830,830,1,100,True,2026-09-06 08:34:25
141375815,r1vf-3063,Daali Earthfoods Cold Pressed Sarson Oil 1L,1292,1360,1,10,True,2026-09-06 08:34:25
141371759,316B3X,Italia Olive Oil 100Ml,484.7,655,21,100,True,2026-09-06 08:34:25
141371764,O2E0K4,Italia Olive Oil Extra Virgin 250Ml Bottle,1444.48,1952,11,100,True,2026-09-06 08:34:25
141371761,S559L1,Italia Olive Oil Pomace 250Ml Bottle,900.58,1217,11,100,True,2026-09-06 08:34:25
141369482,31J6WT,Dalda Olive Oil 500Ml Extra Virgin Bottle,2200,2200,2,0,True,2026-09-06 08:34:25
141369961,5891NT,Mundial Olive Pomace Oil Bottle 500Ml,1004.5,1435,1,100,True,2026-09-04 14:07:42
141369481,3X01M1,Dalda Olive Oil 1Litre Extra Virgin Bottle,3382,3450,1,0,True,2026-07-10 07:45:38
141369483,JQD0K2,Dalda Olive Oil 500Ml Pomace Bottle,1600,1600,4,10,True,2026-09-06 08:34:25
141371762,2R6E59,Italia Olive Oil 400Ml,976,1952,14,100,True,2026-09-06 08:34:25
141372050,FUC829,Sasso Olive Oil 200Ml Imp,1499,1499,4,100,True,2026-09-06 08:34:25
141371760,9LH40B,Italia Olive Oil Pomace Tin 175ml,652.68,882,16,100,True,2026-09-06 08:34:25
141369484,50T1X5,Dalda Olive Oil 1Litre Pomace Bottle,2750,2750,2,10,True,2026-09-06 08:34:25
141369988,WNH8CS,Mundial Olive Pomace Oil Tin 125Ml,565,565,20,0,True,2026-09-06 08:34:25
141372049,AKFR9H,Sasso Olive Oil 100Ml Imp,850,850,20,0,True,2026-09-06 08:34:25
141372670,98MW03,Canolive Banaspati 1 Kg Pouch,565.8,615,13,10,True,2026-09-06 08:34:25
141369493,HH6CSD,Dalda Banaspati Ghee Pouch 1kg,605,610,1,10,True,2026-07-15 09:13:49
141369571,SI4LS9,Mezan Ghee Poly Bag 1kg,569.64,606,9,10,True,2026-09-06 08:34:25
141373925,r1vf-120,Eva Banaspati Tin (Easy Open Pack) 1kg,620.4,660,3,10,True,2026-09-06 08:34:25
141369378,0K75K7,Eva Banaspati 1Kg Pouch,564,600,8,10,True,2026-09-06 08:34:25
141369200,WK71TA,Adams Pure Desi Ghee 500Gm,1450,1450,1,100,True,2026-09-05 08:16:10
141369479,KBT8JB,Tullo Banaspati Pouch 1kg,578,578,2,10,True,2026-08-07 08:20:30
141369201,57V4SQ,Adams Pure Desi Ghee 1Kg,2800,2800,4,100,True,2026-09-06 08:34:25
141369495,347TY7,Dalda Banaspati Tin 2.5 kg,1555,1565,1,0,True,2026-07-17 11:28:18
141372697,W0I096,Pak Desi Ghee Standing Pouch 250g,820,820,13,10,True,2026-09-06 08:34:25
141371397,76X9K3,Haleeb Asli Desi Ghee 1Kg,2600,2600,7,10,True,2026-09-06 08:34:25
141369477,X23HHQ,Soya Supreme Banaspati Pouch 1kg,569.48,619,9,10,True,2026-09-06 08:34:25
141369494,AY7DSL,Dalda Banaspati Fortified Tin 5 kg,3065,3090,1,0,True,2026-08-03 18:01:32
141369480,ML2VDU,Tullo Banaspati 2.5Kg Tin,1332,1480,1,6,True,2026-07-07 07:47:47
141372698,V724Z8,Pak Desi Ghee Tin 500g,1580,1580,3,10,True,2026-09-06 08:34:25
141370928,UQ6Q4U,Comelle Desi Ghee 800Gm Tin,2700,2700,1,100,True,2026-08-16 13:37:06
141375814,r1vf-3062,Daali Earthfoods Desi Ghee 450g,2014,2120,2,8,True,2026-09-06 08:34:25
141372699,C6NU64,Pak Desi Ghee Standing Pouch 500g,1600,1600,6,0,True,2026-09-06 08:34:25
141371223,AKW298,Guard Elbow Macaroni 400g,171,180,1,0,True,2026-07-19 14:27:49
141388847,r1vf-3893,KNORR CHATPATTA NOODLES 275G,275,275,66,3,True,2026-09-06 08:35:03
141374436,r1vf-1106,KNORR CHATPATTA NOODLES 110G,99,99,107,3,True,2026-09-06 08:35:03
141705549,JHX844,KNORR BLAZING NOODLES 102G,162.75,175,59,5,True,2026-09-06 08:35:03
141876729,F0TR5Y,Samyang Buldak Carbonara Hot Chicken Flavour Ramen 130g,474.05,499,3,100,True,2026-08-06 15:19:52
141372783,UG8QDM,Samyang Buldak Cream Carbonara Hot Chicken Flavoured Ramen 140g,459.08,499,4,100,True,2026-08-03 13:01:36
141388846,r1vf-3892,KNORR CHICKEN NOODLES 275G,275,275,33,3,True,2026-09-06 08:35:03
141374435,r1vf-1105,KNORR CHICKEN NOODLES 110G ,99,99,36,3,True,2026-09-06 08:35:03
141372673,PA9LRY,Shoop Chattpata Flavour Instant Noodles 31.5g,25.5,30,473,3,True,2026-09-06 08:35:03
141373804,594Q82,Shoop Chattpata Flavour Instant Noodles Packet of 4 x 50g,170,200,17,3,True,2026-09-06 08:35:03
141371379,Y28NH4,Indomie Chicken Chatkara Noodles 120g,90,90,27,100,True,2026-09-06 08:35:03
141939919,WUC91P,Samyang Instant Noodle Hot Chicken Flavour Buldak 140g,474.05,499,3,100,True,2026-08-14 11:04:24
141374082,r1vf-504,KNORR CHATPATTA NOODLES 50G,50,50,91,3,True,2026-09-06 08:35:03
141369094,E25687,Shoop Chattpata Flavour Instant Noodles 50g,42.5,50,93,3,True,2026-09-06 08:35:03
141373807,4WJOK0,Shoop Korean Noodles Carbonara 140g,255,300,52,3,True,2026-09-06 08:35:03
141388844,r1vf-3890,KNORR CHICKEN NOODLES 180G,185,185,17,4,True,2026-09-06 08:35:03
141372870,E2C19J,Kolson Kai Kimchi Instant Cup Noodles,300,300,24,100,True,2026-09-06 08:35:03
141372347,HEK4DO,ABC Goreng Fried Instant Noodles Imported 70g,160,160,11,100,True,2026-09-06 08:35:03
141371376,63Q5AX,Indomie Noodles Chicken Chatkhara Flavour 70Gm,59.15,65,3,0,True,2026-09-06 08:35:03
141371378,7Y9352,Indomie Lemon Tarka Noodles 120g,90,90,27,100,True,2026-09-06 08:35:03
141375465,r1vf-2385,Abc Instant Fried Noodles Spicy Cheese Flavor 85g,190,190,29,8,True,2026-09-06 08:35:03
141374081,r1vf-503,KNORR CHICKEN NOODLES 50G,50,50,56,3,True,2026-09-06 08:35:03
141371377,GO7T6X,Indomie Instant Noodles Meat Masala 120g,90,90,32,100,True,2026-09-06 08:35:03
141373805,OIP98D,Shoop Chicken Flavour Instant Noodles Packet of 4 x 50g,170,200,18,3,True,2026-09-06 08:35:03
143449776,XBP0N6,Samyang Buldak Quattro Cheese Hot Chicken Flavor Ramen 145g,474.05,499,2,100,True,2026-08-12 14:26:16
141939917,G540S6,Samyang Imported Buldak Cheese Hot Chicken Flavour Ramen 140g,474.05,499,1,100,True,2026-08-09 10:42:39
141372672,NJDBW2,Shoop Chicken Flavour Instant Noodles 31.5g,25.5,30,204,3,True,2026-09-06 08:35:03
141939921,4XD9W0,Samyang Habanero Lime Buldak Hot Chicken 135g,474.05,499,1,0,True,2026-08-20 07:47:30
141371380,3FZ9H6,Indomie Instant Noodles Beef Packet 70g,65,65,2,100,True,2026-09-05 13:22:53
141372869,P155T1,Kai Spicy Korean Flavoured Cup Noodles,300,300,20,100,True,2026-09-06 08:35:03
143699614,PC2BKO,ABC Korean Spicy Chicken Cheese Buldak Noodles 80g,210,210,11,0,True,2026-09-06 08:35:03
141375464,r1vf-2384,Abc Instant Fried Noodles Super Spicy 85g,190,190,32,8,True,2026-09-06 08:35:03
141373450,418K55,Kolson Kai Mala Wok Instant Ramen Noodles,159.2,199,13,0,True,2026-09-06 08:35:03
141369096,20716Q,Shoop Chicken Flavour Instant Noodles 50g,42.5,50,53,3,True,2026-09-06 08:35:03
141371381,56DMEE,Indomie Noodles Lemon Tarka Flavour 70g,65,65,5,100,True,2026-09-06 08:35:03
141374976,r1vf-1707,Kolson Instant Noodle Doodle Family Pack (Chatpata),190,190,20,8,True,2026-09-06 08:35:03
143449775,759Y80,Samyang Stew Hot Chicken Flavor Ramen 145g,499,499,7,100,True,2026-09-06 08:35:03
141425254,790XF6,Samyang 2X Spicy Hot Chicken Flavor Ramen 140g,474.05,499,2,100,True,2026-08-21 13:53:31
141372867,8HQZCZ,Kolson Kai Spicy Mala Instant Cup Noodles,240,300,11,100,True,2026-09-06 08:35:03
141376521,4JNJ7M,Gekikara Hot Carbonara Noodles 120g,420,420,4,12,True,2026-08-26 16:54:07
141876730,I7YHBV,Samyang Ramen Spicy Noodles 120g,499,499,37,100,True,2026-09-06 08:35:03
141551934,2DLE7T,Samyang Instant Noodle Buldak 3x Spicy 140g,499,499,34,100,True,2026-09-06 08:35:03
141372368,K9I63Q,Noodi Special Chicken Noodles (Imported) 70g ,110,110,2,100,True,2026-08-08 16:43:10
141376516,virtual-412,Nissin Geki Kara Ramen Hot Chicken 118g,420,420,10,12,True,2026-09-06 08:35:03
141372366,0158C4,Noodi Chicken Curry Noodles (Imported) 70g,110,110,4,100,True,2026-07-08 11:55:46
141372367,OKU5JN,Noodi Chicken & Onion Noodles (Imported) 70g,117,117,6,100,True,2026-05-19 12:52:25
141375170,r1vf-2141,Koka Tom Yum Instant Noodles (Pouch) 85g,299,299,15,50,True,2026-09-06 08:35:03
141374974,r1vf-1705,Kolson Instant Noodle Doodle Bag (Chatpata) Rs. 50,50,50,11,8,True,2026-09-06 08:35:03
141376518,virtual-440,Nissin Geki Kara Ramen Premium Hot Chicken 121g,450,450,25,12,True,2026-09-06 08:35:03
141375173,r1vf-2144,Koka Curry Instant Noodles (Pouch) 85g,224,320,10,50,True,2026-09-06 08:35:03
141375167,r1vf-2138,Koka Chicken Instant Noodles (Pouch) 85g,194.35,299,2,50,True,2026-08-24 10:45:31
141375174,r1vf-2145,Koka Beef Instant Noodles (Pouch) 85g,224,320,23,50,True,2026-09-06 08:35:03
141375176,r1vf-2147,Koka Prawn Instant Noodles (Pouch) 85g,224,320,11,50,True,2026-09-06 08:35:03
141375168,r1vf-2139,Koka Masala Instant Noodles (Pouch) 85g,209.3,299,16,50,True,2026-09-06 08:35:03
141375172,r1vf-2143,Koka Spicy Singapore Fried Instant Noodles (Pouch) 85g,209.3,299,14,50,True,2026-09-06 08:35:03
141375180,r1vf-2151,Koka Tom Yum Instant Cup Noodles 70g,454.3,649,14,50,True,2026-09-06 08:35:03
141375169,r1vf-2140,Koka Spicy Stir-fried Instant Noodles (Pouch) 85g,320,320,1,50,True,2026-08-29 17:04:34
141375171,r1vf-2142,Koka Black Pepper Fried Instant Noodles (Pouch) 85g,224,320,16,50,True,2026-09-06 08:35:03
141375179,r1vf-2150,Koka Chicken & Corn Instant Cup Noodles 70g,454.3,649,12,50,True,2026-09-06 08:35:03
141375175,r1vf-2146,Koka Mushroom Instant Noodles (Pouch) 85g,299,299,29,50,True,2026-09-06 08:35:03
141375177,r1vf-2148,Koka Tomato Instant Noodles (Pouch) 85g,224,320,30,50,True,2026-09-06 08:35:03
141375182,r1vf-2153,Koka Mushroom Instant Bowl Noodles 90g,539,770,12,50,True,2026-09-06 08:35:03
141375178,r1vf-2149,Koka Chicken Instant Cup Noodles 70g,454.3,649,17,50,True,2026-09-06 08:35:03
141375181,r1vf-2152,Koka Chicken Instant Bowl Noodles 90g,539,770,7,50,True,2026-09-06 08:35:03
141939923,D2HSO6,Samyang Kimchi Ramen Cup 70g,565,565,2,100,True,2026-06-26 15:30:10
141369067,8613P6,Shan Roasted Vermicelli 120g,80.96,88,5,3,True,2026-09-06 08:35:03
141370680,6A0ZVE,National Vermicelli 120g,75.44,82,14,0,True,2026-09-06 08:35:03
141372291,O633R0,Rehmat-e-Shereen Pheni 200g,200,200,10,102,True,2026-09-06 08:35:03
141374124,r1vf-806,Kolson Vermicelli U Shape Rs 40,40,40,34,0,True,2026-09-06 08:35:03
141375606,r1vf-2154,Falak Vermicelli Golden Roasted 100g,39,60,12,6,True,2026-09-06 08:35:03
141370784,IS59QP,United King Pheni 175Gm,212,265,31,0,True,2026-09-06 08:35:03
141369879,23M0YV,Kolson Pasta Cut Vermicelli Pouch,48,60,18,100,True,2026-09-06 08:35:03
141369870,PJTELL,Kolson Pasta Vermicelli Pouch Rs. 100,110,110,17,100,True,2026-09-06 08:35:03
141374441,r1vf-1122,Guard Penne Macaroni 400g,171,180,1,7,True,2026-07-26 17:11:18
141369906,4I35SO,Kolson Lasagne Box ,403,403,2,100,True,2026-08-23 13:38:40
141369867,UZ62LE,Kolson Spaghetti Pouch 500g,285,285,18,100,True,2026-09-06 08:35:03
141374444,r1vf-1125,Guard Spaghetti 450g,185.25,195,1,7,True,2026-07-16 15:10:35
141369899,S1H5CF,Kolson Large Elbow Macaroni Pouch,230,230,2,100,True,2026-09-05 18:04:37
141369905,3N49WR,Kolson Chinese Egg Noodles Box,185,185,8,0,True,2026-09-06 08:35:03
141369902,2BJY64,Kolson Macaroni Penne Pouch ,230,230,1,100,True,2026-08-23 13:38:40
141372763,YNHPKZ,Macaroni Creamy Alfredo 250g,150,150,1,100,True,2026-05-11 12:44:21
141369898,AZV71Q,Kolson Elbow Macaroni Box,210,210,32,100,True,2026-09-06 08:35:03
141374443,r1vf-1124,Guard Twisted Elbow Macaroni 400g,171,180,1,0,True,2026-08-04 06:35:45
141375298,r1vf-2091,Opa Penne Pasta 400g,172,215,2,0,True,2026-06-25 07:53:53
141372762,08CGND,Fajita Spaghetti,167,167,25,100,True,2026-09-06 08:35:03
141369866,F6B113,Kolson Spaghetti Box,250,250,9,100,True,2026-09-06 08:35:03
141372760,LZ41SH,Hot & Sour Egg Noodles,150,150,1,100,True,2026-05-16 14:28:35
141374442,r1vf-1123,Guard Spiral Macaroni 400g,171,180,1,0,True,2026-07-30 11:58:48
141369904,A04EIN,Kolson Large Shell Pasta Pouch,230,230,1,0,True,2026-09-06 08:35:03
141371882,V42J7D,Arbella Pasta Penne Rigate 500g,415,415,1,100,True,2026-08-26 07:53:16
141371220,8LF1AB,Guard Shell Macaroni 400g,171,180,2,0,True,2026-07-31 15:26:18
141369900,1M99J2,Kolson Spiral Macaroni Pouch,230,230,1,100,True,2026-09-04 18:57:21
141369901,9F0TX4,Kolson Twisted Elbow Macaroni,230,230,2,100,True,2026-09-03 19:14:53
141369868,40D2T7,Kolson Long Macaroni Box,240,240,1,100,True,2026-08-13 11:07:46
141369869,998994,Kolson Macaroni Ridged Elbow Pouch ,230,230,1,0,True,2026-08-13 11:07:46
141371884,NIEKD1,Arbella Pasta Farfalle (Imported) 500g ,415,415,18,100,True,2026-09-06 08:35:03
141375295,r1vf-2087,Opa Small Elbow Pasta 400g,172,215,1,2,True,2026-06-22 09:53:11
141375294,r1vf-2086,Opa Large Elbow Pasta 400g,172,215,2,2,True,2026-06-18 13:36:47
141375296,r1vf-2088,Opa Spiral Pasta 400g,172,215,1,2,True,2026-04-30 06:34:41
141374125,r1vf-807,Kolson Khowsuey Spaghetti 4 in 1 (Rs 240) 1 Unit,240,240,1,0,True,2026-07-02 17:59:20
141371877,1YXWE0,Arbella Pasta Spaghetti 500 g (Imported),269.75,415,1,100,True,2026-09-04 08:45:51
141375297,r1vf-2089,Opa Shell Pasta 400g,172,215,1,6,True,2026-08-01 11:23:09
141371885,54XO0A,Arbella Pasta Tripolini (Imported) 500g ,269.75,415,1,100,True,2026-09-04 08:45:51
141371881,G2U9IS,Arbella Pasta Whole Wheat Spaghetti (Imported) 400g ,403,620,7,100,True,2026-09-06 08:35:03
141372764,19W0R3,Macaroni Chicken Ginger 250g,150,150,5,100,True,2026-09-06 08:35:03
141371880,71O467,Arbella Pasta Fusilli Rotini (Imported) 500g ,249,415,1,0,True,2026-08-16 10:30:59
141371883,O8KCSZ,Arbella Pasta Elbow Macaroni (Imported) 500g ,415,415,18,100,True,2026-09-06 08:35:03
141371878,16RI63,Arbella Pasta Big Shell 500 g. (Imported),415,415,1,100,True,2026-09-05 13:22:53
141371876,O820N9,Arbella Pasta Elbow Small 500g (Imported),415,415,8,100,True,2026-09-06 08:35:03
141369108,538560,Shan Special Bombay Biryani Recipe Masala 120g,246.5,290,21,3,True,2026-09-06 08:35:24
141369117,7V4DYA,Shan Chicken Tikka Masala 45g,127.5,150,138,3,True,2026-09-06 08:35:24
141369135,S2I157,Shan Karahi Ghost Masala 50g,127.5,150,122,3,True,2026-09-06 08:35:24
141369082,070GL1,Shan Dahi Bara Mix Masala 150g,142.5,150,41,3,True,2026-09-06 08:35:24
141369263,0A7X16,Shan Special Chaat Masala Masala 85g,165.6,180,34,3,True,2026-09-06 08:35:24
141369081,YRKQF2,Shan  Sindhi Biryani Masala 55g,127.5,150,133,3,True,2026-09-06 08:35:24
141369084,3U1XIR,Shan Tandoori Masala 50g,127.5,150,131,3,True,2026-09-06 08:35:24
141369116,Y8YG9U,Shan Chicken Tikka Masala 90g,246.5,290,39,3,True,2026-09-06 08:35:24
141369105,FF8B93,Shan Achar Gosht Recipe Masala 50g,127.5,150,140,3,True,2026-09-06 08:35:24
141369107,49HZ3D,Shan Biryani Recipe Masala 50g,127.5,150,119,3,True,2026-09-06 08:35:24
141369075,G340A9,Shan Nihari Masala 60g,127.5,150,127,3,True,2026-09-06 08:35:24
141369078,RVV95V,Shan Pilau Biryani Masala 45g ,127.5,150,137,3,True,2026-09-06 08:35:24
141369266,952RA3,Shan Easy Cook Haleem Mix Masala 300g,303.45,357,45,3,True,2026-09-06 08:35:24
141369262,2H2P5L,Shan Punjabi Yakhni Pilau Masala 50g,141,150,138,3,True,2026-09-06 08:35:24
141370717,GI5I7R,National Biryani Masala 78g,248,310,52,3,True,2026-09-06 08:35:24
141369083,8VY8KK,Shan Pakora Masala Mix 150g,138,150,47,3,True,2026-09-06 08:35:24
141369114,Q82626,Shan Chicken Handi Masala 50g,138,150,4,3,True,2026-09-06 08:35:24
141369273,65FWW9,Shan Sindhi Biryani Masala 110g,246.5,290,48,3,True,2026-09-06 08:35:24
141369270,35W5KR,Shan Tandoori Masala 90g,261,290,2,3,True,2026-09-06 08:35:24
141369139,Q7DSM8,Shan Kofta Masala 50g,138,150,1,8,True,2026-08-13 08:27:27
141369138,0HQGPD,Shan Keema Masala 50g,142.5,150,146,3,True,2026-09-06 08:35:24
141369265,O6P88A,Shan Shahi Haleem Mix 300g,303.45,357,36,3,True,2026-09-06 08:35:24
141369140,T9VG37,Shan Korma Masala 100g,246.5,290,71,3,True,2026-09-06 08:35:24
141369134,W8R5TK,Shan Karahi Gosht Masala 90g,246.5,290,72,3,True,2026-09-06 08:35:24
141369104,810YUK,Shan  Achar Gosht Masala 100g,263.9,290,55,3,True,2026-09-06 08:35:24
141369115,5C2DK9,Shan Chicken Jalfrezi Masala 50g,142.5,150,142,3,True,2026-09-06 08:35:24
141369126,XG3RZ1,Shan Haleem Masala 50g,138,150,136,3,True,2026-09-06 08:35:24
141369106,0J9X0N,Shan Bihari Kabab Recipe Masala 50g,127.5,150,144,3,True,2026-09-06 08:35:24
141369125,8095BD,Shan Fruit Chaat Masala 50g,114,120,9,3,True,2026-09-06 08:35:24
141369074,871D48,Shan Nihari Masala 100g,246.5,290,3,3,True,2026-09-06 08:35:24
141369476,M106XP,Shan Seekh Kabab Masala 45g,135,150,143,3,True,2026-09-06 08:35:24
141369118,4UQ827,Shan Chicken White Karahi Masala 40g,127.5,150,1,8,True,2026-08-23 13:39:00
141369110,W22JEP,Shan Chappli Kabab Masala 100g,138,150,130,3,True,2026-09-06 08:35:24
141369271,7E0OB8,Shan Pilau Biryani Masala 80g,246.5,290,53,3,True,2026-09-06 08:35:24
141373759,P62Y49,National Nihari Karachi Khaas 56g,128,160,11,3,True,2026-09-06 08:35:24
141369077,140I48,Shan Paya Masala 50g,138,150,143,3,True,2026-09-06 08:35:24
141369272,5E1O3R,Shan Biryani Recipe Masala 90g,246.5,290,42,3,True,2026-09-06 08:35:24
141369113,VE60RE,Shan Chicken Broast Masala 125g,138,150,1,3,True,2026-09-01 19:21:07
141369088,R77F21,Shan Vegetable Masala 100g,142.5,150,139,3,True,2026-09-06 08:35:24
141369123,YAE8QQ,Shan  Daal Masala 100g,142.5,150,138,3,True,2026-09-06 08:35:24
141369119,M8YOR6,Shan  Chicken White Korma Masala 40g,127.5,150,139,3,True,2026-09-06 08:35:24
141369071,289DIC,Shan Kunna Matka Gosht Masala 50g,97.5,150,3,3,True,2026-09-06 08:35:24
141369112,Q51E94,Shan  Chicken Masala 50g,142.5,150,135,3,True,2026-09-06 08:35:24
141369120,WWP9SB,Shan Chinese Egg Fried Rice 35g,142.5,150,1,3,True,2026-08-26 10:42:52
141369261,401WDP,Shan Punjabi Biryani Recipe Masala 50g,90,150,4,0,True,2026-08-21 10:38:07
145138536,r1vf-10773,National Makhni Handi 50G,102.4,160,10,3,True,2026-09-06 08:35:24
141369079,44V8K4,Shan  Shami Kabab Masala 100g,275.5,290,67,3,True,2026-09-06 08:35:24
141369133,IPTQCG,Shan Haleem Masala 100g,188.5,290,69,3,True,2026-09-06 08:35:24
141375991,r1vf-3858,National Pulao Biryani Recipe Mix Masala 50g,128,160,12,0,True,2026-09-06 08:35:24
141374600,h1ei-1302,Shan Mutton Biryani Recipe Masala 60g,127.5,150,144,3,True,2026-09-06 08:35:24
141369073,DR571A,Shan  Murg Cholay Masala 50g,142.5,150,140,3,True,2026-09-06 08:35:24
141375984,r1vf-3856,National Biryani Masala156g,472,590,4,0,True,2026-09-06 08:35:24
141369124,8OH0L1,Shan Fish Masala 50g,130.5,150,139,3,True,2026-09-06 08:35:24
141369111,N4XSYT,Shan Chicken Masala 100g,188.5,290,2,3,True,2026-09-03 14:20:18
141369087,PPJT64,Shan Tikka Seekh Kabab Masala 45g,135,150,135,3,True,2026-09-06 08:35:24
141369267,8T5J5C,Shan Fish Masala 100g ,252.3,290,60,3,True,2026-09-06 08:35:24
141369121,D11018,Shan Fried Chops/Steaks Masala 50g,127.5,150,1,3,True,2026-04-08 11:06:25
141369072,3O2PBL,Shan Lahori Fish Masala 100g,142.5,150,131,3,True,2026-09-06 08:35:24
141375990,r1vf-3857,National Pulao Biryani Recipe Mix Masala 100g,128,160,12,3,True,2026-09-06 08:35:24
141369086,R1S8T7,Shan Tikka Seekh Kabab Masala 100g,188.5,290,2,3,True,2026-09-06 08:35:24
141369089,DFT5D7,Shan Liver Masala 50g,97.5,150,6,3,True,2026-09-06 08:35:24
141375986,r1vf-3848,National Karahi Recipe Saver Pack 188g,472,590,10,3,True,2026-09-06 08:35:24
141375987,r1vf-3849,National Shami Kabab Recipe Mix Masala 90g,198.4,310,12,0,True,2026-09-06 08:35:24
141369076,93250T,Shan Paya Masala 100g,275.5,290,61,3,True,2026-09-06 08:35:24
141375982,r1vf-3846,National BBQ Recipe Mix Saver Pack 48g,489.5,550,10,0,True,2026-09-06 08:35:24
141375985,r1vf-3843,National Tikka Boti Masala 88g,198.4,310,5,3,True,2026-09-06 08:35:24
145138535,r1vf-10772,National Tawa Chicken 50G,144,160,13,0,True,2026-09-06 08:35:24
141375983,r1vf-3847,National Dawat Recipe Mix Saver Pack 48g,489.5,550,7,3,True,2026-09-06 08:35:24
141375988,r1vf-3854,National (Kaleji) Liver Recipe Mix Masala 50g,135,150,6,0,True,2026-09-06 08:35:24
145138537,r1vf-10774,National White Biryani 60G,128,160,8,3,True,2026-09-06 08:35:24
141368878,182LU3,Whole White Cumin (Safed Zeera Sabut)  100g,147.6,164,7,4,True,2026-05-05 09:13:15
141371081,9H5Z85,KNORR BOUILLONS CHICKEN CUBE 18G,71.25,75,305,3,True,2026-08-28 16:31:08
141369109,C62TVY,Shan Special Bombay Biryani Masala 60g,127.5,150,96,3,True,2026-09-05 18:04:56
141372137,0QX1SW,Shan Special Chaat Masala 50g,110.4,120,2,8,True,2026-08-07 14:19:49
141370693,Y9RQ86,National Chaat Masala 45g,108,120,99,3,True,2026-09-06 08:35:24
141368715,22UJC5,Black Pepper Powder (Kali Mirch Powder)  100g,352.8,392,6,4,True,2026-05-05 09:13:15
141370747,M2L3E1,National Biryani Masala 39g ,128,160,21,3,True,2026-09-06 08:35:24
141368719,PM2265,Coconut Powder (Pisa Hua Khopra)  100g,162.9,181,4,3,True,2026-04-22 17:12:20
141368721,619JG3,Whole Coriander (Dhaniya Sabut)  200g,168.3,187,2,4,True,2026-04-29 17:46:33
141370093,TE74M9,Dashi Chicken Powder 100g,97.5,130,12,6,True,2026-09-06 08:35:24
141375412,r1vf-2341,KNORR CHATPATTA MASALA 15G,30,30,11,4,True,2026-09-06 08:35:24
141369058,4H1YVK,Shan Khushbudar Lehsan Powder 50g,137.75,145,1,8,True,2026-08-11 05:17:21
141370092,T9VG7G,Dashi Chicken Powder Sachet 18g,21,30,19,25,True,2026-09-06 08:35:24
141370054,UOVP3Z,Rossmoor Oregano Leaves 20g,171,180,12,8,True,2026-09-06 08:35:24
141374334,F1S8I0,Dashi Chicken Cube 20g,31.5,45,23,4,True,2026-09-06 08:35:24
141374552,sta-642,Kalonji 50g,78.3,87,2,8,True,2026-03-30 06:04:29
141370733,A0807L,National  Chicken Tikka Masala 40g,144,160,7,3,True,2026-09-06 08:35:24
141370730,UJ6HRJ,National Pulao Masala 70g,128,160,22,3,True,2026-09-06 08:35:24
141373765,47C46X,National Bombay Biryani Karachi Khaas 70g,128,160,9,3,True,2026-09-06 08:35:24
141369061,K4B2UF,Shan Taaza Dhania Powder 90g,166.25,175,2,8,True,2026-08-20 04:46:02
141370058,SQ54OY,Rossmoor Paprika Powder 25g,95,100,23,8,True,2026-09-06 08:35:24
141370711,4287TZ,National Black Pepper Powder 50g,294.5,310,8,0,True,2026-09-06 08:35:24
141369066,019KBT,Shan Zafrani Garam Masala Powder 50g,304,320,145,3,True,2026-09-06 08:35:24
141371082,AFQQF8,KNORR BOUILLON CUBE PULAO 18G,75,75,288,3,True,2026-09-06 08:35:24
141368694,9I0J66,Dried Plums (Aaloo Bukhara)  100g,248.9,262,3,0,True,2026-09-06 08:35:24
141368866,4926C0,Crushed Red Chili (Lal Mirch Kutti)  200g,169.1,178,7,0,True,2026-09-06 08:35:24
141376537,r1vf-373,Turmeric Powder (Haldi Powder)  100g,88.2,98,5,5,True,2026-05-04 17:49:18
141374543,sta-632,Sonf 100g,81.7,86,4,0,True,2026-09-06 08:35:24
141368695,MW56E2,Dried Pomegranate Seeds (Anar Dana)  100g,108.3,114,1,6,True,2026-09-06 08:35:24
141371930,80Q0E1,Jazaa Paste 330Gm Ginger Garlic,360,400,14,8,True,2026-09-06 08:35:24
141368873,29CX5M,Fennel Seeds (Saunf)  200g,207.9,231,1,3,True,2026-04-22 17:12:20
141370713,6RR4X6,National Garam Masala 25g,151.8,165,6,0,True,2026-09-06 08:35:24
141370741,YSK7IG,National Garlic Powder 50g,116,145,14,3,True,2026-09-06 08:35:24
141370709,213AMU,National Kasuri Methi Powder 25g,76,80,10,3,True,2026-09-06 08:35:24
141371658,EWT3YW,Bakea Oregano Leaves 35g,190,200,14,100,True,2026-09-06 08:35:24
141373199,35T12B,Carom Seeds (Ajwain) 100g,55.1,58,6,0,True,2026-09-04 08:47:03
141369055,BN387F,Shan Zaiqaydar Adrak Powder 50g,147.25,155,2,3,True,2026-09-06 08:35:24
141371209,K64E15,Garlic Powder (Lehsan Powder)  100g,93.1,98,6,6,True,2026-09-06 08:35:24
141369063,N0P30T,Shan Teekhi Kali Mirch Powder 50g,294.5,310,1,3,True,2026-08-31 19:31:35
141374551,sta-641,Cloves (Long)  25g,127.3,134,1,8,True,2026-09-06 08:35:24
141370692,LDN410,National Chilli Powder 100g,190,200,9,3,True,2026-09-06 08:35:24
141373758,505H0V,National Bombay Biryani Karachi Khaas 140g,248,310,7,0,True,2026-09-06 08:35:24
141369057,K07T20,Shan Khalis Haldee Powder 50g,84,140,1,8,True,2026-08-21 10:38:07
141371662,18LVJM,Bakea Onion Powder 70 g,261.08,428,4,100,True,2026-09-05 18:04:56
141376370,7D571Q,National Masala 47Gm Karahi Gosht,128,160,15,3,True,2026-09-06 08:35:24
141371932,L04DJF,Jazaa Fried Onion 400 g,342,380,5,8,True,2026-09-06 08:35:24
141368879,ZMCH37,White Cumin Powder (Safed Zeera Powder) 50g,77.9,82,10,6,True,2026-09-06 08:35:24
141374136,r1vf-650,National Masala Malai Boti 50g,144,160,11,3,True,2026-09-06 08:35:24
141370694,3IJ3W8,National Chicken Tikka Masala 80g,279,310,10,0,True,2026-09-06 08:35:24
141370708,7915T3,National Turmeric Powder 50g,128.8,140,12,0,True,2026-09-06 08:35:24
141376534,r1vf-366,Whole Red Chili (Lal Mirch Sabut)  100g,115.9,122,6,5,True,2026-09-05 18:04:56
141370719,HH5E29,National Cumin Powder 50g,224,350,5,3,True,2026-09-06 08:35:24
141370746,678PZB,National Garam Masala Powder 50g,294.4,320,7,3,True,2026-09-06 08:35:24
141369062,C7XNRQ,Shan Taaza Dhania Powder 200g,323,340,48,3,True,2026-09-06 08:35:24
141374542,sta-631,White Cumin Seeds (Zeera White)  250g,387.6,408,4,0,True,2026-09-05 18:04:56
141370727,B6318Z,National Quick Haleem Masala 300g,224,350,11,0,True,2026-09-06 08:35:24
141369064,8N1242,Shan Tez Lal Mirch Powder 180g,361,380,49,3,True,2026-09-06 08:35:24
141368712,QPU221,Star Anise (Badian Phool)  25g,55.1,58,8,4,True,2026-08-22 16:33:27
141374475,r1vf-1318,Shan Chicken Biryani Masala 55g,127.5,150,142,3,True,2026-09-06 08:35:24
141374547,sta-637,Fenugreek Seeds (Methi Dana)  100g,51.3,54,6,8,True,2026-09-06 08:35:24
141370752,83R4CM,National Coriander Powder 100g,112,175,4,0,True,2026-09-06 08:35:24
141376371,H5988L,National Chicken Tandoori 40g,102.4,160,3,3,True,2026-09-06 08:35:24
141369102,75H63A,Shan Meat Tenderizer 40g,84.5,130,136,3,True,2026-09-06 08:35:24
141690999,r1vf-3726,Bari Elaichi 25g,271.7,286,3,8,True,2026-09-06 08:35:24
141371661,QWZ7Q1,Bakea Garlic Powder 75g,247.95,261,7,100,True,2026-09-06 08:35:24
141370682,YCC7F7,National Sindhi Biryani Masala 41g,128,160,20,3,True,2026-09-06 08:35:24
141374563,sta-654,Kashmiri Chili Powder (Kashmiri Pisi Mirch)  100g,161.5,170,6,8,True,2026-09-06 08:35:24
141368729,RGF33A,Falak  Masala Fries  75g,266,280,6,6,True,2026-09-06 08:35:24
141376038,r1vf-3316,Cinnamon Ceylon 50g,161.5,170,4,6,True,2026-09-05 18:04:56
141369056,8874XQ,Shan Haldee Powder 100g,256.5,270,35,3,True,2026-09-06 08:35:24
141368736,9TYY19,Falak  Peri Peri Seasoning  80g,332.5,350,3,0,True,2026-09-06 08:35:24
141374069,r1vf-371,Coriander Powder (Dhaniya Powder)  200g,146.3,154,4,5,True,2026-09-05 18:04:56
141374070,r1vf-374,Turmeric Powder (Haldi Powder)  200g,180.5,190,6,0,True,2026-09-05 18:04:56
141371207,S41OJR,Whole Black Pepper (Kali Mirch Sabut)  100g,438.3,487,2,4,True,2026-07-11 17:05:56
141376328,7P040H,Whole Spices Powder (Garam Masala)  100g,407.7,453,1,6,True,2026-06-06 17:23:04
141371234,Q93DVW,Shan Tez Lal Mirch Powder 50g,99.75,105,133,3,True,2026-09-06 08:35:24
141370710,DY633Y,National Chilli Powder 50g,82.8,90,9,3,True,2026-09-06 08:35:24
141369122,00VM83,Shan Curry Powder Masala 200g,273,390,1,3,True,2026-03-31 17:07:22
141369059,2RJL60,Shan Qasuri Methi Leaves 25g,76,80,55,3,True,2026-09-06 08:35:24
141370750,0Z6S8P,National Broast Masala 97g,135,150,10,3,True,2026-08-29 17:05:11
141376372,3986AC,National Karahi Gosh Masala 94g,248,310,9,3,True,2026-09-06 08:35:24
141368724,M45UWP,Falak  Chaat Masala  100g,227.5,350,3,6,True,2026-09-06 08:35:24
141370715,8B3VNN,National Spice Chili Powder 200g,349.6,380,8,0,True,2026-09-05 18:04:56
141374474,r1vf-1317,Shan Beef Biryani Masala 55g,127.5,150,144,3,True,2026-09-06 08:35:24
141374554,sta-644,Poppy Seeds (Khash Khash)  50g,88.2,98,6,0,True,2026-07-18 17:05:38
141368725,D0AQ8P,Falak  Dahi Bara Masala  80g,227.5,350,1,6,True,2026-09-03 14:20:18
141373197,TK26J1,Flax seeds (Alsi) 100gm,80.1,89,10,8,True,2026-05-28 18:42:38
141374335,5010GO,Dashi Crispy Fried Chicken Display Box 75g,152,160,12,4,True,2026-09-06 08:35:24
141371664,FXU232,Bakea Green Cardamom Powder 40 g,570.35,935,8,100,True,2026-09-06 08:35:24
141370697,4G23J8,National Seekh Kabab Masala 46g,102.4,160,1,3,True,2026-09-06 08:35:24
141370731,PP2VRT,National Ginger Powder 50g,230,250,4,3,True,2026-08-29 17:05:11
141372343,QCV2J6,Whole Garam Masala (Garam Masala Sabut)  200g,580.65,735,4,8,True,2026-05-02 16:59:36
141373763,L6LCQA,National Nihari Karachi Khaas 112g,248,310,5,3,True,2026-09-05 18:04:56
141370189,94238C,Italiano Tarragon Herbs 20Gm,376.65,405,1,100,True,2026-05-07 17:55:11
141371660,4SG2ED,Bakea White Pepper Powder 70 g,423.95,695,20,100,True,2026-09-06 08:35:24
141370749,FP1BHC,National Fish Masala 40g,139.2,160,2,3,True,2026-09-06 08:35:24
141370725,T3XM0J,National Murgi Masala 86g,279,310,12,3,True,2026-09-06 08:35:24
141368744,N3X0O4,Falak  Zeera Raita Masala  75G,325,500,2,6,True,2026-09-06 08:35:24
143906623,r1vf-2554,Florist Ginger Garlic Paste PET Jar 330g,330.6,348,1,8,True,2026-08-26 07:54:02
143906624,r1vf-2555,Florist Ginger Garlic Paste PET Jar 750g,615.6,648,9,0,True,2026-09-05 08:17:10
141371438,P6IML3,KNORR TOMATO KETCHUP 400G,250,250,22,3,True,2026-09-06 08:35:24
141373511,3ET139,KNORR CHILLI GARLIC SAUCE 400G,255,255,24,4,True,2026-09-06 08:35:24
141369383,2ACYM5,Shangrila Tomato Ketchup Bucket 1.5kg,390,600,2,4,True,2026-09-04 18:58:20
141371087,4R86C8,KNORR TOMATO KETCHUP 800G,440,440,7,3,True,2026-09-06 08:35:24
141370735,R16137,National Chilli Garlic Sauce 400g,192,240,10,3,True,2026-09-06 08:35:24
141369380,TSEUA3,Shangrila Tomato Ketchup Pouch 400g,187,220,9,4,True,2026-09-06 08:35:24
141369382,1V266I,Shangrila Ketchup Pouch 800g,340,400,3,4,True,2026-09-06 08:35:24
141369386,U19D07,Shangrila Garlic Chili Sauce Pouch 400g,187,220,1,4,True,2026-09-06 08:35:24
141371083,795FOY,Knorr Chilli Garlic  800g,427.5,450,2,3,True,2026-09-06 08:35:24
141369387,76D787,Shangrila Garlic Chili Sauce Pouch 800g,260,400,2,4,True,2026-09-04 18:58:20
141372271,89FDAY,Dipitt Ketchup Tomato 800 g,326.25,435,6,1,True,2026-09-06 08:35:24
141369379,09RE01,Shangrila Tomato Ketchup Mini Pack 210g,106.25,125,8,4,True,2026-09-06 08:35:24
141370726,IQ30ST,National Chilli Garlic Sauce 210g,108,135,22,3,True,2026-09-06 08:35:24
141369384,M18M97,Shangrila Tomato Ketchup 3.25kg,1020,1200,2,4,True,2026-09-06 08:35:24
141369381,AH0578,Shangrila Tomato Ketchup Squeeze Bottle 400g,272,320,11,0,True,2026-09-06 08:35:24
141369398,4205QY,Shangrila Chilli Sauce 700ml,263.5,310,5,0,True,2026-09-06 08:35:24
141369388,EFK4RS,Shangrila Garlic Chili Sauce Bottle 3.25kg,1020,1200,3,4,True,2026-09-06 08:35:24
141372274,4Y0JL2,Dipitt Chilli Garlic Sauce 400g,144,240,22,0,True,2026-09-06 08:35:24
141369385,222C92,Shangrila Garlic Chilli Sauce Mini Pack 210g,106.25,125,19,4,True,2026-09-06 08:35:24
141376144,r1vf-4072,Dipitt Chilli Garlic Sauce 800ml,261,435,3,2,True,2026-09-06 08:35:24
141369389,94VMX5,Shangrila Green Chilli Sauce Mini Pack 210g,87.75,135,7,4,True,2026-09-06 08:35:24
141373025,00NNT5,Dipitt Salsa 300g,488.25,525,5,4,True,2026-09-06 08:35:24
143786187,r1vf-7565,Dipitt Chilli Sauce Bottle (PET) 800ml,186,310,4,8,True,2026-09-06 08:35:24
141376562,5HHT25,Shangrila Green Chilli Sauce 400g,156,240,2,4,True,2026-09-03 08:50:29
143786189,r1vf-7567,Dipitt Chilli Sauce Bottle (PET) 300ml,96,160,2,0,True,2026-09-06 08:35:24
141373023,GU2KDK,Dipitt Jalepeno Salsa 300g,345,575,12,0,True,2026-09-06 08:35:24
141373689,UIWH81,Shangrila kidzchup Buddy pack 250gm,119,140,9,4,True,2026-09-06 08:35:24
141371787,3O4M35,Dipitt Chilli Garlic Sauce 310g,137.5,275,1,2,True,2026-08-05 06:37:07
141371789,7P5Y2L,Dipitt Sauce Chilli 290Gm Bottle,225,225,3,0,True,2026-09-06 08:35:24
141371788,R5CBA5,Dipitt Ketchup Tomato 300Gm Bottle,165,275,4,4,True,2026-09-06 08:35:24
143786185,r1vf-7563,Dipitt Habanero Ketchup 310g,375,375,6,8,True,2026-09-06 08:35:24
141369743,E3D75M,Youngs Mayonnaise Pouch 1 Litre,520,650,21,100,True,2026-08-17 04:52:33
141370707,3IB275,National Classic Mayo 450ml,322,350,15,0,True,2026-09-06 08:35:24
141369813,EC1ZM6,Youngs Mayonnaise Pouch 200ml,170,170,35,100,True,2026-09-06 08:35:24
141371799,1U742Y,Dipitt Classic Mayo 400Ml Pouch,297.6,320,23,24,True,2026-09-06 08:35:24
141369741,3DCPD1,Youngs Mayo Garlic Pouch 200Ml,270,270,12,0,True,2026-09-06 08:35:24
141370724,4WWG98,National Classic Mayo Pouch 900g,579.6,630,4,3,True,2026-09-06 08:35:24
141369809,RO8ENZ,Young's Mayonnaise Creamy 200ml Pouch,170,170,12,100,True,2026-09-06 08:35:24
141369740,CFC210,Young's Mayonnaise Creamy 500ml Pouch,360,360,11,0,True,2026-09-06 08:35:24
143786183,r1vf-7561,Dipitt Classic Mayo 800g,548.7,590,12,8,True,2026-09-06 08:35:24
141373249,6291DY,HELLMANNS REAL SWEET AND CREAMY MAYONNAISE 475ML,379.05,399,5,3,True,2026-09-06 08:35:24
141369808,S81HP5,Youngs Mayonnaise Creamy&Salted 1000Ml Pouch,650,650,9,100,True,2026-07-25 11:18:33
141373248,I26480,HELLMANNS REAL THICK AND CREAMY MAYONNAISE 900ML,664.05,699,5,3,True,2026-09-06 08:35:24
141369810,LJ530J,Youngs Mayo Red Chilli Pouch 200Ml,255,255,39,100,True,2026-09-06 08:35:24
141369811,MWN732,Youngs Mayo Chup 200Ml,200,200,45,100,True,2026-09-06 08:35:24
141371079,GD444F,HELLMANNS REAL MAYONNAISE 475ML,530.1,570,18,3,True,2026-09-06 08:35:24
141371080,YN3JZB,HELLMANNS REAL MAYONNAISE 900ML,871.2,990,10,3,True,2026-09-06 08:35:24
143577305,r1vf-4278,KNORR THAI SWEET CHILLI SAUCE 400G,379.05,399,20,5,True,2026-09-06 08:35:24
141369403,3H4A73,Shangrila Seasonings Trio Pack 120ml,204,240,9,0,True,2026-09-06 08:35:24
141369390,C66XIV,Shangrila Imli Ginger Sauce Mini Pack 210g,114.75,135,12,4,True,2026-09-06 08:35:24
141372486,WHVI9I,Shangrila Seasonings Trio Pack 275ml,369.75,435,7,4,True,2026-09-06 08:35:24
141369401,1ZES8G,Shangrila Synthetic Vinegar 700ml,182.75,215,13,4,True,2026-09-06 08:35:24
141372268,O9G71U,Dipitt Dressing Thousand Island  Pouch 400g,409.2,440,1,24,True,2026-08-19 10:37:54
141372495,Z82I86,Shangrila Pizza Sauce Mini Pack 210g,306,360,1,4,True,2026-08-25 10:41:57
141369404,N83NYD,Shangrila Seasonings Trio Pack 700ml,658.75,775,4,4,True,2026-09-06 08:35:24
141369394,3K3939,Shangrila Soya Sauce 275ml,136,160,17,4,True,2026-09-06 08:35:24
141369357,Q26Y7S,Shangrila Pizza Sauce Pouch 400g,178.5,210,1,4,True,2026-06-20 12:04:04
141371793,EUKEXR,Dipitt Oyster Sauce 300g,465,500,1,4,True,2026-09-06 08:35:24
141369397,O652YS,Shangrila Chilli Sauce 275ml,144.5,170,1,4,True,2026-09-05 08:17:10
141369395,U5IH2Q,Shangrila Soya Sauce 700ml,255,300,1,4,True,2026-09-05 18:04:56
141371795,76F3K1,Dipitt Sauce Pasta 300Gm Bottle,348.75,375,7,0,True,2026-09-06 08:35:24
141369400,GT9S8S,Shangrila Synthetic Vinegar 275ml,110.5,130,23,4,True,2026-09-06 08:35:24
141369360,QNJF96,Shangrila Lemon Juice 275ml,156,240,9,4,True,2026-09-06 08:35:24
141372490,0X7U2P,Shangrila Classic Yellow Mustard 227g,578,680,10,4,True,2026-09-06 08:35:24
141369396,KEO23F,Shangrila Chili Sauce 120ml,72.25,85,4,4,True,2026-09-06 08:35:24
143786178,r1vf-5596,Dipitt Chocolate Syrup 440ml,465,500,8,8,True,2026-09-06 08:35:24
141369402,IML0GP,Shangrila Worcestershire Sauce 275ml,153,180,4,4,True,2026-09-06 08:35:24
141372273,RFLK79,Dipitt Garlic Mayo 400g,367.5,490,4,4,True,2026-09-06 08:35:24
141376147,r1vf-4075,Dipitt Ranch Sauce 400g,455.7,490,20,24,True,2026-09-06 08:35:24
141372269,S1F1M1,Dipitt Sriracha Sauce 490g,469.65,505,13,25,True,2026-09-06 08:35:24
141369391,PJ8E89,Shangrila B.B.Q Sauce Pouch 400g,182,280,1,4,True,2026-09-06 08:35:24
141371794,MO1858,Dipitt Honey Mustard Sauce 290 g.,534.75,575,12,4,True,2026-09-06 08:35:24
141371792,2AP1VA,Dipitt Sauce Pizza 300Gm Bottle,348.75,375,4,6,True,2026-09-06 08:35:24
141372277,FZYT5V,Dipitt Thousand Island Sauce | 290g,395.25,425,7,6,True,2026-09-06 08:35:24
141370063,OX6M9R,Rossmoor Mustard Paste 226g,280.6,460,3,8,True,2026-09-06 08:35:24
141369393,79ZLD5,Shangrila Soya Sauce 120ml,68,80,23,0,True,2026-09-06 08:35:24
141371784,5W5J1I,Dipitt Sauce Buffalo Hot 60Ml Bottle,135,225,7,0,True,2026-09-05 18:04:56
143577304,r1vf-4173,KNORR PIZZA AND PASTA SAUCE 400G,474.3,510,13,5,True,2026-09-06 08:35:24
141371643,OFFI0W,Shangrila Peri Peri Garlic Sauce 145g,208.25,245,10,4,True,2026-09-06 08:35:24
141371646,INW7NM,Shangrila Peri Peri Lemon & Herbs Sauce 145g,208.25,245,6,0,True,2026-09-06 08:35:24
141371783,8UHFCP,Dipitt Chipotle Sauce 60g,135,225,11,6,True,2026-09-06 08:35:24
141370737,A71F0X,National White Vinegar Bottle 800ml,209,220,2,0,True,2026-09-06 08:35:24
143786180,r1vf-5598,Dipitt Caramel Syrup 420ml,488.25,525,3,8,True,2026-09-06 08:35:24
141372276,SN9IR3,Dipitt Sauce BBQ 400g,252,420,10,24,True,2026-09-06 08:35:24
143786172,r1vf-3783,Dipitt White Vinegar Bottle 800ml,232.5,250,7,8,True,2026-09-06 08:35:24
141371785,XK7463,Dipitt Sauce Hot 60Ml Bottle,135,225,18,6,True,2026-09-06 08:35:24
143786181,r1vf-5599,Dipitt Maple Syrup 420ml,315,525,4,8,True,2026-09-06 08:35:24
141369131,36J145,Shan Ginger Garlic Paste Bottle 700g,850,1000,3,3,True,2026-09-06 08:35:24
143786175,r1vf-3786,Dipitt Trio Pack Sauces 3 x 300ml,385.95,415,5,8,True,2026-09-06 08:35:24
141371644,WCAFBM,Shangrila Peri Peri Hot 145g,159.25,245,7,4,True,2026-09-06 08:35:24
141369399,ASKAV2,Shangrila Vinegar 120ml,48.75,75,18,4,True,2026-09-06 08:35:24
141369136,Z16J85,Shan Green Chutney 315g,195,300,3,3,True,2026-09-06 08:35:24
141376142,r1vf-4070,Dipitt Nacho Cheese Dip 300g,534.75,575,10,12,True,2026-09-06 08:35:24
141369097,R930C3,Shan Plum Chutney 400g,413.25,435,6,3,True,2026-09-06 08:35:24
141371790,0BCXI8,Dipitt Sauce Bbq 300Gm Bottle,228,380,1,6,True,2026-09-05 18:04:56
141372695,6Q6H0B,KNORR GREEN CHUTNEY 400G,371.07,399,9,4,True,2026-09-06 08:35:24
141371791,RSV6KU,Dipitt Sweet Thai Chili 340g,225,375,9,6,True,2026-09-06 08:35:24
141369358,XTHJZL,Shangrila Natural Apple Cider Vinegar 485ml,279.5,430,13,4,True,2026-09-05 18:04:56
141370712,TKRBD5,National Soya Sauce Bottle 300ml ,168.35,185,5,0,True,2026-09-06 08:35:24
143786182,r1vf-7560,Dipitt Korean Hot Sauce 60ml,348.75,375,15,8,True,2026-09-06 08:35:24
141372272,7O2XMF,Dipitt Sauce Hot Bottle 290g,372,400,12,6,True,2026-09-06 08:35:24
143786179,r1vf-5597,Dipitt Strawberry Syrup 410ml,315,525,1,0,True,2026-09-06 08:35:24
141376145,r1vf-4073,Dipitt Light Mayo 375g,362.7,390,18,24,True,2026-09-06 08:35:24
141371782,3E45W9,Dipitt Sauce Tobasco 60Ml Bottle,150,250,17,0,True,2026-09-06 08:35:24
141370734,JPDA51,National Chinese Chilli Sauce Bottle 300ml,168.35,185,8,3,True,2026-09-06 08:35:24
143786174,r1vf-3785,Dipitt Worcestershire Sauce 300g,255,425,3,8,True,2026-09-06 08:35:24
141369129,3RZI83,Shan Ginger Paste Bottle 310g,390,600,5,3,True,2026-09-06 08:35:24
141372278,0XSUT8,Dipitt Chipotle Sauce 290g,300,500,12,6,True,2026-09-05 18:04:56
143786186,r1vf-7564,Dipitt Light Soy Sauce Bottle (PET) 800ml,279,300,18,8,True,2026-09-06 08:35:24
141372275,V8TO15,Dipitt Buffalo Hot Sauce 300Ml,270,450,11,6,True,2026-09-05 18:04:56
141371798,C5Q576,Dipitt Sauce Peri Peri 300Gm Hot,285,475,11,0,True,2026-09-05 18:04:56
141369359,YL723I,Shangrila Natural Vinegar 485ml,253.5,390,2,4,True,2026-09-06 08:35:24
141376146,r1vf-4074,Dipitt French Dressing 375ml,455.7,490,4,24,True,2026-09-06 08:35:24
141371797,UT2QE6,Dipitt Sauce Peri Peri 300Gm Medium,285,475,2,6,True,2026-09-05 18:04:56
141372270,WSAN33,Dipitt Spicy Mayo 400g,455.7,490,1,6,True,2026-08-28 00:52:25
143786190,r1vf-7568,Dipitt Light Soy Bottle (PET) 300ml,160,160,2,8,True,2026-09-06 08:35:24
141376143,r1vf-4071,Dipitt Sriracha Mayo Dip 300g,303,505,6,12,True,2026-09-06 08:35:24
143786171,r1vf-3782,Dipitt Apple Cider vinegar Bottle 800ml,285,475,8,8,True,2026-09-06 08:35:24
141371786,0BW94S,Dipitt Soy Sauce 310 g.,255,425,6,6,True,2026-09-06 08:35:24
143786170,r1vf-3780,Dipitt Peri Peri Garlic 290g,285,475,11,8,True,2026-09-06 08:35:24
142364342,B7Y1S1,Al Ameera Tahina Sauce 400g,1499,1499,4,0,True,2026-08-31 10:46:41
143786176,r1vf-3787,Dipitt Soy Sauce 60ml,225,225,18,8,True,2026-09-06 08:35:24
143786184,r1vf-7562,Dipitt BBQ Sauce 300g,303,505,4,8,True,2026-09-06 08:35:24
143786173,r1vf-3784,Dipitt Habanero sauce Bottle 60ml,225,225,19,8,True,2026-09-06 08:35:24
143786188,r1vf-7566,Dipitt White Vinegar Bottle (PET) 300ml,72,120,11,8,True,2026-09-06 08:35:24
141371645,14O6Z2,Shangrila Peri Peri Lemon & Herbs Sauce 285g,318.5,490,11,4,True,2026-09-06 08:35:24
141371796,M7082Y,Dipitt Sauce Peri Peri 300Gm Mild,285,475,6,6,True,2026-09-06 08:35:24
141372616,50OGL0,Italia Ginger Garlic Paste Jar 330g (Imported),398.86,539,12,0,True,2026-09-06 08:33:25
143786169,D93F47,Dipitt Mango Habanero Sauce | 320ml,375,375,7,100,True,2026-09-06 08:35:24
141371647,D30D31,Shangrila Peri Peri Mild Sauce 285g,416.5,490,6,4,True,2026-09-06 08:35:24
141373024,WJ1E1J,Dipitt No Added Sugar Ketchup 300g,195,325,11,4,True,2026-09-06 08:35:24
145094409,X3QH50,Mitchells Fruit Vinegar 300ml,195,195,10,100,True,2026-09-06 08:35:24
145094416,6AQDRZ,Mitchells White Vinegar 300ml,120,120,1,0,True,2026-09-06 08:35:24
145094408,2KV68R,Mitchells Apple Cider Vinegar 300ml,215,215,9,100,True,2026-09-06 08:35:24
141369098,9I6008,Shan Tamarind Chutney 315g,380,400,9,3,True,2026-09-06 08:35:24
141370706,Y9O3FW,National Mixed Pickle Jar 370g,257.6,322,24,3,True,2026-09-06 08:35:24
141369405,2C47RD,Shangrila Mixed Pickle Mini Pack 130g,85,100,19,4,True,2026-09-06 08:35:24
141370704,46E889,National Crushed Pickle 390g,387.32,421,8,0,True,2026-09-06 08:35:24
141370744,2K7MO3,National Crushed Pickle 750g,645.84,702,14,3,True,2026-09-06 08:35:24
141370702,Q15FY0,National Mixed Pickle Jar 900g,522.4,653,6,3,True,2026-09-06 08:35:24
141370728,9104O7,National Mixed Pickle 320g,183.04,286,8,0,True,2026-09-06 08:35:24
141369407,M8UC52,Shangrila Mixed Pickle Family Pouch 700g,408,480,2,4,True,2026-09-06 08:35:24
141370732,KC442P,National Mango Pickle Jar 370g,295.32,321,3,3,True,2026-09-06 08:35:24
141370729,VBM39X,National Hyderabadi Pickle 320g,283.36,308,4,3,True,2026-09-06 08:35:24
141370703,07767P,National Mango Pickle Jar 900g,600.76,653,5,3,True,2026-09-06 08:35:24
141369068,MFK81S,Shan Mango Pickle Bottle 330g,178.75,275,6,3,True,2026-09-06 08:35:24
141370701,C2Y3L8,National Hyderabadi Mix Pickle Jar 900g,653.2,710,7,3,True,2026-09-06 08:35:24
141370705,2QY806,National Mango Pickle Bottle 320g,263.12,286,9,0,True,2026-09-06 08:35:24
142448229,r1vf-7001,Shan Crushed Pickle 390g,279.5,430,4,3,True,2026-09-06 08:35:24
142448230,r1vf-7002,Shan Crushed Pickle 750g,464.75,715,1,3,True,2026-09-03 08:50:29
145120756,r1vf-11076,Naturelle Jalapeno Achar 330g,322,460,1,8,True,2026-08-24 04:53:50
145120769,r1vf-11088,Naturelle (4 in 1) European Pickles Pack 1320g,1286.6,1838,1,0,True,2026-08-24 10:45:49
145120765,r1vf-11095,Naturelle Mushroom Achar 330g,492.75,657,5,8,True,2026-09-06 08:35:24
141375143,r1vf-2005,Lipton Danedar Black Tea - 20% Extra 170g,380,400,2,10,True,2026-06-12 08:43:47
141375141,r1vf-2003,Lipton Yellow Label Tea - 170g,400,400,1,10,True,2026-08-22 13:40:56
142112112,r1vf-5090,Lipton Yellow Label 430g,996.55,1049,1,0,True,2026-09-05 08:17:47
142543724,r1vf-7072,Lipton Yellow Label 85g,190,200,84,8,True,2026-09-06 08:35:48
141773074,F1W7IX,Lipton Yellow Label Tea Bag - 25s,285,300,9,10,True,2026-09-06 08:35:48
142112113,r1vf-5091,Lipton Danedar Tea - 430g - Save Rs. 100,996.55,1049,1,8,True,2026-07-06 08:30:51
141375559,r1vf-453,Free Jar with Lipton Tea Bags 100s,1140,1200,1,0,True,2026-09-06 08:35:48
142543722,r1vf-7070,Lipton Yellow Label 900g,1899.05,1999,3,2,True,2026-09-06 08:35:48
141773075,IZW4JF,Lipton Yellow Label Black Tea Bag (50 Pieces) 100g,570,600,4,10,True,2026-09-06 08:35:48
142543723,r1vf-7071,Lipton Danedar Black Tea (Save Rs.200) 900g,1999,1999,1,8,True,2026-07-25 14:43:39
142007620,r1vf-4613,Lipton Herbal Infusion - Hibiscus Tea - 20 Envelope Tea Bags,855,900,1,8,True,2026-06-12 16:30:11
142007617,r1vf-4610,Lipton Herbal Infusion - Chamomile Tea - 20 Envelope Tea Bags,855,900,1,8,True,2026-08-03 07:38:40
142007618,r1vf-4611,Lipton Herbal Infusion - Lemon & Ginger Tea - 20 Envelope Tea Bags,855,900,4,8,True,2026-09-06 08:35:48
141375144,r1vf-2006,Lipton Yellow Label Danedar Tea 430g,1092.5,1150,1,10,True,2026-05-16 06:34:09
142007621,r1vf-4614,Lipton Herbal Infusion - Anise Tea - 20 Envelope Tea Bags,855,900,11,8,True,2026-09-06 08:35:48
142007619,r1vf-4612,Lipton Herbal Infusion - Mint Tea - 20 Envelope Tea Bags,855,900,12,8,True,2026-09-06 08:35:48
141501451,DN63QK,Lipton Yellow Label | Black Tea 430g,1092.5,1150,1,10,True,2026-08-16 16:35:47
141773076,Y3PO2K,Lipton Yellow Label Black Tea Bag (100 Pieces) 200g,1140,1200,3,10,True,2026-09-06 08:35:48
141375142,r1vf-2004,Lipton Yellow Label Tea 430g,690,1150,28,10,True,2026-04-05 07:59:42
141368752,8Z7HE0,Tapal Danedar Tea Pouch 350g,750,750,1,5,True,2026-08-15 13:37:59
141368768,9CI8FT,Tapal Danedar Black Tea 170g,400,400,2,0,True,2026-08-24 13:57:50
141368776,9KMD5P,Tapal Danedar Tea Pouch 430g,950,950,2,3,True,2026-08-14 11:05:03
142543726,r1vf-7074,"Brooke Bond Supreme Tea, 85g",171,180,41,8,True,2026-09-06 08:35:48
141368766,KI6L65,Tapal Danedar Tea Bags 25 Pieces 50g,250,250,48,100,True,2026-09-06 08:35:48
142543727,r1vf-7075,Supreme Brooke Bond Tea (Save Rs.50) 430g,807.5,850,1,8,True,2026-07-02 12:16:39
141368753,18WFSO,Tapal Danedar Tea Pouch 900gm,1850,1850,4,4,True,2026-08-06 15:20:44
142543725,r1vf-7073,Supreme Brooke Bond Tea (Save Rs.20) 170g,342,360,1,8,True,2026-07-24 17:45:34
141368759,J9M8G1,Tapal Family Mixture Tea Pouch 430g,950,950,13,3,True,2026-09-06 08:35:48
141368780,0BF28T,Tapal Danedar Box Elaichi 80g,250,250,1,100,True,2026-08-27 15:08:28
141368781,0UD46F,Tapal Tea Danedar Elaichi Box 170g,470,470,26,100,True,2026-09-06 08:35:48
141373820,BS67F2,Nestle Everyday Kashmiri Chai 180g,670,670,7,0,True,2026-09-06 08:35:48
141368771,Q551C6,Tapal Tezdum Tea 170g,400,400,54,5,True,2026-09-06 08:35:48
141368767,7D5OO5,Tapal Danedar Tea Bags 100 Pieces,930,1000,1,0,True,2026-08-26 16:55:21
141368762,637JJE,Tapal Family Mixture Tea Value Pack 900g,1850,1850,7,0,True,2026-09-06 08:35:48
142543728,r1vf-7076,Supreme Brooke Bond Tea (Save Rs.100) 900g,1700,1700,1,8,True,2026-07-25 09:07:23
141368779,7XU3T2,Tapal Danedar Tea Bags 50 Pieces 100g,465,500,1,0,True,2026-08-29 17:05:30
144451554,r1vf-10801,Lipton Yellow Label Black Tea Jar of Joy 170g,380,400,25,8,True,2026-09-06 08:35:48
141374959,r1vf-1700,Everyday 3in1 Vanilla Chai Latte 20g,80,80,1,0,True,2026-08-14 17:02:58
141368761,M8M778,Tapal Family Mixture Tea 170g,400,400,53,100,True,2026-09-06 08:35:48
141371012,CB8YD7,Vital Tea 170Gm Box,400,400,46,0,True,2026-09-06 08:35:48
141368769,8W86ZZ,Tapal Danedar Tea Enveloped 50Pcs Bags 100Gm,550,550,25,0,True,2026-09-06 08:35:48
141368765,B83L6F,Tapal Tezdum Tea Pouch 430g,950,950,1,0,True,2026-09-06 08:35:48
141368777,23DW27,Tapal Danedar Tea Jar 440g,1200,1200,13,10,True,2026-09-06 08:35:48
141371014,34BPFR,Vital Tea 430Gm Pouch,950,950,6,100,True,2026-09-06 08:35:48
141368778,SA7490,Tapal Danedar Round Tea Bags 16 Pieces 40g,270,270,78,100,True,2026-09-06 08:35:48
141371455,09Z802,Vital Chamomile Tea 30 Pieces 45g,240,240,21,100,True,2026-09-06 08:35:48
141368751,90OZU5,Tapal Danedar Round Tea Bags 80 Pieces 200g,1100,1100,4,0,True,2026-09-06 08:35:48
141374983,r1vf-1711,Nestlé Everyday Masala Chai Pack 20g Instant Mix,80,80,7,0,True,2026-09-06 08:35:48
141368782,4Y2ZXF,Tapal Danedar Elaichi Tea Enveloped Bags 50 Pieces 100g,600,600,22,100,True,2026-09-06 08:35:48
141368770,WF71J6,Tapal Danedar Tea Enveloped Bags 100 Pieces 200g,1000,1000,4,100,True,2026-09-06 08:35:48
141371458,47FR73,Vital Tea Bag 25 Pieces 50g,250,250,67,0,True,2026-09-06 08:35:48
141371013,7SOBZR,Vital Tea 900Gm Pouch,1850,1850,2,0,True,2026-08-31 10:47:00
141376596,1D8J15,Grans Kashmiri Pink Tea,595,595,3,8,True,2026-09-06 08:35:48
141370790,132R3C,Mezan Tea Ultra Rich 85Gm Box,142.5,190,5,5,True,2026-07-10 17:56:09
141368760,93S3DI,Tapal Family Mixture Tea Jar 440g,1200,1200,24,100,True,2026-09-06 08:35:48
141370789,PJ0TH8,Mezan Tea Ultra Rich Pouch 170g,380,380,2,5,True,2026-08-26 10:43:22
141376593,0UOX89,Grans Afghani Kehwa,595,595,6,8,True,2026-09-06 08:35:48
141376594,K000OA,Grans Karrak Chai,690,690,8,8,True,2026-09-06 08:35:48
141376651,E55QWQ,Grans Quetta Chai From Baluchistan,690,690,1,8,True,2026-08-01 11:24:15
141376595,F3HQ4O,Grans Peshawari Kehwa,595,595,3,8,True,2026-09-06 08:35:48
141376650,r1vf-4117,Grans Lemongrass Herbal Tea 85g,550,550,5,8,True,2026-09-06 08:35:48
141375299,r1vf-2184,Tapal Danedar Tin Jar 350gm         ,900,900,1,8,True,2026-09-06 08:35:48
141373819,TO2Z62,Nescafe Classic 1 Sachet 1.5g,27.6,30,165,0,True,2026-09-06 08:35:48
141369817,1T5IT8,Nescafe Classic Coffee Jar 50g,1058,1150,2,0,True,2026-09-06 08:35:48
141374263,r1vf-770,Nescafe Classic 25g,450,450,2,0,True,2026-08-12 14:27:18
141370620,3288V4,Nestle Nescafe Classic Coffee Jar 200g,3850,3850,1,100,True,2026-04-15 11:09:30
143382533,P05827,Nescafe Coffee Matinal 200Gm,2799,2799,1,100,True,2026-04-15 14:51:09
141368756,R2KISL,Tapal Lemon Green Tea Bags 30 Pieces 45g,250,250,15,100,True,2026-09-06 08:35:48
141368764,S3Z4C8,Tapal Shades Green Tea Bags 4 In 1 32 Pieces 48g,247,260,1,100,True,2026-08-06 12:10:15
141368783,U0H4SE,Tapal Ginger Honey Green Tea Bags 30 Pieces 45g,250,250,32,100,True,2026-09-06 08:35:48
141368758,T9GEOK,Tapal Mint Green Tea Bags 30 Pieces 45g,237.5,250,1,100,True,2026-08-09 07:58:29
143894634,r1vf-2557,"Tapal Pineapple Flavoured Green Tea, 45g",250,250,231,0,True,2026-09-06 08:35:48
141368772,62OQ03,Tapal Lemon Green Tea Jar 100g,320,320,1,100,True,2026-08-09 05:15:26
143894635,r1vf-2558,Tapal Green Tea Orange Box 45g,250,250,28,8,True,2026-09-06 08:35:48
141368773,8GJ536,Tapal Pure Green Tea Bags 30 Pieces 45g,250,250,12,0,True,2026-09-06 08:35:48
141368775,7HNE23,Tapal Tropical Peach Green Tea 45g,250,250,3,100,True,2026-09-06 08:35:48
141368757,0FJ4TW,Tapal Elaichi Green Tea Bags 30 Pieces 45g,250,250,35,100,True,2026-09-06 08:35:48
143789890,r1vf-527,Nestlé Nescafe Latte Ready PET Coffee Bottle 210ml,130.5,145,30,0,True,2026-09-06 08:35:48
143789892,r1vf-529,Nescafe Cappuccino PET 210ml,123.25,145,35,8,True,2026-07-06 08:30:51
143789891,r1vf-528,Nestlé Nescafe Mocha Ready PET Coffee Bottle 210ml,130.5,145,5,0,True,2026-09-06 08:35:48
145120773,r1vf-11092,Tru Bru Classic Coffee 50g,890,890,1,8,True,2026-08-15 13:37:59
145120774,r1vf-11093,"Tru Bru Bold New Flavor Classic Coffee, 85g",1275,1700,1,0,True,2026-09-06 08:35:48
145120775,r1vf-11094,"Tru Bru Premium Coffee, 50g",1102.5,1470,19,0,True,2026-09-06 08:35:48
145120763,r1vf-11083,Tru Bru Classic Coffee 200g,2475,3300,1,8,True,2026-09-06 08:35:48
141370604,K8HTZF,Tea Whitener - NESTLE EVERYDAY Powder 350g Pouch,775,775,20,0,True,2026-09-06 08:35:48
141370670,LA89VE,Nestle Everyday Powder 560g Pouch - Original 560g,1230,1230,7,0,True,2026-09-06 08:35:48
141370619,O7H5F4,Nestle Everyday Tea Whitener - NESTLE EVERYDAY Powder 850g Pouch - Original,1840,1840,10,2,True,2026-09-06 08:35:48
141370672,8QTM9W,Tea Whitener - NESTLE EVERYDAY Powder 230g Pouch,515,515,27,0,True,2026-09-06 08:35:48
141375979,I34DHD,Nestlé Everyday Dairy Whitener Sachet Single Pack 13g,30,30,345,27,True,2026-09-06 08:35:48
141370591,912K04,Nestle Everyday Tea Sachets Kashmiri Chai 18g,80,80,4,0,True,2026-09-06 08:35:48
141370590,J1H131,Nestle Everyday Cardamom Powder Tea 3 in 1 (Chai Life) Sachet 20g,80,80,28,0,True,2026-09-06 08:35:48
141370589,65Y589,Nestle Everyday Karak Powder Chai 3in1 20g,80,80,4,0,True,2026-09-06 08:35:48
141369355,8GE3QY,Tarang Liquid Tea Whitener 220ml,60,60,27,0,True,2026-09-06 08:35:48
141371247,K0YQG3,Tarang Liquid Tea Whitener 170ml,50,50,29,24,True,2026-09-06 08:35:48
141370627,C337E7,Tea Whitener - NESTLE EVERYDAY Powder 1.8kg Pouch,3815,3815,5,1,True,2026-09-06 08:35:48
143737850,r1vf-4180,Dairyland Mann Chai Tea Whitener 170ml,45,45,22,8,True,2026-06-30 18:05:57
141370934,2PEPH3,Millac Tea Whitener Powder 850Gm Pouch,1440,1600,10,100,True,2026-09-06 08:35:48
141370626,T29RXB,Everyday Milk Powder Pouch 1200g (1.2kg),2590,2590,6,0,True,2026-09-06 08:35:48
141370936,47TP54,Millac Tea Whitener Powder 390Gm Pouch,712.5,750,1,0,True,2026-09-06 08:35:48
144929866,r1vf-10959,"Nestlé EveryDay Original Powder Tea Whitener, 2kg",3975,3975,1,8,True,2026-09-06 08:35:48
143737851,r1vf-4181,"Dairyland Mann Chai Tea Whitener, 200ml",45,50,3,8,True,2026-08-04 15:29:55
141374370,r1vf-943,Lay's Wavy BBQ Rs. 50,50,50,110,30,True,2026-09-06 08:36:42
141369750,2RM32G,Cheetos Crunchy Red Flamin Hot Rs.50,50,50,1,30,True,2026-08-10 17:03:05
141369934,62J9W8,Super Crisp Catty Chins Cheese Rs. 60,60,60,76,100,True,2026-09-06 08:36:42
141369873,ZS03C2,Kolson Slanty Vegetable Rs. 50,50,50,101,0,True,2026-09-06 08:36:42
141374989,r1vf-1735,Lay's Chips French Cheese Rs. 50 (The new and old packaging will be shipped out randomly),50,50,106,30,True,2026-09-06 08:36:42
141369583,H1K3VK,Cheetos Ocean Safari Cheese Rs. 20,20,20,172,30,True,2026-09-06 08:36:42
141369748,27D19F,Kurkure Red Chilli Jhatka Rs. 60 ,60,60,55,10,True,2026-09-06 08:36:42
141374993,r1vf-1739,Lay's Chips Paprika Rs. 50 (The new and old packaging will be shipped out randomly),50,50,46,30,True,2026-09-06 08:36:42
141371041,YPBZQR,Cheetos Puffs Ketchup Rs. 20,20,20,155,30,True,2026-09-06 08:36:42
141374167,r1vf-699,Potato Sticks Pepper & Salt Rs 50,50,50,99,0,True,2026-09-06 08:36:42
141369872,6BRWEI,Kolson Slanty Jalapeno Rs. 50,50,50,119,0,True,2026-09-06 08:36:42
141372757,27C8L7,Cheetos Flamin Hot Rs. 100,100,100,4,30,True,2026-08-12 14:28:49
141374992,r1vf-1738,Lay's Chips Classic Salt Rs. 50 (The new and old packaging will be shipped out randomly),50,50,107,0,True,2026-09-06 08:36:42
141374392,r1vf-968,Kolson Twich Rs. 50,50,50,79,8,True,2026-09-06 08:36:42
141369749,SG3681,Lay's Wavy BBQ Rs. 30 ,30,30,92,30,True,2026-09-06 08:36:42
141371002,8779H9,Cheetos Bites Vegetable Rs. 20,20,20,93,30,True,2026-09-06 08:36:42
141845762,r1vf-793,Top Pops Chicken 20g x 6 Pieces,180,180,6,0,True,2026-05-13 06:54:37
141374373,r1vf-949,Lay's Wavy Flaming Hot Rs. 50 (1 Unit),50,50,3,30,True,2026-03-28 10:42:36
141374991,r1vf-1737,Lay's Chips Masala Rs. 50 (The new and old packaging will be shipped out randomly),50,50,116,30,True,2026-09-06 08:36:42
141374371,r1vf-944,Lay's Wavy BBQ Rs. 70,70,70,70,30,True,2026-09-06 08:36:42
141374990,r1vf-1736,Lay's Chips Yogurt & Herb Rs. 50 (The new and old packaging will be shipped out randomly),50,50,60,30,True,2026-09-06 08:36:42
143785066,r1vf-2526,Lay's Maxx Signature Cheese Rs. 70,70,70,12,8,True,2026-09-06 08:36:42
141845761,r1vf-786,Top Pops Spicy 20g x 6 Pieces,180,180,1,0,True,2026-05-18 13:59:24
141939425,r1vf-6623,Lay's Wavy Yogurt & Herb Rs. 50,50,50,29,0,True,2026-09-06 08:36:42
141369895,K52D83,Kolson Snackers Pizza Rs 20,20,20,139,100,True,2026-09-06 08:36:42
141369876,5BRG5M,Slanty Chips Vegetable Rs. 30,30,30,54,0,True,2026-09-06 08:36:42
141374366,r1vf-939,Lay's Chips Masala Rs. 70 (The new and old packaging will be shipped out randomly),70,70,46,30,True,2026-09-06 08:36:42
141370555,L92482,Kurkure Toofaani Mirch Rs. 20 ,20,20,91,30,True,2026-09-06 08:36:42
141369924,6TWB64,Catty Chins Chips Cheese Rs. 30,30,30,17,100,True,2026-09-06 08:36:42
141369911,61VP3L,Kolson Pepper & Salt Potato Sticks Rs 20,20,20,33,0,True,2026-09-06 08:36:42
141373871,5SGE8C,Kurkure Red Chilli Rs. 40 ,40,40,46,0,True,2026-09-06 08:36:42
141939424,r1vf-6622,Lay's Wavy Yogurt & Herb Rs. 30,30,30,40,30,True,2026-09-06 08:36:42
141372761,Y68500,Kolson Cheese Balls Originals Rs 20,20,20,4,100,True,2026-03-27 17:04:31
141374328,2D1LGX,Noms Nachos Sour Cream & Herb Rs. 80,80,80,23,100,True,2026-09-05 18:06:10
141375368,r1vf-2298,Zee Snacks Stack-it Potato Chips BBQ Rs.100,100,100,12,8,True,2026-08-22 16:34:40
141375367,r1vf-2297,Zee Snacks Stack-it Potato Chips Flamin Hot Rs.100,100,100,15,0,True,2026-09-06 08:36:42
141373772,RZX84H,Noms Nachos Cheddar Jalapeno Rs. 150,150,150,16,100,True,2026-09-05 18:06:10
141373775,K19SG0,Noms Nachos Thai Sweet Chilli Rs. 150,150,150,9,100,True,2026-09-06 08:36:42
141371938,N0TL4M,Machos Nachos Tortilla Sweet Thai Chips Rs. 80,80,80,16,12,True,2026-09-06 08:36:42
141373384,2R9YCR,Kababjees Potato Slims Spicy Rs. 100,99,99,13,0,True,2026-09-06 08:36:42
141374326,489I51,Noms Nachos Smoky BBQ Rs. 150,150,150,8,100,True,2026-09-06 08:36:42
141373771,Z8R0C1,Noms Nachos Chilli Lemon Rs.80,80,80,15,100,True,2026-09-05 18:06:10
141371936,5207M1,Machos Nachos Tortilla Hotilicious Chips Rs. 80,80,80,7,12,True,2026-09-06 08:36:42
141376066,r1vf-3924,Kurkure Mirchili Chana Chaat (Rs 30) 1 Unit,30,30,2,30,True,2026-03-27 10:57:31
141375371,r1vf-2295,Zee Snacks Stack-it (Salt) Potato Chips Original Rs.100,100,100,20,0,True,2026-08-29 17:06:12
141372756,5T940L,Lay's Chips Yogurt & Herb Rs. 100 (The new and old packaging will be shipped out randomly),100,100,7,10,True,2026-08-08 16:44:07
141375372,r1vf-2296,Zee Snacks Stack-it Potato Chips Hot & Spicy Rs.100,100,100,8,0,True,2026-09-06 08:36:42
143269934,EG9HJ3,Pringles Original 165g,1099,1099,18,0,True,2026-09-05 18:06:10
141373393,3BJIO5,Kababjees Chips Crinkle Bbq Rs. 160,160,160,20,0,True,2026-09-06 08:36:42
141374325,R84YE5,Noms Nachos Sour Cream & Herb Rs. 150,150,150,3,100,True,2026-09-06 08:36:42
141652810,T4H11E,Pringles Salt & Viniger 165g,1099,1099,19,12,True,2026-09-06 08:36:42
141369913,7J388Q,Super Crisp Twister Chips Tomato Ketchup Rs. 20,20,20,6,0,True,2026-08-15 16:36:21
141370756,8QKX0N,United King Chips Plain 65Gm Salty,175,175,13,0,True,2026-09-06 08:36:42
141369932,L8RB47,Super Crisp Twister Ketchup Rs. 30,30,30,6,100,True,2026-08-16 16:36:33
141375366,r1vf-2259,Cornado Snacks Flamin Hot Flavor Rs.50,50,50,11,8,True,2026-08-31 19:32:29
141371189,KR8D30,Kurkure Chutney Chaska Rs. 20 ,20,20,150,30,True,2026-09-06 08:36:42
141372871,B31J4E,Super Crisp Twister Chips Spicy BBQ Rs. 30,30,30,2,0,True,2026-09-02 08:41:16
141373371,4NSJ72,Kababjees Chips Crinkle Spicy Rs. 160,160,160,15,0,True,2026-09-06 08:36:42
141369584,OH369I,Kurkure Red Chilli Jhatka Rs. 20 ,20,20,20,30,True,2026-08-16 16:36:33
141375363,r1vf-2256,Mexi Corn Snacks Cheese Flavor Rs.30,30,30,17,8,True,2026-09-06 08:36:42
141374327,V891HZ,Noms Nachos Salt and Pepper Rs. 80,80,80,13,100,True,2026-09-06 08:36:42
141372700,3ZVNZZ,Pringles Chips Barbecue 165g,1099,1099,19,100,True,2026-09-05 18:06:10
141540743,r1vf-33257,Macho Nachos Sweet & Corny Rs. 80,80,80,33,0,True,2026-09-06 08:36:42
141376152,r1vf-3969,Go Royale Potato Sticks Hot & Spicy (Rs 50) 28g,50,50,17,8,True,2026-09-05 18:06:10
141369928,XIFWAH,Super Crisp Chips Sweet Chilli Rs. 60,60,60,3,100,True,2026-08-08 16:44:07
141373856,B78TAK,Lay's Chips Potato Masala Jumbo Rs. 150 (The new and old packaging will be shipped out randomly),150,150,11,10,True,2026-09-06 08:36:42
141369920,4M5V1F,Super Crisp Sweet Chilli Rs. 40,40,40,4,100,True,2026-09-06 08:36:42
141371824,4R1M3H,Lay's Chips Masala Rs. 20,20,20,103,0,True,2026-07-18 11:14:12
141373770,INBZIU,Noms Nachos Chilli Lemon Rs. 150,150,150,1,100,True,2026-09-04 18:59:17
142449857,2ABROD,Pringles Chips Paprika Basic 165g,1049,1049,1,0,True,2026-07-12 09:10:41
141369912,8PZC2Z,Super Crisp Chips BBQ Rs. 40,40,40,13,100,True,2026-09-06 08:36:42
141376326,5W3MNQ,Pringles Chips Hot & Spicy 165g,1049,1049,11,12,True,2026-04-14 08:32:59
141376670,r1vf-1206,Popnosh Cornups Popcorn Chips Chatpata Achari 26g,50,50,11,0,True,2026-07-19 17:06:05
141375003,r1vf-1729,Machos Nachos Cheesome Rs. 200,200,200,7,0,True,2026-09-06 08:36:42
141369918,T8LEIG,Super Crisp Chips Sweet Chili Rs. 100,100,100,1,100,True,2026-08-19 16:41:39
141369935,V939R7,Super Crisp Chips BBQ Rs. 60,60,60,6,100,True,2026-09-05 18:06:10
141373857,UABS5K,Lay's Chips Potato Classic Jumbo Rs. 150 (The new and old packaging will be shipped out randomly),150,150,10,10,True,2026-09-06 08:36:42
141374324,9KF56M,Noms Nachos Salt and Pepper Rs. 150,120,150,9,100,True,2026-09-06 08:36:42
141370769,WOVI80,United King Chips Crinkle 65Gm Spicy,175,175,8,100,True,2026-09-06 08:36:42
141373917,r1vf-97,Super Crisp Cheese Rs. 40,40,40,40,100,True,2026-09-05 18:06:10
141370764,45K1X2,United King Chips Plain 65Gm Spicy,175,175,17,100,True,2026-08-29 17:06:12
141369919,P6CJ8Y,Super Crisp Chips Salted Rs. 60,60,60,11,100,True,2026-09-06 08:36:42
141370763,2L7E3Y,United King Chips Crinkle 65Gm Salty,175,175,11,100,True,2026-09-06 08:36:42
141375365,r1vf-2258,Cornado Snacks BBQ Flavor Rs.50,50,50,9,8,True,2026-08-29 17:06:12
141371888,7OG4NL,Super Crisp Chips Masala Rs. 60,60,60,19,0,True,2026-09-06 08:36:42
141375002,r1vf-1728,Machos Nachos Sweet Thai Chip Rs. 200,200,200,4,8,True,2026-09-06 08:36:42
141369368,852KT9,Pringles Sour Cream & Onion Crisps 165g,1049,1049,1,12,True,2026-07-09 18:08:36
141371887,53J0DK,Super Crisp Chips Masala Rs. 40,40,40,15,0,True,2026-09-06 08:36:42
141374162,r1vf-681,Machos Nachos Salt & Pepper Chips Rs. 80,80,80,18,0,True,2026-07-25 11:19:35
141373385,Q3FB70,Kababjees Chips Crinkle Salty Rs. 160,160,160,13,100,True,2026-09-06 08:36:42
141373372,LGL59H,Kababjees Chips Plain Salty Rs. 160,160,160,3,100,True,2026-09-06 08:36:42
141369921,P37T0Z,Super Crisp Chips Salted Rs. 40,40,40,4,100,True,2026-09-06 08:36:42
141374317,CAN34B,Shahi Nimco Chilli Chips (RS-100) 80g,100,100,2,20,True,2026-09-06 08:36:42
141652813,86L19E,Pringles Chips Cheesy Cheese 165g,1099,1099,19,100,True,2026-09-05 18:06:10
141376431,D4RC7B,Pringles Chips Ketchup 40g,440,440,1,12,True,2026-04-10 14:22:30
141376161,r1vf-3978,Go Royale Potato Sticks Salted (Rs 100) 58g,100,100,21,8,True,2026-04-26 10:55:48
141376162,r1vf-3979,Go Royale Potato Sticks Cheese (Rs 100) 58g,100,100,8,8,True,2026-05-25 13:38:15
141376166,r1vf-3983,Go Royale Potato Sticks Salted (Rs 200) 120g,200,200,15,8,True,2026-09-06 08:36:42
141376167,r1vf-3984,Go Royale Potato Sticks Peri Peri (Rs 200) 120g,200,200,22,8,True,2026-08-29 17:06:12
141652811,62N720,Pringles Salt & Vinegar 40g,440,440,1,6,True,2026-04-12 16:51:45
141369915,G8K5C1,Super Crisp Peanut Salted Rs. 80,80,80,22,100,True,2026-09-06 08:36:42
141369937,KTN20Z,Super Crisp Peanut Salted Rs. 50,50,50,95,100,True,2026-09-06 08:36:42
141369931,8K7CW4,Super Crisp Fried Peanuts Salted Rs. 120,120,120,13,100,True,2026-09-06 08:36:42
141374314,23JMI8,Shahi Ballay Ballay Dal Moth (RS-20) 19g,20,20,17,20,True,2026-09-06 08:36:42
141374313,1O7O2Q,Shahi Ballay Ballay Dal Chaska (RS-20) 17g,20,20,26,20,True,2026-09-06 08:36:42
141369938,GBG045,Super Crisp Nimko Mix Spicy Rs. 80,80,80,22,100,True,2026-09-06 08:36:42
141372295,8JGD71,United King Phulki 150g,295,295,17,0,True,2026-08-31 10:47:48
141373003,17U655,Shahi Nimco Savory Mix (RS-100) 100g,100,100,18,0,True,2026-09-06 08:36:42
141372851,WVU1WH,Food Valley Karara Masala Chana Rs. 20,20,20,23,100,True,2026-09-06 08:36:42
141372998,HI6C82,Shahi Nimco Dal Moong (RS-50) 45g,50,50,18,20,True,2026-09-06 08:36:42
141372292,26Z2EL,Rehmat-e-Shereen Masala Papdi 100g,140,140,4,103,True,2026-09-06 08:36:42
141370785,L601YO,United King Namkino Chatkhara Papdi 150 g,305,305,18,100,True,2026-09-06 08:36:42
141370094,T5D5V7,Dashi Crackers Party Mix Papad 250g,147,210,36,6,True,2026-09-06 08:36:42
141373001,89KUK2,Shahi Nimco Dal Moong (RS-100) 100g,100,100,32,0,True,2026-09-06 08:36:42
141371915,729W76,Shahi Nimco Royal Mix (RS-50) 45g,50,50,26,0,True,2026-09-06 08:36:42
141372999,65J8Q7,Shahi Nimco Dal Moth (RS-100) 100g,100,100,18,20,True,2026-09-06 08:36:42
141369916,8M25AW,Super Crisp Nimko Mix Spicy Rs. 120,120,120,2,100,True,2026-09-05 18:06:10
141373000,4Z7JHD,Shahi Nimco Munchy Mix (RS-100) 100g,100,100,28,20,True,2026-09-06 08:36:42
141372855,63F08U,Food Valley Karara Lemo Chana Rs. 20,20,20,29,0,True,2026-09-06 08:36:42
141370126,D1H8OP,Dashi Chinese Soup Crackers White 250g,147,210,27,4,True,2026-09-06 08:36:42
141369925,S6J137,Super Crisp Nimko Mix Spicy Rs. 50,50,50,37,100,True,2026-09-06 08:36:42
143282195,r1vf-80202,United King Soan Papdi Smart Pack 125g,275,275,34,8,True,2026-09-06 08:36:42
141374315,DO5493,Shahi Nimco Chilli Chips (RS-50) 40g,50,50,24,20,True,2026-09-06 08:36:42
141369936,05NM89,Super Crisp Dal Moong Salted Rs. 40,40,40,34,100,True,2026-09-06 08:36:42
141372317,4WSY30,Food Valley Potato Sticks Red Chilli Buddy Packet Rs. 50,50,50,18,100,True,2026-09-06 08:36:42
141371235,V19RKR,Super Crisp Daal Moong Rs. 60,60,60,15,100,True,2026-09-06 08:36:42
141374337,6LK8TO,Dashi Papad Pipes 250g,199.5,210,36,0,True,2026-09-06 08:36:42
141372294,VGZL70,United King Phulki 300g,585,585,6,0,True,2026-06-25 12:30:15
141374344,r1vf-920,Dashi Crackers Papad Color 250g,199.5,210,25,4,True,2026-09-06 08:36:42
143282210,r1vf-80217,Chipsino Black Pepper Potato Slims Pocket Pack 1 Unit,40,40,39,8,True,2026-09-06 08:36:42
141368494,AK718M,Food Valley Wah Peanuts Salty Rs. 50,50,50,9,100,True,2026-09-06 08:36:42
141370782,5B2504,United King Namkino Nimco Mix 80 g,116,145,13,100,True,2026-09-06 08:36:42
143282209,r1vf-80216,Chipsino Paprika Potato Slims Pocket Pack 1 Unit,40,40,35,0,True,2026-09-06 08:36:42
141370778,P0558R,United King Namkino Spicy Peanut 100 g,228,285,8,100,True,2026-09-06 08:36:42
141372854,8R83WB,Wah Daal Moth Rs. 30,25.8,30,20,100,True,2026-08-31 10:47:48
141372856,ZWW8R3,Wah Nimco Mix Rs. 30,30,30,17,100,True,2026-09-06 08:36:42
143240488,r1vf-10514,Bhel Puri 100g,108,120,1,8,True,2026-05-09 14:22:49
141368492,2R0C6S,Food Valley Daal Moth Buddy Packet Rs. 50,43,50,1,0,True,2026-08-23 13:39:51
141372318,I11613,Food Valley Potato Sticks BBQ Rs. 50,50,50,6,100,True,2026-09-06 08:36:42
141369853,3G08I6,Food Valley Potato Sticks Red Chilli Rs. 250,250,250,3,100,True,2026-09-06 08:36:42
141370777,26O61J,United King Peannut Salty 100Gm,228,285,19,0,True,2026-09-06 08:36:42
141370781,X7P2VT,United King Namkino Khat Mitha Mix 80 g,120,150,17,100,True,2026-09-06 08:36:42
141368491,6AK28U,Food Valley Mix Nimco Buddy Packet Rs. 50,50,50,6,100,True,2026-09-06 08:36:42
143282196,r1vf-80203,Chipsino Crinkle Salty Potato Chips Budget Pack,90,90,1,0,True,2026-08-30 14:48:52
143282211,r1vf-80218,Chipsino Crinkle Spicy Potato Chips Budget Pack,90,90,9,8,True,2026-09-06 08:36:42
141368413,7Q6RR4,Food Valley Mix Nimco Rs. 250,250,250,30,100,True,2026-09-06 08:36:42
143240489,r1vf-10515,Bhel Puri 200g,217.8,242,24,8,True,2026-05-25 17:53:27
141370768,XC025Z,United King Chatkhara Papdi 250 g,327,545,10,0,True,2026-07-07 18:11:12
141376157,r1vf-3974,Go Royale Mix Nimko Special (Rs 50) 32g,50,50,25,8,True,2026-09-06 08:36:42
143282208,r1vf-80215,Chipsino Mayo Garlic Potato Slims Pocket Pack 1 Unit,40,40,48,0,True,2026-09-06 08:36:42
141368493,L9MMR5,Food Valley Daal Moong Buddy Packet Rs. 50,43,50,1,100,True,2026-08-28 00:53:17
141372908,X16F5S,Daffy Peanuts Roasted Tandoori 100gm,320,320,5,100,True,2026-04-26 10:55:48
141376155,r1vf-3972,Go Royale Daal Moong Salted (Rs 50) 28g,50,50,1,8,True,2026-08-19 07:48:01
141373380,5GDB76,Kababjees Peanut Spicy Rs. 320,320,320,25,100,True,2026-09-06 08:36:42
141371905,CL5DC5,Food Valley Wah Potato Sticks Mayo Garlic Rs. 250,215,250,12,0,True,2026-08-31 10:47:48
141368495,S0V1GP,Food Valley Daal Moth Rs. 250,250,250,28,100,True,2026-09-06 08:36:42
141373398,23A1KL,Kababjees Peanut Salted Rs. 330,330,330,20,100,True,2026-09-06 08:36:42
141370767,38QPXZ,United King Namkino Dal Moongh 75 g,130,130,23,100,True,2026-08-31 10:47:48
141370783,6I4624,United King Namkino Khatta Mitha Mix - 200g,285,285,14,100,True,2026-09-06 08:36:42
141370772,Q80GN8,United King Namkino Badshahi Mix 80 g,176,220,22,100,True,2026-09-06 08:36:42
141370761,8HYO52,United King Namkino Nimco Mix 200 g,285,285,22,100,True,2026-09-06 08:36:42
141370765,182C35,United King Namkino Chewra Classic 65 g,150,150,20,100,True,2026-09-06 08:36:42
141370773,Q6DC3J,United King Namkino La Jawab Mix 180 g,296,370,18,100,True,2026-09-06 08:36:42
141370776,G9R2S5,United King Namkino Dal Moth Classic 140 g,276,345,20,100,True,2026-09-06 08:36:42
141369852,FA96Q0,Food Valley Potato Sticks Black Pepper 150g,250,250,15,100,True,2026-09-06 08:36:42
141370766,204501,United King Namkino Chewra Classic - 200g,365,365,22,100,True,2026-09-06 08:36:42
141370759,25U1HL,United King Namkino Dal Moth Classic 90 g,245,245,24,100,True,2026-09-06 08:36:42
141373401,M0LEY9,Kababjees Nimco Mix Rs. 220,220,220,1,100,True,2026-09-05 18:06:10
141370775,X1MAY5,United King Namkino Dal Moongh 200 g,260,325,18,100,True,2026-09-06 08:36:42
141370762,N915UW,United King Namkino Crunchy Nut Mix - 200g,465,465,23,100,True,2026-09-06 08:36:42
141370770,Y5RVLL,United King Namkino Nimco Mix - 400g,456,570,8,100,True,2026-09-06 08:36:42
141368496,SZ8T3U,Food Valley Daal Moong Rs. 250,250,250,15,100,True,2026-09-06 08:36:42
141370755,RLUPC5,United King Namkino Badshahi Mix - 200g,475,475,20,100,True,2026-09-06 08:36:42
141370754,823J7Z,United King Namkino Khata Mitha Mix 400 g,630,630,4,100,True,2026-08-31 10:47:48
141370771,3W6M26,United King Namkino All In One 400 g,704,880,10,100,True,2026-09-06 08:36:42
143088640,06XSZ6,Premium Irani Dates 550/600g,378,420,1,4,True,2026-06-19 13:42:40
141372293,5JFYT6,Rehmat-e-Shereen Boondi 100g,135,135,21,104,True,2026-09-06 08:36:42
141374530,sta-607,Till White 100g,100.7,106,2,8,True,2026-09-05 08:18:45
141374952,h1ei-811,Premium Dry Fruits Mix Fruit Kernel 100g,520.2,612,1,6,True,2026-08-02 17:10:21
141374533,sta-610,Sagu Dana (Sago Pearls)  250g,131.1,138,5,8,True,2026-09-06 08:36:42
141376438,7W2M5Z,Iqra Raisins (Sunderkhani Kishmish) 100g,321.1,338,3,10,True,2026-09-06 08:36:42
141374823,r1vf-1581,Premium Dry Fruits Chickee Peanut 100g,150.45,177,2,8,True,2026-04-08 17:15:39
141522443,r1vf-3728,Cashew Roasted 50g,297.9,331,1,8,True,2026-07-25 11:19:35
143072430,r1vf-2860,Al Kareem Ajwa Premium Dates 200g,789.75,1053,5,8,True,2026-09-06 08:36:42
141374545,sta-634,Tukhmalanga 50g,58.9,62,1,0,True,2026-09-06 08:36:42
143088635,99854R,Kalmi Dates 200g,677.7,753,2,0,True,2026-04-22 06:06:32
141374958,h1ei-823,Premium Dry Fruits Walnut Halves 100g,471.96,513,1,0,True,2026-08-09 07:58:48
141374831,r1vf-1591,Premium Dry Fruits Pistachio Kernels 100g,495,990,1,0,True,2026-08-22 13:41:33
141522442,r1vf-3727,Cashew Kernel 50g,297.9,331,1,8,True,2026-07-12 09:10:41
143240508,r1vf-10548,Khopra Chickee 100g,189.55,223,9,8,True,2026-05-18 13:59:24
141522429,r1vf-3696,Chia Seed 100g,243.2,256,5,8,True,2026-09-06 08:36:42
141374949,h1ei-807,Premium Dry Fruits Cashew Roasted 100g,570.35,671,1,6,True,2026-07-18 14:27:01
143072091,r1vf-9329,Al Kareem Mix Dry Fruit 250g,980.4,1032,9,10,True,2026-09-06 08:36:42
141374948,h1ei-805,Premium Dry Fruits Cashew Kernel 100g,571.2,672,1,0,True,2026-07-23 11:58:43
143240523,r1vf-10578,Slanty Spicy 70g,72,80,1,8,True,2026-05-02 11:00:17
141376471,40C68M,Iqra Roasted Chickpeas (Chana Bhuna) 200g,241.3,254,7,0,True,2026-09-06 08:36:42
143240494,r1vf-10534,Peanut Chana Till Mix Chickee 100g,163.2,192,2,8,True,2026-04-20 17:14:15
141374826,r1vf-1586,Laddoo Till 10 Pieces,150.45,177,1,8,True,2026-05-06 11:56:50
141522430,r1vf-3697,Chia Seed 250g,580.45,611,6,8,True,2026-09-06 08:36:42
141374953,h1ei-813,Peanut Salted 100g,176.7,186,1,6,True,2026-08-27 15:09:10
141374955,h1ei-817,Premium Dry Fruits Pista Roasted 100g,368.5,670,2,6,True,2026-07-25 11:19:35
141374568,sta-660,Lotus Seeds (Makhana)  100g,710.6,748,4,0,True,2026-09-06 08:36:42
141371700,40V3U9,Bakea Chia Seed Whole 230 g,671,1100,9,0,True,2026-09-06 08:36:42
141374951,h1ei-810,Premium Dry Fruits Chana Roasted 200g,192.1,226,2,6,True,2026-05-18 08:14:47
142365516,4Q06YB,Iqra Mixed Fruit Kernels (Makhloot Mewa) 200g,1033.6,1088,3,0,True,2026-09-06 08:36:42
141522865,r1vf-3722,Sonf Mix 100g,267.9,282,3,0,True,2026-09-06 08:36:42
143240527,r1vf-10583,The Haddi Peanut Gur Chickee 100g,163.2,192,1,8,True,2026-04-02 08:13:04
141525950,r1vf-3708,Mix Seeds 125g,318.6,354,1,8,True,2026-04-15 11:09:47
141522438,r1vf-3718,Pistachio in Shell Plain 50g,194.5,389,1,0,True,2026-08-13 05:47:51
143240505,r1vf-10545,Daal Mong 50g,47.7,53,1,8,True,2026-04-13 09:07:07
143240506,r1vf-10546,Daal Moth 50g,47.7,53,6,8,True,2026-04-14 14:56:53
141374819,r1vf-1576,Premium Dry Fruits Apricot Crystal 100g,283,566,1,6,True,2026-08-16 16:36:33
143240514,r1vf-10556,Peanut Gur Chickee 100g,163.2,192,1,8,True,2026-04-13 11:23:54
141522439,r1vf-3719,Pista Roasted in Shell 50g,370.5,390,1,0,True,2026-08-27 15:09:10
141376467,V363ZW,Iqra Roasted Pistachio (Pista Bhuna) 100g,843.6,888,10,10,True,2026-09-06 08:36:42
141522422,r1vf-3686,Almond Salted (USA) 50g,389.5,410,1,8,True,2026-08-29 10:59:50
141372296,G4143O,United King Boondi 350g,340,680,10,0,True,2026-07-07 18:11:12
141374818,r1vf-1575,Alo Bukhara 100g,236.7,263,1,6,True,2026-07-31 17:48:47
141374820,r1vf-1577,Premium Dry Fruits Chana Bhuna Clean 100g,153,180,1,6,True,2026-05-19 07:58:55
141374829,r1vf-1589,Premium Dry Fruits Pistachio in Shell Roasted 100g,632.04,687,1,0,True,2026-08-26 16:55:48
141689255,r1vf-6007,Dried Blueberries 250g,1180.8,1968,1,0,True,2026-09-06 08:36:42
141689249,r1vf-6001,Dried Mango 250g,853.8,1423,2,10,True,2026-09-06 08:36:42
141374821,r1vf-1578,Premium Dry Fruits Chana Bhuna Clean 250g,370.8,412,1,6,True,2026-05-19 16:34:32
141522441,r1vf-3721,Pumpkin Seed Long 200g,669.75,705,1,8,True,2026-08-04 17:57:06
142365523,B6AER0,Iqra Sweet Fennel (Mithi Saunf) 200g,233.7,246,4,0,True,2026-09-06 08:36:42
141374559,sta-650,Mustard Seeds (Rai Dana)  50g,51.3,54,2,0,True,2026-09-06 08:36:42
141374830,r1vf-1590,Premium Dry Fruits Pistachio in Shell Salted 100g,318.5,637,1,0,True,2026-09-03 19:15:49
141376466,SWKVT2,Iqra Cashew Kernels (Kaju Giri) 100g,720.1,758,3,10,True,2026-09-06 08:36:42
141376622,83E22B,Iqra Ajwa Dates 250g,1793.6,1888,3,0,True,2026-09-06 08:36:42
141374954,h1ei-815,Premium Dry Fruits Peanut Spicy 100g,180.2,212,1,6,True,2026-04-18 10:51:53
141525951,r1vf-3709,Mix Seeds 250g,381.5,763,1,8,True,2026-08-13 14:28:00
141374825,r1vf-1585,Khopra Powder 100g,137.5,275,4,0,True,2026-09-06 08:36:42
141376623,A37R49,Iqra Pine Nuts (Chilgoza) 100g,2031.1,2138,2,10,True,2026-09-06 08:36:42
143240532,r1vf-10588,Yellow Gathiya 200g,178.2,198,28,8,True,2026-06-22 09:55:58
141522428,r1vf-3695,Bhuna Chana & Nakal Mix 250g,369,410,1,8,True,2026-07-27 17:52:43
143240528,r1vf-10584,The Haddi Sesame (Till) Chickee 100g,136,160,1,8,True,2026-04-15 17:15:49
141689256,r1vf-6008,Dried Cranberry 250g,958.8,1598,4,10,True,2026-09-06 08:36:42
142365520,7ZJ96G,Iqra Roasted Cashew (Kaju Bhuna) 200g,1622.6,1708,2,0,True,2026-09-06 08:36:42
143072093,r1vf-9331,Al Kareem Ajwa Dates 450g,1658.25,2211,4,10,True,2026-09-06 08:36:42
143240487,r1vf-10505,Almond Chickee 100g,475.2,528,41,8,True,2026-05-18 13:59:24
141374813,r1vf-1569,Ispaghol 100g,764.75,805,2,6,True,2026-08-06 15:21:03
143072097,RPRALD,Al Kareem Mabrom 450g,1855.5,2474,2,0,True,2026-09-06 08:36:42
141522427,r1vf-3694,Bhuna Chana & Nakal Mix 100g,130.5,145,4,8,True,2026-07-20 18:12:58
141689250,r1vf-6002,Dried Pineapple 250g,1071.6,1128,2,0,True,2026-09-06 08:36:42
141652915,r1vf-1580,Premium Dry Fruits Chickee Dry Fruit 100g,498.95,587,38,8,True,2026-05-18 13:59:24
141522426,r1vf-3693,Bhuna Chana & Nakal Mix 200g,235.6,248,1,8,True,2026-08-10 14:28:32
141374827,r1vf-1587,Misri 100g,127.8,142,2,6,True,2026-07-15 17:26:14
141374835,r1vf-1595,Seeds Salted Round 100g,90,180,1,0,True,2026-08-16 13:39:50
143240491,r1vf-10531,Chana Dal Masala 100g,98.1,109,26,8,True,2026-05-25 17:53:27
143072085,r1vf-9323,Al Kareem Amber Dates 450g,1658.25,2211,1,10,True,2026-09-02 08:41:16
141374832,r1vf-1592,Haadi Pumpkin Seeds 200g,990,1100,1,6,True,2026-06-11 14:09:28
143240493,r1vf-10533,Chana Dal Masala 50g,47.7,53,17,8,True,2026-05-25 17:53:27
141376472,4VE1N7,Iqra Chickpea Kernels (Chana Giri) 200g,305.9,322,7,10,True,2026-09-06 08:36:42
143240511,r1vf-10553,Namkin Chewara 200g,198,220,33,8,True,2026-07-20 06:57:17
141689252,r1vf-6004,Dried Cherry 250g,622.8,1038,3,0,True,2026-09-06 08:36:42
142365513,4M65L8,Iqra Roasted Pistachio (Pista Bhuna) 200g,1708.1,1798,3,0,True,2026-09-06 08:36:42
142365499,Z1302D,Iqra Almonds (Badam) USA 500g,2876.6,3028,4,10,True,2026-09-06 08:36:42
141371335,PXOGAB,Earth's Chia Seeds 275g,1723.29,1853,1,10,True,2026-05-07 09:41:42
141374836,r1vf-1596,Haadi Sunflower Seeds Premium 225g,1206.9,1341,1,6,True,2026-05-10 17:05:17
142365503,T8KWQ3,Iqra Pan Masala 200g,359.1,378,4,10,True,2026-09-06 08:36:42
142365506,PEDO0Y,Iqra Roasted Chickpeas (Chana Makhana) 200g,336.3,354,3,10,True,2026-09-06 08:36:42
141374817,r1vf-1573,Haadi Chia Seed 250g,1811.7,2013,3,6,True,2026-06-25 07:56:14
142365510,0C5S0X,Iqra Sweet Plum (Meetha Aloocha) 200g,986.1,1038,1,10,True,2026-09-06 08:36:42
141374816,r1vf-1572,Haadi Quinoa Seeds 250g,804.6,894,3,6,True,2026-06-25 07:56:14
141522437,r1vf-3714,Nukal Dana Big 250g,207,230,1,8,True,2026-08-02 09:17:21
141374834,r1vf-1594,Seeds Salted 100g,172,344,1,6,True,2026-09-04 14:10:33
141374828,r1vf-1588,Nukal Dana 100g,110.2,116,2,0,True,2026-08-06 06:39:23
143072089,r1vf-9327,Al Kareem Pistachio 250g,1065.75,1421,2,10,True,2026-09-06 08:36:42
141689253,r1vf-6005,Dried Tomato Cherry 250g,844.8,1408,2,0,True,2026-09-06 08:36:42
141374812,r1vf-1568,Haadi Moringa Leaf Powder 125g,828.9,921,1,6,True,2026-07-12 17:11:40
143240490,r1vf-10530,Chana Bhuna Chickee 100g,172.8,192,10,8,True,2026-05-18 13:59:24
141689257,r1vf-6009,Dried Peach 250g,796.8,1328,1,10,True,2026-09-06 08:36:42
141376153,r1vf-3970,Go Royale Salted Peanuts (Rs 50) 24g,50,50,1,8,True,2026-07-19 06:38:56
141374815,r1vf-1571,Haadi Almond Flour 200g,1603.8,1782,1,6,True,2026-07-10 07:48:06
143072086,r1vf-9324,Al Kareem Sagai Dates 450g,1460.25,1947,4,0,True,2026-09-06 08:36:42
141373643,TOH1ZA,Bisconni Cocomo Triple Choc Small Pouch,50,50,128,100,True,2026-09-06 08:36:42
141374807,h1ei-543,Cadbury Mini Fingers Bar Pack Box (Rs 240) 12 Pieces,216,240,11,5,True,2026-09-06 08:36:42
141374393,r1vf-969,Kolson Lotte Choco Pie Rs. 30,30,30,87,0,True,2026-09-06 08:36:42
141369316,609MKQ,Candi Original Cookies Family Packet,81,90,79,5,True,2026-08-22 16:34:40
141369317,870N24,Tuc Biscuit Family Packet,90,100,87,5,True,2026-09-06 08:36:42
143346621,r1vf-80115,Piper's Gold EBM Chocolate Cup Cookie l 45g,600,600,4,0,True,2026-09-06 08:36:42
141370289,OU4J8C,Peek Freans Cake Up Triple Chocolate Box (Special Edition),324,360,35,5,True,2026-09-06 08:36:42
141369216,9A675K,Gala Biscuit Family Packet,81,90,93,0,True,2026-09-06 08:36:42
141374790,r1vf-1556,Bisconni Chocolatto Original Ticky Pack,300,300,4,8,True,2026-09-05 18:06:10
143346615,r1vf-80109,Piper's Gold EBM Molten Chocolate Chip Cookie Family Pack 144g,300,300,36,8,True,2026-03-31 17:08:04
141375077,r1vf-1835,Innovative Golden Lotus Biscuits Family Pack (Rs 200) 96g,200,200,11,8,True,2026-09-06 08:36:42
141371239,2AB6FM,Bisconni Cocomo�Milk Small Pouch,50,50,3,100,True,2026-09-06 08:36:42
141369315,NS16HG,Lu Wheatable Biscuits Sugar Free (Family Pack),90,100,47,0,True,2026-09-06 08:36:42
141375076,r1vf-1831,Innovative Frisky Rolls Hazelnut Family Pack Box,200,200,2,8,True,2026-09-06 08:36:42
141373427,945P0Y,BISCA CHOCOLATE ENROBBED BISCUIT�,20,20,220,100,True,2026-09-05 18:06:10
141373715,NN38Q9,Peek Freans Gluco Cake Up Teddy Chocolate,288,320,9,5,True,2026-07-05 17:21:43
141370273,A55F4W,Peek Freans Sooper Family Pack.,69.6,80,3,0,True,2026-07-30 15:19:35
141369237,X6H6Y4,Prince Choco Jammies Bar 12 Packets,342,360,24,5,True,2026-08-29 17:06:12
141374781,r1vf-1547,Bisconni Cocomo Triple Chocolate Snack Pack,320,320,7,8,True,2026-09-06 08:36:42
141373712,11TN4S,Peek Freans Chocolicious Double Chocolate Chip Cookies Munch Pack,220.8,240,17,5,True,2026-08-21 16:44:19
141370281,DIAM74,Peek Freans Peanut Pik Family Pack,82.8,90,1,100,True,2026-08-18 13:52:03
143346620,r1vf-80114,Piper's Gold EBM Molten Chocolate Chip Cookie 48g,600,600,6,0,True,2026-09-06 08:36:42
141370304,YANBF8,Gluco Biscuit Family Pack,73.6,80,1,100,True,2026-08-04 15:30:34
141375079,r1vf-1837,Innovative Haven Chocolate Cookies Family Pack (Rs 200) 132g,200,200,8,8,True,2026-09-06 08:36:42
141370266,JHMGO1,Peek Freans Butter Puff Family Pack,72.8,80,7,0,True,2026-07-25 17:10:09
141373794,2XP8CG,LU Gala Egg 10 Packets,270,300,19,0,True,2026-09-06 08:36:42
141375105,r1vf-1865,Innovative Haven Coffee Cookies Family Pack (Rs 200) 132g,200,200,15,8,True,2026-09-06 08:36:42
141990838,r1vf-3558,Cocomo Triple Chocolate (Rs. 10) 30 x 16 Pieces,300,300,1,8,True,2026-09-06 08:36:42
141374773,r1vf-1534,Choco Lava Munch Pack 8 Pieces,291.2,320,15,18,True,2026-07-26 17:12:41
141373785,XJA5S6,LU Candi Biscuits Original 15 Packets,270,300,8,5,True,2026-09-06 08:36:42
141374159,r1vf-677,Bisconni Day Dream Ticky Pack 10 Packet,300,300,9,0,True,2026-09-05 18:06:10
143346614,r1vf-80108,Piper's Gold EBM Coconut Crunch Cookie 81.9g,300,300,9,200,True,2026-09-06 08:36:42
141373793,9B46JR,LU Wheatable Sugar Free Ticky 15 Packets,270,300,18,0,True,2026-09-06 08:36:42
141373786,S22MK1,LU Zeera Plus (8 Snack Packets),281.6,320,4,5,True,2026-06-25 07:56:14
141373699,7IYCB9,Peek Freans Rio Strawberry Vanilla Family Pack,72,80,7,0,True,2026-09-05 18:06:10
141374698,r1vf-1458,Bakeri Nankhatai Bar Packs 12 Pieces,216,240,18,5,True,2026-09-06 08:36:42
141370849,HEC1DO,Innovative Frisky Strawberry Cream Wafers Family Pack (Rs 150) 75g,150,150,1,50,True,2026-09-02 14:17:27
143346613,r1vf-80107,Piper's Gold EBM Classic Shortbread Cookie 84.8g,300,300,43,0,True,2026-09-06 08:36:42
141369313,2ZHAV8,LU Bakeri Biscuits Butter (6 Snack Packets),270,300,10,5,True,2026-09-06 08:36:42
141373700,13UYC2,Peek Freans Sooper Classic Chocolate Family Pack,72.8,80,12,100,True,2026-07-26 17:12:41
141374697,r1vf-1457,Oreo Original Vanilla Flavored 8 Pieces,304,320,1,5,True,2026-09-02 19:22:47
141370283,8L5YYJ,Peek Freans Original Lemon Sandwich Biscuits Snack Pack,288,320,14,0,True,2026-09-06 08:36:42
141374699,r1vf-1459,Zeera Plus 12 Bar Packets,216,240,14,0,True,2026-09-06 08:36:42
141373717,05X2GQ,Peek Freans Sooper Classic Chocolate Half Roll,288,320,3,5,True,2026-06-30 18:07:28
141374696,r1vf-1456,Oreo Original Vanilla Flavored 16 Pieces,288,320,13,0,True,2026-08-10 17:03:05
141370424,0TL4CB,Bisconni Chocolate Chip Cookies Ticky Pack,240,240,19,100,True,2026-09-06 08:36:42
141370272,6W44E3,Peek Freans Whole Wheat Family Pack,80.75,85,51,100,True,2026-08-29 17:06:12
141369221,9P5947,Wheatable Biscuit Family Packet,90,100,27,0,True,2026-09-06 08:36:42
141374776,r1vf-1540,Bisconni Chocolatto Half Roll,360,360,4,8,True,2026-09-06 08:36:42
141370265,G9U29Q,Peek Freans Marie Snack Pack,288,320,4,5,True,2026-09-06 08:36:42
141373120,G2172F,Bisconni Cocomo�Milk Family Pouch,100,100,12,100,True,2026-09-06 08:36:42
141370268,I8A28J,Peek Freans Sooper Biscuits Snack Packs 16 Pieces,304,320,1,5,True,2026-09-02 08:41:16
141374157,r1vf-675,Bisconni Divine Original Ticky Pack,320,320,11,0,True,2026-09-06 08:36:42
143346622,r1vf-80116,Piper's Gold Caramel Delight Cookie 51g,600,600,23,0,True,2026-09-06 08:36:42
141371599,PVE0W5,Peek Freans Saltish Biscuits Snack Packs Pouches 12 Pieces,216,240,18,5,True,2026-09-06 08:36:42
141370298,UZY711,Peek Freans Peanut Pik Snack Pack,288,320,9,5,True,2026-09-06 08:36:42
141990844,r1vf-3775,Digestive Sugar Free Biscuits (Rs. 250) 24 Pieces,250,250,5,8,True,2026-09-06 08:36:42
141374154,r1vf-672,Bisconni Day Dream Coffee Family Pack,250,250,16,0,True,2026-09-06 08:36:42
141374786,r1vf-1552,Bisconni Novita Chocolate Wafers Snack Pack,320,320,6,8,True,2026-09-06 08:36:42
141772868,54CP90,Peek Freans Chocolicious Double Chocolate Chip Snack Pack,208.8,240,3,5,True,2026-07-12 17:11:40
141370275,0I6ZSC,Peanut Pista Biscuit Family Pack,92,100,24,100,True,2026-08-21 16:44:19
141617614,r1vf-27026,Marie Ticky Pack New 130g,216,240,6,5,True,2026-09-06 08:36:42
141369220,C2W8WA,Zeera Plus Biscuit Family Packet,81,90,15,0,True,2026-09-06 08:36:42
141373713,86C55V,Peek Freans Peanut PIK Munch Pack,324,360,1,0,True,2026-09-05 13:24:40
141370278,QU949B,Peek Freans Original Chocolate Sandwich Biscuits Snack Pack,288,320,5,5,True,2026-09-06 08:36:42
141374158,r1vf-676,Bisconni Chip Hop Ticky Pack Box,300,300,11,0,True,2026-09-06 08:36:42
141375911,r1vf-3295,Milcolu Double Milk Sandwich Snack (Box) 6 Packets,211.2,240,4,5,True,2026-04-04 13:58:45
141370263,1AX0HZ,Peek Freans Marie Half Roll 6's.,288,320,13,5,True,2026-06-15 10:35:57
141375265,r1vf-2192,Zeera Plus Value Pack (Rs 50) 70.2g,270,300,6,0,True,2026-09-06 08:36:42
141370302,YN11E4,Peek Freans Whole Wheat Sugar Free Family Pack,85.5,95,35,100,True,2026-09-06 08:36:42
141372676,47ENU4,Bisconni Rite Vanilla Ticky Pack Box,300,300,12,100,True,2026-09-06 08:36:42
141369259,327VC1,LU Wheatable Biscuits High Fibre Digestives Snack Packets,270,300,18,0,True,2026-09-06 08:36:42
141374788,r1vf-1554,Bisconni Flo Chocolate Cake Ticky Pack 30 Pieces,300,300,14,0,True,2026-09-05 18:06:10
141374780,r1vf-1544,Bisconni Divine Premium Chocolate Wafers Family Pack,250,250,2,8,True,2026-08-29 17:06:12
141369252,X7A442,LU Wheatable Biscuits Sugar Free Snack Packets,270,300,16,5,True,2026-09-06 08:36:42
141370264,NGRZ15,Peek Freans Butter Puff  Snack Pack,288,320,14,5,True,2026-09-06 08:36:42
141370280,4G335T,Peek Freans Sooper Half Roll 6's.,288,320,8,5,True,2026-06-28 11:55:05
141370277,V6CU26,Peek Freans Click Family Pack.,72,80,76,100,True,2026-09-05 18:06:10
141377335,r1vf-30026,Peek Freans Sooper Classic Ticky Pack ,324,360,10,0,True,2026-09-06 08:36:42
141370288,3RZP5E,Peek Freans Peanut Pik Half Roll 6's,288,320,8,0,True,2026-06-28 11:55:05
141370299,N0E299,Peek Freans Gluco Half Roll 8 Packets,288,320,3,5,True,2026-07-05 07:36:33
143282202,r1vf-80209,United King Nan Khataee Roasted Almond 100g,320,320,1,0,True,2026-07-18 17:06:24
141370267,7E4WC1,Peek Freans Party Half Roll 6's,288,320,17,5,True,2026-06-21 17:49:19
141370276,4IGA9M,Peek Freans Party Biscuits Snack Pack,288,320,20,0,True,2026-09-05 18:06:10
141374779,r1vf-1543,Bisconni Digestive Sugar Free Half Roll,300,300,2,8,True,2026-07-30 12:00:15
141374160,r1vf-678,Bisconni Digestive Original Half Roll,300,300,11,0,True,2026-09-06 08:36:42
141370284,7OADVX,Peek Freans Lemon Sandwitch Half Roll 6's.,288,320,9,5,True,2026-06-09 16:11:52
141373718,375K39,Peek Freans Sooper Classic Chocolate Munch Pack,324,360,2,0,True,2026-09-06 08:36:42
141370287,44K2G6,Peek Freans Pista Pik Half Roll 6's,288,320,5,0,True,2026-06-22 15:33:48
141374155,r1vf-673,Bisconni Chip Hop Choco Family Pack,250,250,1,0,True,2026-08-05 12:06:01
143282201,r1vf-80208,United King Nan Khataee Plain 60g,240,240,1,0,True,2026-07-20 18:12:58
143508456,r1vf-4186,Oreo Crispy Ticky Pack Box (Rs. 15) 16 Pieces,240,240,1,8,True,2026-06-04 16:27:05
141374156,r1vf-674,Bisconni Chip Hop Vanilla Cookies Family Pack,200,250,16,0,True,2026-09-06 08:36:42
141370269,J0840Z,Peek Freans Choc Sandwich Half Roll 6's,288,320,10,5,True,2026-06-22 15:33:48
141374161,r1vf-679,Bisconni Mi Amor Ticky 8 Packets,320,320,8,0,True,2026-09-06 08:36:42
144814692,8Y294S,Chocolate Chip Cookies Original Now (Rs. 20) 16 Pieces,288,320,2,8,True,2026-09-03 08:51:39
141371237,XVSVG4,Bisconni Cocomo Milk Snack Pack,192,240,4,100,True,2026-04-05 08:00:00
141370291,856PRI,Peek Freans Rio Strawberry Vanilla Snack Pack,256,320,8,100,True,2026-07-25 17:10:09
141374152,r1vf-670,Bisconni Digestive Original Family Pack,200,250,9,0,True,2026-09-05 18:06:10
141373701,H4HT57,Peek Freans Sooper Classic Munch Pack,324,360,3,5,True,2026-09-04 08:48:05
141371821,Q5K502,Peek Freans Smile Donut Cake Chocolate 6 Pieces,261,300,6,5,True,2026-07-11 17:08:01
141373788,0M25M7,LU TUC (8 Snack Packets),281.6,320,3,5,True,2026-06-21 15:17:15
141369556,O53A54,Hilal Cup Kake Double Chocolate (12 Pieces),240,240,24,100,True,2026-09-06 08:36:42
141369541,YPIQ28,Hilal Baketime Marble Cake Slices 6 Pieces,300,300,20,100,True,2026-09-06 08:36:42
141617611,r1vf-27022,Cake Up Chocolate New 125g,216,240,1,5,True,2026-07-05 07:36:33
141373105,4C3490,Hilal Wispy Twin Chocolate (24 Pieces),240,240,18,100,True,2026-09-06 08:36:42
141369557,A6O1XL,Hilal Creamfillz Cake Box,250,250,21,100,True,2026-09-06 08:36:42
141369558,H36LTH,Hilal Cup Kake Chocolate (12 Pieces),240,240,14,3,True,2026-09-06 08:36:42
141419545,r1vf-3666,Sooper Soft Bakes Plain Cake 12 Pieces,324,360,13,0,True,2026-07-02 18:01:47
141369539,MLF3RN,Hilal Baketime Chocolate Cake Slices (6 Pieces),300,300,20,100,True,2026-09-06 08:36:42
141373100,PW3U35,Hilal Wispy Twin Strawberry (24 Pieces),240,240,20,100,True,2026-09-06 08:36:42
141374669,r1vf-1287,Bake Shake Double Chocolate Cupcake 21.5g,20,20,2,8,True,2026-09-03 14:21:36
141370845,5IV1RB,Innovative Frisky Chocolate Rs. 150 (Family Pack),150,150,5,100,True,2026-09-06 08:36:42
141990848,r1vf-3779,Bisconni Cake Rusk Box,320,320,6,8,True,2026-09-06 08:36:42
141377336,r1vf-30025,Sooper Soft Bakes Classic Choco (New) 12 Pieces,324,360,6,0,True,2026-07-02 18:01:47
141371822,WK356N,Peek Freans Smile Donut Cake Strawberry 6 Pieces,261,300,16,5,True,2026-07-11 17:08:01
141990840,r1vf-3560,Fudge Brownie Cake (Rs. 40) 10 x 18 Pieces,400,400,13,8,True,2026-09-06 08:36:42
141370847,HZBC1J,Innovative Frisky Rolls Milk Rs. 200 (Family Pack),200,200,21,100,True,2026-09-06 08:36:42
141370848,F1JEYV,Innovative Frisky Orange Rs. 150 (Family Pack),150,150,3,100,True,2026-09-06 08:36:42
141371574,B91124,Daffy Olaola Roll Strawberry Box Pack (Rs. 120),72,120,2,0,True,2026-08-11 14:27:15
141374667,r1vf-1285,Bake Shake Chocolate Cupcake 21.5g,20,20,4,8,True,2026-08-19 10:38:45
141369554,O6P6ZC,Hilal Cup Kake Strawberry (12 Pieces),240,240,18,100,True,2026-09-06 08:36:42
141373922,r1vf-110,Lu Bakeri Bistiks Bar Pack 15 Pieces,270,300,7,5,True,2026-09-06 08:36:42
141371573,M1Q21H,Daffy Olaola Roll Chocolate Box Pack (Rs. 120),120,120,1,100,True,2026-06-28 17:25:13
141371650,HWV93C,Biscotto Wafer Sticks Chocolate Tin 125g (Imported),434.25,579,13,100,True,2026-09-06 08:36:42
141370173,SPCG1M,Eazu Roll Stix (Strawberry) Smart Packet,132.46,179,19,100,True,2026-09-06 08:36:42
143372075,r1vf-3656,Bisconni Chocolate Coated Cake Hazelnut (Rs.50) 120g,400,400,24,8,True,2026-08-31 10:47:48
141617609,r1vf-27020,Cake Up Strawberry New 64g,220.8,240,1,5,True,2026-08-05 17:48:20
141370425,E37984,Bisconni Novita Chocolate Ticky Pack,300,300,3,100,True,2026-09-06 08:36:42
141373790,H6GW2P,LU Bakeri Nankhatai (Snack 8 Packets),288,320,3,0,True,2026-06-15 10:35:57
141374668,r1vf-1286,Bake Shake Caramel Cupcake 21.5g,20,20,1,8,True,2026-08-11 17:05:49
141617610,r1vf-27021,Cake Up Caramel New 64g,208.8,240,1,5,True,2026-07-31 12:10:46
141370426,SH48K8,Bisconni Novita Orange Ticky Pack,300,300,14,100,True,2026-09-06 08:36:42
144091487,r1vf-10618,Kernelpop Wafer Rolls Hazelnut Box,200,200,21,8,True,2026-09-06 08:36:42
141374670,r1vf-1288,Bake Shake Strawberry Vanilla Cupcake 21.5g,25,25,7,0,True,2026-08-19 10:38:45
141370951,25VTJ6,Hilal Creamfillz Strawberry Box,246,300,7,100,True,2026-05-29 12:54:34
142893869,r1vf-4282,Kake Chocolate Cake 24 Pieces,240,240,11,0,True,2026-09-06 08:36:42
141990846,r1vf-3777,Lotus Cake (Rs. 50) 8 x 18 Pieces,340,400,16,0,True,2026-09-06 08:36:42
141990849,r1vf-40011,Bisconni Cake Rusk (Rs. 40) 10 x 18 Pieces,320,400,16,8,True,2026-09-06 08:36:42
144091488,r1vf-10619,Kernelpop Wafer Rolls Choco Banana Box,200,200,6,8,True,2026-09-06 08:36:42
141374666,r1vf-1284,Bake Shake Strawberry Cupcake 21.5g,20,20,3,8,True,2026-07-27 17:52:43
141373921,r1vf-117,LU Wheatable Cardamom Biscuits Half Roll 15 Pieces,240,300,6,0,True,2026-09-06 08:36:42
141372372,5JH7LC,Daffy Wafer Strawbery,156,240,20,105,True,2026-07-25 17:10:09
143282199,r1vf-80206,United King Tea Rusk 220g,245,245,1,8,True,2026-08-21 04:47:59
141371577,AQ2S1N,Daffy Wafer Milk (Rs. 125),125,125,73,0,True,2026-09-06 08:36:42
141371565,W77O2A,Daffy Chokoonies (Rs. 300),300,300,2,100,True,2026-07-16 11:49:13
143282193,r1vf-80200,United King Tea Rusk Sugar Free 220g,305,305,1,0,True,2026-08-11 10:58:10
141373791,OJA9J4,LU Wheatable High Fiber Ticky 15 Packets,240,300,4,5,True,2026-09-06 08:36:42
141990841,r1vf-3772,Novita Orange Wafers (Rs. 40) 8 x 18 Pieces,320,320,19,0,True,2026-09-06 08:36:42
141369555,60LKJT,Hilal Candy Pan Pasand 70 Pieces Box,175,175,1,0,True,2026-09-06 08:36:42
141374397,r1vf-999,Gluco Teddy Cake Strawberry 8 Pieces,278.4,320,1,5,True,2026-07-08 06:39:06
141371563,DN6NRS,Daffy Nutty Loonies Pouch (Rs. 300),195,300,18,100,True,2026-09-06 08:36:42
141370954,QT8T0C,Hilal Panda Kake Chocolate Box,300,300,16,100,True,2026-09-06 08:36:42
142744612,r1vf-8031,Doughstory Muffin Chocolate Cupcake (12 Pieces) 210g,240,240,3,0,True,2026-09-06 08:36:42
141375272,r1vf-2204,Loacker Gardena Chocolate 38g,248,310,8,0,True,2026-09-06 08:36:42
141372422,AD40YO,Eazu Roll Sticks Chocolate (Imported) 9g ,250,250,1,0,True,2026-08-03 15:50:45
141990845,r1vf-3776,Novita Chocolate Wafers Box,320,320,14,0,True,2026-09-06 08:36:42
141371651,79C81S,Biscotto Wafer Sticks Chocolate Hazulnut Tin 125g,434.25,579,13,100,True,2026-09-06 08:36:42
141375273,r1vf-2205,Loacker Gardena Hazelnut 38g,310,310,1,8,True,2026-09-05 13:24:40
141370953,TK84IF,Hilal Panda Kake Strawberry Box,300,300,17,100,True,2026-09-06 08:36:42
144091486,r1vf-10617,Kernelpop Wafer Rolls Strawberry Box,200,200,21,8,True,2026-09-06 08:36:42
141375270,r1vf-2202,Loacker Quadratini Wafer Double Choc 125ml,636,795,20,0,True,2026-09-06 08:36:42
141368614,7V6LC5,Loacker Classic Cream Kakao Wafers (Imported) 45g,248,310,5,0,True,2026-09-06 08:36:42
141373103,VRN1X0,Hilal Wispy Mini Cones Strawberry Box (30 Pieces),540,600,1,100,True,2026-04-02 17:04:25
143282194,r1vf-80201,United King Milk Rusk (3 Smart Packs) 335g,248,310,1,8,True,2026-09-06 08:36:42
141376276,034406,Daffy Wafer Chocolate,240,240,18,106,True,2026-09-06 08:36:42
141990839,r1vf-3559,Bisconni Coffee Cake (Rs. 50),400,400,33,8,True,2026-09-06 08:36:42
141368615,459G03,Loacker Classic Napolitaner Wafers (Imported) 45g,310,310,11,0,True,2026-07-25 11:19:35
141990847,r1vf-3778,Bisconni Chocolate Coated Cake (Rs. 50) 8 x 18 Pieces,320,400,18,8,True,2026-09-06 08:36:42
141371652,1964TE,Biscotto Wafer Sticks Cappuccino Tin 125g,434.25,579,10,100,True,2026-09-06 08:36:42
141375282,r1vf-2206,Loacker Gardena Coconut 38g,248,310,21,0,True,2026-09-06 08:36:42
141368487,G94O25,Loacker Quadratini Wafer 125Gm Napolitaner,815,815,21,100,True,2026-09-06 08:36:42
141368616,12L35T,Loacker Classic Vanilla Wafers (Imported) 45g,310,310,17,100,True,2026-07-25 11:19:35
141368617,XEDFCZ,Loacker Quadratini Wafer 125Gm Chocolate,652,815,17,100,True,2026-09-06 08:36:42
141990853,r1vf-40015,Bisconni Chocolate Chip Classic Cake box,320,400,12,8,True,2026-09-02 08:41:16
141371562,970G9F,Daffy Nutty Loonies Box Pack,390,600,8,0,True,2026-06-25 07:56:14
141370830,45FI69,Biscotto Wafer Sticks Chocolate Tin (Imported) 370g ,824.25,1099,6,100,True,2026-09-06 08:36:42
141371649,USS441,Biscotto Wafer Sticks Vanilla Tin 125g,434.25,579,8,100,True,2026-09-06 08:36:42
141371576,4N6E42,Daffy Wafer Strawberry (Rs. 125),125,125,69,0,True,2026-09-06 08:36:42
141370820,48JJ8K,Biscotto Wafer Sticks Chocolate Hazelnut Tin 370g (Imported),824.25,1099,8,100,True,2026-09-06 08:36:42
141375275,r1vf-2208,Loacker Classic Wafer Napolitaner 175g,825,825,15,0,True,2026-07-25 11:19:35
143282197,r1vf-80204,United King Cake Rusk 150g,276,345,3,8,True,2026-09-06 08:36:42
141372039,45714Q,Brit Treat Wafer Orange 75g,375,375,1,100,True,2026-05-31 11:49:15
144380822,r1vf-10687,Cake Up Double Chocolate CupCake 12 Pieces,342,360,1,8,True,2026-08-30 14:48:52
141373696,G7KRJO,Candyland Marshmallow Rainbow Puffs Rs. 50,50,50,58,100,True,2026-09-06 08:36:42
141376647,r1vf-3073,Candyland Butter Scotch Creamy Butter Candy Pouch,125,125,35,8,True,2026-09-06 08:36:42
141374172,r1vf-296,Cadbury Softmint 60 Pieces,150,150,54,0,True,2026-09-06 08:36:42
141374005,r1vf-339,CandyLand Yums Sweet Party Pack Rs 50 ,50,50,47,0,True,2026-09-06 08:36:42
141375858,r1vf-3015,Candyland Buttons Premium Milk Chocolate Rs. 50,50,50,18,8,True,2026-09-06 08:36:42
141371595,209DOX,Daffy Jammy Black Currant Pouch (Rs. 50),50,50,58,100,True,2026-09-06 08:36:42
141372925,UM8V4Q,Hilal Candy Aamrus (35 Pieces),88,88,31,100,True,2026-09-06 08:36:42
141371557,NKX9WZ,Candyland Junior Puffs Party Marshmallow Box,180,180,8,100,True,2026-09-06 08:36:42
141372923,25G0DN,Hilal Candy Super Sour (35 Pieces),88,88,12,100,True,2026-09-06 08:36:42
141860453,r1vf-4886,Candyland Funny Bunny Pouch,250,250,13,8,True,2026-09-06 08:36:42
141372921,AEFP9U,Hilal Candy Hajmola Imli (35 Pieces),88,88,6,100,True,2026-09-06 08:36:42
141373894,r1vf-57,Hilal Chocolaty Beans 24 Packets,240,240,2,0,True,2026-09-06 08:36:42
141373895,r1vf-54,Hilal Jiggles Fruit Jelly 24 Pieces,240,240,11,0,True,2026-09-06 08:36:42
141373897,r1vf-56,Hilal Jiggles Dolphin Jelly XL 24 Pieces,240,240,7,0,True,2026-09-06 08:36:42
141375001,r1vf-1726,Candyland Butter Scotch Creamy Creamy Butter Candy Jar,250,250,8,8,True,2026-09-06 08:36:42
141371598,37OWP1,Daffy Jammy Strawberry Pouch (Rs. 50),50,50,18,0,True,2026-09-06 08:36:42
141371554,ELB5O6,Candyland Junior Puffs Rainbow Marshmallow Box,180,180,18,100,True,2026-09-06 08:36:42
141860450,r1vf-4883,Candyland Fanty Gold Pouch,125,125,8,8,True,2026-09-06 08:36:42
141373896,r1vf-53,Hilal Jiggles Peach Jelly 24 Pieces,240,240,22,0,True,2026-09-06 08:36:42
141374461,r1vf-1191,Jazaa Blueberry Flavored Jelly 80g,91.5,150,12,8,True,2026-09-06 08:36:42
141373898,r1vf-50,Hilal Jiggles Berry Jelly 24 Pieces,240,240,9,0,True,2026-09-06 08:36:42
141373899,r1vf-52,Hilal Jiggles Egg Jelly 24 Pieces,240,240,9,0,True,2026-09-06 08:36:42
141375856,r1vf-3072,Candyland Flip XL Black Currant Candy Mein Gum Pouch,125,125,1,8,True,2026-05-24 14:31:10
141375854,r1vf-3071,Candyland Cola Gold Pouch,125,125,36,8,True,2026-09-06 08:36:42
141373893,r1vf-51,Hilal Jiggles Pizza Jelly 24 Pieces,240,240,23,0,True,2026-09-06 08:36:42
141373900,r1vf-55,Hilal Jiggles Teeth Jelly 24 Pieces,240,240,24,0,True,2026-09-06 08:36:42
141371590,N7CJAR,Daffy Daffy Pop Pouch Pack 50 pcs,325,500,2,100,True,2026-07-25 17:10:09
141860447,r1vf-4880,Candyland Eclairs Double Chocolate Box,250,250,1,8,True,2026-09-06 08:36:42
141373997,r1vf-330,CandyLand Twister Marshmallow Box,240,240,14,0,True,2026-09-06 08:36:42
141375643,r1vf-3610,Hylite U & Me Big Bens 30g,76,76,34,8,True,2026-09-06 08:36:42
141372924,8G3R35,Hilal Pan Pasand Candy Pouch Rs2.5,90,90,4,100,True,2026-09-06 08:36:42
141373691,4TWCCY,Candyland Yums Sour 12 Pieces Box,240,240,1,100,True,2026-06-21 12:17:32
141372922,9SXC6L,Hilal Candy Khopra (35 Pieces),88,88,36,100,True,2026-09-06 08:36:42
141371597,YADDY8,Daffy Jammy Orange Pouch (Rs. 50),50,50,102,0,True,2026-09-06 08:36:42
142893871,r1vf-4284,Choran Chatni Candy Gold Box 50 Pieces,320,320,6,8,True,2026-09-06 08:36:42
141372421,M4172Q,Eazu Pogy Pogy Lollipop Jar (Imported),374.44,506,2,100,True,2026-05-03 06:33:59
142893875,r1vf-4288,Choco4 Mega Pouch 12 Pieces,240,240,20,8,True,2026-09-06 08:36:42
141371240,363OFB,Fruit-tella Orange 1 Unit,192,192,1,5,True,2026-03-26 17:15:25
141369569,AC1857,Hilal Candy Hajmola Imli 70 Pieces Box,175,175,7,100,True,2026-09-06 08:36:42
141371579,60TQBN,Daffy Loonies Candy Amrood Pouch (Rs.75),45.5,70,10,0,True,2026-09-06 08:36:42
141371596,322X38,Daffy Jammy Lemon Pouch (Rs. 50),50,50,44,0,True,2026-09-06 08:36:42
141371580,MHS6WF,Daffy Loonies Candy Black Currant Pouch (Rs.75),70,70,20,100,True,2026-09-06 08:36:42
141860451,r1vf-4884,Candyland Flip Black Currant XL 50 Pcs Jar,200,250,5,8,True,2026-09-06 08:36:42
141371585,VC6MWC,Daffy Butterscotch Candy Pouch Pack (Rs.50),50,50,1,100,True,2026-03-27 10:57:31
141375853,r1vf-3070,Candyland Punch Center Filled Mango Candy Pouch,125,125,14,8,True,2026-09-06 08:36:42
141371586,7D8R49,Daffy Butterscotch Orange Candy Pouch Pack,50,50,10,0,True,2026-09-06 08:36:42
141371891,3H5849,Eazu Creamy Fudge Jar 400g (Imported),260.48,352,1,0,True,2026-09-06 08:36:42
141371584,Y998BW,Daffy Loonies Candy Mix Pouch (Rs.300),300,300,28,100,True,2026-09-06 08:36:42
141371581,ML5F10,Daffy Loonies Candy Peach Pouch (Rs.75),70,70,23,100,True,2026-07-20 06:57:17
141375279,r1vf-2212,Haribo Berries Jelly 80g,535,535,1,8,True,2026-07-01 18:08:27
141371594,T3Y813,Daffy Beany Beans (Rs. 300),195,300,2,100,True,2026-06-28 07:58:55
141371582,9HV585,Daffy Loonies Candy Chili Imli Pouch (Rs. 75),45.5,70,22,0,True,2026-09-06 08:36:42
141376190,r1vf-4159,Mayfair Fruit Gala Green Apple Flavoured Chew Box,200,200,55,8,True,2026-09-06 08:36:42
141371578,58WHRD,Daffy Loonies Candy Orange Pouch (Rs.75),45.5,70,15,0,True,2026-09-06 08:36:42
143577550,r1vf-9125,Moiz Gurr Strawberry Candy Box 220g,184,200,26,0,True,2026-08-31 10:47:48
143577552,r1vf-9127,Moiz Gurr Paan Candy Box 220g,184,200,21,18,True,2026-09-06 08:36:42
141860443,r1vf-4876,Candyland Cola Gold Candy 50 Pieces,250,250,3,8,True,2026-09-06 08:36:42
142893874,r1vf-4287,Pan Pasand Candy Box 50 Pieces,320,320,42,8,True,2026-09-06 08:36:42
141369676,32TEI9,Milk Flavour Chews 1 Unit,192,192,1,0,True,2026-07-22 17:29:31
142893870,r1vf-4283,Aamrus Gold Box 50 Pieces,256,320,29,8,True,2026-09-06 08:36:42
143577551,r1vf-9126,Moiz Gurr Coconut Candy Box 220g,184,200,26,18,True,2026-08-31 10:47:48
141371815,I6SF0A,Smart Choco Beans 55Gm Pouch,230,230,1,100,True,2026-05-12 12:03:43
143577548,r1vf-9123,Moiz Gurr Saunf Candy Box 220g,184,200,26,0,True,2026-08-31 10:47:48
142893872,r1vf-4285,Hajmola Imli Candy Box 50 Pieces,288,320,40,0,True,2026-09-06 08:36:42
141860452,r1vf-4885,Candyland Funny Bunny Jar 100 Pieces,1000,1000,11,8,True,2026-09-06 08:36:42
141860449,r1vf-4882,Candyland Punch Centre Filled Mango Candy 50 Pcs Jar,200,250,18,8,True,2026-09-06 08:36:42
142893873,r1vf-4286,Khopra Candy Box 50 Pieces,256,320,44,0,True,2026-09-06 08:36:42
143577549,r1vf-9124,Moiz Gurr Original Candy Box 220g,170,200,1,18,True,2026-06-27 14:48:58
141369907,X9ZBXG,Lotte Spout Bubble Spearmint Rs. 50,50,50,26,100,True,2026-09-06 08:36:42
141369882,A7A5K2,Lotte Spout Bubble Strawberry Rs. 50,50,50,44,0,True,2026-09-06 08:36:42
141369908,7Q3H33,Lotte Spout Bubble Peppermint Rs. 50,50,50,53,0,True,2026-09-06 08:36:42
141371807,12CJ19,Taste Factory Oxydent Spearmint (21 Pieces) 12.8g,80,80,1,100,True,2026-08-08 13:54:59
141369567,5F1J43,Hilal Paanbahar Mouth Freshener Box,201.6,240,1,100,True,2026-04-27 11:52:10
141371559,71POY3,Bubble Pop Gum 325 g,250,250,6,100,True,2026-09-06 08:36:42
141374134,r1vf-816,Kolson Lotte Spout Peppermint Jumbo (Rs 5) 1 Box,140.4,180,4,0,True,2026-05-26 08:01:12
141374130,r1vf-814,Kolson Lotte Spout Spearmint Jumbo (Rs 5) 1 Box,135,180,3,0,True,2026-08-06 12:10:55
141374131,r1vf-815,Kolson Lotte Spout Strawberry Jumbo (Rs 5) 1 Box,180,180,14,0,True,2026-09-06 08:36:42
141371809,36J0HZ,Taste Factory Chewels Sugar Free Gum Peppermint 22.8g,170,200,1,0,True,2026-09-01 09:21:10
141371808,1K3ILA,Oxydents Redberry Bubble Gum,80,80,2,100,True,2026-08-15 16:36:21
141371810,V0O7GH,Chewels Bubble Gum Green Sugar Free,200,200,1,100,True,2026-06-25 15:48:28
141371811,6YK6BQ,Chewels Bubble Gum Red Suger Free,200,200,1,0,True,2026-07-03 17:44:03
141374004,r1vf-338,Candyland Bubble Your Name Rs. 5 Chewing gum Jar,400,500,11,0,True,2026-09-06 08:36:42
141371816,IMZ736,Taste Factory Oxydents Peppermint (8 Pieces),80,80,1,100,True,2026-08-16 16:36:33
141374129,r1vf-813,Kolson Lotte Spout Strawberry 3 in 1 (Rs 10) 1 Box,240,240,16,0,True,2026-06-05 08:18:32
141374128,r1vf-812,Kolson Lotte Spout Spearmint 3 in 1 (Rs 10) 1 Box,180,240,5,0,True,2026-08-06 06:39:23
141374283,WYP565,Tulsi Classic Box 48 Pieces,240,240,13,20,True,2026-09-06 08:36:42
141374275,r1vf-791,Tulsi Zero Jar 100g,200,200,1,20,True,2026-09-06 08:36:42
141374273,r1vf-789,Tulsi Classic Jar 100g,200,200,25,20,True,2026-09-06 08:36:42
141370952,7I31YS,RASILY ELAICHI BOX,192,240,10,20,True,2026-09-06 08:36:42
141374281,r1vf-798,Shalimar Pal Pal Meetha Pan Jar 150g,160,160,1,0,True,2026-07-24 06:33:44
141374276,r1vf-792,Tulsi Elaichi Twist Box 48 Pieces,204,240,21,20,True,2026-09-06 08:36:42
141374278,r1vf-795,Tulsi Meva Jar,175,175,27,0,True,2026-09-06 08:36:42
141374282,r1vf-799,Shalimar Pal Pal Chocolatey Jar 150g,160,160,2,0,True,2026-09-06 08:36:42
141374274,r1vf-790,Tulsi Zero Box 48 Pieces,240,240,8,0,True,2026-09-06 08:36:42
141374271,r1vf-787,Tulsi Classic King Size Box 24 Pieces,204,240,20,20,True,2026-09-06 08:36:42
141371552,77LJA0,Chili Mili Jelly Pouch,50,50,40,0,True,2026-09-06 08:36:42
141860444,r1vf-4877,Candyland Chili Mili Rs. 50,50,50,81,8,True,2026-09-06 08:36:42
141373086,01118N,Abc Jelly Pouch,50,50,55,100,True,2026-09-06 08:36:42
141860445,r1vf-4878,Candyland Bear Premium Jellies Rs. 50,50,50,60,8,True,2026-09-06 08:36:42
142893879,r1vf-4293,Jiggles XL Ding Dong 1 Unit,50,50,32,8,True,2026-09-06 08:36:42
141375864,r1vf-3022,Candyland Mango - Premium Jelly Pouch,50,50,78,8,True,2026-09-06 08:36:42
141375851,r1vf-3074,Candyland Chili Mili  Jelly Box,240,240,23,8,True,2026-09-06 08:36:42
142893878,r1vf-4292,Jiggles XL Pizza Jelly 1 Unit,50,50,26,0,True,2026-09-06 08:36:42
141370948,1BT042,Hilal Jiggles Dolphin XI Jelly (36 Pieces),180,180,4,100,True,2026-09-06 08:36:42
141375030,r1vf-1778,Tiva Sour Rainbow Belts 80g,348.5,410,23,8,True,2026-09-06 08:36:42
141369643,66293V,Abc Jelly Large Box,240,240,26,0,True,2026-09-06 08:36:42
141375861,r1vf-3018,Candyland Dewy Chewy Strawberry Jar,250,250,5,8,True,2026-09-06 08:36:42
141375029,r1vf-1777,Tiva Sour Multicolor Sticks 80g,410,410,12,8,True,2026-09-06 08:36:42
141860446,r1vf-4879,Candyland Bubble Your Name Bubble Gum Box,250,250,8,0,True,2026-09-06 08:36:42
141375865,r1vf-3023,Candyland Yums Fruity Chews Box Pack,240,240,10,8,True,2026-09-06 08:36:42
141376515,r1vf-3078,Candyland Bigger Biscuit & More Caramel Inside Box Pack,50,50,3,8,True,2026-04-01 14:46:19
141368750,CG5750,VANA PopLicks 10 Pieces 130g,100,100,1,0,True,2026-08-12 14:28:49
141369540,IXRAK7,Hilal Baketime Fruit Cake Slices (6 Pieces),252,300,3,100,True,2026-09-06 08:36:42
141374996,r1vf-1721,Candyland Watermelon Jelly Rs. 50,50,50,81,8,True,2026-09-06 08:36:42
141375027,r1vf-1775,Tiva Fizzy Strawberry Jelly 80g,348.5,410,32,8,True,2026-09-06 08:36:42
141374997,r1vf-1722,Candyland Neon Crawlers Jelly Rs. 50,50,50,81,8,True,2026-09-06 08:36:42
141375857,r1vf-3079,Candyland Crown Coconut cream Box,240,240,15,8,True,2026-09-06 08:36:42
141371592,Q2S4ZS,Daffy Fruity Chew (Rs. 300),195,300,42,100,True,2026-09-06 08:36:42
141374994,r1vf-1720,Candyland Peach Rings Jelly Rs. 50,50,50,86,8,True,2026-09-06 08:36:42
141368622,73H21P,Haribo Jelly Worms Fizz  Pouch 70Gm,560,560,17,100,True,2026-04-02 11:00:09
141375026,r1vf-1774,Tiva Fizzy Peach Rings Jelly 80g,348.5,410,18,8,True,2026-09-06 08:36:42
141375028,r1vf-1776,Tiva Mix Fruits Jelly 80g,348.5,410,14,8,True,2026-09-06 08:36:42
141375855,r1vf-3076,Candyland Crown Mango Cream Box Pack,240,240,9,8,True,2026-09-06 08:36:42
141375866,r1vf-3200,Candyland Yums Sour Chews Box,240,240,18,8,True,2026-09-06 08:36:42
141375033,r1vf-1781,Tiva Heart Marshmallow 140g,403.75,475,17,0,True,2026-09-06 08:36:42
141860454,r1vf-4875,Candyland Bubble Pop Classic Box,250,250,1,8,True,2026-09-04 14:10:33
141375852,r1vf-3075,Candyland Mello Marshmallow Chocolate Strawberry Box,240,240,4,8,True,2026-09-06 08:36:42
141375025,r1vf-1773,Tiva Fizzy Worms Jelly 80g,348.5,410,11,0,True,2026-09-06 08:36:42
141375023,r1vf-1771,Tiva Sugared Ponpon Jelly 80g,348.5,410,21,8,True,2026-09-06 08:36:42
141375022,r1vf-1770,Tiva Fizzy Watermelon Jelly 80g,348.5,410,13,8,True,2026-09-06 08:36:42
141375037,r1vf-1785,Tiva Pink & White Marshmallow 140g,403.75,475,19,8,True,2026-09-06 08:36:42
141376057,r1vf-4015,Popcorn Seed 250gm,98.8,104,15,0,True,2026-09-06 08:36:42
141369668,NMRRJF,Kernelpop Microwave Popcorn Natural Rs. 170,170,170,70,8,True,2026-09-06 08:36:42
141374264,r1vf-774,Kernelpop Microwave Popcorn English Butter Rs. 170,170,170,68,0,True,2026-09-06 08:36:42
141369666,RSD4GW,Kernelpop Microwave Popcorn Butter Rs. 170,170,170,66,8,True,2026-09-06 08:36:42
141371372,37O396,Popnosh Caramel Crunch 26g,70,70,53,0,True,2026-09-06 08:36:42
141374266,r1vf-780,Kernelpop Caramel Coated Popcorn Rs. 120,120,120,19,8,True,2026-09-06 08:36:42
141371254,TG2MD9,Korneez Popcorn Salted Rs. 120,120,120,1,100,True,2026-09-04 14:10:33
141371260,1BAR8B,Korneez Popcorn Caramel Peanut Rs. 120,120,120,28,100,True,2026-09-06 08:36:42
141369667,4H092Q,Kernelpop Microwave Popcorn Cheese Rs. 170,170,170,34,8,True,2026-09-06 08:36:42
141374400,r1vf-1102,Popnosh Choco Loco 26g,70,70,42,0,True,2026-09-06 08:36:42
141371259,AL1Y6P,Korneez Popcorn BBQ Rs. 120,120,120,27,100,True,2026-09-06 08:36:42
141371373,GZTN32,Popnosh Movie Theater 40g,150,150,13,100,True,2026-09-06 08:36:42
141371258,XUXXD6,Korneez Popcorn Caramel Peanut Rs. 90,90,90,20,100,True,2026-09-06 08:36:42
141374401,r1vf-1103,Popnosh Caramel Crunch 68g,200,200,5,0,True,2026-09-06 08:36:42
141373193,3E4XX3,Popnosh Chipsticks Masala 26g,50,50,13,100,True,2026-07-25 11:19:35
141371255,E7OD97,Korneez Popcorn Toffee Rs. 120,120,120,21,100,True,2026-09-06 08:36:42
141371262,5359W1,Korneez Popcorn Cheese Rs. 120,120,120,13,0,True,2026-09-06 08:36:42
141374265,r1vf-777,Kernelpop Kettle Corn Butter Rs. 110,110,110,68,8,True,2026-09-06 08:36:42
141373189,1C4PT2,Popnosh Cinema Popcorn 60g,150,150,13,100,True,2026-09-06 08:36:42
141373188,YVT96M,Popnosh Cheddar Cheese 18g,50,50,30,100,True,2026-09-06 08:36:42
141373190,197073,Popnosh Spicy Jalapeno 18g,50,50,32,100,True,2026-09-06 08:36:42
141369669,9B056X,Kernelpop Microwave Popcorn Salt & Pepper Rs. 170,170,170,66,8,True,2026-09-06 08:36:42
141371261,4J3912,Korneez Popcorn Butter Scotch Rs. 110,110,110,19,100,True,2026-09-06 08:36:42
141374399,r1vf-1101,Popnosh French Butter 40g,127.5,150,10,0,True,2026-09-06 08:36:42
141373192,D4GSZ9,Popnosh Gourmet Popcorn Kernels Jar 370g,382.5,450,4,0,True,2026-09-06 08:36:42
141374398,r1vf-1100,Popnosh Screamin' Hot Popcorn 40g,150,150,1,0,True,2026-08-20 16:42:42
141371252,Q08XAS,Korneez Sweet & Salted Rs. 120,120,120,15,100,True,2026-09-06 08:36:42
141373191,WNS71I,Popnosh Butter Popcorn Salt 450g,360,450,2,100,True,2026-09-06 08:36:42
141370866,K3OMA4,Reload Granola Bar Dark Chocolate & Almonds Rs. 210,210,210,116,100,True,2026-09-06 08:36:42
141370439,8KMO1C,Nutrilov Chocolate Brownie Granola Bar Single Bar,210,210,52,0,True,2026-09-06 08:36:42
141370441,IT0YH7,Nutrilov Granola Bars Chocolate Chip & Coconut Single Bar,210,210,77,100,True,2026-09-06 08:36:42
141370867,5N3BNI,Reload Granola Bar Peanut Butter & Almonds Rs. 210,210,210,38,0,True,2026-09-06 08:33:05
141370442,759YHM,Nutrilov  Almond Cappuccino Granola Single Bar,155.4,210,97,0,True,2026-09-06 08:36:42
143595184,r1vf-4155,Nutrilov Protein Granola Choco Almond Cup,370,500,4,0,True,2026-09-06 08:36:42
141372801,G2D437,Reload Cranberry & Almond Granola Bar Rs. 210,147,210,84,100,True,2026-09-06 08:36:42
141372802,229W0Z,Reload Granola Minis Celebrations Box,602,860,5,100,True,2026-09-06 08:36:42
141374308,r1vf-845,Nibl Chocolate & Peanut Butter Granola Bar (1pc),220,220,22,50,True,2026-09-06 08:36:42
141370435,7EBCG2,Nutrilov Granola Bars Peanut Butter & Raisin Single Bar,155.4,210,118,0,True,2026-09-06 08:36:42
141372652,90Z3E4,Reload Coffee & Almonds Granola Bar Rs. 210,210,210,1,0,True,2026-08-26 13:57:56
141372803,CKBXEW,Reload Granola Minis Dark Chocolate & Almonds Pack of 12 Minis,860,860,13,100,True,2026-09-06 08:36:42
141375468,r1vf-3009,Nibl Coffee Pumpkin Seed Power Granola Bar (1pc),220,220,4,0,True,2026-09-06 08:36:42
141374307,r1vf-844,Nibl Chocolate & Walnut Granola Bar (1pc),140.8,220,20,50,True,2026-09-06 08:36:42
141372653,3TLYN2,Reload Salted Caramel & Almonds Granola Bar Rs. 210,210,210,72,100,True,2026-09-06 08:36:42
141372134,317TTO,Reload Dark Chocolate & Almond Granola Pack of 6 Bars,882,1260,6,100,True,2026-09-06 08:36:42
144380832,r1vf-10695,Nibl Protein Bar Peanut Butter Fudge Pack 6 Pieces,1920,3000,3,8,True,2026-09-06 08:36:42
141372064,142OD5,Nutrilov Chocolate Brownie Granola Bar 6 Pieces,1200,1200,8,100,True,2026-09-06 08:36:42
141373106,02QZ9F,Reload Granola Bar Celebrations Box,882,1260,1,100,True,2026-09-06 08:36:42
142723604,W99Y22,Reload Granola Minis Cranberry & Almond Pack of 12 Minis,602,860,9,100,True,2026-09-06 08:36:42
141372135,229431,Reload Peanut Butter & Almonds Granola Pack of 6 Bars,882,1260,7,100,True,2026-09-06 08:36:42
142728200,FKIPU7,Reload Granola Bar Honey Cardamom & Almonds Rs. 210,147,210,59,0,True,2026-09-06 08:36:42
143595185,r1vf-4156,Nutrilov Protein Granola Choco Almond Large Box,1850,2500,3,8,True,2026-09-06 08:36:42
142723607,r1vf-6030,Reload Minis Coffee & Almond Granola Pack of 12 Minis,602,860,10,8,True,2026-09-06 08:36:42
141372065,8Y3E2Z,Nutrilov Chocolate Chip & Coconut Granola Bar 6 Pieces,888,1200,12,0,True,2026-09-06 08:36:42
141372655,8XUZ8F,Reload Salted Caramel & Almonds Granola Pack of 6 Bars,882,1260,11,100,True,2026-09-06 08:36:42
141372063,PMXI7B,Nutrilov Peanut Butter & Raisin Granola Bar 6 Pieces,888,1200,17,100,True,2026-09-06 08:36:42
144380833,r1vf-10696,Nibl Protein Bar White Chocolate Brownie Pack 6 Pieces,1920,3000,4,8,True,2026-09-06 08:36:42
141372654,2X3484,Reload Coffee & Almonds Granola Pack of 6 Bars,882,1260,1,100,True,2026-09-06 08:36:42
141370440,A729C2,Nutrilov Almond Cappuccino Granola Bar 6 Pieces,888,1200,20,0,True,2026-09-06 08:36:42
142723608,r1vf-6031,Reload Minis Salted Caramel & Almond Pack of 12 Minis,602,860,14,8,True,2026-09-06 08:36:42
144380831,r1vf-10694,Nibl Protein Bar Almond Brownie Pack 6 Pieces,1920,3000,2,8,True,2026-09-06 08:36:42
141373107,6L1E81,Reload Cranberry & Almond Granola Pack of 6 Bars,882,1260,15,0,True,2026-09-06 08:36:42
142723609,r1vf-6032,Reload Honey Cardamom & Almond Granola Bar (12 Minis) 120g,740,740,8,8,True,2026-09-06 08:36:42
142723605,FK8M8P,Reload Granola Minis Peanut Butter & Almonds Pack of 12 Minis,602,860,4,100,True,2026-09-06 08:36:42
144380827,r1vf-10692,Dairy Milk Cream & Nut Delight Ramadan Bar 95g,500,500,1,8,True,2026-04-15 14:52:12
142234555,r1vf-4616,Cadbury Dairy Milk Wafer Bar (1Pc),100,100,352,8,True,2026-09-06 08:37:01
141373664,5B2133,Cadbury Dairy Milk Rs.100,100,100,375,0,True,2026-09-06 08:37:01
141373666,7396R8,Cadbury Dairy Milk 36g,150,150,119,0,True,2026-09-06 08:37:01
141374173,r1vf-295,Kitkat 2 Finger Milk Chocolate Bar 17.7g,180,180,47,0,True,2026-09-06 08:37:01
141374003,r1vf-337,Buttons Chocolate (Rs 30) 1 Piece,30,30,261,0,True,2026-09-06 08:37:01
142234554,r1vf-4615,Cadbury Dairy Milk Bubbly Chocolate 9g,50,50,140,8,True,2026-09-06 08:37:01
141373650,QB6WIR,Cadbury Dairy Milk 12.5g (1pc),50,50,189,5,True,2026-09-06 08:37:01
141371834,5K3MP2,Cadbury Dairy Milk Roast Almond 38Gm,250,250,117,100,True,2026-09-06 08:37:01
141374174,r1vf-297,Nestlé KitKat Chocolate Wafer Four Finger Bar 36.5g,360,360,23,0,True,2026-09-06 08:37:01
141371908,HZV4GT,Cadbury Perk 5.5g Box (24 Pcs),360,360,69,100,True,2026-09-06 08:37:01
141373694,5E3M66,Candyland Paradise Chocolate Bar 1Pc,50,50,167,100,True,2026-09-06 08:37:01
141373663,P25CA7,Cadbury Moro 18g (1pc),30,30,90,5,True,2026-09-06 08:37:01
141371906,LDQDTA,Cadbury Eclairs 50 Pieces,150,150,8,100,True,2026-09-06 08:37:01
141373662,EQ7DG5,Cadbury Dairy Milk 5.2g (1pc),20,20,256,100,True,2026-09-06 08:37:01
141371913,812TE3,Cadbury Dairy Milk 52g,250,250,39,0,True,2026-09-06 08:37:01
143763637,r1vf-2522,You Dark Chocolate,200,200,2,8,True,2026-04-10 11:05:18
141371914,XXT02L,Cadbury Dairy Milk Doybag,800,800,17,100,True,2026-09-06 08:37:01
141371837,VB9988,Cadbury Dairy Milk Chocolate 90g,450,450,37,100,True,2026-09-06 08:37:01
141373665,22Y705,Cadbury Dairy Milk 8g (1pc),30,30,312,100,True,2026-09-06 08:37:01
141374006,r1vf-340,CandyLand Sonnet Chocolate Bar Rs.50,50,50,56,0,True,2026-09-06 08:37:01
143763638,r1vf-2523,Candyland Premium Magic Minis Pouch,650,650,1,8,True,2026-09-05 08:19:03
141371910,9Z6Z9C,Cadbury Dairy Milk Bubbly Chocolate 40g,250,250,77,0,True,2026-09-06 08:37:01
141371836,2GJG51,Cadbury Dairy Milk Crackle 21.5g,150,150,55,100,True,2026-09-06 08:37:01
141372875,A39879,Cadbury Dairy Milk Fruit&Nut 38Gm,250,250,34,0,True,2026-09-06 08:37:01
141373697,7GLI4A,Candyland NOW Chocolate Rs 50 ,50,50,66,100,True,2026-09-06 08:37:01
145151576,4VFYHO,Snickers Chocolate 40g,260,260,1,0,True,2026-04-14 08:33:16
141374171,r1vf-294,Cadbury Perk Chocolate 11g (24 Pcs),480,480,27,0,True,2026-09-06 08:37:01
144380826,r1vf-10691,Dairy Milk Cream & Nut Delight Ramadan Bar 38g,250,250,4,8,True,2026-05-09 17:05:00
141373996,r1vf-329,Candyland Crown Truffles Hazelnut Box,240,240,7,0,True,2026-09-06 08:37:01
141371813,3R9F51,Calibar Chocolate 40Gm Bar Dark,250,250,2,0,True,2026-07-15 09:16:08
143763636,2WMZ4C,Candyland You Milk Chocolate Single Piece,100,100,2,8,True,2026-07-08 11:58:25
141371909,1JMU10,Cadbury Dairy Milk Bubbly Chocolate 13g,80,80,58,100,True,2026-09-06 08:37:01
141371558,G9NF45,Candyland Paradise 15g Chocolate Box,240,240,23,100,True,2026-09-06 08:37:01
141375206,r1vf-2040,Cadbury Wafer Roll 8g Box,480,480,15,8,True,2026-09-06 08:37:01
141371911,738HG6,Cadbury Dairy Milk Bubbly 87g,500,500,37,0,True,2026-09-06 08:37:01
143801054,r1vf-2556,Candyland You Milk Chocolate 15g,50,50,241,8,True,2026-09-06 08:37:01
141371907,XZ8I8W,Cadbury Eclairs (45 Pieces),225,225,35,100,True,2026-09-06 08:37:01
141371805,WKPF1L,Brown Chocolate 40Gm Bar Dark,250,250,2,100,True,2026-06-22 15:34:07
141371817,18LA27,Taste Factory Myio Chocolate Balls Pouch 55 g,230,230,1,100,True,2026-07-13 15:47:38
141369363,C951P7,Bounty Chocolate Bar 57g,290,290,139,100,True,2026-07-25 11:19:59
143763635,J37IQS,You Milk Chocolate 21Gm,30,30,312,100,True,2026-09-06 08:37:01
145151577,9SCOI2,Mars Chocolate Bar 40g,260,260,1,0,True,2026-05-01 14:22:08
141372909,ZP8Y7K,Daffy JackPot Almond Milk Chocolate Pouch (Rs. 550),550,550,4,100,True,2026-09-06 08:37:01
141374288,r1vf-584,Nutrilov Kids Chocolate Fudge Brownie Single Bar,100,100,139,8,True,2026-09-06 08:37:01
141371838,626954,Cadbury Dairy Milk Bubbly Chocolate 20g,120,120,34,0,True,2026-09-06 08:37:01
141371912,X83M5V,Cadbury Dairy Milk Bubbly Doy Bag,850,850,5,100,True,2026-09-06 08:37:01
141371806,3K3QW7,Marble Chocolate Coated Biscuit 55Gm Pouch,170,200,1,0,True,2026-09-06 08:37:01
141370177,49C06O,Eazu Tiktak Chocolate,40.7,55,23,0,True,2026-09-06 08:37:01
141376575,UYQ092,Toblerone Chocolate 100Gm,999,999,10,8,True,2026-09-06 08:37:01
141372912,K8AI63,Daffy Minty Balls Milk Chocolate (Rs. 300),180,300,1,100,True,2026-08-12 11:07:35
141372154,X77430,Candyland Sonnet Rs. 20 Chocolate Box,240,240,19,100,True,2026-09-06 08:37:01
141374287,r1vf-583,Nutrilov Kids Chocolate Chip Cookie Dough Single Bar,74,100,174,0,True,2026-09-06 08:37:01
141372910,RMZ41R,Daffy Orange Balls Milk Chocolate Pouch (Rs. 300),195,300,40,100,True,2026-09-06 08:37:01
141372153,833841,Candyland Now Chocolate 12 Pcs,240,240,15,0,True,2026-09-06 08:37:01
141371553,VFRU4P,Candyland Cloud 9 Chocolate Coated Wafer Box,240,240,6,100,True,2026-06-01 09:35:26
141369644,39O3SE,Candyland Mello Marshmallow Chocolate Vanilla Box,240,240,4,0,True,2026-09-06 08:37:01
141371742,ZOJJ7I,Twix Chocolate Bar Egypt 50g,349,349,2,100,True,2026-04-05 08:00:25
141373693,Y2KYAS,Candyland CLOUD 9 CHOCOLATE 18 Pieces Box,360,360,5,100,True,2026-05-16 06:35:26
141371814,LQ1PAF,Taste Factory Calibar Chocolate Milk 40 g,125,250,1,100,True,2026-07-02 07:45:31
141372799,67H28J,Taste Factory Check N Mate Box Chocolate,750,750,9,0,True,2026-09-06 08:37:01
141371812,GI296I,Taste Factory Calibar Chocolate Hazelnut 40g,187.5,250,1,100,True,2026-08-13 11:09:30
145094418,I6IA0L,Mitchells Kick Peanut Chocolate Bar,40,40,1,0,True,2026-06-30 08:04:04
145094417,LO7I46,Mitchells Jubilee Milk Chocolate Bar,30,30,1,0,True,2026-06-13 08:02:09
141371166,M7KGTY,RAFHAN STRAWBERRY JELLY 80G,195.3,210,78,4,True,2026-09-06 08:37:01
141370698,1YP664,National  Strawberry Jelly Powder 80g,162,180,19,3,True,2026-09-06 08:37:01
141370362,DW2KY4,Laziza Sheer Khurma 160 g,225.6,240,1,100,True,2026-04-28 09:29:46
141371165,E2ZD3F,RAFHAN MANGO JELLY 80G,190,190,85,4,True,2026-09-06 08:37:01
141371164,25X915,RAFHAN BANANA JELLY 80G,176.7,190,35,4,True,2026-09-06 08:37:01
141371124,20HWRX,RAFHAN EGG PUDDING 78G,190,190,34,4,True,2026-09-06 08:37:01
141369475,0I65V6,Shan Sheer Khurma Dessert Mix 150g,209,220,66,3,True,2026-09-06 08:37:01
141370679,7RA146,National Vanilla Custard Powder 120g,112.5,125,7,0,True,2026-09-06 08:37:01
141371163,7436PD,RAFHAN MANGO CUSTARD 275G,195.3,210,29,4,True,2026-09-06 08:37:01
141370361,KR241D,Laziza Kheer Rice Pudding Standard 155Gm,155.1,165,6,100,True,2026-05-26 08:01:36
141369103,M1123Y,Shan Kheer Mix 150g,184,200,66,3,True,2026-09-06 08:37:01
141370691,X74UNH,National Mango Custard Powder 120g,112.5,125,12,0,True,2026-09-06 08:37:01
141369474,11JO76,Shan Special Badam Kheer 150g,190,200,69,3,True,2026-09-06 08:37:01
141371178,FB3CA0,RAFHAN STRAWBERRY CUSTARD 275G,204.6,220,29,4,True,2026-09-06 08:37:01
141370718,O4C0FL,National Vanila Custard 275g,131.2,205,5,3,True,2026-09-06 08:37:01
141370690,3O4D9F,National Strawberry Custard 120g,80,125,8,3,True,2026-09-06 08:37:01
141370363,YF58J0,Laziza Ras Malai Dessert Pistachio 75Gm,225.6,240,1,100,True,2026-05-15 12:10:08
141370739,797BD2,National Mix Fruit Jelly Powder 80g,162,180,13,0,True,2026-09-06 08:37:01
141371697,81OCHX,Bakea Kulfa Khoya Mix 150 g,120,200,3,0,True,2026-09-06 08:37:01
141371696,K02P3I,Bakea Kheer Mix Almond And Safron 150 g,109.8,183,17,100,True,2026-09-06 08:37:01
141371698,YZ33MA,Bakea Ras Malai Mix 75 g,190,200,12,100,True,2026-09-06 08:37:01
141370249,9OI9N0,Laziza Kheer Rice Pudding 310Gm,300.8,320,12,100,True,2026-05-26 08:01:36
141371692,67IP03,Bakea Rabri Falooda Mix 200 g,120,200,14,100,True,2026-09-06 08:37:01
141370250,176RC1,Laziza Ras Malai Dessert Standard 75Gm,225.6,240,22,100,True,2026-03-28 10:43:02
141371691,D5M29J,Bakea Kheer Mix Original 150 g,103.2,172,2,100,True,2026-09-06 08:37:01
141371695,BR6500,Bakea Shahi Tukray Mix 180 g,109.8,183,20,100,True,2026-09-06 08:37:01
141371694,6A6151,Bakea Gulaab Jamun Mix 85 g,126.6,211,5,100,True,2026-09-06 08:37:01
141371699,9896S2,Bakea Kheer Mix Kajoo 150 g,103.2,172,6,0,True,2026-09-03 08:52:05
141369101,8W2887,Shan Special Gulab Jaman 100g,166.4,260,65,3,True,2026-09-06 08:37:01
141369686,CD0Y4G,Shan Special Gajar Halwa 100Gm,166.4,260,8,3,True,2026-09-06 08:37:01
141371693,I577LZ,Bakea Firni Kewra Mix 150 g,163.4,172,13,100,True,2026-09-06 08:37:01
141376249,TAQX2X,Wall's Chaunsa Mango Cup 100ml,64,80,9,8,True,2026-09-06 08:37:23
141370526,25NZ00,Magnum Classic 90ml,239.2,299,17,8,True,2026-09-06 08:37:23
141376346,FUNRJC,Wall's Choc Bar 50ml,40,50,5,8,True,2026-09-03 19:16:32
141376504,r1vf-2357,Wall's Choc Bar Toffee 50ml,42.5,50,4,8,True,2026-09-03 08:52:30
141373932,r1vf-105,Walls Strawberry 375ml,192,240,11,0,True,2026-09-06 08:37:23
141376243,U2ZO0A,Wall's One Pista Ice Cream 775ml,399.2,499,2,0,True,2026-09-06 08:37:23
141370531,IKXND8,Wall's Cornetto Classico 100ml,112,140,21,8,True,2026-09-06 08:37:23
141371193,WO3P43,K&N's Tender Pops 260 g.,542,542,5,100,True,2026-09-02 14:18:19
141370364,GKFPVC,Sabroso Nuggets 270g,505,505,3,0,True,2026-08-26 10:45:21
141371192,O28J2I,K&N Food Chicken Nuggets Ep 1 kg,1424,1424,1,100,True,2026-09-02 19:23:48
141372312,KDEO76,K&N's Food Chicken Nuggets 270g,527,527,1,100,True,2026-09-02 14:18:19
141370365,892DFD,Sabroso Nuggets 820g,1115,1115,1,0,True,2026-08-26 10:45:21
142355748,r1vf-4520,Sabroso Arabian Fillet Nuggets 750g,1175,1175,1,0,True,2026-08-25 16:47:18
141370032,A3J0ZX,Mon Salwa Chicken Nuggets Poly Pack 1000g,970,970,2,0,True,2026-09-01 19:23:17
141372640,84O0AH,K&N's Fiery Fingers 780g,1451,1451,2,0,True,2026-09-02 14:18:19
141370030,5KV05V,Mon Salwa Chicken Nuggets 260g,499,499,1,0,True,2026-09-04 19:00:54
141370368,KI5EF3,Sabroso Zesty Fillet 550g,1150,1150,1,0,True,2026-08-28 16:33:42
141372636,56W3J4,K&N's Food Chicken Tikka Chunks Ep 700g,1337,1337,1,0,True,2026-09-04 19:00:54
141372637,78K324,K&N's Combo Wings Large,1353,1353,2,0,True,2026-09-04 19:00:54
141372646,G9N1KH,K&N's Fun Nuggets Large,1250,1250,2,100,True,2026-09-03 14:23:02
141372639,KB13QC,K&N's Croquettes 1kg,1446,1446,2,100,True,2026-09-02 14:18:19
141372314,6IVIVL,K&N's Food Fun Nuggets 265g,520,520,2,0,True,2026-07-04 11:43:37
141370371,4OSA94,Sabroso Chicken Donut 310g,585,585,1,0,True,2026-08-26 10:45:21
142355750,r1vf-4524,Sabroso Nuggets Mega Pack 1640g,2095,2095,1,0,True,2026-08-26 16:57:23
141372300,7S7V05,Sabroso Tempura Nuggets (Large) 500g,1025,1025,2,0,True,2026-08-24 10:48:17
141372638,254887,K&N's Mortadella Slices 616g,1299,1299,2,100,True,2026-09-06 08:37:41
141375149,r1vf-1980,Sabroso Spicy Chicken Donut 20 Pieces,1125,1125,1,0,True,2026-08-27 15:10:38
141372649,U62N99,K&NS Food Bologna Slices 616g,1299,1299,1,100,True,2026-09-01 09:22:39
141370366,E05GK5,Sabroso Aqua Buddies 33 Pieces 780g,1170,1170,1,0,True,2026-08-25 16:47:18
141370372,QW7B49,Sabroso Chicken Donut 780g,1195,1195,1,0,True,2026-08-26 14:03:12
141370031,SZD4RT,Mon Salwa Chicken Nuggets 900g,1199,1199,1,0,True,2026-09-04 14:11:50
141375246,r1vf-2095,Mon Salwa Samosa Leaves,215,215,1,0,True,2026-09-06 08:37:41
141375242,r1vf-1754,Mon Salwa Spring Roll Leaves,285,285,3,0,True,2026-09-06 08:37:41
143898131,r1vf-2183,Heaven Foods Roll Patti 400g,290,290,3,8,True,2026-06-10 08:20:54
141372316,E1CP28,K&N Food Samosa EP 420g,973,973,1,100,True,2026-09-02 14:18:19
143898132,r1vf-2243,Heaven Foods Samosa Patti 400g,246.5,290,36,8,True,2026-09-06 08:37:41
141371194,0P1A69,K&N's Spring Rolls 18`s 630g,1152,1152,1,100,True,2026-09-03 08:52:50
141370043,805YI4,Mon Salwa Chicken Samosas 30`S,990,990,1,0,True,2026-09-06 08:37:41
141370377,9KA13Y,Sabroso Chicken Samosa 500 gm,1060,1060,1,0,True,2026-08-28 00:54:13
141370035,4AIIX7,Mon Salwa Juicy Chicken Seek Kabab Poly Pack 18 Pieces 540g,780,780,1,0,True,2026-09-05 18:08:07
141371195,9LFIQW,K&N Food Seekh Kabab 205 g.,549,549,1,0,True,2026-09-04 08:49:53
141372315,C719U5,K&N's Food Shami Kabab 252 g,522,522,1,100,True,2026-09-04 08:49:53
141371196,9UFEEZ,K&N Food Seekh Kabab 540 g,1245,1245,1,100,True,2026-09-03 08:52:50
141372313,0O2AC4,K&N's Food Chapli Kabab 300g,549,549,1,100,True,2026-09-05 18:08:07
141371198,TUSUDA,K&N Food Shami Kabab Ep 648 g.,1207,1207,1,100,True,2026-09-05 08:19:50
141374736,rtc-423,K&N's Kofta 12 Pieces 340g,630,630,1,6,True,2026-09-06 08:37:41
141370379,471XAQ,Sabroso Gola Kabab 515gm,1190,1190,1,0,True,2026-08-26 16:57:23
141370037,NR7LWN,Mon Salwa Chicken Shami Kabab 288gm,580,580,2,0,True,2026-09-06 08:37:41
141374737,rtc-424,K&N Kofta Economy Pack 30 Pieces 850g,1495,1495,4,0,True,2026-09-06 08:37:41
141376282,7250E3,Sabroso Seekh Kabab 18 Pieces 540g,1190,1190,1,0,True,2026-08-27 15:10:38
141370375,W2HQPY,Sabroso Shami Kabab 600gm,1070,1070,1,0,True,2026-08-28 00:54:13
141370038,4M92AJ,Mon Salwa Chicken Shami Kabab 576gm,999,999,3,0,True,2026-09-06 08:37:41
141370373,E2TA5R,Sabroso Chicken Kofta 27 Pieces 800g,1350,1350,1,0,True,2026-08-25 04:50:26
141371197,8J4DDZ,K&N Food Chapli Kabab 888 g,1386,1386,1,0,True,2026-09-04 08:49:53
141370374,301HDC,Sabroso Chicken Chapli Kabab 10 Pieces 740g,1090,1090,2,0,True,2026-08-26 04:49:15
141370036,697983,Mon Salwa Chicken Fries 425 gm,690,690,2,0,True,2026-09-03 08:52:50
141370811,6T70KM,OPA Crinkle 900g,965,965,1,100,True,2026-08-13 17:06:32
141370378,69L7ET,Sabroso Chicorn Fries 760 gm (Large),1120,1120,1,0,True,2026-08-25 10:45:25
141370813,643686,Opa Chunky Fries 900g,965,965,1,0,True,2026-08-24 10:48:17
141370812,845NA8,OPA Crinkle 1.8kg,1850,1850,1,0,True,2026-08-21 13:56:38
141370816,W82HHR,Opa Original Fries 1.8kg,1850,1850,1,0,True,2026-08-18 16:41:49
141370815,11P178,Opa Original Fries 900g,965,965,3,3,True,2026-08-26 16:57:23
141370817,N8NBHU,Opa Super Chunky Fries 900g,965,965,1,100,True,2026-08-28 16:33:42
141374445,r1vf-1170,Opa Hash Browns 9 Pieces,960,960,1,0,True,2026-09-06 08:37:41
141374446,r1vf-1171,Opa Wedges 1000g,1035,1035,1,0,True,2026-08-25 14:00:44
141370818,31525P,Opa Super Chunky Fries 1.8kg,1850,1850,1,0,True,2026-08-18 16:41:49
141370814,86W7P7,OPA Chunky 1.8kg,1850,1850,1,0,True,2026-08-21 13:56:38
141370051,O6423P,Mon Salwa French Fries 750gm,449,449,2,0,True,2026-09-03 08:52:50
141372311,5F53J1,K&N's Food Food Burger Patties 400 g.,614,614,1,100,True,2026-09-02 19:23:48
141370367,2XUC7X,Sabroso Chicken Burger Patty 6 Pieces 370g,540,540,1,0,True,2026-08-25 10:45:25
141370033,2LTF7R,Mon Salwa Crispy Chicken Burger Poly Pack 18 Pieces 990g,970,970,1,0,True,2026-09-06 08:37:41
141370390,55LG54,Sabroso Crispy Chicken Burger Patty 6 Pieces 500g,695,695,1,0,True,2026-08-26 14:03:12
141372635,3RUU37,K&N's Burger Patty Economy Pack 1070 g 16 Pieces.,1450,1450,1,100,True,2026-08-29 17:07:30
141370039,5175W2,Mon Salwa Juicy Chicken Burger 500g,499,499,2,0,True,2026-09-06 08:37:41
141370045,Z04U18,Mon Salwa Lachaydar Paratha 5`S,199,199,3,0,True,2026-09-06 08:37:41
141370047,3JHEAU,Mon Salwa Plain Paratha 5`S,250,250,4,0,True,2026-09-06 08:37:41
141370046,62PBNB,Mon Salwa Lachaydar Paratha 20 Pieces,749,749,1,100,True,2026-08-17 10:42:50
141374311,sab-606,Sabroso Chik N' Cheese Paratha 560g,570,570,2,0,True,2026-08-27 15:10:38
141370044,8COW48,Mon Salwa Aloo Paratha 400g,275,275,1,0,True,2026-09-04 14:11:50
141370049,48KP0U,Mon Salwa Plain Paratha Super Family Pack 30`S,1399,1399,4,0,True,2026-09-06 08:37:41
141370048,7YLLT9,Mon Salwa Plain Paratha Family Pack 20 Pieces,975,975,1,0,True,2026-09-05 18:08:07
141370381,69I26X,Sabroso Plain Paratha 20`S 1600 gm,940,940,1,0,True,2026-08-26 16:57:23
141370050,0TU2IW,Mon Salwa Whole Wheat Paratha (20 Pieces) 1600 gs,999,999,1,0,True,2026-09-06 08:37:41
141372647,N4SGM5,K&N's Frankfurter Sausages 720g,1321,1321,1,100,True,2026-09-05 13:25:47
141370040,89LUT9,Mon Salwa Chicken Cheese Frank Furter 340g,590,590,3,0,True,2026-09-06 08:37:41
141372641,UZ3Y46,K&N's Jumbo Frank Sausages Cheese & Onion 740g,1359,1359,1,100,True,2026-09-03 08:52:50
141372643,61B645,K&N's Jumbo Frank Sausages Jalapeno Peppers & Cheese 740g,1359,1359,1,0,True,2026-09-04 14:11:50
141374310,sab-605,Sabroso Crispy Chicken Strips 600g,1070,1070,1,0,True,2026-08-27 15:10:38
141370369,Q31ZSC,Sabroso Crispy Poppers 250gm,500,500,1,0,True,2026-08-26 14:03:12
141374690,rtc-417,K&N's Tender Pops 54 Pieces 780g,1315,1315,1,0,True,2026-09-02 14:18:19
141370370,0I11B1,Sabroso Crispy Poppers 630g,1015,1015,3,0,True,2026-08-29 11:01:31
142355751,r1vf-4525,Sabroso Crispy Chicken Strips 1kg,1695,1695,1,0,True,2026-08-26 16:57:23
141372339,7LZO7T,Kolson Tikka Macaroni,167,167,17,0,True,2026-09-06 08:35:03
141372642,ID20XT,K&N's Food Thunder Fillet 550 g,1201,1201,1,100,True,2026-09-03 19:16:57
141372648,M65GVS,K&N's Chicken Tempura Large 1 Packet,1348,1348,2,100,True,2026-09-02 14:18:19
141372645,2X803Z,K&N's Food Mughlai Tikka 515g,1266,1266,1,0,True,2026-09-04 08:49:53
142355749,r1vf-4523,Sabroso Crispy Poppers Mega Pack 1260g,1960,1960,2,0,True,2026-08-27 15:10:38
141370029,PP8D5L,Mon Salwa C.Cheese Ball 430 gm,745,745,2,0,True,2026-09-03 14:23:02
141372301,1V596C,Sabroso Chicken Kachori 480g,825,825,1,0,True,2026-09-01 09:22:39
142355746,F328X2,Sabroso Chunky Bites Large 500g,915,915,1,0,True,2026-08-29 11:01:31
141370376,LK7G2T,Sabroso Chicken Pakora 400g,665,665,1,0,True,2026-09-02 19:23:48
142355747,9A8Q3A,Sabroso Leg Tikka 4`S 760gm,1270,1270,1,0,True,2026-08-30 09:58:15
141372634,0270HW,K&N's Pepperoni Slices 588g,1315,1315,1,100,True,2026-09-01 14:44:41
141372340,Q0XK39,Kolson Green Tikka Macaroni 250g,150,150,1,100,True,2026-08-01 11:25:36
145094872,r1vf-2808,Velo Freezing Peppermint (10mg) 1 Unit,250,250,14,0,True,2026-09-06 08:37:59
145120753,r1vf-11007,Velo Peppermint Storm Nicotine Pouches (14mg) 1 Unit,280,280,6,0,True,2026-09-06 08:37:59
141372737,6Z6731,VELO Polar Mint 10mg,250,250,22,0,True,2026-09-06 08:37:59
141373768,I19E17,VELO Polar Mint Mini 6mg,180,180,19,10,True,2026-09-06 08:37:59
142494013,r1vf-7097,Velo Purple Grape (17mg) 1 Unit,300,300,13,0,True,2026-09-06 08:37:59
142494011,r1vf-7096,Velo Polar Mint (17mg) 1 Unit,300,300,14,8,True,2026-09-06 08:37:59
141374473,r1vf-1150,VELO Mango Flame 14mg,280,280,12,0,True,2026-09-06 08:37:59
141372740,5T5IW2,VELO Berry Frost 10mg,250,250,17,10,True,2026-09-06 08:37:59
141374135,r1vf-149,VELO Wintry Watermelon 10mg,250,250,12,10,True,2026-09-06 08:37:59
141617986,r1vf-27037,Velo Purple Grape (10mg) 1 Unit,250,250,12,8,True,2026-09-06 08:37:59
141374140,r1vf-663,VELO Frosty Lemon 10mg,250,250,8,10,True,2026-09-06 08:37:59
141373532,964L44,VELO Tropical Ice 10 mg,250,250,3,10,True,2026-09-06 08:37:59
141372746,TYU7JS,VELO Berry Frost 14mg,280,280,5,10,True,2026-09-06 08:37:59
141373530,A4SE07,VELO Rich Elaichi 10mg,250,250,7,0,True,2026-09-06 08:37:59
141373769,V7G503,VELO Berry Frost Mini 6mg,180,180,5,10,True,2026-09-06 08:37:59
141373654,W6701W,ZYN Cool Mint 11mg (3 Dot) Strong Nicotine Pouches 1 Can,200,200,30,5,True,2026-09-06 08:37:59
141374258,r1vf-483,ZYN Cool Watermelon 6mg (2 Dot) Medium Nicotine Pouches 1 Can,150,150,14,0,True,2026-09-06 08:37:59
143785511,r1vf-9001,ZYN Menthol Ice 11mg (3 Dot) Strong Nicotine Pouches 1 Can,220,220,12,0,True,2026-08-11 08:19:02
141374259,r1vf-484,ZYN Cool Watermelon 11mg (3 Dot) Strong Nicotine Pouches 1 Can,200,200,12,5,True,2026-09-06 08:37:59
142007356,r1vf-40016,ZYN Cool Mint 16.5mg (6 Dot) Max Nicotine Pouches 1 Can,250,250,13,8,True,2026-09-06 08:37:59
141374607,r1vf-1351,ZYN Fresh Mint 11mg (3 Dot) Strong Nicotine Pouches 1 Can,200,200,10,5,True,2026-09-06 08:37:59
141373657,15TMU6,ZYN Cool Mint 6mg (2 Dot) Medium Nicotine Pouches 1 Can,150,150,12,5,True,2026-09-06 08:37:59
141374078,r1vf-501,ZYN Cool Mint 13.5mg (5 Dot) XX-Strong Nicotine Pouches 1 Can,250,250,16,0,True,2026-09-06 08:37:59
141373655,C8QR08,ZYN Sour Ruby 11mg (3 Dot) Strong Nicotine Pouches 1 Can,200,200,18,5,True,2026-09-06 08:37:59
141374606,r1vf-1350,ZYN Fresh Mint 6mg (2 Dot) Medium Nicotine Pouches 1 Can,150,150,8,5,True,2026-09-06 08:37:59
141373653,I3G6NY,ZYN Cool Blueberry 11mg (3 Dot) Strong Nicotine Pouches 1 Can,200,200,9,5,True,2026-09-06 08:37:59
141373658,74H34L,ZYN Cool Blueberry 6mg (2 Dot) Medium Nicotine Pouches 1 Can,150,150,20,0,True,2026-09-06 08:37:59
141373656,7D6X27,ZYN Sour Ruby 6mg (2 Dot) Medium Nicotine Pouches 1 Can,150,150,59,0,True,2026-09-06 08:37:59
143785512,r1vf-9002,ZYN Menthol Ice 13.5mg (5 Dot) XX-Strong Nicotine Pouches 1 Can,250,250,6,0,True,2026-08-14 14:22:36
141372743,SAEWY6,Dunhill Lights,600,600,88,5,True,2026-09-06 08:37:59
141372733,HT9J59,Capstan by Pall Mall,250,250,62,5,True,2026-09-06 08:37:59
141370524,6M83A0,Marlboro Gold,550,550,36,5,True,2026-09-06 08:37:59
141372736,8T7059,John Player Gold Leaf Classic,500,500,47,5,True,2026-09-06 08:37:59
141372734,YLAHO3,Dunhill Switch,650,650,33,5,True,2026-09-06 08:37:59
141372738,9103B0,Benson & Hedges Special Filter,300,300,37,5,True,2026-09-06 08:37:59
141372741,7H7TI0,John Player Cigarettes,250,250,15,5,True,2026-09-06 08:37:59
141372744,S6225J,Dunhill Special,600,600,36,5,True,2026-09-06 08:37:59
141375818,r1vf-3068,Capstan by Pall Mall Elite 1 Unit,270,270,11,5,True,2026-09-06 08:37:59
141373519,46T6XH,Crafted by Marlboro,185,185,28,5,True,2026-09-06 08:37:59
142713555,r1vf-3398,Lucky Strike Berry 1 Unit,250,250,2,0,True,2026-06-16 15:21:44
141370525,6TBI6O,Parliament Night Blue,220,220,11,5,True,2026-09-06 08:37:59
141370519,Q56TO9,Marlboro Red,550,550,18,10,True,2026-09-06 08:37:59
141372745,PN5L3U,Capstan Filter 20HL,250,250,5,5,True,2026-09-06 08:37:59
142713556,r1vf-3399,Lucky Strike Mint 1 Unit,250,250,5,5,True,2026-06-10 08:21:11
141370521,1CDU97,Red & White (Firm Filter),200,200,16,5,True,2026-09-06 08:37:59
141370520,4U97O6,Morven Classic,190,190,4,5,True,2026-09-06 08:37:59
141370522,4003J1,Diplomat,190,190,30,5,True,2026-09-06 08:37:59
141372742,70V2NG,Goldflake by Rothmans,250,250,16,5,True,2026-09-06 08:37:59
141370523,5O282H,Red & White Special,260,260,19,5,True,2026-09-06 08:37:59
141372739,HJX4ON,Embassy Filter-20SS,125,250,2,5,True,2026-06-26 08:04:44
143072098,IZ0Q33,Al Kareem Mazafati 600g,550.05,579,1,0,True,2026-09-02 19:24:11
141374502,zj7v-519,IVG Regal Mesh Disposable 6000 Puffs Blue Raspberry Peach Ice 2% 1 Piece,3199,3499,1,3,True,2026-06-09 12:49:24
141375590,r1vf-1425,Infinity Disposable Watermelon Bubblegum Ice 8000 Puffs (55mg) 1 Unit,3399,3800,1,8,True,2026-09-04 19:01:17
141374508,zj7v-525,IVG Regal Mesh Disposable 6000 Puffs Strawberry Watermelon Ice 2% 1 Piece,3199,3499,1,3,True,2026-06-01 09:37:09
141375592,r1vf-1427,Infinity Disposable Pineapple Ice 8000 Puffs (55mg) 1 Unit,2774,3800,3,8,True,2026-09-06 08:37:59
141374614,r1vf-1360,IVG Recharge Prefilled Pro Pod Blue Raspberry Ice (2ml) 1 Unit,750,850,1,0,True,2026-09-06 08:37:59
141374685,ays9-125,Infinity Bar Black Grape Ice 5000 Puffs 1 Piece 35mg,3099,3500,1,3,True,2026-08-07 11:03:18
141373567,Z8326A,IVG Regal Berry Lemonade Ice 1 Piece 6000 Puffs 50mg,3199,3499,1,0,True,2026-06-30 15:38:53
141375594,r1vf-1453,Infinity Disposable Baby Bear Ice 8000 Puffs (55mg) 1 Unit,3399,3800,1,8,True,2026-08-28 16:34:14
141371984,Z25P5J,RELX Pod Pro 2-1 Pod Pack-Tangy Grape-30mg/g-STD-M,1199,1199,1,100,True,2026-09-06 08:37:59
141374686,ays9-126,Infinity Bar Guava Mango Ice 5000 Puffs 1 Piece 35mg,3099,3500,1,3,True,2026-06-30 18:09:49
141371983,44ZCAK,RELX Pod Pro 2-1 Pod Pack-Menthol Xtra-50mg/g-STD-M,1199,1199,5,100,True,2026-09-06 08:37:59
141374723,idf-202,Infinity Disposable 8000 Puffs Mango Passion Fruit Ice (55mg) 1 Unit,3399,3800,3,3,True,2026-09-06 08:37:59
141374722,idf-201,Infinity Disposable 8000 Puffs Strawberry Slushies Ice (55mg) 1 Unit,3399,3800,3,3,True,2026-09-06 08:37:59
141375591,r1vf-1426,Infinity Disposable Spearmint Ice 8000 Puffs (55mg) 1 Unit,3399,3800,2,8,True,2026-09-06 08:37:59
141371975,M1186Y,RELX Pod Pro 2-1 Pod Pack-Lemon Mint-50mg/g-STD-M,1199,1199,4,100,True,2026-09-06 08:37:59
141374725,idf-204,Infinity Disposable 8000 Puffs Lemon Mint Ice (55mg) 1 Unit,2774,3800,2,3,True,2026-09-06 08:37:59
144013974,r1vf-2590,ZYN Apple Mint 11mg (3 Dot) Strong Nicotine Pouches 1 Can,200,200,5,10,True,2026-09-06 08:37:59
141375974,r1vf-3486,TEREA Silver 1 Packet (20 Smartcore sticks),500,500,12,0,True,2026-09-06 08:37:59
141375973,r1vf-3485,TEREA Amber 1 Packet (20 Smartcore sticks),500,500,20,0,True,2026-09-06 08:37:59
141375972,r1vf-3484,TEREA Turquoise 1 Packet (20 Smartcore sticks),500,500,14,5,True,2026-09-06 08:37:59
141374434,r1vf-1165,L'Oreal Paris Revitalift Hyaluronic Acid Hydrating Gel-cleanser Facewash 100ml,1079.1,1199,1,8,True,2026-07-20 10:25:51
141368560,3HI0M5,Garnier Skin Active Hydra Bomb Pomegranate Tissue Face Mask For Hydrating And Replenishing 32g,629.1,699,1,10,True,2026-07-21 17:33:32
141877052,r1vf-4504,L'Oreal Paris Revitalift Hyaluronic Acid Oil Control Face Wash 100ml,839.16,999,5,8,True,2026-09-06 08:38:18
141372754,Z33A8Y,Pond's Light Moisturiser Cream 75ml,449.1,499,2,7,True,2026-09-06 08:38:18
141372755,A4Z89B,POND'S SUPER LIGHT GEL 50ML,849.15,999,7,7,True,2026-09-06 08:38:18
141371177,W8WSEV,POND'S BRIGHT BEAUTY FACEWASH 100G,468,520,2,5,True,2026-09-06 08:38:18
141374260,r1vf-490,L'Oreal Glycolic Face Wash 100ml,799.2,999,1,0,True,2026-07-13 15:49:27
141371113,4E72K4,POND'S BRIGHT BEAUTY FACEWASH 50G,322,350,6,5,True,2026-09-06 08:38:18
141371160,MT78RW,POND'S PURE DETOX FACEWASH 100G,468,520,3,5,True,2026-09-06 08:38:18
141368564,4B8K62,Garnier Skin Active Bright Complete Vitamin C Face Wash 50ml,332.1,369,1,100,True,2026-07-30 15:21:51
141371115,FZ789L,POND'S HONEY AND ALMOND LOTION 65ML,225.6,240,45,5,True,2026-09-06 08:38:18
141371116,41176A,POND'S MOISTURISING BODY LOTION 100ML,329,350,14,0,True,2026-09-06 08:38:18
141373247,9URSCM,GLOW AND LOVELY HYDRAGLOW 60G,495,550,5,0,True,2026-09-06 08:38:18
141375201,r1vf-2029,Palmolive Naturals Hydrating Glow Bar Soap 130g,141,150,4,0,True,2026-07-21 11:57:25
141374719,r1vf-1402,Garnier Salicylic Micellar Cleansing Water for Acne Prone Skin 125ml,809.1,899,1,0,True,2026-08-18 04:47:01
141373525,496ZRZ,Ponds Body Lotion 65ml,225.6,240,49,0,True,2026-09-06 08:38:18
141371176,088XJJ,POND'S BRIGHT BEAUTY DAY CREAM 50G,418.5,450,7,5,True,2026-09-06 08:38:18
141371434,9DP6MG,GLOW AND HANDSOME MEN FACEWASH 50G,209,220,1,0,True,2026-09-05 18:08:55
141368563,3S2P7O,Garnier Fairness Face Wash Light Complete 100ml,619,619,2,100,True,2026-08-02 11:29:29
141371161,9RHM33,POND'S PURE DETOX FACEWASH 50G,276,300,14,0,True,2026-09-06 08:38:18
141373522,VY4XC5,POND'S ACNE CONTROL FACEWASH 50G,276,300,12,100,True,2026-09-06 08:38:18
141374430,r1vf-1157,Garnier Fast Clear Face Wash for Acne-prone Skin 50ml,369,369,1,8,True,2026-08-02 09:19:49
141372859,I78JPH,The Lotion By Kure - Cocoa & Shea Glow 125ML,390,390,6,100,True,2026-09-06 08:38:18
141370328,J68X19,Himalaya Aloe Vera Face Wash 50ml,319.8,410,32,100,True,2026-09-06 08:38:18
141372861,N6REND,The Lotion By Kure - UV Daily Brightening 125ML,390,390,1,100,True,2026-09-06 08:38:18
141371074,4V8585,Glow & Lovely Advanced Multi Vitamin Serum in Cream,304,320,47,0,True,2026-09-06 08:38:18
142112224,65247926,GLOW AND LOVELY SUNSCREEN 25G,212.5,250,43,3,True,2026-09-06 08:38:18
141372862,4U54O8,The Lotion By Kure - Cocoa & Shea Glow 225ML,600,600,16,100,True,2026-09-06 08:38:18
141368567,803S25,Garnier Men Acno Fight Anti-Pimple Face Wash 50ml,352.92,519,1,0,True,2026-08-13 11:11:44
141371075,XMX2VW,GLOW AND LOVELY INSTA GLOW FACEWASH 50G,209,220,7,12,True,2026-09-06 08:38:18
141374429,r1vf-1156,Garnier Fast Clear Face Wash for Acne-prone Skin 100ml,557.1,619,1,0,True,2026-07-15 17:29:02
141371072,DHTKPZ,GLOW AND LOVELY MULTI VITAMIN CREAM 25G,199,199,36,5,True,2026-09-06 08:38:18
141372060,JWC54J,Posch Petroleum Jelly 100 g,258,258,3,100,True,2026-09-06 08:38:18
141370323,K8NZ6G,Himalaya Purifying Neem Face Wash 100 ml,590,590,11,100,True,2026-09-06 08:38:18
141372860,HT7P1H,The Lotion By Kure - Body Milk 125ML,390,390,14,100,True,2026-09-06 08:38:18
141368556,9M4QNE,"Garnier Skin Active Pure Active Neem Purifying Face Wash, For Normal to Oily Skin 100ml",502.97,689,1,0,True,2026-09-06 08:38:18
141368570,3HQB98,Garnier Men Power White Face Wash 50ml,378.87,519,1,100,True,2026-09-05 18:08:55
141368568,VM3O02,Garnier Men Acno Fight Anti Pimple Face Wash 100ml,854.1,949,1,100,True,2026-08-29 17:08:29
141372079,83R7PJ,POND'S MOISTURISING BODY LOTION 200ML,564,600,3,0,True,2026-09-06 08:38:18
141373521,FD1HQ5,Pond's Acne Control Control Face Wash 100g,540,600,4,100,True,2026-09-06 08:38:18
141368557,718W72,Garnier Skin Active Pure Active 3 In 1 Clay Facewash + Scrub +Mask 100ml,889,889,1,0,True,2026-06-30 18:11:20
141371958,085G7K,Nivea Lotion 250Ml Cocoa Butter,1104.15,1299,1,100,True,2026-05-23 11:26:40
141372863,326T50,The Lotion By Kure - UV Daily Brightening 225ML,600,600,10,100,True,2026-09-06 08:38:18
141372858,3HV70V,The Lotion By Kure - Body Milk 225ML,600,600,18,100,True,2026-09-06 08:38:18
141373601,6D04WX,POND'S BRIGHT BEAUTY SERUM 30ML,1255.5,1350,14,0,True,2026-09-06 08:38:18
141368571,HT2R54,Garnier Men Power White Face Wash 100ml,854.1,949,5,100,True,2026-09-06 08:38:18
141370329,533ZN3,Himalaya Neem Face Wash 50ml ,360,360,18,100,True,2026-09-06 08:38:18
141372690,2WK5H0,Caresse Glow Moisturizing Cleansing Milk 200ml,297.5,350,3,0,True,2026-09-06 08:38:18
141368569,NXTTUG,Garnier Men Face Wash Oil Clear 100ml,577.32,849,1,100,True,2026-08-24 04:57:39
141371076,I5Q3TI,GLOW AND LOVELY INSTA GLOW FACEWASH 80G,361,380,40,5,True,2026-09-06 08:38:18
141372503,RBYAA1,Posch Care Vitamin C Face Mist 100ml,585,750,3,0,True,2026-09-06 08:38:18
141371951,36YD52,Caresse Crack Heel Cream 50Gm,255,300,1,0,True,2026-09-06 08:38:18
143761701,r1vf-525,Pond's Bright Beauty Gel 50g,850,1000,11,3,True,2026-09-06 08:38:18
141372865,G18568,The Lotion By Kure - Ultra-Rich 225ML,600,600,17,100,True,2026-09-06 08:38:18
141371952,6115GE,Caresse Body Lotion 400Ml Instant White,875,875,1,0,True,2026-08-26 16:58:10
141370322,82UN1M,Himalaya Face Wash Purifying Neem 150 ml,720,720,17,100,True,2026-09-06 08:38:18
141370330,ABFI66,Himalaya Face Wash Clear Complexion Whitening 50ml,410,410,28,0,True,2026-09-06 08:38:18
141373868,r1vf-12,Posch Hyaluronic Acid Face Wash 100ml,507,650,5,0,True,2026-09-06 08:38:18
142112223,65247924,GLOW AND LOVELY SUNSCREEN 50G,425,500,1,3,True,2026-09-06 08:38:18
141372678,IN1145,Caresse Instant Fairness Lotion 100ml,300,300,6,100,True,2026-09-06 08:38:18
141370326,O32JG3,Himalaya Face Wash 100Ml Fruity Oil Clear Strawberry,530.4,680,1,100,True,2026-09-02 19:24:44
141372864,95Y5JD,The Lotion By Kure - Ultra-Rich 125ML,390,390,20,100,True,2026-09-06 08:38:18
141372034,3X8C6C,Posch Vitamin C Facewash 100ml,507,650,5,100,True,2026-09-06 08:38:18
141374572,r1vf-1042,Serne Prickly Heat Cream 45g,140,140,1,6,True,2026-03-25 08:06:44
141372365,V7C22J,Tag Mosquito Repellent Lotion,156,195,1,100,True,2026-07-15 09:19:01
141419187,virtual-430,Off! Familycare Lotion 50ml,470,550,39,8,True,2026-09-06 08:38:18
143761702,r1vf-526,Pond's Super Light Gel 25g,595,700,57,3,True,2026-09-06 08:38:18
143761700,r1vf-524,Glow & Lovely Winter Bright Jar 62ml,399,399,71,3,True,2026-09-06 08:38:18
141372062,L48EMA,Hemani Advance Whitening Face Wash 100ml ,330,330,2,100,True,2026-09-06 08:38:18
141371551,50YQ0W,Hemani Saffron Whitening Foaming Face Wash 150 ml,487.5,625,2,0,True,2026-09-06 08:38:18
141371901,F53104,Hemani Neem Anti Acne Foaming Face Wash 150ml,487.5,625,5,100,True,2026-09-06 08:38:18
141370633,ZGVK7O,Hemani Rose Water Facial Spray 120 Ml,263.5,310,1,100,True,2026-08-15 07:44:45
141371899,908I50,Hemani Facial Scrub 150Ml Whitening,532.9,730,1,0,True,2026-08-14 05:47:00
141373723,V147K7,"L'Oreal Paris Glycolic Bright Instant Glowing Serum 15ml
",1649,1649,4,100,True,2026-09-06 08:38:18
141372210,BEI87E,L'Oreal Paris Innovation Revitalift Hyaluronic Acid 1.5% Hyaluron Serum 30ml,2249.25,2999,1,100,True,2026-09-06 08:38:18
141372206,CDF1Q0,Garnier Color Naturals Deer Brown Hair Color 7.7 Enriched With 3 Essential Oils,679.32,999,1,100,True,2026-08-13 14:31:37
141372216,W6Z08M,L'Oreal Paris Revitalift 1.5% Hyaluronic Acid Face Serum 15ml,1799.1,1999,4,100,True,2026-06-14 17:35:32
141374937,r1vf-1691,Foliboost Hair Serum 45ml,2098,2098,2,8,True,2026-09-06 08:38:18
141373725,YG7EC4,"L'Oreal Paris Glycolic Bright Instant Glowing Serum 30ml - Anti-Dark, Spot Brightening Face Serum
",2399,2399,1,100,True,2026-09-06 08:38:18
141372030,GLASS9,Swansi Vitamin C Serum 30ml,920,920,5,100,True,2026-09-06 08:38:18
141370667,8C9323,Colgate MaxFresh Cooling Crystals Peppermint Ice Toothpaste 125g,312.8,340,3,5,True,2026-09-02 08:43:39
141370955,0E1EDS,Colgate Slim Soft Charcoal Toothbrush 1 Piece,161.5,190,11,5,True,2026-09-06 08:38:18
141370402,4QE85B,Colgate Max Blue Local Toothpaste 75g,220.8,230,7,0,True,2026-09-06 08:38:18
141370660,I17628,Colgate Maximum Cavity Protection Toothpaste 40g,75,75,6,5,True,2026-09-06 08:38:18
141370664,YD7IVX,Colgate ToothPaste Herbal 45g,75,75,1,5,True,2026-08-29 11:02:28
141370962,0238O4,Colgate Slimsoft Toothbrush ,161.5,190,5,5,True,2026-09-06 08:38:18
141369577,60GU51,Gorey Tooth Brush Zoom,85,85,287,100,True,2026-09-06 08:38:18
141370665,18PGOI,Colgate Max Red Local Toothpaste 75g,220.8,230,6,5,True,2026-09-06 08:38:18
141372455,6ZSI0G,English Toothbrush Pro- Whitening Expert Soft 1 Packet,140,140,9,0,True,2026-09-06 08:38:18
141370661,8S6NGZ,Colgate Toothpaste Regular 100g,225.6,240,1,5,True,2026-08-25 04:51:40
141370666,4J257F,Colgate MaxFresh Spicy Fresh Toothpaste 125g,312.8,340,5,5,True,2026-09-06 08:38:18
141372147,GJEV1L,Colgate Optic White Mint Plus Mineral 100g,360,400,4,5,True,2026-09-06 08:38:18
141375190,r1vf-2017,Colgate Premier Clean Toothbrush Twin Pack (Soft) 1 Packet,138,150,1,5,True,2026-09-01 19:24:51
141375202,r1vf-2032,Colgate Extra Clean Toothbrush Triple Pack (Medium) 1 Packet,202.4,220,4,5,True,2026-09-06 08:38:18
141375694,r1vf-2433,Colgate Anticavity Strawberry Kids Toothpaste (2 to 6 Years) 60g,153,170,1,5,True,2026-09-01 09:23:18
141370960,XG6GKN,Colgate Total Charcoal Toothpaste 100g,360,400,2,5,True,2026-09-05 13:26:54
141370982,92C7Y6,Colgate Herbal Toothpaste 150g,308.2,335,1,0,True,2026-09-04 08:50:54
141372145,J8B8EC,Colgate Sensitive Pro-Relief Original Toothpaste 100g,405,450,2,5,True,2026-09-06 08:38:18
141370957,4Y2MW6,Colgate Tooth Brush 360 Degree,212.5,250,5,0,True,2026-09-06 08:38:18
141370662,QWL52Q,Colgate Toothpaste Regular 150g,322,350,8,5,True,2026-09-06 08:38:18
141370663,G7PKW8,Colgate Maximum Cavity Protection Toothpaste Regular 200g,404.8,440,4,5,True,2026-09-06 08:38:18
141370394,K5LK09,Colgate Max Green Local Toothpaste 75g,220.8,230,4,5,True,2026-09-06 08:38:18
141370968,2AWVJH,Colgate Freshmint Splash Mouth Wash Plax 500ml,748,850,2,5,True,2026-09-06 08:38:18
141375693,r1vf-2432,Colgate Anticavity Bubble Fruit Flavor Kids Toothpaste (2 to 6 Years) 60g,153,170,4,5,True,2026-09-06 08:38:18
141372473,M7G21N,Soda White Toothpaste Large,220,220,3,100,True,2026-09-06 08:38:18
141375188,r1vf-2015,Colgate Premier Clean Toothbrush Triple Pack (Medium) 1 Packet,184,200,2,5,True,2026-09-06 08:38:18
141370986,W0PD8J,Colgate Total Advanced Health Toothpaste 150g - Regular,440,500,4,5,True,2026-09-06 08:38:18
141375193,r1vf-2020,Colgate Zig Zag Toothbrush Twin Pack (Soft) 1 Packet,179.4,195,1,5,True,2026-09-06 08:38:18
141372453,234M16,English Toothbrush Pro- Whitening Expert Medium 1 Packet,140,140,6,100,True,2026-09-06 08:38:18
141372463,AU76UF,KURE Toothbrush 4X Deep Reach Soft,140,140,108,0,True,2026-09-06 08:38:18
141374467,r1vf-1200,Jazaa Miswak 8 Inches 1 Unit,45,50,28,8,True,2026-09-06 08:38:18
141370959,73B19Y,Colgate Tooth Brush 360 Degree Sensitive,221,260,7,0,True,2026-09-06 08:38:18
141372466,PUU273,KURE Toothbrush 2x Whitening Action Medium,160,160,125,100,True,2026-09-06 08:38:18
141369578,E171UI,Gorey's Smokerz Toothbrush (Extra Hard),120,120,318,100,True,2026-09-06 08:38:18
141375189,r1vf-2016,Colgate Premier Clean Toothbrush Triple Pack (Soft) 1 Packet,184,200,3,5,True,2026-09-06 08:38:18
141372142,F44U90,Colgate Herbal Toothpaste 200g,381.8,415,5,5,True,2026-09-06 08:38:18
141372362,08031T,English Regularmint Toothpaste Large 1 Piece,140,140,1,100,True,2026-09-06 08:38:18
141372457,MZ7001,Soda White Toothpaste Brush Pack,268.8,280,130,100,True,2026-09-06 08:38:18
141375192,r1vf-2019,Colgate Zig Zag Toothbrush Triple Pack (Soft) 1 Packet,239.2,260,6,5,True,2026-09-06 08:38:18
141375191,r1vf-2018,Colgate Zig Zag Toothbrush Triple Pack (Medium) 1 Packet,239.2,260,3,5,True,2026-09-06 08:38:18
141370967,8E82C3,Colgate Peppermint Fresh Mouth Wash Plax 500ml ,748,850,2,5,True,2026-09-06 08:38:18
141375187,r1vf-2014,Colgate Extra Clean Toothbrush Twin Pack (Soft) 1 Packet,151.8,165,4,5,True,2026-09-06 08:38:18
141375195,r1vf-2023,Colgate Navigator Plus Toothbrush 1 Unit,202.4,230,4,5,True,2026-09-06 08:38:18
141372468,Q6561F,KURE Toothbrush 2x Whitening Action Soft,160,160,127,100,True,2026-09-06 08:38:18
141375203,r1vf-2031,Colgate Extra Clean Toothbrush Triple Pack (Soft) 1 Packet,202.4,220,2,5,True,2026-09-06 08:38:18
141369579,K0N519,Gorey's Reflex Toothbrush (Soft),60,60,1,100,True,2026-09-06 08:38:18
141372454,SX8O8I,English Tooth Paste 135Gm,197.1,270,1,100,True,2026-09-06 08:38:18
141372475,BRUPUL,English Toohbrush Sensitive Pro-Healthy Clean Soft 1 Packet,116.8,160,10,100,True,2026-09-06 08:38:18
141370972,PIR7QK,Colgate Maximum Cavity Protection Toothpaste 300g,625.6,680,3,5,True,2026-09-06 08:38:18
141370647,J5V2W7,Palmolive Naturals Hydrating Glow Bar Soap 98g,122.88,128,7,24,True,2026-09-06 08:38:18
141373520,M9YB1D,LUX ROSE PINK SOAP BAR 125G TRIO,436.5,450,7,5,True,2026-09-06 08:38:18
141370393,OL0628,Dettol Soap Skincare 90g - Pack of 3,333,370,5,5,True,2026-09-06 08:38:18
141371454,WZ5T59,LUX VELVET TOUCH WHITE SOAP BAR 49G,75,75,2,0,True,2026-08-30 14:51:14
141370976,XIBKTN,Palmolive Naturals Refreshing Glow Bar Soap Saver Packet 5 Pieces x 98g,601.4,620,6,100,True,2026-09-06 08:38:18
141374656,r1vf-1268,LUX ORCHID BODYWASH BOTTLE 520ML,748,850,10,5,True,2026-09-06 08:38:18
141368839,R4O2FV,Safeguard Body Soap Pure White 125g,175,175,1,12,True,2026-07-18 06:19:55
141371110,6D5S9V,LUX VELVET TOUCH WHITE SOAP BAR 130G,160,160,1,5,True,2026-09-05 13:26:54
141372506,J87WPZ,Dettol Soap Skincare 160g,167.16,199,6,5,True,2026-09-06 08:38:18
141369194,F0E25D,Dettol Antibacterial Soap Original 160g,173.13,199,5,5,True,2026-09-06 08:38:18
141370648,MWWBGZ,Palmolive Naturals Radiant Glow Bar Soap 130g,152,160,1,100,True,2026-09-02 08:43:39
141371453,B92Z0Q,LUX VELVET TOUCH WHITE SOAP BAR 100G TRIO,358.9,370,5,5,True,2026-09-06 08:38:18
141371102,G64892,LIFEBUOY MILD CARE SOAP BAR TRIO 125G,368.6,380,5,5,True,2026-09-06 08:38:18
141374660,r1vf-1272,LUX ALOE VERA BODYWASH BOTTLE 250ML,413.6,470,7,0,True,2026-09-06 08:38:18
141370646,2896A1,Palmolive Naturals Moisturizing Glow Bar Soap 98g,122.88,128,10,100,True,2026-09-06 08:38:18
141370958,S39IAK,Palmolive Refreshing Glow Naturals Bar Soap Saver Pack 3 Pieces x 98g,353.08,364,6,12,True,2026-09-06 08:38:18
141370649,J1F0BZ,Palmolive Naturals Moisturizing Glow Bar Soap 130g,152,160,10,100,True,2026-09-06 08:38:18
141368576,TYY0E1,Safeguard Body Soap Pure White (Bundle of 3) 125g ,510,510,1,3,True,2026-07-09 18:10:25
141370893,YKNWP2,"Nivea Men Deep Shower Gel, Micro Fine Clay, Woody Scent, 250 ml",1275,1500,1,100,True,2026-06-05 16:09:04
141371632,YSMSEI,Dettol Soap Cool 90g - Pack of 3,351.5,370,4,3,True,2026-09-06 08:38:18
141374659,r1vf-1271,LUX ROSE BODYWASH BOTTLE 250ML,413.6,470,2,5,True,2026-09-06 08:38:18
141372002,P5PZ15,English Neem Soap 95g,250,250,5,100,True,2026-09-06 08:38:18
141374658,r1vf-1270,LUX ORCHID BODYWASH BOTTLE 250ML,413.6,470,7,0,True,2026-09-06 08:38:18
141371112,9XLRM8,LUX VELVET TOUCH WHITE SOAP BAR 170G,184.3,190,6,0,True,2026-09-06 08:38:18
141371105,8EA30B,LIFEBUOY TOTAL SOAP BAR 125G,130,130,3,0,True,2026-09-06 08:38:18
141371159,XX6416,LUX FRESH SPLASH GREEN 125G,160,160,12,0,True,2026-09-06 08:38:18
141371104,X56IQI,LIFEBUOY LEMON FRESH SOAP BAR 125G,130,130,3,5,True,2026-09-06 08:38:18
141368666,H285CI,Dettol Antibacterial Soap Original 90g - Pack of 3,351.5,370,4,3,True,2026-09-06 08:38:18
141370400,9782P0,Palmolive Naturals Refreshing Glow Bar Soap 130g�,152,160,15,100,True,2026-09-06 08:38:18
141370650,BGV5EG,Palmolive Naturals Refreshing Glow Bar Soap 98g,122.88,128,9,0,True,2026-09-06 08:38:18
141370979,BK75QD,Palmolive Radiant Glow Naturals Bar Soap Saver Pack 3 Pieces x 130g,436.5,450,2,12,True,2026-09-03 08:53:27
141368820,KJ5Q4U,Dettol Cool Soap 120g,147.25,155,3,5,True,2026-09-06 08:38:18
141368836,KRB11K,Safeguard Soap Pure White 3 Pieces x 175g,660,660,1,18,True,2026-03-26 14:33:39
141368835,5U0Q29,Safeguard Soap Pure White 175g,225,225,1,12,True,2026-05-23 06:45:40
141368668,DIA5DE,Dettol Soap Cool 120g - Pack of 4,522,580,6,3,True,2026-09-06 08:38:18
141368841,0U4QDU,Safeguard Body Soap Lemon Fresh (Bundle of 3) 125g ,510,510,2,3,True,2026-09-06 08:38:18
141371101,J1PF42,LIFEBUOY MILD CARE SOAP BAR 125G,130,130,1,5,True,2026-09-06 08:38:18
141371109,18I9D6,Lux Allure Bar Soap Velvet Glow 100g,130,130,9,5,True,2026-09-06 08:38:18
141368856,BA25WR,Safeguard Soap Lemon Fresh 3 Pieces x 175g,660,660,1,3,True,2026-06-17 18:35:57
141370978,1KZHN6,Protex Aloe Bar Soap Saver Pack 3 Pieces x 130g,423.2,460,1,100,True,2026-07-08 09:35:30
141372512,YZQ8QE,Dettol Soap Skincare 120g,139.5,155,3,5,True,2026-09-06 08:38:18
141368627,151L19,Dettol Soap Skincare 80g,130,130,1,5,True,2026-08-26 16:58:10
141804921,F54J1D,Safeguard Floral Scent Body Soap (Bundle Of 3) 103g,375,375,2,3,True,2026-08-15 07:44:45
141368840,5G7KGP,Safeguard Body Soap Floral Scent 125g (Bundle of 3),510,510,1,3,True,2026-07-15 17:29:02
141373235,ZFI0C0,Power Plus Liquid Soap Olive 500ml,198.56,272,1,100,True,2026-09-05 13:26:54
141368624,1YJ02P,Dettol Antibacterial Soap Original 90g,130,130,2,5,True,2026-09-06 08:38:18
141376625,67BBTD,Power Plus Liquid Soap Peach 500ml,198.56,272,2,100,True,2026-09-06 08:38:18
141368667,6316WM,Dettol Antibacterial Soap Original  120g - Pack of 4,522,580,5,0,True,2026-09-06 08:38:18
141804906,2WPTT0,Safeguard Body Soap Lemon Fresh 103g,130,130,1,0,True,2026-08-13 17:07:50
141368625,33VK39,Dettol Soap Cool 90g,130,130,3,5,True,2026-09-06 08:38:18
141373524,GCK9AT,LIFEBUOY TOTAL SOAP BAR TRIO 125G,380,380,13,5,True,2026-09-06 08:38:18
141371106,2508F1,LUX LOTUS PURPLE SOAP BAR 128G,160,160,7,5,True,2026-09-06 08:38:18
141372513,LL4478,Dettol Cool Soap 160g,173.13,199,8,5,True,2026-09-06 08:38:18
141371780,4084H6,LIFEBUOY TOTAL SOAP BAR 100G,110,110,4,5,True,2026-09-06 08:38:18
141368628,5Q2MSH,Dettol Antibacterial Soap Original 120g,147.25,155,3,5,True,2026-09-06 08:38:18
141371111,5A35J7,LUX VELVET TOUCH WHITE SOAP BAR 64G,92.07,99,2,5,True,2026-07-28 06:38:43
141371107,829RM1,LUX ROSE PINK SOAP BAR 100G,130,130,8,5,True,2026-09-06 08:38:18
141371173,4O1D19,LIFEBUOY MILD CARE SOAP BAR 70G,75,75,46,5,True,2026-09-06 08:38:18
141371108,413SPH,LUX ROSE PINK SOAP BAR 128G,160,160,2,0,True,2026-09-06 08:38:18
141371436,46062D,LIFEBUOY NATURE SOAP BAR 70G,75,75,63,0,True,2026-09-06 08:38:18
141804907,IVD509,Safeguard Pure White Soap 103g,130,130,1,9,True,2026-05-19 16:37:45
141371437,P8PYRR,LIFEBUOY TOTAL SOAP BAR 70G,75,75,92,12,True,2026-09-06 08:38:18
141369176,62HBRU,Oasis Liquid Hand Wash Green Apple 500ml,264,300,4,0,True,2026-09-06 08:38:18
141369175,EC90U2,Oasis Liquid Hand Wash Aloe Vera & Cucumber 500ml,264,300,7,5,True,2026-09-06 08:38:18
141368641,P7188L,Dettol Handwash Skincare Pump 150ml,350,350,9,5,True,2026-09-06 08:38:18
141373737,4WZS5I,Palmolive Naturals Liquid Handwash Milk & Honey Refill Pouch 450ml,437,475,5,100,True,2026-09-06 08:38:18
144113578,KBKLN2,Oasis Hand Wash Berrylicious 500 ml,264,300,12,0,True,2026-09-06 08:38:18
144113573,EM5IUQ,Oasis Hand Wash Silky Rose 500 ml,264,300,3,0,True,2026-09-06 08:38:18
141371089,XZJ710,LIFEBUOY MILD CARE HANDWASH 200ML,266,280,2,5,True,2026-09-06 08:38:18
141371092,7Q35R2,LIFEBUOY TOTAL HANDWASH 900ML,807.5,850,4,0,True,2026-09-06 08:38:18
141373736,ECUH40,Palmolive Naturals Liquid Handwash Milk & Honey Bottle 225ml,323,340,12,100,True,2026-09-06 08:38:18
144113576,F30U9F,Oasis Liquid Hand Wash Royal Grapes 500ml,264,300,6,0,True,2026-09-06 08:38:18
141371093,J8K51B,LIFEBUOY TOTAL HANDWASH 200ML,266,280,5,5,True,2026-09-06 08:38:18
141376217,r1vf-4261,LUX TANGERINE ORANGE SOAP BAR 130G,160,160,8,0,True,2026-09-06 08:38:18
141371088,2J6XV8,LIFEBUOY ACTIVE FRESH HANDWASH 900ML,790.5,850,4,5,True,2026-09-06 08:38:18
141368639,619598,Dettol Liquid Hand Wash Pump Skincare 250ml,550,550,8,0,True,2026-09-06 08:38:18
144113575,8M6ZJL,Oasis Hand Wash Silky Creamy Peach 500 ml,264,300,6,0,True,2026-09-06 08:38:18
141373734,C4COS8,Palmolive Hand Wash 225Ml White Tea,323,340,6,100,True,2026-09-06 08:38:18
141372059,G54546,Swansi Blueberry Handwash 500ml,350,350,1,100,True,2026-07-11 17:12:45
141373731,1H42E3,Palmolive Naturals Liquid Handwash Aloe & Chamomile Refill Pouch 450ml,437,475,11,100,True,2026-09-06 08:38:18
141372508,51XF81,Dettol Liquid Hand Wash Skincare Refill 750ml,889.11,999,5,0,True,2026-09-06 08:38:18
141371157,CZW0G0,LIFEBUOY MILD CARE HANDWASH POUCH 400ML,427.5,450,7,0,True,2026-09-06 08:38:18
141368643,Z2M4Q2,Dettol Hand Wash Refill Skincare 150ml,275,275,4,5,True,2026-09-06 08:38:18
141690098,U7T3MP,LUX LAVENDER HANDWASH POUCH 450ML,484,550,77,5,True,2026-09-06 08:38:18
141376216,r1vf-4260,LUX TANGERINE ORANGE SOAP BAR 100G,130,130,60,0,True,2026-09-06 08:38:18
141368642,BS81QX,Dettol Hand Wash Original Refill 150ml,214.5,275,9,0,True,2026-09-06 08:38:18
144113577,2QQN74,Oasis Hand Wash Lemonade 500 ml,264,300,4,0,True,2026-09-06 08:38:18
141368640,26QP14,Dettol Hand Wash Original Pump 150ml,273,350,3,5,True,2026-09-06 08:38:18
141371090,48R18O,LIFEBUOY MILD CARE HANDWASH 900ML,807.5,850,4,5,True,2026-09-06 08:38:18
142351836,r1vf-36997,LIFEBUOY ALOE VERA HANDWASH 200ML,260.4,280,3,0,True,2026-09-06 08:38:18
141372724,KZEBWZ,Dettol Hand Wash Skincare Refill 375ml,473,550,1,5,True,2026-09-06 08:38:18
141372058,97C6EJ,Swansi Lemon Handwash 500ml,325.5,350,15,0,True,2026-09-06 08:38:18
141373099,FLWN4Y,Dettol Hand Wash Pump Soothe 250ml,429,550,8,5,True,2026-09-06 08:38:18
141372722,1U8ZE1,Dettol Hand Wash Fresh Pump 250ml,429,550,12,5,True,2026-09-06 08:38:18
141372509,VET222,Dettol Hand Wash Original Refill 750ml,889.11,999,8,5,True,2026-09-06 08:38:18
142351837,r1vf-36998,LIFEBUOY ALOE VERA HANDWASH 900ML,748,850,3,8,True,2026-08-23 16:39:39
141368638,BDMQ32,Dettol Hand Wash Original Pump 250ml,429,550,1,5,True,2026-09-06 08:38:18
141370638,35B881,Hemani Hand Wash Arabian Nights Anti Bacterial 500ml,375,375,6,0,True,2026-09-06 08:38:18
141372043,LF340S,Color Studio Nail Polish Remover (Moisture Balance),495,495,1,100,True,2026-09-06 08:38:18
141372044,2419ZF,Color Studio Nail Polish Remover (Ultra Strength),495,495,1,100,True,2026-09-06 08:38:18
141877051,r1vf-4502,L'Oreal Paris Hyaluron Pure Shampoo (For Oily Scalp) 360ml,945,1050,1,0,True,2026-08-26 16:58:10
141368428,459S1X,L'Oreal Paris Elvive Fall Resist Shampoo 360ml,819,910,1,100,True,2026-08-08 16:46:19
141368434,H18K5P,L'Oreal Conditioner Oil Nourish 175ml,495,550,1,100,True,2026-07-20 15:21:45
141373724,2839Q8,"L'Oreal Paris Elvive Hyaluron Moisture Shampoo, 175 ml",479.2,599,1,100,True,2026-07-12 17:15:13
141371150,9HK2E2,TRESEMME KERATIN SMOOTH AND STRAIGHT SHAMPOO 170ML,484,550,13,0,True,2026-09-06 08:38:18
141376661,r1vf-4501,L'Oreal Paris Hyaluron Pure Shampoo (For Oily Scalp) 175ml,539.1,599,1,0,True,2026-09-06 08:38:18
141371061,HE20AB,DOVE INTENSE REPAIR CONDITIONER 180ML,510,600,10,5,True,2026-09-06 08:38:18
141373722,0710K8,L'Oreal Paris Elvive Hyaluron Moisture Shampoo 360ml,924,1050,16,100,True,2026-09-06 08:38:18
141371146,WNU3DH,TRESEMME KERATIN SMOOTH AND STRAIGHT CONDITIONER 160ML,492.8,560,9,5,True,2026-09-06 08:38:18
141373529,LU9389,LIFEBUOY ONION SHAMPOO 175ML,370,370,7,0,True,2026-09-06 08:38:18
141371151,4DD57O,TRESEMME KERATIN SMOOTH AND STRAIGHT SHAMPOO 360ML,836,950,7,5,True,2026-09-06 08:38:18
141371137,0E0N04,SUNSILK THICK AND LONG SHAMPOO 185ML,474.05,499,27,5,True,2026-09-06 08:38:18
141368526,7K33OA,L'Oreal Shampoo Oil Nourish 175ml,477,530,1,0,True,2026-08-08 10:44:56
141368529,3C4WZ4,L'Oreal Keratin Straight Conditioner 175ml,495,550,2,100,True,2026-08-08 08:00:17
141374803,h1ei-381,SUNSILK ROSEMARY AND ARGAN OIL SHAMPOO 380ML,790.5,850,5,10,True,2026-09-06 08:38:18
141368604,5WCS91,Pantene Smooth & Strong Shampoo 75ml,190,190,2,12,True,2026-08-11 08:19:24
141368843,V1381T,Head & Shoulders Classic Clean Shampoo 360ml,800,800,1,3,True,2026-05-29 08:11:43
141372005,8YR62X,English Anti Lice Shampoo Large,240,240,3,0,True,2026-09-06 08:38:18
141371066,1A7FM1,DOVE INTENSE REPAIR SHAMPOO 175ML,495,550,7,0,True,2026-09-06 08:38:18
141374802,h1ei-380,SUNSILK COCONUT AND ALOE VERA SHAMPOO 380ML,790.5,850,15,10,True,2026-09-06 08:38:18
141371062,M5W79M,DOVE DRYNESS CARE SHAMPOO 175ML,467.5,550,4,5,True,2026-09-06 08:38:18
141371139,47S525,Sunsilk Shampoo Thick & Long 660ml,1030.5,1145,1,5,True,2026-08-02 09:19:49
141373523,40Q09L,LIFEBUOY ONION SHAMPOO 370ML,670,670,8,0,True,2026-09-06 08:38:18
141371069,2LWG9Z,DOVE NOURISHING OIL CARE SHAMPOO 175ML,467.5,550,6,5,True,2026-09-06 08:38:18
141371781,H1UE1Q,LIFEBUOY HERBAL SHAMPOO 90ML,200,200,8,5,True,2026-09-06 08:38:18
141368830,3U6093,Pantene Milky Extra Treatment Shampoo 1000ml,1950,1950,1,100,True,2026-09-06 08:38:18
141371097,D4IY41,LIFEBUOY NATURALLY LONG SHAMPOO 375ML,636.5,670,10,0,True,2026-09-06 08:38:18
141368416,5X8D67,LOreal Paris Elvive Dream Long Shampoo 175 ml - For Longer & Stronger Hair,416,520,2,100,True,2026-08-07 11:03:37
141368599,ZF5NU6,Head & Shoulders Dry Scalp Care Shampoo 185ml,470,470,1,6,True,2026-07-03 07:35:59
141371136,ATV3GW,SUNSILK HAIRFALL SOLUTION SHAMPOO 660ML,1030.5,1145,3,0,True,2026-08-17 10:43:43
141371068,ZV9EU1,Dove Shampoo Intense Repair 650ml,1232.5,1450,1,5,True,2026-09-02 08:43:39
141373451,8H6ZS1,DOVE HAIRFALL RESCUE SHAMPOO 650ML ,1305,1450,5,0,True,2026-09-06 08:38:18
141371064,SVS2M9,DOVE HAIRFALL RESCUE SHAMPOO 175ML,495,550,13,5,True,2026-09-06 08:38:18
141371094,357FF9,LIFEBUOY HERBAL SHAMPOO 370ML,670,670,10,0,True,2026-09-06 08:38:18
141371046,1HXJ1R,CLEAR BLACK SHINE SHAMPOO 185ML,432.4,470,1,5,True,2026-06-04 12:55:27
141372355,DS528U,English Anti Lice Shampoo Medium,170,170,7,100,True,2026-09-06 08:38:18
141368528,36T330,L'Oreal Total Repair Shampoo 175ml,424,530,1,0,True,2026-07-11 08:59:06
141371450,IE9V00,SUNSILK THICK AND LONG CONDITIONER 180ML,477,530,7,5,True,2026-09-06 08:38:18
141371095,D7OV53,LIFEBUOY HERBAL SHAMPOO 650ML,1069.5,1150,4,0,True,2026-09-06 08:38:18
141371096,58W766,LIFEBUOY NATURALLY LONG SHAMPOO 175ML,351.5,370,6,5,True,2026-09-06 08:38:18
141371129,D784V4,SUNSILK BLACK SHINE SHAMPOO 185ML,499,499,1,0,True,2026-09-06 08:38:18
141368601,V5473R,Head & Shoulders Classic Clean Shampoo 185ml,470,470,1,6,True,2026-08-14 14:23:46
141368611,8X242H,Pantene Smooth & Strong Shampoo 360ml,750,750,1,4,True,2026-06-25 07:59:56
141371060,EKC0U2,DOVE HAIRFALL RESCUE CONDITIONER 180ML ,540,600,6,5,True,2026-09-06 08:38:18
141370651,BWJ80E,Palmolive Naturals  Healthy & Smooth Shampoo 180ml,396,440,1,100,True,2026-09-06 08:38:18
141371132,5G0295,SUNSILK HAIRFALL SOLUTION SHAMPOO 185ML,474.05,499,42,7,True,2026-09-06 08:38:18
141375199,r1vf-2027,Palmolive Naturals Silky Straight Shampoo 180ml,404.8,440,6,8,True,2026-09-06 08:38:18
141368421,HNH5AT,L'Oreal Shampoo Total Repair 360ml ,651,930,3,100,True,2026-08-12 17:07:34
141371128,4P417T,SUNSILK BLACK SHINE CONDITIONER 180ML,477,530,2,7,True,2026-09-05 08:21:15
141374804,h1ei-382,Sunsilk Onion & Jojoba Oil Shampoo 380ml,765,850,11,10,True,2026-09-06 08:38:18
141368414,Y3FM4H,L'Oreal Paris Shampoo Fall Resist 3X 175ml,416,520,1,100,True,2026-07-13 15:49:27
141371158,28ZH15,LIFEBUOY HERBAL SHAMPOO 175ML,370,370,3,0,True,2026-09-06 08:38:18
141372814,O218K3,TRESEMME BOTANIQUE NOURISH AND REPLENISH SHAMPOO 360ML,818.4,930,6,5,True,2026-09-06 08:38:18
141371449,H782C8,SUNSILK BLACK SHINE SHAMPOO 80ML,190,190,12,5,True,2026-09-06 08:38:18
141804912,8406HD,Head & Shoulders  Smooth & Silky Shampoo + Conditioner 190ml,600,600,7,6,True,2026-09-06 08:38:18
141371152,6DV725,TRESEMME KERATIN SMOOTH AND STRAIGHT SHAMPOO 650ML,1408,1600,10,5,True,2026-09-06 08:38:18
141370652,X8H1DB,Palmolive Shampoo Intensive Moisture 180ml,396,440,7,100,True,2026-09-06 08:38:18
141368420,PCP948,L'Oreal Paris Elvive Color Protect Shampoo 175ml,371,530,3,100,True,2026-08-12 17:07:34
141368589,3A8683,Head & Shoulders Shampoo Classic Clean 75ml,220,220,5,12,True,2026-09-06 08:38:18
141370654,H1E8P8,Palmolive Naturals Healthy & Smooth Shampoo 375 ml,642.4,730,1,0,True,2026-09-06 08:38:18
141371133,70T1GB,SUNSILK HAIRFALL SOLUTION SHAMPOO 360ML,759.05,799,50,0,True,2026-09-06 08:38:18
141375200,r1vf-2028,Palmolive Naturals Silky Straight Shampoo 375ml,657,730,4,0,True,2026-09-06 08:38:18
141372439,SXKPQ7,Pantene Shampoo 360Ml Anti Frizz,750,750,1,6,True,2026-05-29 12:58:00
141374439,r1vf-1109,TRESEMME BONDPLEX SLEEK AND REPAIR CONDITIONER 160ML,492.8,560,4,0,True,2026-09-06 08:38:18
141368531,X9RQDF,Garnier Color Naturals 1 Noir Black Hair Color Enriched With 3 Essential Oils,679.32,999,1,100,True,2026-08-21 13:58:24
141371070,1N89RJ,DOVE NOURISHING OIL CARE SHAMPOO 360ML,782,920,9,5,True,2026-09-06 08:38:18
141371138,M98515,SUNSILK THICK AND LONG SHAMPOO 360ML,664.05,699,35,7,True,2026-09-06 08:38:18
141368852,HHA0T0,Pantene Anti Hairfall  Shampoo 185ml,450,450,4,3,True,2026-09-06 08:38:18
141368605,LPN897,Pantene Anti-Hair Fall Conditioner 180ml,355.5,450,1,6,True,2026-04-29 11:48:26
141372433,J0J14A,Pantene Shampoo Anti Frizz 185ml,450,450,1,3,True,2026-08-09 08:01:37
141376222,r1vf-4266,TRESEMME LAMELLAR GLOSS SHAMPOO 170ML,511.5,550,9,5,True,2026-09-06 08:38:18
141368597,5Z2478,Head & Shoulders Anti Hairfall Shampoo 185ml,470,470,6,6,True,2026-09-06 08:38:18
141372813,P09X8K,TRESEMME BOTANIQUE NOURISH CONDITIONER 360ML,836,950,7,5,True,2026-09-06 08:38:18
141368606,X050YJ,Pantene Milky Extra Treatment Conditioner 180ml,450,450,1,6,True,2026-05-29 12:58:00
141368418,QQQPA6,L'Oreal Paris Elvive Dream Long Straight 72Hrs Straightening Keratin Shampoo 360ml,837,930,1,100,True,2026-08-09 16:47:23
141372432,3J5856,Pantene Conditioner Anti Frizz 360ml,760,760,1,100,True,2026-08-11 08:19:24
141371067,6D5KK2,DOVE INTENSE REPAIR SHAMPOO 360ML,765.6,870,9,5,True,2026-09-06 08:38:18
141376219,r1vf-4263,TRESEMME LAMELLAR GLOSS CONDITIONER 160ML,528,600,9,0,True,2026-09-06 08:38:18
141368596,1I27J3,Head & Shoulders Silky Black Shampoo 185ml,470,470,1,6,True,2026-08-02 11:29:29
141368854,GE0836,Pantene Smooth & Strong Shampoo 185ml,450,450,6,3,True,2026-09-06 08:38:18
141368607,FM868L,Pantene Smooth & Strong Conditioner 180ml,450,450,1,6,True,2026-07-08 06:40:51
141371130,ON70FW,SUNSILK BLACK SHINE SHAMPOO 360ML,799,799,12,7,True,2026-09-06 08:38:18
141376221,r1vf-4265,TRESEMME LAMELLAR GLOSS SHAMPOO 360ML,970,970,5,5,True,2026-09-06 08:38:18
141371065,T38W15,DOVE HAIRFALL RESCUE SHAMPOO 360ML,809.6,920,17,5,True,2026-09-06 08:38:18
141373528,9B6925,LIFEBUOY ONION SHAMPOO 90ML,200,200,1,0,True,2026-09-06 08:38:18
141368846,46KU2Y,Head & Shoulders Dry Scalp Care Shampoo 360ml,800,800,2,3,True,2026-07-02 15:32:06
141371048,9UQV86,CLEAR BLACK SHINE SHAMPOO 380ML,800,800,1,5,True,2026-07-08 17:57:50
141368591,5IP0M8,Head & Shoulders Shampoo Black 75ml,220,220,1,12,True,2026-08-15 10:33:43
141372441,A69EAZ,Head&Shoulder Shampoo 185Ml Neem,470,470,1,3,True,2026-07-20 07:00:21
141368600,1E050J,Head & Shoulders Menthol Refresh Shampoo 185ml,470,470,1,6,True,2026-07-30 12:02:21
141368422,262451,L'Oreal Paris Shampoo Color Protect 360ml,837,930,1,100,True,2026-08-18 10:44:07
141368849,N70991,Head & Shoulders Black Shampoo 360ml,800,800,1,3,True,2026-08-25 07:57:05
141371135,RZ13UU,SUNSILK LONG AND HEALTHY SHAMPOO 360ML,759.05,799,6,7,True,2026-09-06 08:38:18
141373526,NIO72B,TRESEMME COLOR VIBRANCE SHAMPOO 360ML,950,950,5,100,True,2026-09-06 08:38:18
141368530,1FTD0B,L'Oreal Paris Elvive Dream Long Shampoo 360ml,637,910,2,100,True,2026-08-12 08:28:58
141372436,W59470,Head&Shoulder Shampoo + Conditioner 190Ml Silky Black 2In1,600,600,4,100,True,2026-09-06 08:38:18
141371063,O674ME,DOVE DRYNESS CARE SHAMPOO 360ML,783,870,9,5,True,2026-09-06 08:38:18
144091782,r1vf-10601,Dove Anti Dandruff Care Shampoo 175ml,541.5,570,18,3,True,2026-09-06 08:38:18
141804922,r1vf-4140,Head & Shoulders Sub Zero Plastic Bottle 360ml,800,800,1,8,True,2026-08-25 04:51:40
144091783,r1vf-10602,Dove Anti Dandruff Care Shampoo 360ml,902.5,950,3,3,True,2026-09-06 08:38:18
141368537,5Y0D26,"Garnier Color Naturals 6.34 Chocolate Hair Color, Enriched With 3 Essential Oils",999,999,1,0,True,2026-08-02 11:29:29
141368432,QCY9UL,L'Oreal Paris Excellence Creme 7.1 Dark Ash Blonde 172ml,2861.1,3179,1,100,True,2026-07-17 06:30:28
142351834,r1vf-36995,SUNSILK SUPER SHINE HAIR SERUM 92ML,1080,1200,8,8,True,2026-09-06 08:38:18
141368542,Z04YVH,Garnier Color Naturals 5.5 Creamy Coffee Enriched With 3 Essential Oils,999,999,1,100,True,2026-08-02 11:29:29
142351623,r1vf-2500,TRESEMME KERATIN SMOOTH HAIR MASK 250ML,1098,1220,7,0,True,2026-09-06 08:38:18
141368540,W789IM,Garnier Color Naturals 7 Blonde Hair Color Enriched With 3 Essential Oils,899.1,999,1,100,True,2026-08-11 14:28:58
141368433,Y54RU9,L'Oreal Paris Excellence Creme 4 Natural Natural Brown 172ml,2699.1,2999,1,100,True,2026-07-31 12:14:23
142351835,r1vf-36996,TRESEMME KERATIN SMOOTH SERUM 100ML,1557.6,1770,11,0,True,2026-09-06 08:38:18
141368534,1DL1S6,Garnier Color Naturals 5 Light Brown Hair Color  Enriched With 3 Essential Oils,899.1,999,1,100,True,2026-07-19 14:31:47
141368536,0ZW01E,Garnier Color Naturals Hair Color # 3.6 Deep Red Brown 1 Box,899.1,999,1,100,True,2026-08-30 19:19:49
141368554,98V6JF,Garnier Hair Colour 6.3 Mocca Blond Fonce Dore 1 Box,729.27,999,1,100,True,2026-07-23 12:00:50
141368541,K30G89,Garnier Color Naturals Creme # 4.3 Natural Golden Brown 112ml,999,999,1,100,True,2026-08-02 09:19:49
141368538,5IXA1M,Garnier Color Naturals Hair Color # 4.6 Intense Dark Red Enriched With 3 Essential Oils,679.32,999,2,0,True,2026-08-13 08:31:19
141368439,8C1GOP,L'Oreal Hair Colour 5 Light Brown 1 Box,3179,3179,1,0,True,2026-06-16 15:22:57
141368419,UI8OW5,L'Oreal Hair Colour 6.1 Dark Ash Blonde 1 Box,2384.25,3179,1,100,True,2026-09-06 08:38:18
141368535,GCR91T,Garnier Color Naturals Creme #5.3 Light Golden Brown 112ml,679.32,999,1,100,True,2026-08-11 14:28:58
141368539,225Z17,Garnier Hair Colour 6 Dark Blonde 1 Box,899.1,999,2,100,True,2026-08-08 10:44:56
141372501,OKC66U,Swansi Aloe Vera Gel 250ml,350,350,5,100,True,2026-09-06 08:38:18
141368549,OHNKAY,Garnier Hair Colour 7.3 Hazel Blonde 1 Box,899.1,999,2,100,True,2026-08-24 16:52:26
141368543,0LJ48R,Garnier Color Naturals Creme Frosty Dark Mahogany #4.15 112ml,679.32,999,1,100,True,2026-08-13 05:50:00
141368430,7B7L2V,L'Oreal Hair Colour 3 Dark Brown 1 Packet,2861.1,3179,1,0,True,2026-08-14 08:25:54
141368424,8O0VX6,L'Oreal Hair Colour 7 Blonde 1 Box,2384.25,3179,1,100,True,2026-09-06 08:38:18
141368550,16XH5V,Garnier Hair Colour 6.66 Intense Red Rouge Intense 1 Box,849.15,999,3,100,True,2026-07-25 09:10:36
141368429,0C0SGW,L'Oreal Paris Excellence Creme 5.3 Light Golden Brown 172ml,2384.25,3179,2,100,True,2026-09-06 08:38:18
141372624,4B51EH,Italia Olive Hair Oil 125ml,663.57,909,21,100,True,2026-09-06 08:38:18
141370637,O69N42,Hemani Hair Oil 200Ml Almond,565,565,6,100,True,2026-09-06 08:38:18
141370635,JCUJBP,Hemani Hair Oil 200Ml Black Seeds,440.7,565,2,100,True,2026-09-06 08:38:18
141370630,4OWPAH,Hemani Coconut Oil 200 ml,490,490,6,100,True,2026-09-06 08:38:18
142798488,4QYMBZ,LIFEBUOY NATURALLY SILKY SHAMPOO 175ML,441.75,465,21,0,True,2026-09-06 08:38:18
141368680,11NJDY,Durex Condoms Extended Pleasure 3 Pcs,552.5,650,9,100,True,2026-09-06 08:42:04
141373175,HZU8Y6,Josh Condoms Delay Imported Pocket Pack 3 Pieces,120,160,2,100,True,2026-08-12 17:07:34
141373176,B6M643,Josh Condoms Strawberry Imported Pocket Pack 3 Pieces,120,160,3,0,True,2026-08-06 15:24:34
141368679,T04298,Durex Condoms Invisible 3 Pieces,552.5,650,3,100,True,2026-09-06 08:42:04
141368685,6SVI12,Durex Play Very Cherry Lube 50ml,1080,1200,6,100,True,2026-09-06 08:42:04
141373174,852Y35,Josh Condoms Dotted Imported Pocket Pack 3 Pieces,160,160,11,0,True,2026-09-06 08:38:18
141368684,NEKC10,Durex Condoms Extended Pleasure 12 Pieces,1657.5,1950,8,100,True,2026-09-06 08:42:04
141368683,96T309,Durex Condoms Invisible 12 Pieces,1657.5,1950,6,100,True,2026-09-06 08:42:04
141368682,I0UGEV,Durex Condoms Extra Safe 3 Pieces,572,650,14,100,True,2026-09-06 08:42:04
141617036,S27QB8,Durex Mutual Pleasure Condom 3 Pieces,552.5,650,4,0,True,2026-09-06 08:42:04
141375919,r1vf-3538,Durex Thin Feel Condom 3 Pieces,448.5,650,28,8,True,2026-09-06 08:42:04
141371922,ERP2W3,Happy Life Condoms Collection 3 Pieces,130,130,6,100,True,2026-09-06 08:42:04
141373918,r1vf-99,Lifestyle Endurance Delay Long Lasting Condoms 3 Pieces,395,395,19,0,True,2026-09-06 08:38:18
141373010,XE138X,Bareback Ultra Thin Condoms 3 Pieces,395,395,10,100,True,2026-09-06 08:38:18
141373009,KFS9U1,Rough Rider Studded Condoms 3 Pieces,395,395,11,100,True,2026-09-06 08:38:18
141371921,497977,Happy Life Condoms Intense Delay 3 Pieces,350,350,1,100,True,2026-09-06 08:42:04
141373008,CBO0UL,Skyn Original Non-Latex Condoms 3 Pieces,650,650,8,0,True,2026-09-06 08:38:18
141373919,r1vf-100,Lifestyle Wet N Wild Extra Lubricated Condoms 3 Pieces,395,395,2,0,True,2026-09-06 08:38:18
141371923,5R03B5,Happy Life Condoms Dotted 2 Pieces,100,100,3,100,True,2026-09-06 08:42:04
141373098,4M99S5,Durex Condoms Extra Safe 12 Pieces,1755,1950,4,100,True,2026-09-06 08:42:04
141370862,ZDC6F7,Pulse Condoms Ribbed Dotted Delay 3 Pcs,410,410,1,0,True,2026-09-06 08:38:18
141375920,r1vf-3539,Durex Thin Feel Condom 12 Pieces,1755,1950,5,8,True,2026-09-06 08:42:04
141370863,5F8UEI,Pulse Condoms Delay 3 Pieces,350,350,2,0,True,2026-09-06 08:38:18
141370864,C5H91O,Pulse Condums Dotted Premium 3S,350,350,6,100,True,2026-09-06 08:42:04
141371917,0132X2,Happy Life Condoms Rough & Tough 3 Pieces,300,300,1,100,True,2026-09-06 08:42:04
141370865,ECE8B6,Pulse Extra Sensitive Premium Condom 3 Pieces,410,410,2,100,True,2026-09-06 08:38:18
141369851,M751Q6,Gillette Blue 3 Shaving Disposable Razor 1 Piece,350,350,1,100,True,2026-08-03 07:43:35
141804917,I76769,Gillette Blue 2 Disposable Razor 1 Piece,150,150,1,100,True,2026-04-19 08:14:45
141368784,E9XH4N,Gillette Blue 2+ Disposable Razor 1 Piece,180,180,569,100,True,2026-09-06 08:38:18
143461656,r1vf-4145,Veet Pure Hair Removal Cream for Sensitive Skin 32g,250,250,5,0,True,2026-09-06 08:38:18
141374617,r1vf-1363,Fit Classic Razor 1 Unit,40,40,143,10,True,2026-09-06 08:38:18
141368658,B20772,Veet Hair Removal Lotion for Dry Skin 40g,276,300,6,0,True,2026-09-06 08:38:18
141368656,FWB504,Veet Body Wax Strips for Normal Skin 12 Pieces,652.5,750,10,6,True,2026-09-06 08:38:18
141370080,A5GRR4,EU Safe & Smooth Hair Remover Cream 75ml,320,320,9,100,True,2026-09-06 08:38:18
141370079,44L690,Eu Cream Normal 30ml,160,160,14,0,True,2026-09-06 08:38:18
141368661,0KIFW2,Veet Hair Removal Lotion for Sensitive Skin 80g,523.6,595,4,6,True,2026-09-06 08:38:18
141368657,Q0J819,Veet Body Wax Strips for Dry Skin 12 Pieces,652.5,750,5,6,True,2026-09-06 08:38:18
141370085,38PI7B,EU Cream Wax Nose Strips 1 Piece,400,400,1,100,True,2026-09-06 08:38:18
141370081,04516Y,Eu Body Wax Strips 10S Lavender,550,550,7,100,True,2026-09-06 08:38:18
141370083,2Q7CP0,EU Cream Supreme Jar 100ml,350,350,12,0,True,2026-09-06 08:38:18
141368659,71N8RT,Veet Hair Removal Lotion for Normal Skin 40g,276,300,5,0,True,2026-09-06 08:38:18
141370082,5M6TN8,EU Normal Skin Cream 100g,450,450,6,0,True,2026-09-06 08:38:18
141368829,HZ776W,Venus Disposables Simply Venus3 1 Piece,400,400,3,100,True,2026-07-11 17:12:45
141368663,A3S9JS,Veet Hair Removal Lotion for Normal Skin 120g,743.75,875,7,0,True,2026-09-06 08:38:18
141375935,r1vf-3571,Treet Tidy Body Razor Disposable Razor 4+1 Pieces,315,350,1,8,True,2026-08-13 17:07:50
141368660,8N2412,Veet Hair Removal Lotion for Normal Skin 80g,523.6,595,19,0,True,2026-09-06 08:38:18
143461654,r1vf-4143,Veet Pure Hair Removal Cream for Normal Skin 32g,250,250,62,6,True,2026-09-06 08:38:18
141370076,1YG51I,Eu Body Wax Strips 10S Lily,550,550,4,100,True,2026-09-06 08:38:18
143461655,r1vf-4144,Veet Pure Hair Removal Cream for Dry Skin 32g,250,250,86,6,True,2026-09-06 08:38:18
141375929,r1vf-3565,Treet (Swift III) Triple Blade Razor 4+1 Pieces,530,530,1,0,True,2026-09-06 08:38:18
143461658,r1vf-4147,Veet Pure Hair Removal Cream for Dry Skin 63g,445.5,495,55,0,True,2026-09-06 08:38:18
142279183,r1vf-4309,Veet Body Wax Strips for Sensitive skin 12 Pieces,652.5,750,1,0,True,2026-09-05 08:21:15
141375924,r1vf-3524,Treet Tidy Body Razor Disposable 3 Pieces,214.2,238,1,0,True,2026-07-19 17:07:47
141368662,5D4932,Veet Hair Removal Lotion for Dry Skin 80g,523.6,595,18,0,True,2026-09-06 08:38:18
143461659,r1vf-4148,Veet Pure Hair Removal Cream for Sensitive Skin 63g,445.5,495,14,6,True,2026-09-06 08:38:18
141375928,r1vf-3564,Treet (Swift III) Triple Blade Razor 1 Piece,130,130,1,0,True,2026-06-22 09:58:33
141375934,r1vf-3570,Treet (Swift II) Twin Blade Razor 1 Piece,100,100,1,0,True,2026-06-25 07:59:56
141368787,2TH260,Venus Razors Venus Smooth 2up 1 Box,2700,2700,1,100,True,2026-04-13 11:25:52
143461662,r1vf-4151,Veet Pure Hair Removal Cream for Sensitive Skin 125g,833,980,12,0,True,2026-09-06 08:38:18
143461661,r1vf-4150,Veet Pure Hair Removal Cream for Dry Skin 125g,833,980,31,6,True,2026-09-06 08:38:18
141370078,KT14CJ,Eu Body Wax Strips 10S Cucumber,550,550,8,100,True,2026-09-06 08:38:18
143461657,r1vf-4146,Veet Pure Hair Removal Cream for Normal Skin 63g,445.5,495,55,0,True,2026-09-06 08:38:18
141370885,RN57V8,Nivea Men Sensitive Protect Shaving Foam 200ml,1342.21,1699,1,100,True,2026-05-01 09:09:42
143461664,r1vf-4153,Veet Pure Hair Removal Cream for Dry Skin 200g,1596,1900,14,0,True,2026-09-06 08:38:18
141375930,r1vf-3566,Treet (Swift II) Twin Blade Razor 4+1 Pieces,410,410,7,8,True,2026-09-06 08:38:18
143461665,r1vf-4154,Veet Pure Hair Removal Cream for Sensitive Skin 200g,1596,1900,10,0,True,2026-09-06 08:38:18
141375942,r1vf-3578,Treet (Swift ll) Grip Twin Blade Razor 4+1 Pieces,477,530,1,8,True,2026-08-09 08:01:37
141376557,708534,Veet Hair Removal Lotion for Dry Skin 120g,743.75,875,6,0,True,2026-09-06 08:38:18
143461663,r1vf-4152,Veet Pure Hair Removal Cream for Normal Skin 200g,1596,1900,13,0,True,2026-09-06 08:38:18
141375936,r1vf-3572,Treet Platinum Super Stainless Blade Box New Pack (TPS) 20 Pieces,220,220,4,8,True,2026-09-06 08:38:18
143461660,r1vf-4149,Veet Pure Hair Removal Cream for Normal Skin 125g,833,980,29,6,True,2026-09-06 08:38:18
141804910,550N70,Always Sanitary Pads Thicks Extra Long 16 Pieces,830,830,1,6,True,2026-05-30 11:35:04
141371988,06P45Y,Butterfly Pads Ultra Xxl 16,450,450,36,3,True,2026-09-06 08:38:18
141370902,Z9DMUS,Butterfly Pads Ultra Long 8Pcs,230,230,11,6,True,2026-09-06 08:38:18
141370906,5YLIN5,Butterfly Pads Maxi Thick Extra Large 16 Pieces,650,650,32,0,True,2026-09-06 08:38:18
141370903,2F85T6,Butterfly Pads Ultra Extra Large 7Pcs,230,230,21,6,True,2026-09-06 08:38:18
141370946,149L79,Butterfly Breathables Pads 8Pcs Maxi Extra Long,350,350,8,3,True,2026-09-06 08:38:18
141374218,r1vf-740,Daisy Super Plus Maxi Thick Pads 10 Pieces,160,160,24,0,True,2026-09-06 08:38:18
141374359,r1vf-1973,Butterfly Maxi Thick Cottony Value Long Pads (Pack Extra) 16 Pieces,650,650,22,15,True,2026-09-06 08:38:18
141371989,57ZRW9,Butterfly Breathables Pads XL 10 Pieces,450,450,8,3,True,2026-09-06 08:38:18
141368579,24BG77,Always Sanitary Pads Cotton Soft Extra Long 6 Pieces,220,220,3,6,True,2026-07-12 11:22:27
141370904,JQNWPX,Butterfly Long Ultra Big Saver Sanitary Pads Long 32 Pieces,880,880,14,4,True,2026-09-06 08:38:18
141804909,623XGQ,Always Maxi Thick Long 18 Pieces,830,830,1,6,True,2026-06-26 18:02:02
141370900,2Z22X6,Butterfly Breathables Panty Liners 20 Pieces,400,400,22,0,True,2026-09-06 08:38:18
141373591,09KDK3,Nofea Regular Maxi Thick EXTRA LONG 8 Pads,219,219,3,100,True,2026-09-06 08:38:18
141370901,250976,Butterfly Breathables Maxi Thick Sanitary Pads long 9 Pieces,350,350,20,8,True,2026-09-06 08:38:18
141370860,V1A757,Molped Maxi Thick Hygiene Shield Value Pack XL 16 Pcs,780,780,1,100,True,2026-08-28 00:55:20
141373587,5K22L8,Nofea Regular Maxi Thick LONG 9 Pads,219,219,5,0,True,2026-09-06 08:38:18
141804915,PUABOJ,Always Maxi Thick Extra Long 8 + 2 Pads,420,420,2,6,True,2026-08-10 17:04:53
141374113,emb608,Embrace Maxi Sensitives  Value Pack Extra Long 16 Pads,544.5,605,15,6,True,2026-09-06 08:38:18
141370897,2Y2651,Butterfly Pads Maxi Thick Large 9Pcs,350,350,30,6,True,2026-09-06 08:38:18
141370896,320252,Butterfly Pads Maxi Thick Extra Large 8Pcs,350,350,14,8,True,2026-09-06 08:38:18
141373487,N12L0R,Butterfly Breathables Maxi Thick Sanitary Pads Extra Long Trio Pack 26 Pieces,1000,1000,15,100,True,2026-09-06 08:38:18
141374362,r1vf-1976,Butterfly Dreamy Nights Maxi Thick Cottony Soft Extra Long Pads 8 Pieces,380,380,17,15,True,2026-09-06 08:38:18
141370905,0698ST,Butterfly Pads Maxi Thick Large 18 Pieces,650,650,7,6,True,2026-09-06 08:38:18
141374363,r1vf-1977,Butterfly Dreamy Nights Maxi Thick Fabric Soft Extra Long Pads 8 Pieces,380,380,10,15,True,2026-09-06 08:38:18
141372776,Z54965,Embrace Sensitives Maxi Extra Long 8 Pads,288,320,24,100,True,2026-09-06 08:38:18
141372779,Z5302B,Embrace Essentials Maxi Extra Long 8 Pads,270,300,19,100,True,2026-09-06 08:38:18
141373486,ZQ488S,Butterfly Breathables Maxi Thick Sanitary Pads Long Trio Pack 30 Pieces,1000,1000,9,100,True,2026-09-06 08:38:18
141370908,5U0T9X,Butterfly Breathables Pads Xl 7Pcs Super Soft,350,350,16,0,True,2026-09-06 08:38:18
141374358,r1vf-1972,Butterfly Maxi Thick Cottony Long Pads (Value Pack) 18 Pieces,650,650,8,15,True,2026-09-06 08:38:18
141374360,r1vf-1974,Butterfly Maxi Thick Cottony Trio Long Pads 30 Pieces,1000,1000,15,15,True,2026-09-06 08:38:18
141804914,I91JL8,Always Maxi Thick Long 9 Pieces,420,420,2,6,True,2026-09-04 08:50:54
141370907,T4OII6,Butterfly Breathables Pads Large 8Pcs Super Soft,350,350,21,6,True,2026-09-06 08:38:18
141368578,Q4U28V,Always T5 Trio New Maxi Thick Extra Long 26 Pads,1150,1150,1,6,True,2026-05-23 11:26:40
141374361,r1vf-1975,Butterfly Maxi Thick Cottony Trio Extra Long Pads 26 Pieces,1000,1000,11,15,True,2026-09-06 08:38:18
141374217,r1vf-744,Trust Wings Long Stick Ons Pads 16 Pieces,380,380,26,100,True,2026-09-06 08:38:18
141374112,emb607,Embrace Maxi Essentials Value Pack Extra Long 16 Pads,504,560,3,6,True,2026-09-06 08:38:18
141374114,emb609,Embrace Maxi Sensitives  Trio Pack Extra Long 26 Pads,790.5,930,13,6,True,2026-09-06 08:38:18
141374681,r1vf-1355,Parwaz 100% Organic Cotton Top Sheet Maxi Thick Long Pads 10 Pieces,550,550,8,10,True,2026-09-06 08:38:18
141374216,r1vf-743,Trust Regular Long Stick Ons Pads 16 Pieces,320,320,19,100,True,2026-09-06 08:38:18
141374683,r1vf-1357,Parwaz 100% Organic Cotton Top Sheet Overnight Maxi Thick Pads 8 Pieces,550,550,11,0,True,2026-09-06 08:38:18
141804911,WOMOJ7,Always T3 Trio New Maxi Thick Long 30 Pads,1150,1150,1,8,True,2026-07-19 17:07:47
141368580,SA3QN1,Always Sanitary Pads Cotton Soft Long 6 Pieces,220,220,1,6,True,2026-08-15 07:44:45
141372777,2M66Q9,Embrace Essentials Ultra-Thin Long 9 Pads,300,300,13,100,True,2026-09-06 08:38:18
141372415,38NB6E,Freedom Sanitary Pads Ultra Thin Extra Long 7 Pieces,160,250,11,100,True,2026-09-06 08:38:18
141373586,TV9PC0,Nofea Maxi Thick Regular Pack Day&Night 7 L +3 XL Pads,251.16,322,4,100,True,2026-09-06 08:38:18
142007224,r1vf-4748,Embrace Sensitives Ultra Thin Pads 14 Pieces,525,525,10,0,True,2026-09-06 08:38:18
142007225,r1vf-4749,Embrace Sensitive Maxi Pads Large Pad 28 Pieces,890,890,18,0,True,2026-09-06 08:38:18
141370841,492UBS,Nofea Regular Ultra Thin EXTRA LONG 7 Pads,225,225,1,0,True,2026-09-06 08:38:18
141372778,OAD4LO,Embrace Sensitives Ultra-Thin Extra Long 8 Pads,320,320,3,100,True,2026-09-06 08:38:18
141374115,emb610,Embrace Maxi Essentials Trio Pack Extra Long 26 Pads,735.25,865,9,6,True,2026-09-06 08:38:18
141372782,LQ95V0,Embrace Essentials Ultra-Thin Extra Long 8 Ppads,300,300,5,100,True,2026-09-06 08:38:18
141372775,2V9L80,Embrace Sensitives Maxi Long 9 Pads,320,320,19,100,True,2026-09-06 08:38:18
142007221,AFP-000515433,Embrace Sensitive Maxi Pads Large 18 Pieces,605,605,11,0,True,2026-09-06 08:38:18
141372781,B2VAMH,Embrace Essentials Maxi Long 9 Pads,300,300,22,100,True,2026-09-06 08:38:18
142007222,r1vf-4746,Embrace Essential Maxi Large Pad Value Pack 18 Pieces,560,560,13,8,True,2026-09-06 08:38:18
141370899,L16D5S,Butterfly Breathables Pads Xl 7Pcs Dry Mesh,350,350,18,100,True,2026-09-06 08:38:18
141374227,r1vf-751,Trust Maxi Thick Extra Long Pads 8 Pieces,240,240,35,100,True,2026-09-06 08:38:18
141374228,r1vf-752,Trust Maxi Thick Extra Long Pads 16 Pieces,480,480,15,100,True,2026-09-06 08:38:18
141370898,42B12E,Butterfly Breathables Pads Large 8Pcs Dry Mesh,350,350,10,0,True,2026-09-06 08:38:18
141374356,r1vf-1970,Butterfly Teens Pads 8 Pieces,350,350,27,15,True,2026-09-06 08:38:18
141372780,6O8604,Embrace Sensitives Ultra-Thin Long 9 Pads,320,320,16,0,True,2026-09-06 08:38:18
142007223,r1vf-4747,Embrace Essentials Ultra Thin Value Pack Pad 14 Pieces,490,490,11,8,True,2026-09-06 08:38:18
141372414,21VJ69,Freedom Sanitary Pads Ultra Thin Long 8 Pieces,160,250,22,100,True,2026-09-06 08:38:18
141373592,1W29PQ,Nofea Ultha Thin Regular Pack Day&Night 7 Long + 3 XL Pads,341,341,8,100,True,2026-09-06 08:38:18
141371610,DG2J09,Sincere Sanitary Pads Ultra Thin Long Regular Pack 8 Pieces,295.62,379,14,100,True,2026-09-06 08:38:18
141371611,KWU9AE,Sincere Sanitary Pads Ultra Thin Xl Value Pack 14 Pieces,565.5,725,5,0,True,2026-09-06 08:38:18
141371609,35NESL,Sincere Sanitary Pads Ultra Thin Long Value Pack 16 Pieces,565.5,725,6,0,True,2026-09-06 08:38:18
141370002,N03WW5,Rose Petal Tissue Box Pop Up,243,270,85,8,True,2026-09-06 08:38:18
141372395,VPE96L,Hankies Premium Facial Tissue Box,368,460,14,100,True,2026-09-06 08:38:18
141369980,5M0092,Rose Petal Maxob Toilet Roll Family Pack 8's+2s Free,1080,1200,32,100,True,2026-09-06 08:38:18
141369954,FWLJ2B,Rose Petal Toilet Tissue Roll 3+1,405,450,26,100,True,2026-09-06 08:38:18
141369962,N4UQ9A,Rose Petal Tissue Party Pack Pink,252,280,19,8,True,2026-09-06 08:38:18
141369987,UY9J3R,Rose Petal Paper Towel Twin Pack,585,650,45,8,True,2026-09-06 08:38:18
141369192,3NM91H,Prime - Bachat Toilet Roll (White),85,100,4,0,True,2026-09-06 08:38:18
141369986,8PTO17,Rose Petal Tissue Party Pack White,270,300,69,100,True,2026-09-06 08:38:18
141369182,BOTFM4,Prime - Klar Toilet Roll 10s,433.5,510,11,0,True,2026-09-06 08:38:18
141373178,G9568E,Rose Petal Tissue Roll Single Pack Maxob,144,160,105,100,True,2026-09-06 08:38:18
141369177,41WM42,Prime - Pop Up (300 Sheets),207,230,3,100,True,2026-09-06 08:38:18
141373859,r1vf-7,Tux Soft Pack (550 Sheets) 1pc,374,440,5,0,True,2026-09-06 08:38:18
141373660,0PQ47V,Rose Petal Essential Ultra Soft Facial Tissues 140 Sheets,171,190,17,100,True,2026-09-06 08:38:18
141370545,1QMU0I,Tux Premium Tissue Pop Up 150X2 Ply,212.5,250,5,100,True,2026-09-06 08:38:18
141372302,3J268B,Rose Petal Regular Soft Pack 275 Pieces,414,460,33,100,True,2026-09-06 08:38:18
141369999,H81UO7,Rose Petal Tissue Roll Kitchen Single,315,350,72,100,True,2026-09-06 08:38:18
141372403,M682D3,Hankies Toilet Roll Magic Economy Pack 10 Pieces,960,1200,5,100,True,2026-09-06 08:38:18
141368403,703CW2,Prime - Kitchen roll ,280.5,330,1,0,True,2026-09-06 08:38:18
141371358,377RR3,Rose Petal Tissue Hi-Jeen 75S,198,220,168,0,True,2026-09-06 08:38:18
141368476,8JM700,Prime - Family Pack Toilet Roll (10s),595,700,1,0,True,2026-09-06 08:38:18
141372303,S21U6B,Rose Petal Perfumed Soft Pack 550 Pieces,432,480,18,100,True,2026-09-06 08:38:18
141372387,T3SF76,Hankies Mini Hop Up Tissue Box,160,200,25,100,True,2026-09-06 08:38:18
141372389,77KP24,Hankies Facial Tissue Box,120,150,8,0,True,2026-09-06 08:38:18
141372385,RN87E2,Hankies Twin Pack Kitchen Roll Luxury Size,520,650,20,100,True,2026-09-06 08:38:18
141372397,O8C44H,Hankies Toilet Roll  Mini,80,100,8,100,True,2026-09-06 08:38:18
141372392,E9T309,Hankies Hop Up Tissue Box,250,250,20,100,True,2026-09-06 08:38:18
141373179,5LAF3W,Rose Petal Zzoop Kitchen Roll Tissue 1 Roll,945,1050,2,100,True,2026-09-06 08:38:18
141372386,8RV6C9,Hankies Onetime Tissue Box,96,120,68,0,True,2026-09-06 08:38:18
141369964,G7QIR5,Rose Petal Tissue Box Multi Colour,378,420,9,100,True,2026-09-06 08:38:18
141368405,G5427T,Prime - Twin Kitchen roll ,510,600,4,100,True,2026-09-06 08:38:18
141372390,S3CS6K,Hankies Soft Pack Tissue Box,120,150,54,100,True,2026-09-06 08:38:18
141370546,BK10KG,Tux Premium Tissue Paper Towel (1 Roll),288,320,12,0,True,2026-09-06 08:38:18
141372405,62H09G,Hankies Hygiene Tissue 100 Sheets,240,300,14,0,True,2026-09-06 08:38:18
141370547,F570R8,Tux Mini Pop Up Tissue 1 Pack,152,160,4,100,True,2026-09-06 08:38:18
141368406,PM61S9,Prime - Economy Toilet Roll ,76.5,90,2,100,True,2026-09-06 08:38:18
141372398,88K24L,Hankies Toilet Roll Magic,120,150,49,100,True,2026-09-06 08:38:18
141370554,874261,Tux Toilet Roll 2 R Tissue,228,240,47,0,True,2026-09-06 08:38:18
141372399,7TD108,Hankies Multi Rolls Twin Pack,224,280,59,100,True,2026-09-06 08:38:18
141372396,46497B,Hankies Premium Facial Perfume Tissue,384,480,17,0,True,2026-09-06 08:38:18
142007219,172VS5,Rose Petal Tulip Tissue Roll Bachat 1S,63,70,68,8,True,2026-09-06 08:38:18
141374063,r1vf-403,Rose Petal Deluxe Ultrasoft Facial Tissue - 200s,432,480,19,0,True,2026-09-06 08:38:18
141369981,K25817,Rose Petal Tissue Hi-Jeen White,279,310,38,100,True,2026-09-06 08:38:18
141370003,K3K00I,Rose Petal Tissue Box Luxury,378,420,31,100,True,2026-09-06 08:38:18
141373861,r1vf-4,Tux Dawat Pack (300 Sheets) 1pc,247.5,275,2,0,True,2026-09-06 08:38:18
141372400,IYH57H,Hankies Super Kitchen Hand Towel,350,350,30,100,True,2026-09-06 08:38:18
141372328,624AE2,Tux Kitchen Paper Towel Pack 2pcs,531,590,13,0,True,2026-09-06 08:38:18
141372391,432601,Hankies Flora Tissue Box,160,200,10,100,True,2026-09-06 08:38:18
141368404,HNU397,Prime - Bigger Toilet Roll,102,120,65,100,True,2026-09-06 08:38:18
141372388,1I4YZ5,Hankies Compacta Tissue Box,120,150,53,100,True,2026-09-06 08:38:18
141369191,G4AQ29,Prime - Maxi Kitchen roll ,977.5,1150,3,100,True,2026-09-06 08:38:18
141372384,GV29P4,Hankies Toilet Tissues Small,96,120,70,100,True,2026-09-06 08:38:18
141369963,7R50MB,Rose Petal Napkins Table,243,270,8,0,True,2026-09-06 08:38:18
141372402,69L47V,Hankies Jumbo Kitchen Towel,560,700,21,100,True,2026-09-06 08:38:18
141372322,WJNS37,Familia Plus Kitchen Towel 1 Piece,270.9,315,19,0,True,2026-09-06 08:38:18
141368473,T67A85,Fay Tissue Toilet Double 2 Rolls,269.7,290,30,5,True,2026-09-06 08:38:18
141373659,QMDEQA,Tulip Toilet Roll White (8+2 Offer),792,880,3,0,True,2026-09-06 08:38:18
142894271,r1vf-13025,Tux Table Napkin 50 Sheets,270,270,31,8,True,2026-09-06 08:38:18
141368472,OIX621,Fay Tissue International 100 Pieces,213.9,230,1,3,True,2026-05-23 09:15:41
142007220,H7VKD5,Rose Petal Tulip Tissue Roll Strong 1S,99,110,15,8,True,2026-09-06 08:38:18
142894268,r1vf-13022,Tux Hand Towel 150 Pieces,250,250,19,8,True,2026-09-06 08:41:29
142894267,r1vf-13021,Tux Toilet Paper Promotion Pack 10 Pieces,936,1040,1,0,True,2026-08-18 13:54:30
141372401,IZRJST,Hankies THE 4 X BIG ONES,400,500,9,100,True,2026-09-06 08:38:18
141368457,2673HP,Fay Hygiene Fine Tissues 75 Pieces,204.6,220,2,5,True,2026-09-06 08:38:18
141368460,7OI5E3,Fay Kitchen Single Tissue 1 Roll ,160,320,2,5,True,2026-08-12 11:10:18
141368475,6S6914,Fay Miss Tissue Box 100 Pieces,251.1,270,42,5,True,2026-09-06 08:38:18
141368466,7L49UK,Fay Tissue Biggest Toilet 4 Rolls,511.5,550,22,5,True,2026-09-06 08:38:18
141373860,r1vf-8,Deluxe Tissue Roll 1pc,130,130,5,0,True,2026-09-06 08:38:18
141370544,H36Z4W,Tux Premium Tissue Grande 100X2 Ply,234,260,2,100,True,2026-09-06 08:38:18
141368469,IX753Z,Fay Kitchen Twin Packet Tissue 2 Rolls ,604.5,650,12,5,True,2026-09-06 08:38:18
141373661,57JK28,Rose Petal Limited Edition Perfumed Oud 1 Pack,405,450,29,0,True,2026-09-06 08:38:18
141372394,3F16Y4,Hankies Garden Tissue Box,300,300,27,100,True,2026-09-06 08:38:18
141368499,555BZ7,Fay Mini Pop Up 50 Pieces,120.9,130,69,0,True,2026-09-06 08:38:18
141368474,3A4P7C,Fay Elegant 80 Pieces,167.4,180,54,5,True,2026-09-06 08:38:18
141368443,545RZA,Fay Kitchen Bigger Tissue 1 Roll ,651,700,23,0,True,2026-09-06 08:38:18
142894270,r1vf-13024,Tux Perfumed Tissue 200 Pieces,350,350,25,8,True,2026-09-06 08:38:18
141376232,virtual-529,Masafi Facial Tissue White (2 Ply) 200 Pieces (00001),600,600,23,0,True,2026-09-06 08:38:18
142894269,r1vf-13023,Tux Royal Gold Tissue 1 Box,450,450,34,0,True,2026-09-06 08:38:18
144380855,r1vf-10721,My Wrap Kitchen Towel (Single Pack) 1 Roll,259,370,44,8,True,2026-09-06 08:38:18
141368464,1893F8,Fay Tissue Bigger Maxi 1 Roll ,1209,1300,12,5,True,2026-09-06 08:38:18
144380856,r1vf-10722,My Wrap Kitchen Towel (Twin Pack) 2 Rolls,462,660,21,8,True,2026-09-06 08:38:18
141368453,J2MT6L,Fay Cotton Buds 100 Pieces,167.4,180,10,5,True,2026-09-06 08:38:18
141368500,8HG7G7,Fay Cotton Round Pads 80 Pieces,437.1,470,2,5,True,2026-09-06 08:38:18
141368501,C2WS1L,Fay Cotton Round Pads 50 Pieces,344.1,370,12,0,True,2026-09-06 08:38:18
141368461,Y6RVL1,Fay Cotton Balls 50 Pieces,204.6,220,1,5,True,2026-09-06 08:38:18
141368454,5D3734,Fay Cotton Balls 100 Pieces,344.1,370,34,0,True,2026-09-06 08:38:18
141617035,7WTDDX,Durex Mutual Pleasure Condom 10 Pieces,1430,1625,10,0,True,2026-09-06 08:42:04
141368514,80J904,Maybelline Fit Me Matte Poreless Liquid Foundation SPF 22 (No128) Warm Nude 18ml,1159.42,1999,1,100,True,2026-08-16 07:44:16
141371499,2147S2,Maybelline Fit Me Matte Classic Ivory No120 Poreless Liquid Foundation (SPF 22) 18ml,1159.42,1999,1,100,True,2026-08-13 11:12:22
141371482,4GGX18,Maybelline New York Instant Age Rewind Concealer #100 Ivory 6 ml,3799,3799,9,0,True,2026-09-06 08:38:42
141368438,QOI41N,Maybelline Instant Age Rewind Concealer No.130 Medium 6ml,2393.37,3799,11,100,True,2026-09-06 08:38:42
141368427,DVEB7A,Maybelline New York Colossal Volume Express 100% Black Mascara 10.7ml,1014.42,1749,1,100,True,2026-08-13 11:12:22
141372796,29P3FK,Maybelline New York Lash Sensational Sky High Very Black,2087.42,3599,1,100,True,2026-08-15 10:34:03
141374407,r1vf-1130,Cool & Cool Facial Cleansing & Makeup Removing Wipes 33 Pieces,405.45,477,1,10,True,2026-04-02 14:29:26
141376618,B4R1RR,Color Studio Micellar Water Cucumber 100ml,850,850,1,100,True,2026-09-06 08:38:42
141376617,5Z7DN1,Color Studio Micellar Water Aloe Vera 100ml,653.35,895,3,0,True,2026-09-06 08:38:42
141369164,19R5AS,Krone Attitude Vogue Body Spray 150ml,339.5,485,9,5,True,2026-09-06 08:38:42
141369165,X9KAXJ,Krone Attitude Rise Body Spray 150ml,339.5,485,12,5,True,2026-09-06 08:38:42
141372459,J1311Q,Markhor Zann Body Spray Charisma (Non-gas) 120ml,899,899,5,100,True,2026-09-06 08:38:42
141375824,r1vf-3087,Markhor Zann Gulabo (Non-gas) Body Spray 120ml,656.27,899,16,8,True,2026-09-06 08:38:42
141375828,r1vf-3091,Markhor Royale Nova (Non-gas) Body Spray 120ml,656.27,899,19,0,True,2026-09-06 08:38:42
141372452,2312XE,Markhor Body Spray Noir (Non-gas) 120ml,899,899,13,100,True,2026-09-06 08:38:42
141375823,r1vf-3086,Markhor Saien (Non-gas) Body Spray 120ml,875,875,21,8,True,2026-09-06 08:38:42
141375829,r1vf-3092,Markhor Royale Titan (Non-gas) Body Spray 120ml,656.27,899,15,8,True,2026-09-06 08:38:42
141375830,r1vf-3093,Markhor Royale Apex (Non-gas) Body Spray 120ml,656.27,899,22,0,True,2026-09-06 08:38:42
141372474,E7N37N,Markhor Body Sprayt Voyage (Non-gas) 120ml,656.27,899,3,100,True,2026-09-06 08:38:42
141375848,r1vf-3112,Markhor Noir Mystic (Non-gas) Body Spray 120ml,656.27,899,21,8,True,2026-09-06 08:38:42
141375827,r1vf-3090,Markhor Blanc Frostnight (Non-gas) Body Spray 120ml,875,875,18,8,True,2026-09-06 08:38:42
141372467,E683BV,MarkhorBody Spray Code  (Non - gas) 120 ml,656.27,899,24,100,True,2026-09-06 08:38:42
141375850,r1vf-3114,Markhor Noir Zest (Non-gas) Body Spray 120ml,656.27,899,22,0,True,2026-09-06 08:38:42
141372456,R84X07,Markhor Body Spray Icon (Non-gas) 120 ml,656.27,899,22,0,True,2026-09-06 08:38:42
141372461,G2EH2W,Markhor Body Spray Elegance (Non-gas) 120ml,656.27,899,4,100,True,2026-09-06 08:38:42
141375822,r1vf-3085,Markhor Noir Flare (Non-gas) Body Spray 120ml,656.27,899,42,8,True,2026-09-06 08:38:42
141370868,MUA3UY,"Nivea Men Fresh Active, Segar Tahan Lama, deodorant 50 ml",1140,1500,1,100,True,2026-05-27 08:18:04
141370880,KPQ9EH,Nivea Aqua Cool Roll On 50ml,1275,1500,1,100,True,2026-06-03 14:55:26
141371853,4V0V49,Nivea Deodorant Roll On Fresh Power 50 ml (Male),1140,1500,1,100,True,2026-05-26 16:55:16
141370871,GB0R32,"Nivea Powder Touch, Antiperspirant For Women, Roll On 50 ml",1140,1500,1,100,True,2026-05-29 08:13:36
141372470,7G4PLI,MarkhorBody Spray Desire (Non-gas) 120ml,656.27,899,5,100,True,2026-09-06 08:38:42
141375847,r1vf-3111,Markhor Noir Blaze (Non-gas) Body Spray 120ml,656.27,899,23,8,True,2026-09-06 08:38:42
141372335,YS501E,Nivea Roll On 50Ml Clean Protect,1230,1500,1,100,True,2026-05-20 16:42:22
141375846,r1vf-3110,Markhor Noir Spark (Non-gas) Body Spray 120ml,656.27,899,21,0,True,2026-09-06 08:38:42
141371855,8GAWEO,Nivea Deodorant Roll On Fresh (Unisex),1275,1500,1,100,True,2026-06-12 08:48:45
141375825,r1vf-3088,Markhor Monster (Non-gas) Body Spray 120ml,875,875,22,8,True,2026-09-06 08:38:42
141375826,r1vf-3089,Markhor Moto Cross (Non-gas) Body Spray 120ml,875,875,21,8,True,2026-09-06 08:38:42
141371894,2XIAH8,Hemani Wb Coral Blush Deodorant Body Spray 200ml,585,585,6,100,True,2026-09-06 08:38:42
141371897,V5EZ51,Hemani Wb Intense Secrets Deodorant Body Spray 200 ml,585,585,3,100,True,2026-09-06 08:38:42
141370594,LN9197,Nestle Cerelac Baby Food (3 Fruits & Wheat) 175gm,450,450,15,0,True,2026-09-06 08:39:06
141370593,D51MDG,Cerelac Rice Baby Food 175g,450,450,1,100,True,2026-05-10 14:29:41
141370592,6MT8C7,Cerelac Wheat Baby Food 175g,450,450,12,0,True,2026-09-06 08:39:06
141370819,KLCGU3,Nestle Cerelac Nature's Selection Multigrain Dates & Bananalicious 175g 175g,650,650,1,0,True,2026-09-06 08:39:06
141370598,09R702,Cerelac Red Fruits Baby Food 175g,560,560,1,0,True,2026-09-05 18:09:57
141370612,5F6FA0,Cerelac 3 Fruits & Wheat Baby Food 350g,870,870,13,0,True,2026-09-06 08:39:06
141376215,r1vf-4272,Cerelac Vitamin B1 & Iron (3 Fruits) 100g,250,250,1,0,True,2026-09-06 08:39:06
141370600,1Z58R2,"Cerelac Nature Oats,Rice&Apples Soft Pack 175Gm",558,620,1,100,True,2026-04-19 06:08:13
141370597,ZG4U4Q,"Cerelac Apple, Strawberry and Pear Baby Food 175g",560,560,2,0,True,2026-09-06 08:39:06
141370596,3I4HD4,Cerelac Yellow Fruits Baby Food 175g,560,560,2,0,True,2026-09-06 08:39:06
141370603,T421S3,Baby Food - NESTLE CERELAC - Wheat 350 g,870,870,3,0,True,2026-09-06 08:39:06
141373011,AS657U,Nestle Cerelac Nature's Selection (Pineapple) 175g,650,650,3,0,True,2026-09-06 08:39:06
141370601,2DG9BX,"Nestle Cerelac Nature's Selection Multigrain, Pomegranate 350gm",1280,1280,30,0,True,2026-09-06 08:39:06
142807473,6VX99Q,Morinaga BF-1 Milk Powder (Soft Pack) 200g,800,800,1,0,True,2026-09-06 08:39:06
141376342,UHDMI5,Morinaga Powder Milk Bf 1 400g,2790,2790,1,100,True,2026-09-04 19:02:15
141369346,747Z5L,Morinaga Powder Milk BF-1 900g,6030,6030,1,0,True,2026-08-24 10:50:40
141371248,Y9T3D9,Similac Gold Stage 1 Babies 0-6 Months 400g,3115,3115,2,1,True,2026-09-06 08:39:06
141375945,r1vf-3326,Nan Supremepro 2 Powder (Tin) 400g,2950,2950,2,0,True,2026-09-06 08:39:06
141375944,r1vf-3325,Nan Supremepro 1 Powder (Tin) 850g,6150,6150,7,2,True,2026-09-06 08:39:06
141375946,r1vf-3327,Nan Supremepro 2 Powder (Tin) 900g,6150,6150,4,0,True,2026-09-06 08:39:06
143460200,TG5SX7,Aptamil Comfort (0 - 12 Months) 400g,4156,4156,2,0,True,2026-04-29 06:34:32
141375943,r1vf-3324,Nan Supremepro 1 Powder (Tin) 400g,2950,2950,1,2,True,2026-09-06 08:39:06
141369982,6NG9C7,Similac Formula NeoSure 370g,3515,3515,1,100,True,2026-05-25 08:35:13
141370625,622MD8,Nestle Nido Growing up Formula 1+ Powder 900g,2538,2700,3,2,True,2026-09-06 08:39:06
141370607,6L23H8,Nestle Nido NESTLE NIDO Growing up Formula 1+ Powder 375g,1062.2,1130,3,0,True,2026-09-06 08:39:06
141370671,XE960U,Nestle Nido Growing Up Formula 1+ Powder 150g,423,450,20,0,True,2026-09-06 08:39:06
141370615,B39773,Nestle Nangrow 3 Growing-up Formula 300g,1175,1250,6,0,True,2026-09-06 08:39:06
141370622,8MTZ89,Nestle Nido NESTLE NIDO Growing up Formula 3+ Powder 800g,2256,2400,2,0,True,2026-09-06 08:39:06
141370623,OYWI77,Nestle Lactogrow 3 Growing-up Formula Powder Milk 800g,2820,3000,1,2,True,2026-09-05 08:21:56
141370613,EBUPEN,NESTLE LACTOGROW 3 Growing-up Formula Powder Milk 400g,1410,1500,9,2,True,2026-09-06 08:39:06
141369343,31T754,Morinaga Bf 3 Soft Pack 600Gm,2400,2400,2,100,True,2026-09-06 08:39:06
141369344,B28QT2,Morinaga Powder Milk BF Grow 3 Vanilla 900g,3600,3600,1,0,True,2026-09-05 18:09:57
141370608,88340C,Nestle Nido Growing up Formula 3+ Powder 375g,1062.2,1130,2,0,True,2026-09-06 08:39:06
141369347,82K5DW,Morinaga Bf 3 Soft Pack 300Gm,1220,1220,2,100,True,2026-09-06 08:39:06
141369345,L60IRG,Morinaga Bf Grow 3 Vanilla 1 Year 400g,2790,2790,1,100,True,2026-09-05 13:27:49
141373449,FGM1HM,Nestle Nido Growing up Formula 3+ Powder 150g,376,400,3,0,True,2026-09-06 08:39:06
141374354,r1vf-925,Aptamil Advance Junior (No. 3) Growing Up Formula (1-3 Years) BIB 400g,3150,3150,2,3,True,2026-03-26 08:10:37
141372239,D6AJ07,Cow&Gate Milk 400Gm Stage 3 Growing Up Formula,1865,1865,1,100,True,2026-04-04 16:49:14
142807480,X4H3RB,Morinaga Bf-Chill School Stage 4 900g,3820,3820,1,0,True,2026-09-04 14:14:03
142807477,O8XPD6,Morinaga Cs 4 Vanilla Growing Up Formula 600g,2570,2570,1,0,True,2026-09-06 08:39:06
141375947,r1vf-3328,Nan Supremepro 3 (Tin) 850g,6150,6150,12,2,True,2026-09-06 08:39:06
142807478,XBXAC0,Morinaga Bf Chil School Growing-up Formula Chocolate Stage 4 300g,1310,1310,22,0,True,2026-09-06 08:39:06
141375970,r1vf-3329,Nangrow Supremepro 3 (Tin) 400g,2950,2950,2,0,True,2026-09-06 08:39:06
142807479,UUD6EX,Morinaga Bf-4 Chil Chocolate Above 3 Year 600g,2570,2570,5,0,True,2026-09-06 08:39:06
141368677,5TZ5M5,NaNa Premium Wipes 72 Pieces,302.76,348,3,100,True,2026-09-06 08:39:06
141373577,8794VW,Bona Papa Super Baby Diapers  XL Size 5 50 Pieces,1816,1816,2,0,True,2026-09-06 08:39:06
141373576,E4K50L,Bona Papa Super Baby Diapers Large Size 4  50 Pieces,1690,1690,1,12,True,2026-09-06 08:39:06
141372014,5O12WL,Pampers Pants Baby Diapers Size 6 Junior Plus 38 Count,2800,2800,1,12,True,2026-05-12 09:50:58
141371519,U33JZ4,Mothercare Baby Wipes Tea Tree Oil White Large 70 Pcs,329.3,370,6,5,True,2026-09-06 08:39:06
141371528,ZO8406,Mothercare Baby Wipes Pink Large 80 Pieces,329.3,370,10,5,True,2026-09-06 08:39:06
141373582,I384Q9,Bona Papa Super Baby Diapers Medium Size 3 50 Pieces,1359.81,1563,2,12,True,2026-09-06 08:39:06
141374085,mol368,Molfix Diaper Mega Pack Extra Large Size 6 (15kg+) 54 Pcs,3699,4150,1,0,True,2026-08-24 14:01:59
141373578,325K8V,Bona Papa Super Baby Diapers XXL Size 6 50 Pieces,2006,2006,1,0,True,2026-09-06 08:39:06
141369293,35NV0H,Canbebe Baby Diaper Jumbo Extra Large Size 6 (16+ Kg) 38 Pieces,2590,3372,2,0,True,2026-09-06 08:39:06
141369294,2SM871,Canbebe Baby Diaper Jumbo Junior Size 5 (11-25 Kg) 44 Pieces,2590,3372,1,0,True,2026-09-06 08:39:06
141372476,5B15EC,Pampers Taped Baby Diapers Size 5 Junior 44 Count,2800,2800,1,12,True,2026-05-29 16:58:16
141370851,I6Z6H2,Molfix Diaper Pants Extra Large Jumbo Pack Size 6 (15+kg) 38 Pcs,2599,2900,2,3,True,2026-08-25 07:59:41
141374408,r1vf-1131,Cool & Cool Sensitive Small Wipes 30 Pieces,311.1,366,2,10,True,2026-05-08 11:29:20
141374086,mol369,Molfix Diaper Jumbo Pack Extra Large Size 6 (15kg+) 38 Pcs,3150,3150,7,0,True,2026-09-06 08:39:06
141372013,R8984U,Pampers Pants Baby Diapers Size 6 Junior Plus 19 Pieces,1600,1600,1,12,True,2026-04-26 06:16:38
141372409,3X05O8,Hankies Wettish Wipe 6 Pieces,80,100,164,100,True,2026-09-06 08:39:06
141373584,26QX28,Bona Papa Magic Baby Diapers Jumbo XL Size 5 48 Pieces,2323,2323,2,12,True,2026-09-06 08:39:06
141373588,947C48,Bona Papa Magic Baby Diapers Jumbo XXL Size 6 42 Pieces,2323,2323,2,12,True,2026-09-06 08:39:06
141374100,r1vf-545,Molfix Diaper Extra Large Twin Pack Size 6 (15+kg) 19 Pcs,1750,1750,4,100,True,2026-09-06 08:39:06
141374101,r1vf-535,Molfix Diaper Junior Mega Pack Size 5 (11-18kg) 62 Pcs,3699,4150,1,100,True,2026-08-24 08:07:32
141373585,IW5N6B,Bona Papa Super Baby Diapers Small Size 2 50 Pieces,1310,1310,2,12,True,2026-09-06 08:39:06
141374089,r1vf-540,Molfix Diaper Junior Jumbo Pack Size 5 (11-18kg) 44 Pcs,2599,3150,1,100,True,2026-08-27 15:11:57
141374094,r1vf-539,Molfix Diaper Maxi Jumbo Pack Size 4 (7-14kg) 50 Pcs,3150,3150,1,100,True,2026-09-06 08:39:06
141376683,BU75X3,Pampers MP S4 Skin Comfort (Size 4) 50 Pieces,2800,2800,2,0,True,2026-06-16 15:23:47
141374095,r1vf-534,Molfix Diaper Maxi Mega Pack Size 4 (7-14kg) 72 Pcs,4150,4150,1,0,True,2026-08-31 19:36:30
141372017,W20413,Pampers Taped Baby Diapers Size 4 Large 25 Pieces,1600,1600,1,12,True,2026-05-06 11:59:38
141372007,SH0F3J,Pampers Skin Comfort Pants Size 5 22 Pieces,1600,1600,1,12,True,2026-04-24 14:54:09
141374087,mol370,Molfix Diaper Junior Twin Pack Size 5 (11-18kg) 22 Pcs,1800,1800,2,0,True,2026-08-26 16:58:52
141374106,r1vf-549,Molfix Diaper Pants Extra Large Twin Pack Size 6 (15+kg) 19 Pcs,1630,1630,1,0,True,2026-09-06 08:39:06
141372018,5UEVUS,Pampers Taped Baby Diapers Size 3 Medium 28 Pieces,1600,1600,2,0,True,2026-06-22 10:00:45
141374093,r1vf-544,Molfix Diaper Maxi Twin Pack Size 4 (7-14kg) 25 Pcs,1750,1750,1,0,True,2026-08-08 16:47:03
141368675,Y0SO5D,Momse Jumbo Diaper Size 5 Ex-Large 44 Pieces,2224.31,3047,1,12,True,2026-09-06 08:39:06
141369296,MAUBMM,Canbebe Baby Diaper Maxi Jumbo Size 4 (7-18 Kg) 50 Pieces,2590,3372,1,12,True,2026-09-06 08:39:06
141374102,r1vf-548,Molfix Diaper Pants Junior Twin Pack Size 5 (12-17kg) 22 Pcs,1630,1630,3,0,True,2026-09-06 08:39:06
141374097,r1vf-541,Molfix Diaper Newborn Twin Pack Size 1 (2-5kg) 42 Pcs,1750,1750,4,100,True,2026-09-06 08:39:06
141374108,r1vf-551,Molfix Diaper Pants Maxi Jumbo Pack Size 4 (9-14kg) 50 Pcs,2579,2830,2,100,True,2026-08-29 11:03:30
141374088,r1vf-552,Molfix Diaper Pants Junior Jumbo Pack Size 5 (12-17kg) 44 Pcs,2830,2830,1,0,True,2026-09-02 14:22:49
141369302,I86W5C,Canbebe Baby Diaper Midi Jumbo Size 3 56 Pieces (4-9 kg),2590,3372,1,0,True,2026-09-06 08:39:06
141372008,04132R,Pampers Taped Baby Diapers Size 2 Small 62 Pieces,2800,2800,1,12,True,2026-06-07 17:33:22
141372010,53LGT0,Pampers Pants Baby Diapers Size 5 Junior 44 Pieces,2800,2800,1,12,True,2026-06-05 18:08:04
141369308,PB665I,Canbebe Baby Diapers Maxi Economy Size 4 (7 - 18Kg) 25 Pieces,1768,1768,5,12,True,2026-09-06 08:39:06
141374092,r1vf-538,Molfix Diaper Midi Jumbo Pack Size 3 (4-9kg) 56 Pcs,2677.5,3150,1,100,True,2026-09-04 14:14:03
141376682,CXDH1X,Pampers Baby Diapers Skin Comfort Medium (Size 3) 56 Pieces,2800,2800,1,0,True,2026-06-21 17:52:49
141374105,r1vf-547,Molfix Diaper Pants Maxi Twin Pack Size 4 (9-14kg) 25 Pcs,1630,1630,5,0,True,2026-09-06 08:39:06
141374090,r1vf-536,Molfix Diaper Newborn Jumbo Pack Size 1 (2-5kg) 84 Pcs,2520,3150,2,0,True,2026-08-13 14:33:04
141374104,r1vf-543,Molfix Diaper Midi Twin Pack Size 3 (4-9kg) 28 Pcs,1750,1750,1,0,True,2026-09-06 08:39:06
141369306,44S3S1,Canbebe Baby Diapers Extra Large Economy Size 6 (16Kg +) 19 Pieces,1768,1768,1,12,True,2026-09-06 08:39:06
141374099,r1vf-533,Molfix Diaper Midi Mega Pack Size 3 (4-9kg) 80 Pcs,3527.5,4150,9,0,True,2026-09-06 08:39:06
141369307,X815OH,Canbebe Baby Diapers Junior Economy Size 5 (11 - 25Kg) 22 Pieces,1768,1768,1,12,True,2026-09-04 14:14:03
141369304,0943DU,Canbebe Baby Diapers New Born Jumbo  (2 - 5Kg) 84 Pieces,2850,3164,4,12,True,2026-09-06 08:39:06
141374091,r1vf-537,Molfix Diaper Mini Jumbo Pack Size 2 (3-6kg) 70 Pcs,2677.5,3150,4,100,True,2026-09-06 08:39:06
141374098,r1vf-542,Molfix Diaper Mini Twin Pack Size 2 (3-6kg) 35 Pcs,1487.5,1750,6,0,True,2026-09-06 08:39:06
141369234,9C79I6,Canbebe Baby Diapers Midi Economy Size 3 (4 - 9Kg) 28 Pieces,1768,1768,1,12,True,2026-09-06 08:39:06
141371535,31M0H4,Mothercare Anit Bacterial Alcohol Free Adult Wipes 40 Pieces,300,300,6,5,True,2026-09-06 08:39:06
141372009,T27ODU,Pampers Pants Baby Diapers Size 4 Large 50 Pieces,2800,2800,1,0,True,2026-06-21 12:22:04
141369236,72VHMX,Canbebe Baby Diapers New Born Economy  (2 - 5Kg) 42 Pieces,1685,1685,1,0,True,2026-09-06 08:39:06
141374103,r1vf-546,Molfix Diaper Pants Midi Twin Pack Size 3 (6-11kg) 28 Pcs,1630,1630,8,0,True,2026-09-06 08:39:06
141372015,TZ1W89,Pampers Taped Baby Diapers Size 2 Small 31 Pieces,1600,1600,1,12,True,2026-06-28 08:02:10
141374096,r1vf-532,Molfix Diaper Mini Mega Pack Size 2 (3-6kg) 100 Pcs,3527.5,4150,4,100,True,2026-09-06 08:39:06
141369235,M1X0Z6,Canbebe Baby Diapers Mini Economy Size 2 (3 - 6Kg) 34 Pieces,1768,1768,1,12,True,2026-09-06 08:39:06
141374107,r1vf-550,Molfix Diaper Pants Extra Large Midi Jumbo Pack Size 3 (6-11kg) 56 Pcs,2830,2830,3,100,True,2026-09-06 08:39:06
141376231,virtual-786,Masafi Antibacterial Wipes 80 Pieces,799,799,12,0,True,2026-09-06 08:39:06
141372110,1MC25W,Nexton Baby Shampoo 125ml,460,460,4,100,True,2026-09-06 08:39:06
141372113,IX06OH,Nexton Baby Soap Aloe Vera 100g,299,299,9,100,True,2026-09-06 08:39:06
141372101,246M2O,Nexton Baby Hair & Body Wash 3 in 1 250ml,975,975,2,100,True,2026-09-06 08:39:06
141372109,SE8FO6,Nexton Baby Lotion 125ml,479.2,599,1,100,True,2026-09-06 08:39:06
141372112,X50004,Nexton Baby Powder Rash 100g,260,325,3,100,True,2026-09-06 08:39:06
141371542,55X970,Mothercare Baby Lotion With Lanolin And Vitamin E 215 ml,546,700,3,5,True,2026-09-06 08:39:06
141372105,TDJ41G,Nexton Pink Baby Powder 200g,424,530,15,100,True,2026-09-06 08:39:06
141371532,81L2X4,Mothercare Baby Soap 80Gm,175.5,225,2,0,True,2026-09-06 08:39:06
141371540,PB6K3V,Mothercare Go Rash Nappy Cream Large,375,375,7,5,True,2026-09-06 08:39:06
141371527,D4C8L5,Mothercare Baby Lotion Soap 80g,225,225,7,0,True,2026-09-06 08:39:06
141372103,3V4QR4,Nexton Pink Baby Oil 125ml,500,625,15,100,True,2026-09-06 08:39:06
141372115,3R3Q35,Nexton White Baby Powder 100g,325,325,3,100,True,2026-09-06 08:39:06
141372108,62VJQ5,Nexton Baby Powder Rash 200g,424,530,21,0,True,2026-09-06 08:39:06
141371539,62L630,Mothercare Baby Shampoo Natural & Mild 200 ml,538.2,690,2,0,True,2026-09-06 08:39:06
141371516,1FYW95,Mothercare Baby Oil Lavender And Mineral 200 ml,585,750,16,100,True,2026-09-06 08:39:06
141371541,143Q22,Mothercare Baby Lotion 300Ml,663,850,9,5,True,2026-09-06 08:39:06
141372107,0H842Y,Nexton Baby Jelly Mild Fragrance 100ml,593.75,625,2,100,True,2026-09-06 08:39:06
141371536,UAF131,Mothercare Baby Lotion French Berries 215 ml,546,700,43,100,True,2026-09-06 08:39:06
141371522,0VJHT5,Mothercare Baby Shampoo 200Ml Grape Extract,538.2,690,18,0,True,2026-09-06 08:39:06
141371530,GT9GZV,Mothercare Baby Powder French Berries Medium 215 g,351,450,31,100,True,2026-09-06 08:39:06
141371526,WCVAH2,Mothercare Baby Powder 215Gm,450,450,22,5,True,2026-09-06 08:39:06
141371531,72UP79,Mothercare Baby Powder Natural & Mild Large 385 g,487.5,625,20,0,True,2026-09-06 08:39:06
141371529,A4E56D,Mothercare Baby Powder French Berries 385Gm,487.5,625,1,100,True,2026-09-06 08:39:06
141371518,UK6YOZ,Mothercare Baby Shampoo Tear Free 200 ml,538.2,690,19,100,True,2026-09-06 08:39:06
141371538,9V459E,Mothercare Baby Shampoo 300Ml,694.2,890,20,0,True,2026-09-06 08:39:06
141371517,WS4F69,Mothercare Baby Shampoo 300Ml Tear Free,694.2,890,21,100,True,2026-09-06 08:39:06
141371520,O70Q68,Mothercare Baby Shampoo 300Ml Grape Extract,694.2,890,21,100,True,2026-09-06 08:39:06
141370418,B85KI8,Bonus Tristar Detergent Washing Powder 1000g,267.3,270,18,0,True,2026-09-06 08:40:20
141371140,H8CV6T,SURF EXCEL WASHING POWDER 1KG,620,620,13,3,True,2026-09-06 08:40:20
141370640,7H6601,Brite Maximum Power Washing Powder 1kg,589,620,7,0,True,2026-09-06 08:40:20
141370639,N4J6J7,Brite Maximum Power Washing Powder 500g,297.6,310,1,5,True,2026-09-05 18:10:14
141370398,38Y8G9,Express Power Detergent Washing Powder 1kg,494,520,10,12,True,2026-09-06 08:40:20
141373726,JJN59Y,SUNLIGHT PINK JASMINE FRESH WASHING POWDER 2KG,521.55,549,7,3,True,2026-09-06 08:40:20
141374175,r1vf-800,Surf Excel Detergent Liquid Pouch 900 ml,650.07,699,9,3,True,2026-09-06 08:40:20
141371448,XT4G7A,SURF EXCEL LIQUID DETERGENT BOTTLE 900ML,572,650,6,3,True,2026-09-06 08:40:20
141371181,7PX307,SURF EXCEL WASHING POWDER 500G,310,310,10,2,True,2026-09-06 08:40:20
141371144,Z3339Y,SURF EXCEL MATIC WASHING POWDER TOP LOAD 1KG ,674.1,749,8,3,True,2026-09-06 08:40:20
141371126,I0NI4Y,SUNLIGHT PINK JASMINE FRESH WASHING POWDER 365G,99,99,11,2,True,2026-09-06 08:40:20
141370399,LZ1HAD,Bonus Tristar Detergent Washing Powder 180g,50,50,16,24,True,2026-09-06 08:40:20
141370971,919541,Brite Antibacterial Washing Powder 500g,316.8,330,7,5,True,2026-09-06 08:40:20
141370984,G251OE,Express Detergent Power 500g,252.2,260,2,24,True,2026-09-06 08:40:20
141371142,285VBE,SURF EXCEL WASHING POWDER 3KG,1627.5,1750,4,3,True,2026-09-06 08:40:20
141370985,20ODSP,Bonus Active Detergent Washing Powder 750g,279.3,285,9,100,True,2026-09-06 08:40:20
141371451,PA88W6,SURF EXCEL LIQUID DETERGENT BOTTLE 450ML,332.5,350,3,3,True,2026-09-06 08:40:20
141370643,V58JR3,Bonus Tristar Detergent Washing Powder 2000g,499.2,520,3,100,True,2026-09-06 08:40:20
141368582,X04SOX,Ariel Detergent Washing Powder Downy 1kg,580,580,2,4,True,2026-07-05 07:41:16
141370969,7372PQ,Express Detergent Power 2kg,921.2,980,7,100,True,2026-09-06 08:40:20
141370401,24BZG0,Bonus Active Detergent Washing Powder 500g,190,190,4,100,True,2026-09-06 08:40:20
141370973,SGQ535,Brite Antibacterial Washing Powder 1kg,620.4,660,3,5,True,2026-09-06 08:40:20
141373727,DM0TZQ,SUNLIGHT GREEN CLEAN AND FRESH WASHING POWDER 365G,99,99,2,2,True,2026-09-06 08:40:20
141370987,15X9IZ,Brite Maximum Power Washing Powder 2kg,1094.8,1190,2,5,True,2026-09-06 08:40:20
141371143,A1WGL1,SURF EXCEL WASHING POWDER 4.5KG,2419.6,2630,3,3,True,2026-09-06 08:40:20
141368581,GS3H99,Ariel Detergent Washing Powder Downy 500g,290,290,2,3,True,2026-07-04 09:41:42
141368584,80671K,Ariel Detergent Washing Powder Original 1kg,600,600,2,4,True,2026-07-05 11:48:29
141373242,778QAW,Power Plus Floor Cleaner 500ml,340,340,1,0,True,2026-09-06 08:40:20
141373245,5N60OE,Power Plus Glass Cleaner 500ml,255.5,350,2,0,True,2026-09-06 08:40:20
141373729,WCK5BR,SUNLIGHT GREEN CLEAN AND FRESH WASHING POWDER 1KG,299,299,13,2,True,2026-09-06 08:40:20
141370641,82K472,Express Detergent Power 1500g,724.8,755,8,0,True,2026-09-06 08:40:20
141371141,73BC6J,Surf Excel Detergent Powder 2 kg,1094.8,1190,1,3,True,2026-09-05 13:28:19
141373730,U97V95,SUNLIGHT GREEN CLEAN AND FRESH WASHING POWDER 730G,199,199,9,2,True,2026-09-06 08:40:20
142216342,65241769,SURF EXCEL LIQUID DETERGENT REFILL POUCH 450ML,325,325,3,0,True,2026-09-06 08:40:20
141373728,IFZAX7,SUNLIGHT PINK JASMINE FRESH WASHING POWDER 390G,99,99,4,2,True,2026-09-06 08:40:20
143893668,r1vf-2583,Sufi Super Detergent Powder 1kg,540,600,3,8,True,2026-09-06 08:40:20
141368583,U9CCBM,Ariel Detergent Washing Powder Original 500g,300,300,1,6,True,2026-07-20 18:16:08
142216341,65241767,SURF EXCEL LIQUID DETERGENT POUCH 240ML,199,199,8,3,True,2026-09-06 08:40:20
141368586,81B33F,Ariel Detergent Washing Powder Downy 2Kg,1150,1150,1,4,True,2026-07-28 12:08:04
141373651,8VPHSJ,RIN WASHING POWDER 500G,189.05,199,1,3,True,2026-09-06 08:40:20
141375194,r1vf-2021,Brite Machine Washing Powder 1kg,607.2,660,3,5,True,2026-09-06 08:40:20
143893661,r1vf-2574,Twin Detergent Powder Economy Pack 400g,89.1,99,8,8,True,2026-09-06 08:40:20
143893662,r1vf-2575,Twin Detergent Powder Economy Pack 1 kg,234,260,11,8,True,2026-09-06 08:40:20
141368588,YBVNQ7,Ariel Detergent Washing Powder Machine Expert 1kg,940,940,3,4,True,2026-07-18 06:21:50
144113579,4W92Z7,Klear Liquid Laundry Detergent 1 liter,585,650,5,0,True,2026-09-06 08:40:20
141371180,7B69C7,RIN WASHING POWDER 1KG,379.05,399,8,3,True,2026-09-06 08:40:20
141371127,ZB346H,SUNLIGHT YELLOW CLEAN AND ROSE FRESH WASHING POWDER 730G,199,199,7,2,True,2026-09-06 08:40:20
141368831,17Y779,Ariel Detergent Washing Powder Original 2kg,1150,1150,1,6,True,2026-07-24 06:37:49
141368832,2H1FO5,Ariel Detergent Washing Powder Original 3kg,1690,1690,1,6,True,2026-07-29 09:48:40
143893669,r1vf-2584,Sufi Super Detergent Powder 2kg,1035,1150,4,0,True,2026-09-06 08:40:20
143893667,r1vf-2582,Sufi Super Detergent Powder 500g,270,300,9,0,True,2026-09-06 08:40:20
141371051,SO91NI,COMFORT PINK LILY FRESH  FABRIC SOFTENER BOTTLE 200ML,234,260,11,3,True,2026-09-06 08:40:20
141371054,ZN3KGB,COMFORT BLUE MORNING FRESH  FABRIC SOFTENER BOTTLE 200ML,234,260,15,3,True,2026-09-06 08:40:20
141372144,CS995Z,Softlan Spring Fresh Fabric Conditioner (Pouch) 1000ml,463.5,515,11,0,True,2026-09-06 08:40:20
141372143,SM3HV4,Softlan Floral Fantasy Fabric Conditioner (Pouch) 1000ml,463.5,515,11,8,True,2026-09-06 08:40:20
141371052,AXNDS0,COMFORT PINK LILY FRESH  FABRIC SOFTENER BOTTLE 400ML,423,470,3,3,True,2026-09-06 08:40:20
141371050,Q7A063,COMFORT BLUE MORNING FRESH  FABRIC SOFTENER BOTTLE 800ML,679.15,799,3,3,True,2026-09-06 08:40:20
141371056,0S0TX1,COMFORT BLUE MORNING FRESH  FABRIC SOFTENER POUCH 400ML,387,430,4,3,True,2026-09-06 08:40:20
141371055,22F7N4,COMFORT BLUE MORNING FRESH  FABRIC SOFTENER BOTTLE 400ML,423,470,5,3,True,2026-09-06 08:40:20
141371049,9218WY,COMFORT PINK LILY FRESH  FABRIC SOFTENER BOTTLE 800ML,703.12,799,2,3,True,2026-09-06 08:40:20
144113574,G49C15,Stiff On Original Starch Spray 567g,450,500,3,0,True,2026-09-06 08:40:20
141370961,29R1WC,Softlan 2 Liter Floral Fantasy - Fabric Conditioner,1008,1120,4,100,True,2026-09-06 08:40:20
141370963,GOLQ6I,Softlan 2 Liter Spring Fresh Fabric Conditioner,1008,1120,5,100,True,2026-09-06 08:40:20
141371461,1687UD,Robin Bleach Floral 450ml,650,650,7,3,True,2026-09-06 08:40:20
141368631,RH62Q8,Dettol Multi Purpose Floor Cleaner Lavendar 1000ml,1472,1600,1,6,True,2026-08-04 12:12:32
141368632,474W86,Dettol Floor Cleaner Citrus 1000ml,1424,1600,1,6,True,2026-08-17 10:46:22
141368630,7XML0C,Dettol Multi Purpose Floor Cleaner Floral 1000ml,1424,1600,5,0,True,2026-09-06 08:40:20
141368633,HFB486,Dettol Multi Purpose Floor Cleaner Aqua 1000ml,1424,1600,1,6,True,2026-08-31 10:52:11
141368394,X695N7,Klear Glass Cleaner Spray 500ml,277.2,315,12,100,True,2026-09-06 08:40:20
141368408,74N011,Finis Daily Mop 2.75l,550,650,8,0,True,2026-09-06 08:40:20
141368635,Q96L02,Dettol Multi Purpose Floor Cleaner Lavendar 500ml,775.5,825,3,6,True,2026-09-06 08:40:20
141368636,6YSH85,Dettol Multi Purpose Floor Cleaner Citrus 500ml,775.5,825,4,0,True,2026-09-06 08:40:20
141369033,QN7EJ6,Robin Bleach Original 450ml,650,650,4,100,True,2026-09-06 08:40:20
141376476,2S43JG,Power Plus Blue Liquid 100ml,60,60,2,0,True,2026-09-06 08:40:20
141368634,T5VRUF,Dettol Multi Purpose Floor Cleaner Floral 500ml,775.5,825,6,6,True,2026-09-06 08:40:20
142265302,26IKCB,Power Plus Blue Liquid 75ml,50,50,25,100,True,2026-09-06 08:40:20
141368510,S0WYB0,Finis Daily Mop Phenyl Concentrate Bottle 425ml,995,1045,18,3,True,2026-09-06 08:40:20
141368637,AW1CR0,Dettol Multi Purpose Floor Cleaner Aqua 500ml,643.5,825,5,0,True,2026-09-06 08:40:20
141419188,ZNAR9U,Mr Muscle Multi Purpose Cleaner (3in1) Lavender Scent 500ml,610,660,3,0,True,2026-09-06 08:40:20
141419189,3KM5E1,Mr. Muscle APC Floral 500ml,610,660,9,0,True,2026-09-06 08:40:20
141370395,23R995,Lemon Max Dishwash Long Bar 265g,100,100,22,12,True,2026-09-06 08:40:20
141370396,1248ZM,Max Dish Washing Soap Long Bar Bachat Pack (270gx 2 Pieces),200,200,24,12,True,2026-09-06 08:40:20
141370644,4P0Q43,Lemon Max Dishwash Bar 165g,60,60,129,24,True,2026-09-06 08:40:20
141375198,r1vf-2026,MaxScrub SP with Sponge -Single (L),94,100,17,0,True,2026-09-06 08:40:20
142998931,r1vf-8500,Prime Stainless Steel Scrubber Twin 2 Pieces,110,110,22,8,True,2026-09-06 08:40:20
141373809,A159RN,Lemon Max Lemon Dishwash Liquid 450ml,211.5,225,9,12,True,2026-09-06 08:40:20
141370416,9BK91V,Max Lemon Dishwash Liquid 275ml,180,180,12,0,True,2026-09-06 08:40:20
141370397,80IC5D,Max Dishwash Liquid Lemon 475ml,267.9,285,4,0,True,2026-09-06 08:40:20
141375196,r1vf-2024,MaxScrub SP with Sponge -Multi (2 in 1),128.8,140,2,0,True,2026-08-08 08:01:59
141374312,51668Y,Klear Dishwashing Liquid 500ml,233.2,265,10,5,True,2026-09-06 08:40:20
141375197,r1vf-2025,MaxScrub SP with Sponge -Multi (L 3in1),262.2,285,5,8,True,2026-09-06 08:40:20
141370980,46MGW5,Lemon Max Yellow Paste 400g,249.1,265,11,100,True,2026-09-06 08:40:20
141374805,h1ei-383,VIM LEMON AND PUDINA DISHWASHING BAR 260G,76,80,3,3,True,2026-09-06 08:40:20
141371156,SYVM17,VIM LEMON AND SALT DISHWASHING BAR 230G,85.5,90,6,3,True,2026-09-06 08:40:20
141370977,J8OWMY,Lemon Max Dishwash Liquid Bottle 750 ml,395.6,430,17,12,True,2026-09-06 08:40:20
141373810,SQY8IJ,Lemon Max Anti-Bacterial Dishwash Liquid 450ml Pouch,277.3,295,6,100,True,2026-09-06 08:40:20
141370645,H8E5V3,Max Dish Washing Liquid 170ml,120,120,9,100,True,2026-09-06 08:40:20
141370970,7YD873,Lemon Max Green Paste 400g,249.1,265,3,0,True,2026-09-06 08:40:20
141374806,h1ei-384,VIM LEMON AND PUDINA DISHWASHING BAR 520G,147.2,160,5,3,True,2026-09-06 08:40:20
141371184,FKY625,VIM LEMON AND SALT DISHWASHING POWDER 400G ,85.5,90,17,3,True,2026-09-06 08:40:20
142275534,374Z98,Spontex Sponge Cloth 3 Pieces,704.7,783,2,0,True,2026-09-06 08:40:20
142275531,349879,Spontex Spiral Blister 2 Pieces,169.2,188,66,0,True,2026-09-06 08:40:20
141939718,r1vf-3835,Vim Vinegar & Lime Dishwash Liquid 250ml,150,150,2,3,True,2026-09-06 08:40:20
142998935,r1vf-8504,Prime Stainless Steel Scrubber Single 1 Piece,60,60,264,8,True,2026-09-06 08:40:20
141370975,1ZAU4Q,Lemon Max Dishwash Anti-Bacterial Liquid Bottle 750ml,460,500,3,100,True,2026-09-06 08:40:20
142998932,r1vf-8501,Prime Stainless Steel Scrubber Single 1 Piece,100,100,139,8,True,2026-09-06 08:40:20
141371452,B045U4,VIM LEMON AND SALT DISHWASHING BAR 460G,171,180,6,3,True,2026-09-06 08:40:20
141373733,28HRE1,Lemon Max Dishwash Powder Bag 790g,180,180,4,100,True,2026-09-06 08:40:20
141370974,P09222,MaxScrub Scouring Pad - Multi (M 2in1),84.6,90,10,5,True,2026-09-06 08:40:20
141690093,75S9G0,VIM LEMON AND SALT DISHWASHING POWDER 750G,156.4,170,10,3,True,2026-09-06 08:40:20
141373732,1J170M,Lemon Max Dishwash Powder Bag 400g,95,100,3,0,True,2026-09-06 08:40:20
141690095,89TJIW,VIM LIME AND VINEGAR DISHWASHING LIQUID REFILL 450ML,250,250,4,2,True,2026-09-06 08:40:20
142275535,7MS0AN,Spontex Combined Scouring Sponge Large 5 Pieces,399.6,444,31,0,True,2026-09-06 08:40:20
142275547,SP-000046,Spontex Sensitive Reusable Flexible Gloves Medium 2 Pieces,499.66,581,51,8,True,2026-09-06 08:40:20
141371154,U76908,VIM GEL LEMON 500ML,417.57,449,5,3,True,2026-09-06 08:40:20
142275530,2QN0JC,Spontex Megamax Sponge 5 Pieces,594.9,661,26,8,True,2026-09-06 08:40:20
142275546,SP-000045,Spontex Sensitive Reusable Flexible Gloves Large 2 Pieces,499.66,581,3,8,True,2026-09-06 08:40:20
141371153,41F74I,VIM LEMON DISHWASHING GEL 250ML,247,260,5,3,True,2026-09-06 08:40:20
141939719,r1vf-3836,VIM LIME AND VINEGAR DISHWASHING LIQUID REFILL 750ML,362.7,390,9,3,True,2026-09-06 08:40:20
144113580,r1vf-10637,Klear Anti Bacterial Dishwashing Liquid 500ml,247.5,275,6,0,True,2026-09-06 08:40:20
144113582,r1vf-10636,Klear Dishwashing Liquid Refill Pouch 750ml,346.5,385,9,0,True,2026-09-06 08:40:20
142275532,2Q3UO2,Spontex Microfibre Multipurpose 1 Unit,655.2,728,3,8,True,2026-09-06 08:40:20
141370956,GY54A5,MaxScrub Scouring Pad - Multi (L 3in1),207,225,5,5,True,2026-09-06 08:40:20
141376632,2XAXW8,Power Plus Dish Wash 500ml,204.4,280,12,0,True,2026-09-06 08:40:20
144113581,r1vf-10635,Klear Dishwashing Liquid Refill Pouch 450ml,198,220,6,0,True,2026-09-06 08:40:20
142275527,825NHS,Spontex Scouring Sponge Handy Grip 3 Pieces,317,317,9,8,True,2026-09-06 08:40:20
142998933,r1vf-8502,Prime Power Classic Sponge Large 1 Piece,80,80,228,0,True,2026-09-06 08:40:20
142275541,SP-000169,Spontex Scouring Sponge 2 Pieces,164.56,187,12,8,True,2026-09-06 08:40:20
141939720,r1vf-3837,VIM LIME AND VINEGAR DISHWASHING LIQUID 170ML,99,99,8,3,True,2026-09-06 08:40:20
142998936,r1vf-8505,Prime Power Clean Scrub Pad Large 1 Piece,80,80,366,0,True,2026-09-06 08:40:20
141939721,r1vf-3838,VIM LEMON AND PUDINA DISHWASHING BAR 290G,95,95,10,3,True,2026-09-06 08:40:20
142275548,SP-000141,Spontex Spiral Stainless Steel Scourers 6 Pieces,895.84,1018,4,8,True,2026-09-06 08:40:20
142998934,r1vf-8503,Prime Power Clean Scrub Pad  Large (3 in 1) 1 Piece,210,210,126,0,True,2026-09-06 08:40:20
141371155,7794BO,VIM LEMON DISHWASHING LIQUID REFILL POUCH 750ML,494.1,549,1,3,True,2026-09-06 08:40:20
142275545,SP-000059,Spontex Large Scouring Pad (3 in 1) 1 Pieces,204.16,232,8,8,True,2026-09-06 08:40:20
142275533,F409C8,Spontex Scouring Pad Large 1 Piece,78.3,87,22,8,True,2026-09-06 08:40:20
144380844,r1vf-10740,Triox Stainless Steel Spiral Regular 1 Piece,85.5,95,113,0,True,2026-09-06 08:40:20
144380841,r1vf-10737,Triox Power Scourer 2 in 1 Green Pad Regular 1 Unit,85.5,95,347,8,True,2026-09-06 08:40:20
144380842,r1vf-10738,Triox Power Scourer Green Pad Large 1 Piece,81,90,389,0,True,2026-09-06 08:40:20
144380843,r1vf-10739,Triox Stainless Steel Spiral Large 1 Piece,139.5,155,86,0,True,2026-09-06 08:40:20
144380840,r1vf-10736,Triox Power Scourer 2 in 1 Green Pad Large 1 Unit,130.5,145,194,0,True,2026-09-06 08:40:20
141369222,H44271,King Sweepy Phenyl 2.75ltr,308,350,5,100,True,2026-09-06 08:40:20
141368388,095VT2,King Sweepy Toilet Cleaner 600ml,149.6,170,1,100,True,2026-07-26 06:48:31
141374885,r1vf-1679,Harpic Toilet Cleaner 225ml Promo,200,200,5,6,True,2026-09-06 08:40:20
141371462,D43PQ1,Harpic Toilet Cleaner Lavender 450ml,470,500,9,0,True,2026-09-06 08:40:20
141369004,PAW2ZM,Harpic Bathroom Cleaner Floral 225ml,300,300,4,6,True,2026-09-06 08:40:20
141371057,5YR5XC,DOMEX BLUE BATHROOM CLEANER 250ML,198,220,4,3,True,2026-09-06 08:40:20
141373234,6E379I,Power Plus Super Bleach 500ml,165,165,6,100,True,2026-09-06 08:40:20
141371058,4ROW69,DOMEX BLUE BATHROOM CLEANER 500ML,449,449,5,3,True,2026-09-06 08:40:20
141373216,OXK54Z,Power Plus Toilet Bowl Cleaner 500ml,355,355,4,100,True,2026-09-05 08:22:42
141371059,5ZAD0W,DOMEX BLUE BATHROOM CLEANER 750ML,527.12,599,6,3,True,2026-09-06 08:40:20
141374884,r1vf-1678,Harpic Toilet Cleaner Original 450ml,475,500,5,6,True,2026-09-06 08:40:20
141372772,01FQI3,Max All Purpose Lavender Fresh Surface Cleaner 500ml,495,550,1,100,True,2026-09-06 08:40:20
142275540,I8C5XE,Astonish Grease Lift Cleaner 750ml,735.08,799,8,0,True,2026-09-06 08:40:20
141369008,18U7P1,Harpic Toilet Cleaner Original 900ml,1044,1200,9,0,True,2026-09-06 08:40:20
141373226,116YHU,Power Plus Toilet Bowl Cleaner 800ml,550,550,2,100,True,2026-09-06 08:40:20
141373219,AQV7UC,Power Plus Super Bleach 250ml,120,120,6,0,True,2026-09-06 08:40:20
141371236,3UMZPO,Harpic Toilet Cleaner Original 125ml,150,150,3,6,True,2026-09-06 08:40:20
141372309,6LCX3H,Harpic Bathroom Cleaner Floral 125ml,140,140,1,6,True,2026-09-06 08:40:20
144113572,0A76W2,King Sweepy Toilet Bowl Cleaner 500ml,310.5,345,13,0,True,2026-09-06 08:40:20
142275536,L2UDK8,Astonish Multi Surface Cleaner (Orange Grove) 750 ml,743.07,799,9,8,True,2026-09-06 08:40:20
141369005,T9KCRB,Harpic Bathroom Cleaner Floral 450ml,558,600,2,5,True,2026-09-06 08:40:20
141987085,N49ZPR,Glint Glass Cleaner Lavendar 500ml,560,700,6,8,True,2026-09-06 08:40:20
142275542,r1vf-3796,Astonish Bathroom Cleaner 750ml,791.12,899,11,8,True,2026-09-06 08:40:20
141376629,HDV923,Power Plus Bathroom Cleaner 500ml,259.15,355,1,100,True,2026-09-04 14:14:39
141987089,r1vf-6561,Glint Glass Cleaner Superactive 500ml,700,700,3,8,True,2026-09-06 08:40:20
141370965,73M6AN,Max All Purpose Lavender Fresh Surface Cleaner 1Ltr,760,950,1,0,True,2026-08-26 16:59:12
141373240,BM1971,Power Plus Toilet Bowl Cleaner 250ml,205,205,4,0,True,2026-09-06 08:40:20
141987091,r1vf-6567,Glint White Phenyle 450ml,640,800,1,0,True,2026-09-06 08:40:20
141987094,W92C01,Glint Daily Cleaning White Phenyl 2.75 Ltr,440,550,1,8,True,2026-09-05 08:22:42
141369006,D4TQP9,Harpic Toilet Cleaner Original 700ml,826.5,950,13,5,True,2026-09-06 08:40:20
142275538,6X8J22,Astonish Window & Glass Cleaner 750 ml,714.84,777,9,0,True,2026-09-06 08:40:20
141369031,VJ5P51,Harpic Bathroom Cleaner Lemon 450ml,558,600,6,5,True,2026-09-06 08:40:20
141372773,24CQGO,Max All Purpose Rose Fresh Surface Cleaner 500ml,495,550,5,100,True,2026-09-06 08:40:20
141372774,V22S4O,Max All Purpose Lemon Fresh Surface Cleaner 500ml,495,550,23,100,True,2026-09-06 08:40:20
141369009,8N6509,Harpic Bathroom Cleaner Lemon 900ml,1104,1200,10,5,True,2026-09-06 08:40:20
141371459,Q61Q66,Harpic Toilet Cleaner Lavender 900ml,1080,1200,4,0,True,2026-09-06 08:40:20
141368823,RKZOVO,Frey Air Freshener Cool Summer 300ml,272.8,310,10,5,True,2026-09-06 08:40:20
141373239,Y7Q33N,Paradise Lilac Air Freshener 300ml,290,290,1,100,True,2026-09-06 08:40:20
141368710,N35H49,Frey Air Freshener Rose 300ml,279,310,9,5,True,2026-09-06 08:40:20
141376631,ZPCF39,Power Plus Charm Air Freshener 300ml,290,290,2,100,True,2026-09-06 08:40:20
141373229,KX524C,Power Plus Luxury Air Freshener 300ml,290,290,1,100,True,2026-09-06 08:40:20
141373230,14BU8V,Power Plus Extreme Air Freshener 300ml,211.7,290,10,100,True,2026-09-06 08:40:20
141373233,364DPM,Paradise Lavender Air Freshener 300ml,290,290,15,100,True,2026-09-06 08:40:20
141376475,873119,Power Plus Blue Moon Air Freshener 300ml,290,290,13,100,True,2026-09-06 08:40:20
142265305,473SL1,Power Plus Blue Elegent Air Freshener 300ml,211.7,290,2,0,True,2026-09-05 08:22:42
141376627,D023B8,Power Plus Aroma Air Freshener 300ml,290,290,6,100,True,2026-09-06 08:40:20
141376628,B36969,Power Plus Blue Monarch Air Freshener 300ml,211.7,290,2,100,True,2026-09-06 08:40:20
141376626,4KG7XI,Power Plus Passion Air Freshener 300ml,211.7,290,3,100,True,2026-09-05 13:28:19
142265306,5HCX2P,Power Plus Blue Artistic Air Freshener 300ml,211.7,290,8,0,True,2026-09-06 08:40:20
142265295,C5K39G,Power Plus Dazzel Air Freshener 300ml,290,290,5,0,True,2026-09-06 08:40:20
141369339,EVKTZL,Tideaz Garbage Bags 30 X 38 10S Large,439,439,2,100,True,2026-09-06 08:40:20
141370417,DZW726,Tid Eaz Kitchen Essential (Imported) Bags Large 20 Pieces,623,623,14,100,True,2026-09-06 08:40:20
141369337,C099B2,TidEaz Garbage 21 Bags Small  (Imported),361,361,21,0,True,2026-09-06 08:41:29
141376566,8J0806,Tideaz Garbage Bags 29 X 38 8S Large,406,406,15,100,True,2026-09-06 08:40:20
141369340,R10V1T,Tid Eaz Garbage Bag Small (Imported) 30 Pieces,611,611,20,100,True,2026-09-06 08:40:20
141369341,TPAW5T,Tid Eaz Garbage Bag Small (Imported) 25 Pieces ,414,414,17,100,True,2026-09-06 08:40:20
141369334,1GDB1I,Tid Eaz Garbage Bag E-Large  (Imported) 18 Pieces,844,844,11,100,True,2026-09-06 08:40:20
141369336,L9O8OM,Tid Eaz Garbage Bag Medium (Imported) 31 Pieces,844,844,19,100,True,2026-09-06 08:40:20
141369335,J1QEUK,Tid Eaz Garbage Bag Medium 28S (Imported),746,746,20,100,True,2026-09-06 08:40:20
141374309,U226S9,Mortein Mosquito Repellent Refill 30 Nights - Odourless,255.75,275,1,8,True,2026-05-18 14:04:32
141373223,2U9TKU,Power Plus Mosquito Repellent + Refill 1 Packet,379.6,520,6,0,True,2026-09-06 08:40:20
141369167,5N02P8,Kingtox Black Coil 10 Pieces,101.2,115,6,0,True,2026-09-06 08:40:20
141369030,149N3D,Mortein Xtra Power Coils 10 Pieces,180,200,10,5,True,2026-09-06 08:40:20
141369188,8C7A9P,Kingtox All Insect Killer Spray 300ml,472.5,525,12,6,True,2026-09-06 08:40:20
141369185,QH97AI,Kingtox Flying Insect Killer Spray Odorless 300ml,409.5,525,9,100,True,2026-09-06 08:40:20
141374017,mor-545,Mortein Odorless 25ml Mosquito Repellent Refill 30 Nights,275,275,6,6,True,2026-09-06 08:40:20
144092043,r1vf-10621,OverKill Mosquito Repellent Vaporizer Refill 1 Unit,175.5,195,31,0,True,2026-09-06 08:40:20
141373238,44N28B,Power Plus Iinsect Powder 100g,100,100,9,100,True,2026-09-06 08:40:20
141369224,ID4Y01,Kingtox Rat Killing Glue Trap,154,175,6,100,True,2026-09-06 08:40:20
141369189,Z0P9J8,Kingtox All Insect Killer Spray 600ml,783,870,7,100,True,2026-09-06 08:40:20
142265296,32T7S4,Power Plus Super Aerosol 300ml,346.75,475,16,0,True,2026-09-06 08:40:20
141373215,L73OL9,Power Plus Refill 45ml,240,240,43,100,True,2026-09-06 08:40:20
141369187,0HC3OW,Kingtox Flying Insect Killer Spray Odorless 400ml,585,650,12,100,True,2026-09-06 08:40:20
141369166,P56G81,Kingtox Coil Green 10s,101.2,115,10,100,True,2026-09-06 08:40:20
141376474,2P97Z8,Power Plus Jumbo Max Coil 1 Packet,105.85,145,4,100,True,2026-09-06 08:40:20
141369028,TM0307,Mortein LED Machine with FREE Mosquito Repellent Refill 30 Nights,552.5,650,9,5,True,2026-09-06 08:40:20
141376478,23DB02,Power Plus Refill 30ml,182,182,6,100,True,2026-09-06 08:40:20
144092042,r1vf-10620,OverKill Mosquito Coils Extra Strength Black 10 Pieces,87.3,97,13,8,True,2026-09-06 08:40:20
144092048,r1vf-10626,OverKill Multi Insect Quickly Killer Odourless Spray 600ml,578.7,643,7,0,True,2026-09-06 08:40:20
141369223,6711J3,Kingtox Zeroach Roach Killing Gel 10gm,126,140,12,0,True,2026-09-06 08:40:20
141369039,DKBGD5,Mortein Flying Insect Killer Spray 375ml,722.5,850,4,5,True,2026-09-06 08:40:20
141369035,3C75O7,Mortein All Insect Killer Spray 375ml,722.5,850,8,5,True,2026-09-06 08:40:20
141369190,4555UQ,Kingtox All Insect Killer Spray 400ml,585,650,3,0,True,2026-09-06 08:40:20
141987083,5O3VX8,Inseguard Insect Killing Powder Bottle,410,410,8,0,True,2026-09-06 08:40:20
141373217,5165L5,Power Plus Mosquito Jumbo 10 Coils,132,132,43,0,True,2026-09-06 08:40:20
141369026,7556JT,Mortein Mosquito Repellent Refill 180 Nights - Odourless,1107,1350,6,5,True,2026-09-06 08:40:20
144092045,r1vf-10623,OverKill Multi Insect Quickly Killer Odourless Spray 300ml,371.7,413,29,8,True,2026-09-06 08:40:20
141369025,K857U4,Mortein Mosquito Repellent Refill 120 Nights - Odourless,820,1000,2,5,True,2026-09-06 08:40:20
141419186,6284EU,Off Kids Lotion 50ml,470,550,41,0,True,2026-09-06 08:40:20
141368508,J2I504,King Liquid Electic Refill 60 Nights 45ml,283.5,315,7,100,True,2026-09-06 08:40:20
141368507,G3O7ND,Kingtox Mosquito Repellent Kit 45ml,585,650,12,100,True,2026-09-06 08:40:20
142265300,BPL47U,Power Plus Fast Kill Aerosol 300ml,372.3,510,3,0,True,2026-09-06 08:40:20
142265304,84HC33,Power Plus Fast Kill Green 500ml,546.04,748,4,100,True,2026-09-06 08:40:20
141369029,51B5LD,Mortein Mosquito Repellent Refill 60 Nights - Odourless,467.5,550,3,5,True,2026-09-06 08:40:20
141369042,RY5971,Mortein All Insect Killer Spray 550ml,1005.48,1197,10,5,True,2026-09-06 08:40:20
143261291,999920,Baygon Aerosol 400 ml Mik Ncp,850,950,23,100,True,2026-09-06 08:40:20
141373298,NQ695P,Mospel Fliptop 45ml,303,303,2,100,True,2026-05-19 13:04:46
141368502,ZD70V9,Baygon M.I.K Aerosol 600ml,1240,1400,24,100,True,2026-09-06 08:40:20
141369024,S0B123,Mortein Mosquito Repellent Refill 60 Nights - Fragrant,467.5,550,2,5,True,2026-09-04 14:14:39
141369160,6FT5CF,Kingtox Crawling Insect Killer Spray 400ml,585,650,12,100,True,2026-09-06 08:40:20
141373214,Y27BGE,Power Plus Fast Kill Aerosol 500ml,533.63,731,6,100,True,2026-09-06 08:40:20
141369186,4NM48O,Kingtox Flying Insect Killer Spray Odorless 600ml,678.6,870,10,0,True,2026-09-06 08:40:20
141369023,BFB41A,Mortein Coopex Powder 100g,399.5,470,3,0,True,2026-09-06 08:40:20
141987087,J09J2Y,Inseguard Coil Jumbo 1 Packet,150,150,26,8,True,2026-09-06 08:40:20
141369027,O34I1Z,Mortein Mosquito Repellent Refill 180 Nights - Fragrant,1107,1350,6,5,True,2026-09-06 08:40:20
141369038,7V95LQ,Mortein Flying Insect Killer Spray 550ml,1005.48,1197,8,0,True,2026-09-06 08:40:20
144092044,r1vf-10622,OverKill (2 in 1 ) Mosquito Repellent Vaporizer 1 Unit,350.1,389,22,8,True,2026-09-06 08:40:20
141369041,5X45OI,Mortein Crawling Insect Killer Spray 375ml,722.5,850,5,0,True,2026-09-06 08:40:20
141369040,Z04WC7,Mortein Crawling Insect Killer Spray 550ml,1041.39,1197,10,5,True,2026-09-06 08:40:20
141369043,1Y4XA0,Mortein Flying Insect Killer Spray Peaceful Nights 550ml,1020,1275,10,5,True,2026-09-06 08:40:20
141369037,UV3T5Y,Mortein Flying Insect Killer Spray 750ml,1275,1500,1,5,True,2026-07-27 17:57:16
141369036,V96549,Mortein Flying Insect Killer Spray Peaceful Nights 375ml,738,900,7,5,True,2026-09-06 08:40:20
141368506,DT43XK,Finis Mik Liquid Bottle Purple 400ml,775,850,10,100,True,2026-09-06 08:40:20
144092046,r1vf-10624,OverKill Crawling Insect Quickly Killer Odourless Spray 300ml,371.7,413,44,8,True,2026-09-06 08:40:20
142265299,100T63,Power Plus Fast Kill Aerosol 600ml,645.32,884,4,100,True,2026-09-06 08:40:20
141368511,HFI0K2,Baygon Liquid Electric Refill 60 Nights 1 Piece,575,650,46,100,True,2026-09-06 08:40:20
141369183,R13SKG,Kingtox Crawling Insect Killer Spray 300ml,409.5,525,10,100,True,2026-09-06 08:40:20
141374578,r1vf-1052,Serne Mosquit Junior Lotion 50ml,200,200,1,6,True,2026-04-23 17:31:42
142367985,R64NJ9,Tag Insecticides 325 ml,545,545,47,100,True,2026-09-06 08:40:20
142367983,K0946W,English Mos Guard Lotion,195,195,8,100,True,2026-09-06 08:40:20
144092047,r1vf-10625,OverKill Multi Insect Quickly Killer Odourless Spray 450ml,488.7,543,20,0,True,2026-09-06 08:40:20
142367984,Z24CGM,Tag Coil 10 Coils,130,130,118,100,True,2026-09-06 08:40:20
142720225,0V0S5T,OFF Overtime Lotion 50ml,550,550,3,100,True,2026-09-06 08:40:20
141375452,r1vf-2375,Stickoo Ultra Strong Power Glue for Instant Bonding 2g,45,45,3,0,True,2026-09-06 08:40:44
141375375,r1vf-2308,Stickoo Glue (For Arts and Craft Work) 7ml,55,55,2,8,True,2026-09-06 08:40:44
141375374,r1vf-2306,Samad Bond Economy Pack Multipurpose Bond 19g,110,110,8,0,True,2026-09-06 08:40:44
141375376,r1vf-2309,Stickoo Glue Stick (For Arts and Crafts Work) 10g,80,80,2,0,True,2026-09-06 08:40:44
141372891,VOP65G,Metallic balloon 10 Pieces,222,222,10,0,True,2026-09-06 08:40:44
141372887,4ZMOZP,Magic Candles x 10 Pieces,84,84,5,0,True,2026-09-06 08:40:44
141372903,89C5C6,Number candle,61,61,24,0,True,2026-09-06 08:40:44
141372892,UZ3V8L,Happy birthday balloon 25 Pieces,218,218,23,100,True,2026-09-06 08:40:44
141372890,UON66A,latex balloon 10 Pieces,129,129,7,0,True,2026-09-06 08:40:44
141372884,M85Y80,Sparkle candle 10 cm (1 Piece),118,118,2,100,True,2026-09-06 08:40:44
141372881,A7K4E5,Happy birthday balloon 10 Pieces,117,117,6,100,True,2026-09-06 08:40:44
141376457,F74KM6,Balloon Pump 1 Piece,344,344,3,100,True,2026-09-06 08:40:44
141372888,9W0499,Happy Birthday Glitter Chain 1 Piece,339,339,4,0,True,2026-09-06 08:40:44
141376458,SS9E87,Cake Topper 1 Piece,173,173,1,100,True,2026-09-05 08:23:07
141372897,BN4QV6,Party popper small 20cm,135,135,5,100,True,2026-09-06 08:40:44
141372879,I44WU0,latex balloon 25 Pieces,240,240,14,100,True,2026-09-06 08:40:44
141372902,APYQO6,Happy Birthday Foil Balloon 1 Piece,458,458,6,0,True,2026-09-06 08:40:44
141372904,RWYT5W,Snow Spray Small 1 Piece,236,236,5,100,True,2026-09-06 08:40:44
144380834,r1vf-10713,My Wrap Artistic Straw 40 Pieces,154.8,172,9,8,True,2026-09-06 08:40:44
141372883,H59P50,Lightning Balloon 1 Set,370,370,3,100,True,2026-09-06 08:40:44
141372885,0XMTL0,Birthday Slash 1 Piece,234,234,11,100,True,2026-09-06 08:40:44
141376611,JJT64S,Fancy Popper 1 Piece,283,283,3,100,True,2026-09-06 08:40:44
141372877,3G00Q3,Sparkle candle 12 cm (1 Piece),184,184,7,0,True,2026-09-06 08:40:44
141372880,38IQ4G,Party popper large 40cm,234,234,8,100,True,2026-09-06 08:40:44
141372894,28Z08R,Snow Spray Large 1 Piece,283,283,6,100,True,2026-09-06 08:40:44
141376612,FW407I,Three Star Smoke Color 1 Packet,177,177,3,100,True,2026-09-06 08:40:44
141376459,75J642,Glitter Cap 1 Piece,139,139,8,0,True,2026-09-06 08:40:44
141372905,A07MHW,Acrylic Cake Topper 1 Piece,296,296,1,0,True,2026-09-06 08:40:44
141376614,U9GZCO,Simple cap dzn,51,51,18,100,True,2026-09-06 08:40:44
141372893,LS3F52,Sparkle Candle 15cm 1 Piece,236,236,5,100,True,2026-09-06 08:40:44
141376307,I4TXIZ,Felix Adult Salmon 85g,290,290,1,0,True,2026-06-27 17:25:36
141376310,1W058W,Felix Adult Tuna 85g,290,290,2,0,True,2026-05-23 17:17:53
145166322,virtual-536,Wanpy Creamy Treat Tuna & Salmon 70g,599,599,23,100,True,2026-09-06 08:41:08
141376305,EGC6KR,Felix Adult Kitten Chicken 85g,320,320,1,0,True,2026-08-07 17:06:02
145166301,TD433M,Wanpy Creamy Treat Chicken 70g,599,599,22,100,True,2026-09-06 08:41:08
141376306,RHZTT4,Felix Kitten Tuna 85g,320,320,1,0,True,2026-08-11 11:04:08
145166319,T6T7LP,Wanpy Chicken & Carrot 90g,499,499,3,100,True,2026-09-06 08:41:08
145166320,virtual-537,Wanpy Creamy Treat Tuna/Codfish,599,599,48,100,True,2026-09-06 08:41:08
145166318,9TCB0E,Wanpy Salmon Chicken & Carrot 90g,499,499,11,100,True,2026-09-06 08:41:08
141371327,GLPKPT,Target Adult Cat Food- Chicken Flavor 450g,752,752,3,100,True,2026-09-06 08:41:08
141371324,E2XZ83,Target Cat Food Chicken & Vegetable 450gm,752,752,6,100,True,2026-09-06 08:41:08
141376299,FD7MZM,Felix Party Mix Cat Treats Classic Mix 60g,549,549,1,0,True,2026-06-25 18:23:59
141371328,U7W04T,Target Cat Food Beef 450g,741,741,1,100,True,2026-06-26 08:08:01
145166321,virtual-534,Wanpy Creamy Tuna & Shrimp 70g,599,599,48,100,True,2026-09-06 08:41:08
141371333,KK5IT7,Target  Ocean Fish Cat Food 450g,783,783,12,100,True,2026-09-06 08:41:08
141376311,FX0WBD,Felix Party Mix Cat Treats Seafood Mix 60g,549,549,1,0,True,2026-07-22 17:35:53
141376309,GD3X5S,Felix Adult Sardine 85g,350,350,2,0,True,2026-06-25 18:23:59
141376308,WTSLO1,Felix Adult Chicken 85g,290,290,2,0,True,2026-07-02 07:49:54
141371331,361XCA,Target Chicken & Vegetable Cat Food 1.2kg ,1748,1748,1,100,True,2026-06-27 11:48:02
141371332,837R6P,Target Chicken Cat Food 1.2kg,1748,1748,1,100,True,2026-05-29 17:00:23
141376293,48213P,Friskies Kitten Discoveries 400g,1399,1399,1,100,True,2026-06-06 09:41:10
141371326,FI88A1,Target Adult Tuna Cat Food 450g,783,783,1,100,True,2026-09-06 08:41:08
141371329,WN7M1O,Target Cat Food 1.2Kg Beef,1748,1748,3,100,True,2026-09-06 08:41:08
141376291,QG6UFL,Friskies Seafood Sensations Adult 400g,1399,1399,1,100,True,2026-05-29 08:16:02
141376298,WO4AKL,One Indoor Advantage Chicken 380g,2250,2250,1,0,True,2026-06-25 08:01:52
141371330,45QJV5,Target Cat Food 1.2Kg Tuna,1800,1800,5,100,True,2026-09-06 08:41:08
141376301,JX6XLN,Friskies Seafood Sensations 1kg,2699,2699,1,0,True,2026-04-09 17:20:53
141376296,B9H5P6,Friskies Surfin Favourites 1kg,2699,2699,1,100,True,2026-07-02 12:29:53
141376292,3OAY06,Friskies Surfin Favourites 400g,1399,1399,1,100,True,2026-05-29 08:16:02
141376300,KNBF1J,Friskies Meaty Grills 1kg,2699,2699,1,0,True,2026-07-15 11:50:25
141376302,3ZH1LH,One Active Healthy Kitten Chicken 380g,2260,2260,2,0,True,2026-07-04 11:48:10
141376297,OGGVLN,Friskies Indoor Delights 1kg,2699,2699,1,0,True,2026-08-17 10:47:18
141376295,8D517K,Friskies Meaty Grills Adult 400g,1399,1399,1,0,True,2026-07-25 09:12:59
141376294,TE7OLS,Friskies Kitten Discoveries 1kg,2024.25,2699,2,0,True,2026-07-24 15:11:47
141372721,957A7G,Meosy Cat Litter Unscented 5kg (Imported),650,650,16,0,True,2026-09-06 08:41:08
141372720,3XY42M,Meosy Cat Litter Charcoal Activated 11 Lb (Imported),1199,1199,16,100,True,2026-09-06 08:41:08
141376608,I107T6,The Animal Family Cat/Dog Conditioner 190ml (Imported),430,430,16,100,True,2026-09-06 08:41:08
141375976,r1vf-3488,IQOS Iluma Prime - Jade Green 1 Device,25000,25000,1,5,True,2026-09-06 08:41:29
141375975,r1vf-3487,IQOS Iluma Prime - Obsidian Black 1 Device,25000,25000,1,0,True,2026-09-06 08:41:29
141375977,r1vf-3489,IQOS Iluma Prime - Bronze Taupe 1 Device,25000,25000,1,0,True,2026-09-06 08:41:29
141373224,0V8015,Power Plus Heavy Duty AA Battery Cell 4 Pieces,160,160,1,100,True,2026-09-06 08:41:29
141373244,M9JY0J,Power Plus Premium Gold PG-AA 4 Pieces,143,143,3,100,True,2026-09-06 08:41:29
141373232,F1L7Y3,Power Plus Premium Gold AAA Battery Cell 4 Pieces,108,108,7,100,True,2026-09-06 08:41:29
141373218,J49611,Power Plus Original Equipment AAA Battery Cell 4 Pieces,89,89,2,100,True,2026-09-06 08:41:29
141373231,CB2SMV,Power Plus Heavy Duty AAA Battery Cell 4 Pieces,110,110,3,0,True,2026-09-06 08:41:29
141376630,H4BA33,Power Plus Premium Gold D Size Battery Cell 2 Pieces,226.3,310,7,100,True,2026-09-06 08:41:29
141373246,D868Z3,Power Plus Original Equipment AA Battery Cell 4 Pieces,137,137,2,100,True,2026-09-06 08:41:29
142275543,EN-000120,Everyday AA 4 Pieces,299.2,340,5,8,True,2026-09-06 08:41:29
142275529,HE26Y5,Energizer Max Battery White No E91 AA 4 Pieces,1318.5,1465,11,8,True,2026-09-06 08:41:29
141373227,GAMYRW,Power Plus Super Heavy Duty AA Card Battery Cell 2 Pieces,120,120,7,100,True,2026-09-06 08:41:29
142275544,EN-000121,Everyday AAA 4 Pieces,299.2,340,2,8,True,2026-09-06 08:41:29
141373237,UP50OT,Power Plus Heavy Duty-9V 1 Piece,78.11,107,43,100,True,2026-09-06 08:41:29
142275528,A0LK9B,Energizer E92 Battery Max AAA White Batteries 4 Pieces,1318.5,1465,3,0,True,2026-09-06 08:41:29
142733154,r1vf-5590,Super Hockey Match Box 10 Pieces,60,60,7,0,True,2026-09-06 08:41:29
144380853,r1vf-10719,My Wrap Cling Film House Hold (100 SQ Feet x 30cm) 100 Sheets,409.5,455,4,8,True,2026-09-06 08:41:29
141368452,5148B9,Fay Aluminium Foil 25sqft 1 Roll,651,700,7,5,True,2026-09-06 08:41:29
144380848,r1vf-10744,My Wrap Aluminum Foil Lite Use for Wrapping Small Pack (30cm) 1 Unit,351,390,3,0,True,2026-09-06 08:41:29
141368449,OQ95T8,Fay Cling Film 45cm x 60m 1 Roll,976.5,1050,11,5,True,2026-09-06 08:41:29
141987084,4W2P71,Glint Kitchen Cleaner Multi Purpose,640,800,3,8,True,2026-09-06 08:41:29
144380854,r1vf-10720,My Wrap Cling Film House Hold (150 SQ Feet x 45cm) 100 Sheets,532,760,17,0,True,2026-09-06 08:41:29
141368442,36J364,Fay Aluminum Foil 37.5sqft 1 Roll,657,900,13,5,True,2026-09-06 08:41:29
144380847,r1vf-10743,My Wrap Aluminum Foil Lite Use for Wrapping Regular Pack (45cm) 1 Unit,406,580,22,0,True,2026-09-06 08:41:29
144380852,r1vf-10718,My Wrap Cling Film Box with Slide Blade Cutter (30cm) 100 Sheets,581,830,9,8,True,2026-09-06 08:41:29
141987095,virtual-340,Kiwi Shoe Sponge Express Shiner 1 Unit,370,370,6,8,True,2026-09-06 08:41:29
141376473,S42527,Power Plus Shoe Polish Black 44ml,230,230,156,100,True,2026-09-06 08:41:29
142265301,SVV29S,Power Plus Liquid Polish Brown 75ml,280,280,14,100,True,2026-09-06 08:41:29
141373220,XLALRV,Power Plus Regular Shiner Neutral,146,200,2,100,True,2026-09-06 08:41:29
141373241,DWBSAU,Power Plus Tin Shoe Polish Brown 44ml,230,230,12,100,True,2026-09-06 08:41:29
141373222,Q02597,Power Plus Express Shiner Neutral 1 Packet 1 Piece,175.2,240,38,100,True,2026-09-06 08:41:29
141373243,6X8NZR,Power Plus Whito Polish 100ml,109.5,150,39,100,True,2026-09-06 08:41:29
141369044,G7E00O,Cherry Blossom Insta Shoe Shiner Sponge,650,650,9,100,True,2026-09-06 08:41:29
141371339,B82347,Wipes Forceflex Large Trash Bags Rolls (24x36) 20 Bags,323,380,6,100,True,2026-09-06 08:41:29
141371337,J608W9,Wipes Forceflex Small Trash Bags Rolls (18X24) 50 Bags,323,380,9,100,True,2026-09-06 08:41:29
141371342,8KGIA2,Wipes Forceflex X-Large Trash Bags Rolls (28 x 37) 10 Bags ,238,280,6,0,True,2026-09-06 08:41:29
141371340,SVU08F,Wipes Forceflex Mini Trash Bags Rolls (18 x 20) 30 Bags,187,220,9,0,True,2026-09-06 08:41:29
141371341,O7F0YH,Wipes Forceflex Small Trash Flat Bags (18X24) 30 Bags,221,260,11,100,True,2026-09-06 08:41:29
144380835,r1vf-10725,My Wrap Trash Loose Roll Size Medium (20 x 30 Inches) 30 Bags,311.5,445,3,8,True,2026-09-06 08:41:29
144380857,r1vf-10723,My Wrap Trash Loose Roll Size Large (24 x 32 Inches) 20 Bags,400.5,445,7,0,True,2026-09-06 08:41:29
144380858,r1vf-10724,My Wrap Trash Loose Roll Size Large (28 x 37 Inches) Color Classify 15 Bags,332.5,475,19,8,True,2026-09-06 08:41:29
144380861,r1vf-10728,My Wrap Trash Loose Roll Size X-Large (28 x 38 Inches) 10 Bags,311.5,445,20,8,True,2026-09-06 08:41:29
144380859,r1vf-10726,My Wrap Trash Loose Roll Size Small (18 x 20 Inches) 40 Bags,311.5,445,15,0,True,2026-09-06 08:41:29
144380836,r1vf-10729,My Wrap Trash Loose Roll Size X-Large (32 x 44 Inches) Trolley Bin Liners 15 Bags,765,850,4,8,True,2026-09-06 08:41:29
144380860,r1vf-10727,My Wrap Trash Loose Roll Size Small (18 x 24 Inches) Color Classify 25 Bags,332.5,475,20,8,True,2026-09-06 08:41:29
145029233,r1vf-10999,Ultra Maxx Tall Kitchen Garbage Bags (No. 20) Large 1 Unit,507.5,725,24,8,True,2026-09-06 08:41:29
145029234,r1vf-11000,Ultra Maxx Can Binliner Garbage Bags (No. 14) X-Large 1 Unit,525,750,18,8,True,2026-09-06 08:41:29
145029232,r1vf-10998,Ultra Maxx Medium Home Kitchen & Office Garbage Bags (No. 25) 1 Unit,490,700,30,8,True,2026-09-06 08:41:29
144380846,r1vf-10742,Triox Super Sponge Regular Pack 1 Piece,85.5,95,192,0,True,2026-09-06 08:41:29
141987088,JKBD46,Kiwi Dranex 1 Unit (999),675,750,33,8,True,2026-09-06 08:41:29
141987090,r1vf-6565,Glint Steel Cleaner 500ml,640,800,5,0,True,2026-09-06 08:40:20
141368448,27U48U,Fay Glow Glass Cleaner 550ml,325.5,350,18,5,True,2026-09-06 08:41:29
141987092,r1vf-6568,Kiwi Kleen Bleach & Fabric Softner 500ml,540,600,4,8,True,2026-09-06 08:41:29
144380839,r1vf-10735,Triox Gripy Scrub 2 in 1 Budget Pack 1 Unit,189,210,59,0,True,2026-09-06 08:41:29
144380845,r1vf-10741,Triox Super Sponge 2 in 1 Budget Pack 1 Unit,153,170,106,0,True,2026-09-06 08:41:29
141987093,r1vf-6569,Kiwi Kleen Toilet Cleaner Tough Stain Remover 500ml,427.5,450,4,8,True,2026-09-06 08:41:29
141987086,8A16TW,Glint Starch Spray 567g,780,975,9,0,True,2026-09-06 08:40:20
141375346,r1vf-2290,brightfarms Potatoes For  Fries 1Kg,79,79,11,0,True,2026-09-06 08:41:48
141375223,r1vf-2063,brightfarms Orange Box (Premium) Polished 12 Pieces (190g-210g) (Sargodha),649,649,2,15,True,2026-04-19 08:17:36
141374036,qjk4-25,Brightfarms Fresh Mix Fruit Tray Pakistan 500g,299,299,1,20,True,2026-09-06 08:41:48
141371392,YJV022,brightfarm fresh banana half dozen ( Yellows with some Black Sugar Spots),179,179,3,20,True,2026-09-06 08:41:48
143089231,qjk4-3,brightfarms Orange - Kinow (Sargodha) Half Dozen (Medium 150g-180g),259,259,2,20,True,2026-04-20 09:18:38
141376513,r1vf-3145,brightfarms Apple Kala Kulu 500g,449,449,2,15,True,2026-07-06 14:08:28
141369012,70N9BC,brightfarms Banana (Kela) Small Size Half Dozen,169,169,4,15,True,2026-09-06 08:41:48
141387313,3H5IFL,brightfarms Guava -Amrood (Pakistan) 1kg,529,529,1,20,True,2026-09-06 08:41:48
142238101,qjk4-9,brightfarms Apple Shinkulu Mix 1kg,699,699,1,0,True,2026-07-04 11:49:15
141372800,5I19JC,brightfarms Sweet Melon - Kharbooza (Sindh) ( 500g - 600g ),199,199,1,0,True,2026-07-04 09:45:08
141370115,UJGHK1,brightfarms Green Jujube -Bair (Sindh) 500g,119,119,1,20,True,2026-04-04 14:02:49
142704341,43961B,brightfarms Kiwi (Irani) 500g,899.1,999,2,15,True,2026-04-29 06:36:28
141944081,RT4SCI,brightfarms Sugarcane Bites Ganderi (Pakistan) 500g,89,89,2,20,True,2026-07-02 18:08:26
141375787,r1vf-3158,brightfarms Toffee Grapes 250g,299,299,3,15,True,2026-09-05 08:24:12
141368942,U79QY5,brightfarms Watermelon - Tarbooz (Pakistan) Per Piece (3- 4kg),449,449,3,0,True,2026-06-24 18:12:46
141376525,2387O5,brightfarms Melon Garma Per Piece,599,599,2,0,True,2026-09-06 08:41:48
141370791,HBWUT2,brightfarms HoneyDew (Melon) Per Piece,224.1,249,1,0,True,2026-06-08 09:14:00
141376514,r1vf-3157,brightfarms Sunder Khani Grapes 250g,299,299,4,15,True,2026-09-06 08:41:48
141417162,8W9SJL,brightfarms Pear 500g,299,299,8,15,True,2026-09-06 08:41:48
141742794,3AIE14,brightfarms Musambi Half Dozen,199,199,1,15,True,2026-03-31 14:36:06
141369048,2LV190,brightfarms Coriander - Dhaniya (Pakistan) 1 bundle,39,39,33,5,True,2026-09-06 08:41:48
141369047,LZ1V7M,Brightfarms Mint Leaves - Podina (Pakistan) 1 bundle,15,15,43,5,True,2026-09-06 08:41:48
141375768,r1vf-3136,brightfarms fresh tomato (Timatar) 1Kg (Mix Sizes),341.1,379,15,0,True,2026-09-06 08:41:48
141376329,B435OL,brightfarms Capsicum Green -Shimla Mirch (Pakistan) 250g,58.5,65,8,0,True,2026-09-06 08:41:48
141371959,VCF9Y0,brightfarms Lemon - Desi Nimbu (Pakistan) 250g,80.1,89,10,20,True,2026-09-06 08:41:48
141371960,B3EM91,brightfarms Cucumber -Kheera (Pakistan) 500g,107.1,119,9,0,True,2026-09-06 08:41:48
141369525,WCPMMX,brightfarms Green Chili -Thick (Sindh) 250g,35.1,39,13,20,True,2026-09-06 08:41:48
141368961,LZ6PB6,brightfarms Cabbage Green -Bund Gobi (Pakistan) (500g-600g),129,129,2,20,True,2026-09-06 08:41:48
141373703,C1CY67,brightfarms Capsicum Green Shimla Mirch (Sindh) 500g,116.1,129,7,20,True,2026-09-06 08:41:48
141371393,51469J,brightfarms Fresh Potato Aalu Medium 1kg,67.5,75,28,20,True,2026-09-06 08:41:48
141373702,1L394D,brightfarms Cucumber -Kheera (Pakistan) 1kg,215.1,239,5,20,True,2026-09-06 08:41:48
141368951,9937AL,brightfarms Spring Onion -Hari Piyaz (Pakistan) 250g,199,199,6,20,True,2026-09-06 08:41:48
141371394,NU7B0U,brightfarms Onion - Piyaz (Pakistani) 1kg,269.1,299,28,20,True,2026-09-06 08:41:48
141375770,r1vf-3137,Brightfarms Fresh Tomato (Timatar) 500 g ( Mix Sized ),170.1,189,32,20,True,2026-09-06 08:41:48
141369524,BC9G2O,brightfarms Green Chili Thin (Sindh) 250g,44.1,49,11,0,True,2026-09-06 08:41:48
141371395,167733,brightfarms Tomato Timatar Red (Pakistan) 1kg,350.1,389,13,20,True,2026-09-06 08:41:48
141368937,X306MR,brightfarms Spinach -Palak (Pakistan) 500g,129,129,5,20,True,2026-09-06 08:41:48
141376524,0T39JL,brightfarms Ginger 250g,129,129,2,15,True,2026-09-06 08:41:48
141368926,SDH1WR,brightfarm garlic china (Lahsan) 250g,119,119,13,20,True,2026-09-06 08:41:48
141373906,qjk4-5,brightfarms Fresh Potato Aalu Mix 1kg,62.1,69,15,0,True,2026-09-06 08:41:48
141373908,qjk4-8,brightfarms Onion -Pyaz (Sindh) Mix 1kg,260.1,289,18,0,True,2026-09-06 08:41:48
141417215,L77E3O,brightfarms Iceberg Lettuce (Pakistan) 200g-250g,199,199,5,15,True,2026-09-06 08:41:48
141369050,OWI87U,brightfarms Brinjal Round -Gol Baingan (Pakistan) 500g,99,99,3,20,True,2026-09-06 08:41:48
141375455,r1vf-3400,brightfarms Lemon Desi Nimbu (Pakistan) 500g,161.1,179,4,0,True,2026-09-06 08:41:48
141372481,80J492,brightfarms Potato Aalu (Okara) 3kg,197.1,219,9,20,True,2026-09-06 08:41:48
141369526,N52QR3,brightfarms Beetroot - Chukandar (Pakistan) 500g,99,99,2,20,True,2026-09-06 08:41:48
141369052,L5LEWE,Brightfarms Lettuce Leaves - Salad�Patta�250g,299,299,3,20,True,2026-09-03 19:21:42
141370171,DB97YH,brightfarms Peeled Garlic Chila Hua Lehsun (Pakistan) 250g,189,189,2,20,True,2026-09-06 08:41:48
141368969,318QA0,brightfarms Cauliflower Phool Gobi Piece (500-700g),449,449,5,20,True,2026-09-06 08:41:48
141372590,YS92W1,brightfarms Carrot Orange 500g,159,159,4,0,True,2026-09-06 08:41:48
141369046,5425M2,brightfarms Ladyfinger -Bhindi (Sindh) 500g,99,99,2,0,True,2026-09-06 08:41:48
141368963,A33N1R,brightfarms Garlic Desi -Desi Lehsun (Punjab) 250g,69,69,6,0,True,2026-09-06 08:41:48
141372480,YW1654,brightfarms Onion - Piyaz (Pakistani) 3kg,800.1,889,6,0,True,2026-09-06 08:41:48
141417208,59VF49,brightfarms Peelad Peas -Matar (Pakistan) 250g,229,229,4,0,True,2026-09-06 08:41:48
141375783,r1vf-3125,Brightfarms Spring Onion (Hari Pyaz) 500g,399,399,2,20,True,2026-09-05 08:24:12
141375763,r1vf-3127,brightfarms Fresh Onion (Pyaz) Mix Size 3kg,773.1,859,2,20,True,2026-09-06 08:41:48
141369045,RN22Q2,brightfarms Zucchini Kaddu (Pakistan) 500g,149,149,5,20,True,2026-09-06 08:41:48
141373706,Z84G2D,brightfarms Sweet Potato Shakarkandi (Pakistan) 1kg,349,349,3,0,True,2026-09-06 08:41:48
141369054,E9QE27,brightfarms Sweet Potato Shakarkandi (Pakistan) 500g,179,179,3,20,True,2026-09-06 08:41:48
141370805,6N6678,Opa 4 WayMix Vegetable 500g,390,390,1,0,True,2026-08-16 04:52:50
141370806,184110,Opa Peas 500g,440,440,1,100,True,2026-08-13 08:35:05
141370809,0537RK,Opa 3 Way Mix Vegetable 500g,345,345,2,100,True,2026-08-14 14:27:35
141371561,95W3P4,Opa Peas 1kg,855,855,2,0,True,2026-09-05 13:29:45
141371078,ZO2K14,Glaxose D Drinking Powder 100g,95,100,93,4,True,2026-09-06 08:42:04
141373634,NG4FFS,65+ One Daily Men & Women 30 Tablets,1650,1650,1,100,True,2026-05-17 14:45:39
141373637,84J5IA,Milk Thistle 250mg 30 Capsules,1900,1900,1,100,True,2026-09-06 08:42:04
141373603,YCM4U4,Teen Multi Chewable for Him 30 Tablets,1475,1475,1,0,True,2026-06-25 08:03:50
141373632,EJAGHV,Men's One Daily 50+ 30 Tablets,1800,1800,1,100,True,2026-08-04 06:44:10
141372003,P292HD,English Antibacterial Hand Sanitizer 60 ml,220,220,8,100,True,2026-09-06 08:42:04
141372004,5T0T10,English Antibacterial Hand Sanitizer Pump 250 ml,700,700,15,0,True,2026-09-06 08:42:04
141371918,821900,Happy Life Self Test Pregnancy Strips Single Pack,80,80,20,100,True,2026-09-06 08:42:04
141371920,G2WR0A,Happy Life Self Test Pregnancy Strips 25 Pieces,1900,2000,7,100,True,2026-09-06 08:42:04
141376362,6O5QR6,Prema Strawberry Milk 180ml,130,130,1,100,True,2026-09-04 14:05:59
141376356,PHNW3J,Prema Badam Zafran Milk 180 ml,130,130,1,100,True,2026-09-06 08:32:48
141376348,98GLVJ,Prema Yogurt Vanilla 100g,110,110,3,0,True,2026-08-24 10:42:27
141376503,r1vf-1983,Mr. Egg 12 Pieces,330,330,1,8,True,2026-07-27 07:38:16
141368988,Q7892P,Dawn Large Plain 725g,220,220,22,100,True,2026-09-06 08:33:05
141368987,736YZR,Dawn Bread Medium Plain,165,165,3,100,True,2026-09-06 08:33:05
141368982,13841S,Dawn Bread Bran 340g,150,150,6,100,True,2026-09-06 08:33:05
141376422,X7RSN7,Dawn Q.P 1x2 Burger Bun,80,80,2,0,True,2026-09-06 08:33:05
141376434,R4BAUU,Dawn Bread Shawarma Medium 4 Pieces,120,120,1,100,True,2026-08-30 14:45:46
141376491,daw-718,Dawn Mac Royal Burger Bun with Seed 2 Pieces,70,70,4,0,True,2026-08-23 10:29:17
141844595,YK49GO,Hico Ice Cream Praline Cup,110,110,6,8,True,2026-09-06 08:37:23
141844596,H100263,Hico Mango Dairy Ice Cream Cup 100ml,110,110,12,8,True,2026-09-06 08:37:23
141844597,H100292,Hico Mini Vanilla Cup 60ml,65,65,21,8,True,2026-09-06 08:37:23
144421182,r1vf-10814,Wall's Paddlepop Watermelon 48ml,24,30,86,36,True,2026-09-06 08:37:23
141369891,HP8L3S,Hico Ice Cream Creamy Pop Chocolate,70,70,34,100,True,2026-09-06 08:37:23
141369890,U12646,Hico Ice Cream Sticks Mango 50 ml,70,70,62,100,True,2026-09-06 08:37:23
141369889,N5M1F7,Hico Ice Cream Chocbar 50 ml,75,75,10,100,True,2026-09-06 08:37:23
141374145,H100218,Hico Ice Cream Creamy Pop Vanilla 1 Unit,70,70,39,0,True,2026-09-06 08:37:23
141374144,H100217,Hico Ice Cream Creamy Pop Strawberry 1 Unit,70,70,28,0,True,2026-09-06 08:37:23
141376484,LN6144,Hico Indulge Classic Bar,310,310,24,100,True,2026-09-06 08:37:23
141844598,H100302,Hico Indulge Double Chocolate Ice Cream Bar,310,310,11,8,True,2026-09-06 08:37:23
141374148,H100286,Hico Ice Cream Cookies & Cream Bar Pack 700ml,605,605,1,0,True,2026-09-05 18:06:58
141374146,H100284,Hico Ice Cream Chocolate Chip Bar Pack 700ml,605,605,4,0,True,2026-09-06 08:37:23
141882035,H100289,Hico Ice Cream Vanilla Bar Pack 700ml,585,585,4,0,True,2026-09-06 08:37:23
141374147,H100285,Hico Ice Cream Kulfa Bar Pack 700ml,625,625,2,0,True,2026-09-06 08:37:23
141374150,H100288,Hico Ice Cream Praline Bar Pack 700ml,605,605,4,0,True,2026-09-06 08:37:23
141374149,H100287,Hico Ice Cream Mango Bar Pack 700ml,585,585,3,0,True,2026-09-06 08:37:23
141844594,1BJ7O6,HICO Tutti Frutti bar pack 700ML,605,605,1,100,True,2026-04-22 08:55:26
141370532,XU475V,Wall's Cornetto Double Chocolate 100ml,112,140,56,8,True,2026-09-06 08:37:23
144421181,r1vf-10813,Cornetto Strawberry & Cream 105ml,112,140,12,24,True,2026-09-06 08:37:23
141374143,H100250,Hico Cone Swirls Cookies & Cream 1 Unit,150,150,14,0,True,2026-09-06 08:37:23
141374142,H100249,Hico Cone Swirls Chocolate Chip 1 Unit,150,150,10,0,True,2026-09-06 08:37:23
144421180,r1vf-10812,Wall's Feast Tub 700ml,720,900,11,6,True,2026-09-06 08:37:23
141375428,r1vf-2359,Wall's Royal Badami Tub 700ml,560,700,3,8,True,2026-09-06 08:37:23
141882034,W46H26,Hico Indulge Belgian Chocolate Family Pack,1295,1295,2,100,True,2026-09-03 14:22:18
141369887,2MM9WY,Hico Ice Cream Praline 1.5 ltr,1215,1215,6,100,True,2026-09-06 08:37:23
141369884,9FXY5Z,Hico Ice Cream Chocolate Fudge 1.5 ltr,1215,1215,3,0,True,2026-09-06 08:37:23
141369885,YNMQW8,Hico Ice cream Tub Chocolate Chip 1.5 ltr,1215,1215,2,100,True,2026-09-06 08:37:23
141369909,B530Y5,Hico Ice cream Tub Cookies & Cream 1.5 ltr,1215,1215,1,0,True,2026-09-06 08:37:23
141373821,U6ITZW,Hico Indulge Caramel Almond Crunch Family Pack,1295,1295,3,100,True,2026-09-06 08:37:23
141376322,1D3V8N,Hico Ice cream Tub Chocolate 1.5 ltr,1165,1165,2,100,True,2026-09-03 19:16:32
141844600,H100283,Hico Indulge Hazelnut Delight Purple,1295,1295,1,8,True,2026-09-03 19:16:32
141844601,H100293,Hico Indulge Fudge Brownie Ice Cream 500ml,1295,1295,1,8,True,2026-09-05 08:19:25
141369886,HD5OK7,Hico Ice Cream Kulfa 1.5 ltr,1245,1245,5,100,True,2026-09-06 08:37:23
141376324,3O32EF,Hico Ice Cream Tub Vanilla 1.5L,1165,1165,2,0,True,2026-09-06 08:37:23
141369910,NT7JB6,Hico Ice Cream Tub Pistachio 1.5L,1245,1245,3,0,True,2026-09-06 08:37:23
141369888,65P649,Hico Ice Cream Mango 1.5 ltr,1165,1165,3,100,True,2026-09-06 08:37:23
141844599,H100282,Hico Ice Cream Indulge Arabica Coffee & Cookies 1 Unit,1295,1295,1,8,True,2026-09-03 14:22:18
141373822,379T2Z,Hico Indulge Cookie Crumble,1295,1295,1,0,True,2026-09-05 13:25:24
141369892,50UB32,Hico Ice Cream Tub Strawberry 1.5L,1165,1165,2,0,True,2026-09-06 08:37:23
141844603,H100295,Hico Indulge Chocolate Chip Cookie Dough,1295,1295,1,8,True,2026-09-06 08:37:23
141844602,H100294,Hico Indulge Vanila Bean Ice Cream 500ml,1295,1295,1,8,True,2026-03-31 08:18:19
143240522,r1vf-10577,Slanty Plain 70g,72,80,1,8,True,2026-04-18 10:51:53
141522435,r1vf-3702,Flax Seed 200g,169.1,178,7,0,True,2026-09-06 08:36:42
141419845,91KQQM,brightfarms Chicken Mince 1kg,979,979,1,0,True,2026-09-05 08:13:34
141373075,7NUNP3,Nestle Pure Life PROMO 5 + 1 x 1.5l,630,630,1,6,True,2026-06-20 07:55:25
141376673,H1L98V,Nestle Nesfruta Mango Fruit Drink 1000ml,238,238,15,0,True,2026-09-06 08:33:45
141372487,YPEE00,Smile Mango Juice 1l,239.2,260,6,4,True,2026-09-06 08:33:45
141370136,X63AKQ,Nurpur Cream 200ml,200,240,2,24,True,2026-09-06 08:32:48
144103961,r1vf-10660,Dayfresh Chocolate Milk 125ml,57,60,1,8,True,2026-09-06 08:32:48
141376073,r1vf-3937,Arizona Field Triangles 8 Portion 1 Unit,465,465,1,8,True,2026-08-28 16:28:48
141369274,A37N0G,Arizona Fields Burger Cheese Slices 200g,810,810,6,0,True,2026-09-06 08:32:48
141376572,K3A0JY,Arizona Fields Sandwich Cheese Slices 200 g,575.1,810,1,100,True,2026-08-24 10:42:27
142265282,ULMOFM,Viking Feta Cheese 500g,1907,1907,1,100,True,2026-08-28 16:28:48
141369289,UC2G4Y,Arla Kids Sticks Pack Of 6 18g,865,865,2,100,True,2026-09-06 08:32:48
141369282,97U277,Lurpak Slightly Salted Spreadable Butter 250g,1470,1470,1,100,True,2026-06-22 09:51:45
141369285,DU9X59,Lurpak Butter Unsalted 200g,1290,1290,1,100,True,2026-09-06 08:33:05
141369286,1YUDJD,Lurpak Butter Salted 200g,1290,1290,2,100,True,2026-09-06 08:33:05
141369280,843RHF,Lurpak Spreadable Butter 500g,2715,2715,2,100,True,2026-09-06 08:33:05
141369288,LG0M86,Lurpak Salted Spreadable,685,685,1,100,True,2026-06-22 09:51:45
141369283,704PZ3,Lurpak Lighter Slightly Salted Spreadable Butter in Tub 250g,1043.7,1470,1,0,True,2026-08-22 16:31:02
141369275,8HZ8J2,Puck Cream Cheese 200g,1110,1110,3,0,True,2026-09-06 08:33:05
141369278,002QR1,Puck Cream Cheese Bottle 140g,685,685,4,100,True,2026-09-06 08:33:05
141376559,3G9QZ4,Puck Cream Cheese Spread Bottle 500g,2095,2095,3,0,True,2026-09-06 08:33:05
141376399,5G3E37,Bread & Beyond Pitta Bread Plain 8i nch,120,120,2,0,True,2026-09-06 08:33:05
141376386,20B76K,Bread & Beyond Classic Bun 4,170,170,5,0,True,2026-09-06 08:33:05
141376390,1STV53,Bread & Beyond Plain Slab Rusks,290,290,2,0,True,2026-09-06 08:33:05
141376393,7063H5,Bread & Beyond Bakery Cake Rusk 270g,400,400,18,0,True,2026-09-06 08:33:05
142744585,r1vf-8004,Doughstory Bran Bread 340g,170,170,14,8,True,2026-09-06 08:33:05
141376389,G62N73,Bread & Beyond Round Tea Rusks,295,295,1,0,True,2026-09-06 08:33:05
142744582,r1vf-8001,Doughstory Milk Bread Regular Pack 340g,120,120,15,0,True,2026-09-06 08:33:05
142744601,r1vf-8020,Doughstory Crispy Rusk (Large) 400g,240,240,3,0,True,2026-09-06 08:33:05
142744596,r1vf-8015,Doughstory Shawarma Bread (Medium) 4 Pieces,120,120,5,8,True,2026-09-06 08:33:05
142744586,r1vf-8005,Doughstory Multi Grain Bread 340g,170,170,23,8,True,2026-09-06 08:33:05
142744599,r1vf-8018,Doughstory Crispy Baqarkhani 2 Pieces,90,90,9,8,True,2026-09-06 08:33:05
142744583,r1vf-8002,Doughstory Milk Bread Family Pack 725g,230,230,6,8,True,2026-09-06 08:33:05
142744604,r1vf-8023,Doughstory Cake Rusk 200g,220,220,4,8,True,2026-09-06 08:33:05
142744584,r1vf-8003,Doughstory Plain Bread Family Pack 725g,230,230,2,8,True,2026-09-06 08:33:05
142744602,r1vf-8021,Doughstory Crispy Rusk (Small) 190g,160,160,3,0,True,2026-09-06 08:33:05
142744587,r1vf-8006,Doughstory Milk Bread Value Pack 500g,150,150,6,8,True,2026-09-06 08:33:05
142744598,r1vf-8017,Doughstory Shawarma Bread (Small) 5 Pieces,100,100,3,8,True,2026-09-06 08:33:05
142744588,r1vf-8007,Doughstory Plain Bread Value Pack 500g,150,150,3,0,True,2026-09-06 08:33:05
142744605,r1vf-8024,Doughstory Cake Rusk 80g,90,90,12,8,True,2026-09-06 08:33:05
142744597,r1vf-8016,Doughstory Tortilla Wrap Bread (Lare) 8 Pieces,350,350,17,0,True,2026-09-06 08:33:05
141369451,G8ILGO,Shezan Sweet Corn Tin 850g,405,450,6,100,True,2026-09-06 08:33:25
141376509,r1vf-2704,7Up Mint Lemonade Bottle (PET) 1.5L,164,200,10,12,True,2026-09-06 08:33:45
141369142,U6WWVA,Dasani Bottle 1.5l,76.5,90,38,6,True,2026-09-06 08:33:45
141370550,NCXFKX,Nestlé Pure Life Drinking Water Bottle 1.5L,105,105,43,0,True,2026-09-06 08:33:45
141369470,DT3932,Shezan MANGO JUICE NR 225 ML,124,124,20,6,True,2026-09-06 08:33:45
141372496,RL5NRN,Smile Mango Juice 500ml,128.8,140,2,4,True,2026-09-03 14:18:20
141369485,0ZQJH4,Dalda Corn Oil 3Litre Bottle,2330,2330,1,3,True,2026-08-22 13:38:45
141376517,virtual-413,Nissin Ramen Hot spicy Noodles 109g,420,420,27,12,True,2026-09-06 08:35:03
143269935,virtual-1322,Nissin Gekikara Ramen Pas Hot Carbo Flavour Noodles 81g,299,299,1,12,True,2026-08-23 07:40:09
141376368,F3070N,National Masala Quorma 50g,128,160,28,3,True,2026-09-06 08:35:24
141369264,BM34PJ,Shan Tez Lal Mirch Powder 90g,190,200,36,3,True,2026-09-06 08:35:24
141374522,r1vf-1022,Kolson Potato Sticks Pepper & Salt Rs. 80,80,80,21,0,True,2026-09-06 08:36:42
141990852,r1vf-40014,Digestive Honey Biscuits (Rs. 30) 10 x 18 Pieces,300,300,2,8,True,2026-08-22 07:41:27
141376400,477EP8,Bread & Beyond Fruit Cake Mini.,130,130,6,0,True,2026-09-06 08:36:42
141370175,2DT737,Eazu Roll Stix (Chocolate) Smart Pack ,179,179,1,100,True,2026-05-05 11:22:48
142744609,r1vf-8028,Doughstory Fruit Cake 200g,210,210,1,0,True,2026-09-06 08:36:42
142744610,r1vf-8029,Doughstory Muffin Vanilla Cupcake Mini (12 Pieces) 204g,240,240,1,0,True,2026-09-06 08:36:42
141375631,r1vf-3626,Foodia Peanut Crunch 60g,227,227,2,8,True,2026-08-23 13:39:51
142744593,r1vf-8012,Doughstory Burger Bun Seeded (4 Pieces) 240g,160,160,13,8,True,2026-09-06 08:37:41
142744592,r1vf-8011,Doughstory Burger Bun Seeded (2 Pieces) 110g,85,85,10,8,True,2026-09-06 08:37:41
141372735,6EZ124,VELO Polar Mint 14mg,280,280,17,10,True,2026-09-06 08:37:59
141368626,K00U20,Dettol Soap Soothe 80g,130,130,6,5,True,2026-09-06 08:38:18
141373735,64IR07,Palmolive Naturals Liquid Handwash Aloe & Chamomile Bottle 225ml,323,340,11,0,True,2026-09-06 08:38:18
141368678,2V2UV8,Durex Play Tingle Lube 50ml,1080,1200,10,100,True,2026-09-06 08:42:04
141368676,SDUI96,Momse Regular Wipes 66 Pieces,370.62,426,5,100,True,2026-09-06 08:39:06
141370642,3Y84T6,Bonus Active Detergent Washing Powder 2kg,667.4,710,6,100,True,2026-09-06 08:40:20
142275539,Y7874J,Astonish Kitchen Cleaner 750ml,719.1,799,3,8,True,2026-09-06 08:40:20
141369007,C7083U,Harpic Toilet Cleaner Original 900ml - Pack of 2,1958,2200,4,5,True,2026-09-06 08:40:20
144451516,U9KL02,brightfarms Strawberry Box  ( Pakistan) 500g,349,349,8,20,True,2026-04-17 06:14:18
141376426,979BD3,brightfarms Grapes Sunder Khani (Indian - Imported) 500g,999,999,1,15,True,2026-03-27 14:24:04
141376344,W1BXS7,brightfarms Apple Kala Kulu (Pakistan) 1kg,1099,1099,1,15,True,2026-07-09 07:56:15
141376133,r1vf-4060,brightfarms Unripe Fresh Banana (Kela) Half Dozen 6 Pieces,179,179,1,15,True,2026-09-06 08:41:48
141944083,6V69Q0,brightfarms White Radish (Mooli) - 500g-700g,119,119,1,0,True,2026-06-26 18:06:46
141944082,SH14X0,brightfarms Saags (Pakistan) 500g,119,119,1,15,True,2026-07-25 17:16:26
141376332,EYVPK6,brightfarms Turnip - Shaljam (Pakistan) 1kg,299,299,1,20,True,2026-09-06 08:41:48
141375766,r1vf-3132,brightfarms Fresh Potato (Aalu) Mix 3kg,188.1,209,9,0,True,2026-09-06 08:41:48
141368986,570598,Dawn Bread Plain Small 340g,120,120,7,100,True,2026-09-06 08:33:05
141376463,8130Z4,Dawn Tortilla Bread 540 g,340,340,12,6,True,2026-09-06 08:33:05
141369587,QVVJ14,Lay's Chips Classic Salted Rs. 20 (The new and old packaging will be shipped out randomly),20,20,34,30,True,2026-09-06 08:36:42
141376194,BP0JLM,Rose Petal Serviette Party Pack White - 300 Sheets,300,300,1,0,True,2026-08-12 17:07:34
141368407,W7Z4Q8,Finis Daily Mop Phenyl White Bottle 1000ml,315,365,2,6,True,2026-09-06 08:40:20
141376158,r1vf-3975,Go Royale Daal Mooth Special (Rs 50) 35g,50,50,11,8,True,2026-07-18 17:06:24
141370274,Z6F7S7,Peek Freans Saltish Biscuits Pouches 6 Pieces. (Box),228,240,1,5,True,2026-08-29 17:06:12
141375013,r1vf-1761,Pic&mix Jelly Party Mix Cherry Cola Bottles 75g,280,280,1,8,True,2026-05-24 14:31:10
141375014,r1vf-1762,Pic&mix Jelly Party Mix Sour Cherry 75g,280,280,1,8,True,2026-08-25 16:45:56
141375011,r1vf-1758,Pic&mix Jelly Party Mix Sour Blueberry Belts 75g,280,280,1,8,True,2026-04-01 17:05:49
141375009,r1vf-1756,Pic&mix Jelly Party Mix Sour Apple Belts 75g,280,280,1,8,True,2026-08-04 17:57:06
141375039,r1vf-1787,Jelly Party Mix Sour Strawberry Rings 75g,280,280,1,0,True,2026-08-27 15:09:10
141375010,r1vf-1757,Pic&mix Jelly Party Mix Sour Apple Rings 75g,280,280,1,8,True,2026-08-26 14:01:53
141375019,r1vf-1767,Pic&mix Jelly Party Mix Sour Dummies 75g,238,280,1,8,True,2026-09-06 08:36:42
141369926,BK5U09,Super Crisp Catty Chins Cheese Rs. 20,20,20,26,100,True,2026-09-06 08:36:42
141370125,9Q2391,brightfarms Mutton Mix 500g,1439.1,1599,1,100,True,2026-09-05 18:01:21
141372482,3S219U,brightfarms Mutton Leg 500g,1619,1619,1,100,True,2026-09-06 08:32:28
141376641,r1vf-1990,Bread & Beyond Plain Medium Bread,185,185,5,0,True,2026-09-06 08:33:05
141372661,14Z9Z5,Super Crisp Chips Masala Rs. 20,20,20,3,100,True,2026-08-30 19:16:11
141376402,344G98,Bread & Beyond Marble Cake,350,350,3,0,True,2026-09-06 08:36:42
141376403,U0TKAR,Bread & Beyond Old Fashion Cake,350,350,1,0,True,2026-09-05 18:06:10
141376404,Y3OY09,Bread & Beyond Fruit Cake Small,230,230,2,0,True,2026-09-06 08:36:42
141376401,9W0R37,Bread & Beyond Lemon Cake.,350,350,3,0,True,2026-09-06 08:36:42
141376581,0G674V,Bread & Beyond Butter Cake,380,380,1,0,True,2026-09-06 08:36:42
141369528,DOOM00,brightfarms Beef Mince 500g,899,899,1,100,True,2026-09-06 08:32:28
141369529,19U5DE,brightfarms Beef Boti Boneless 500g,889,889,2,100,True,2026-09-06 08:32:28
142238099,N3JAH6,brightfarms Carrot Red (Pakistan) 500g,170.1,189,3,20,True,2026-04-23 17:33:39
142238100,X5PB69,brightfarms Carrot Red (Pakistan) 1kg,341.1,379,1,20,True,2026-04-23 11:22:50
141417207,U5BVTN,brightfarms Cabbage Chinese 200g (KPK),189,189,1,15,True,2026-09-06 08:41:48
141376465,SU190E,Dawn Sandwich Bread 1000g,295,295,4,0,True,2026-08-29 10:57:05
141368985,0O809C,Dawn Bread Milky Small,120,120,2,100,True,2026-08-26 10:40:46
142744589,r1vf-8008,Doughstory Sheermal Bun 115g,65,65,4,0,True,2026-09-06 08:33:05
141376480,7W65N5,Whole Wheat Flour (Atta)  5kg,902.5,950,9,0,True,2026-09-06 08:33:25
141368749,AYLL4K,Split Yellow Lentils (Moong Daal)  1kg,350.2,412,2,0,True,2026-09-06 08:33:25
141368747,9DN380,Split Mash Lentils (Mash Daal Dhuli) 1kg,463.6,488,2,0,True,2026-09-06 08:33:25
141370410,ZYJ6R6,Mughal Royal Classic Basmati Rice (Chawal)� 1kg,425,500,1,0,True,2026-06-21 12:14:35
141376573,L9GH90,Falak  Himalayan Pink Salt (Himalayan Pink Namak)  200g,422.5,650,2,6,True,2026-09-06 08:33:25
141369662,5PKYU9,Coca Cola Zero Sugar Bottle 500ml,98.4,120,85,12,True,2026-09-06 08:33:45
141369154,KE1U5T,Coca Cola Zero Sugar Can 250ml,98.4,120,118,12,True,2026-09-06 08:33:45
141372297,CF5A3P,Sprite Lemon Mint Bottle 1.5l,164,200,25,0,True,2026-09-06 08:33:45
141369143,N9103Q,Fanta Orange Bottle 1.5l,170,200,7,6,True,2026-09-06 08:33:45
141374116,r1vf-146,Sprite Lemon Mint Bottle 350ml,57.4,70,375,0,True,2026-09-06 08:33:45
141376327,6A284T,Coca Cola Bottle 2.25L,188.6,230,46,0,True,2026-09-06 08:33:45
141369147,6H3O3R,Fanta Orange Bottle 500ml,102,120,11,0,True,2026-09-06 08:33:45
141388845,r1vf-3891,KNORR CHATPATTA NOODLES 180G,185,185,34,4,True,2026-09-06 08:35:03
141368745,WRC08A,Tamarind (Imli)  250g,207.9,231,14,6,True,2026-06-22 15:32:38
141371205,W9SB25,Whole Garam Masala (Garam Masala Sabut)  100g,378.1,398,9,4,True,2026-09-06 08:35:24
141370588,7TAX4I,Nescafe 3 in 1 Coffee Sachet 20g,73.6,80,42,0,True,2026-09-06 08:35:48
143785064,r1vf-2524,Lay's Maxx Spicy Kimchi Rs. 70,70,70,6,8,True,2026-09-06 08:36:42
141374376,r1vf-9300,Cheetos Crunchy Red Flamin Hot Rs. 30 ,30,30,4,30,True,2026-08-16 13:39:50
141373858,4V75Y5,Lay's Chips French Cheese Jumbo Rs. 150,150,150,1,10,True,2026-08-03 07:40:06
141373855,UX0OG2,Lay's Chips Potato Yogurt & Herb Jumbo Rs. 150 (The new and old packaging will be shipped out randomly),150,150,16,10,True,2026-09-06 08:36:42
141376437,C5218T,Iqra Almonds (Badam) USA 100g,596.6,628,9,10,True,2026-09-06 08:36:42
141374950,h1ei-809,Premium Dry Fruits Chana Roasted 100g,113.9,134,2,6,True,2026-07-06 13:58:08
141374833,r1vf-1593,Premium Dry Fruits Revri 100g,88.5,177,1,6,True,2026-08-23 16:35:12
141374787,r1vf-1553,Bisconni Novita Orange Wafers Snack Pack,320,320,2,8,True,2026-08-30 09:55:50
141373089,9VWQEG,Candyland Yums Sour Party Packet Rs. 50,50,50,31,0,True,2026-09-06 08:36:42
141374460,r1vf-1190,Jazaa Blackcurrant Flavored Jelly 80g,142.5,150,1,8,True,2026-08-25 07:54:06
141371253,B757Y3,Korneez Popcorn Salted Rs. 90,90,90,53,100,True,2026-09-06 08:36:42
141368833,66DPWT,Always Sanitary Pads Ultra Long 32 Pieces,1630,1630,1,6,True,2026-04-09 17:19:13
141373581,49X2O8,Bona Papa Magic Baby Diapers Jumbo Pack- Large  Size 4 54 Pieces,2323,2323,5,12,True,2026-09-06 08:39:06
141376361,99QRAZ,Prema Chocolate Milk 180ml,140,140,1,100,True,2026-09-04 14:05:59
145309632,r1vf-2855,Prema Unsweetened Greek Plain Yogurt 100g,145,145,4,0,True,2026-09-06 08:32:48
141369834,ZMLDCC,Dayfresh Cheddar Cheese Slice 200 g,600,600,6,100,True,2026-09-06 08:32:48
141370380,L9GMTK,Sabroso Wingers 600g,945,945,1,0,True,2026-08-28 00:54:13
143282243,Mirror-110,(Consume by Today)brightfarms Chicken Mince 1kg,959,959,1,8,True,2026-08-05 15:18:00
143282239,Mirror-106,brightfarms Chicken Biryani Cut (Consume by Today) 500g,329,329,1,8,True,2026-07-23 15:12:05
141376118,r1vf-4043,(Consume by Today)brightfarms Spring Onion -Hari Piyaz (Pakistan) 250g,41.3,59,3,8,True,2026-09-02 14:24:35
141372580,OXN7M6,brightfarms Fresh Mutton Back Chops 500g,1399,1399,1,100,True,2026-04-22 11:12:28
141370107,LT6GC9,Dashi Bread Crumbs 200g,98,140,8,6,True,2026-09-06 08:33:25
141689254,r1vf-6006,Dried Strawberry 250g,802.8,1338,4,10,True,2026-09-06 08:36:42
142744606,r1vf-8025,Doughstory Plain Cake 200g,200,200,8,0,True,2026-09-06 08:36:42
142744607,r1vf-8026,Doughstory Plain Cake (Mini) 100g,100,100,6,8,True,2026-09-06 08:36:42
142744608,r1vf-8027,Doughstory Fruit Cake (Mini) 100g,100,100,2,0,True,2026-09-06 08:36:42
141372644,3161H1,K&N Food Breakfast Sausage Whit Herbs 720g 32Pcs,1321,1321,1,0,True,2026-09-06 08:37:41
141373527,8XWBJ7,LUX VELVET TOUCH WHITE SOAP BAR 130G TRIO,436.5,450,35,0,True,2026-09-06 08:38:18
141690099,Y1J17Q,LUX ALOE VERA HANDWASH POUCH 450ML,484,550,107,5,True,2026-09-06 08:38:18
142363916,r1vf-5052,ACI Blood Bgone Stain Remover 100ml,348,348,15,8,True,2026-09-06 08:40:20
141372449,D96I5V,ACI Bleach 1900ml,1123,1123,4,0,True,2026-09-06 08:40:20
141372447,320121,ACI Non Chlorine Bleach 500ml,410,410,7,0,True,2026-09-06 08:40:20
141372448,86PY87,ACI Color Bleach 500ml,478.8,532,9,0,True,2026-09-06 08:40:20
141372446,85213Q,ACI Taaki Surface Cleaner Floral 500ml,460,460,10,0,True,2026-09-06 08:40:20
141372450,B4S384,ACI Toaleto Toilet Cleaner 500ml,445,445,11,100,True,2026-09-06 08:40:20
141372348,ZLV43Z,Meosy Cat Litter Bag 5kg,700,700,1,100,True,2026-09-02 08:45:56
141368940,8YP3MB,brightfarms Bottle Gourd Round - Gol Lauki (Pakistan) 500g,149,149,5,0,True,2026-09-06 08:41:48
141375817,r1vf-3065,Daali Earthfoods Granola 250g,959.5,1010,1,0,True,2026-09-06 08:33:05
141376197,r1vf-4232,Daali Earthfoods Cluster Granola 250g,1130.5,1190,2,8,True,2026-09-06 08:33:05
143282238,Mirror-105,brightfarms Chicken Standard Cut (Consume by Today) 500g,329,329,1,8,True,2026-07-23 15:12:05
143282245,Mirror-112,brightfarms Chicken Drumsticks (Consume by Today) 500g,315,315,1,8,True,2026-08-05 12:01:48
141369812,S1NJG7,Youngs Mayonnaise Pouch 500ml,360,360,9,6,True,2026-09-06 08:35:24
141370034,847665,Mon Salwa Chicken Seekh Kabab 12`S,760,760,4,0,True,2026-09-06 08:37:41
141370041,364U26,Mon Salwa Chicken Grilled Smoked Frank Furter 340g,590,590,4,0,True,2026-09-06 08:37:41
141376125,r1vf-4050,(Consume by Today)Brightfarms Fresh Mix Fruit Tray Pakistan 500g,125.3,179,1,8,True,2026-09-04 14:17:08
141427978,mirror-64,(Consume by Today)brightfarms Peelad Peas -Matar (Pakistan) 250g,83.3,119,2,8,True,2026-08-06 12:18:26
141374810,r1vf-1654,Bisconni Delice Original Half Roll,300,300,6,8,True,2026-08-29 17:06:12
141371134,BSB48C,SUNSILK LONG AND HEALTHY SHAMPOO 185ML,474.05,499,10,0,True,2026-09-06 08:38:18
141370134,1182B7,Nurpur Full Cream Milk 1l,345,380,24,12,True,2026-09-06 08:32:48
141368915,345793,Mirinda PET 345ml,57.4,70,38,12,True,2026-09-06 08:33:45
141376507,r1vf-2702,7Up Mint Lemonade Bottle (PET) 500ml,82,100,13,24,True,2026-09-06 08:33:45
144432336,r1vf-10942,Revive Lychee Burst 1L,126,140,1,0,True,2026-08-01 06:36:53
142744613,r1vf-8032,Doughstory Boat Cake 180g,180,180,3,0,True,2026-09-06 08:36:42
141371122,SH804E,RAFHAN VANILLA CUSTARD 275G,210,210,27,4,True,2026-09-06 08:37:01
141373095,J677W8,Color Studio Wow Eyeliner Felt Tip (ZM Opened & Checked),912.5,1250,3,100,True,2026-09-06 08:38:42
141368445,8E5024,Fay Cling Film 30cm x 30m 1 Roll,372,400,9,0,True,2026-09-06 08:41:29
141689251,r1vf-6003,Dried Kiwi 250g,853.1,898,3,10,True,2026-09-06 08:36:42
141427969,mirror-40,(Consume by Today)brightfarms Orange - Kinow (Sargodha) Half Dozen (large - 100g-150g),159,159,4,8,True,2026-03-29 16:50:07
141370428,42DGL7,Bisconni Cocomo Strawberry Snack Pack,240,240,1,100,True,2026-04-08 08:18:44
141376351,5S516A,Prema Laban Salted 180 ml,135,135,3,100,True,2026-09-06 08:32:48
142744590,r1vf-8009,Doughstory Fruit Bun 110g,50,50,6,8,True,2026-09-06 08:33:05
141374447,r1vf-1172,Opa Potato Cheese Croquettes 750g,1220,1220,5,0,True,2026-09-06 08:37:41
141372330,JWU454,Opa Potato Bites 750g,925,925,1,8,True,2026-09-06 08:37:41
145094407,7PI46V,Mitchells Lemon Juice 300ml,200,200,3,0,True,2026-09-05 18:04:56
141372346,9C42P7,ABC Hot Semur Spicy Chicken Noodles 70g,160,160,19,100,True,2026-09-06 08:35:03
141522440,r1vf-3720,Pumpkin Seed Long 100g,369.55,389,1,8,True,2026-08-27 15:09:10
141374956,h1ei-819,Premium Dry Fruits Raisin Sunderkhani 100g,301.76,328,1,0,True,2026-08-28 00:53:17
141374947,h1ei-803,Almond 100g,504,560,2,6,True,2026-07-30 12:00:15
141522436,r1vf-3712,Mix Seeds 125g,379.05,399,1,0,True,2026-08-06 06:39:23
142893880,r1vf-4281,Kake Strawberry Cake (Rs 20) 12 Pieces,204,240,7,0,True,2026-09-06 08:36:42
142893877,r1vf-4291,Jiggles XL Dolphin 1 Unit,50,50,53,8,True,2026-09-06 08:36:42
141371131,3IVYIN,SUNSILK BLACK SHINE SHAMPOO 650ML,1259.1,1399,2,0,True,2026-09-03 08:53:27
143282244,Mirror-111,brightfarms Chicken Wings (Consume by Today) 500g,178.5,255,3,8,True,2026-08-06 12:05:51
141374248,r1vf-760,Walls King Kulfa Cup 100ml,64,80,23,0,True,2026-09-06 08:37:23
141370527,ANXEZ3,Magnum Almond 80ml,239.2,299,33,0,True,2026-09-06 08:37:23
144421183,r1vf-10815,Wall's Choco Max 50ml,48,60,38,0,True,2026-09-06 08:37:23
141373931,r1vf-104,Walls Classic Vanilla 375ml,144,180,4,8,True,2026-09-06 08:37:23
141373094,TU99J5,Wall's Chocolate Chip 775ml,399.2,499,2,8,True,2026-09-06 08:37:23
141370534,0J9ACV,Wall's Chaunsa Mango 775ml,360,450,4,8,True,2026-09-06 08:37:23
141370539,368O3Z,Wall's Chaunsa Mango 375ml,192,240,5,8,True,2026-09-06 08:37:23
141370536,EI8PAU,Wall's Classic Vanilla 775ml,360,450,6,8,True,2026-09-06 08:37:23
141376244,R38P4S,Wall's King Kulfa 800ml,399.2,499,1,8,True,2026-09-05 08:19:25
141375290,r1vf-2225,Wall's Praline 775ml,399.2,499,6,0,True,2026-09-06 08:37:23
141370530,1LS0NU,Wall's Cornetto Pop Cone Strawberry & Vanilla 95ml,72,90,27,8,True,2026-09-06 08:37:23
141375427,r1vf-2358,Wall's Cornetto Pop Cone Caramel Vanilla 80ml,79.2,99,22,8,True,2026-09-06 08:37:23
141372255,XQ3I7R,Wall's Cornetto Pop Cone Chocolate Vanilla 95ml,72,90,9,8,True,2026-09-06 08:37:23
141375804,r1vf-758,Wall's Chaunsa Mango Bucket 1400ml,680,850,1,8,True,2026-09-06 08:37:23
144421179,r1vf-10811,Velvetti Dairy Vanilla Sunshine Ice Cream 1300ml,880,1100,2,4,True,2026-09-06 08:37:23
141373599,25B2N1,Wall's Chaunsa Mango & Cream Bucket 1400ml,680,850,3,8,True,2026-09-03 14:22:18
141374497,zj7v-514,IVG Regal Mesh Disposable 6000 Puffs Blue Raspberry Ice 5% 1 Piece,3199,3499,2,0,True,2026-09-06 08:37:59
141373569,734321,IVG Regalpassion Fruit 1 Piece 6000 Puffs 50mg,3199,3499,10,0,True,2026-09-06 08:37:59
141373570,5M1G38,IVG Mango Peach Watermelon 1 Piece 50ml 6000 puff,3199,3499,3,0,True,2026-09-06 08:37:59
141373565,IIZAAT,IVG Regal Aloe Grape Ice 1 Piece 6000 Puffs 50mg,3199,3499,9,100,True,2026-09-06 08:37:59
141373571,69XF6I,IVG Regal Watermelon Ice 50 Mg 6000 Puffs,3199,3499,4,0,True,2026-09-06 08:37:59
141373566,N25H5X,IVG Regal Strawberry Watermelon 1 Piece 6000 Puffs 50mg,3199,3499,6,100,True,2026-09-06 08:37:59
143918199,O7IS8E,Siena Handwash Amber Fantasy,400,400,23,0,True,2026-09-06 08:38:18
143918207,JI23HC,Bold Non Gas Aqua Mini (50 ml),400,400,112,0,True,2026-09-06 08:38:42
143918200,1WIOBQ,Bold Gas Body Spray Dark Fantasy (150 ml),525,700,65,0,True,2026-09-06 08:38:42
143918205,I9H0V0,Bold Non GasPlatinum (120 ml),600,800,71,0,True,2026-09-06 08:38:42
143918206,KAR7MJ,Bold Non Gas Champion (120 ml),600,800,68,0,True,2026-09-06 08:38:42
143918203,AQ53XA,Bold Non Gas Pure (120 ml),600,800,71,0,True,2026-09-06 08:38:42
141370483,VDWUV3,Bold Gas Body Spray Prime (150 ml),525,700,69,3,True,2026-09-06 08:38:42
141370488,HH7J4J,Bold Gas Body Spray Alpha (150 ml),525,700,69,3,True,2026-09-06 08:38:42
141370009,Y62PN3,Bold Non Gas Allure (120 ml),600,800,72,3,True,2026-09-06 08:38:42
143918196,2DYFJC,Scrub Shine Sponge Cloth Pack (3-in-1),600,600,13,0,True,2026-09-06 08:40:20
141373710,163I41,Peek Freans Chocolate Sandwich Munch Pack,306,360,11,5,True,2026-09-06 08:36:42
141372104,O230R2,Nexton Pink Baby Oil 65ml,425,425,15,100,True,2026-09-06 08:39:06
141370528,1K325E,Wall's Moo Strawberry & Vanilla 55ml,32,40,40,8,True,2026-09-06 08:37:23
141376247,5QWJXA,Wall's Donut Ice Cream 85ml,72,90,1,0,True,2026-09-05 18:06:58
141375373,r1vf-2302,Wall's King Kulfa 375ml,192,240,9,8,True,2026-09-06 08:37:23
141368555,89K69K,Garnier Skin Active Pure Active Neem Purifying Face Wash For Normal To Oily Skin 50ml,291.27,399,2,0,True,2026-09-06 08:38:18
141372234,98WTY0,Garnier Skin Active Bright Complete Vitamin C Booster Serum 15ml,747.32,1099,1,0,True,2026-08-14 11:07:40
141372235,0OLYQ5,Garnier Skin Active Bright Complete Vitamin C Booster Serum 30ml,1459.27,1999,8,100,True,2026-09-06 08:38:18
141368415,901C4E,L'Oreal Paris Elvive Dream Long Straight 72Hrs Straightening Keratin Shampoo 175ml,530,530,1,0,True,2026-08-01 09:15:49
141368527,98CTBS,L'Oreal Paris Elvive 6 Oil Nourish Shampoo 360ml,837,930,1,100,True,2026-07-14 17:28:51
141368423,Y2I075,L'Oreal Paris Elvive Fall Resist Conditioner 175ml,459,540,1,100,True,2026-07-27 07:45:24
141368546,59M4Q1,Garnier Color Naturals 5.15 Rich Chocolate Brown Hair Color Enriched With 3 Essential Oils,849.15,999,2,100,True,2026-07-25 09:10:36
141368548,5809IP,Garnier Color Naturals 7.1 Ash Blonde Hair Color Enriched With 3 Essential Oils,849.15,999,1,0,True,2026-07-27 07:45:24
141368551,2F022H,Garnier Color Naturals 6.1 Ashy Light Brown Hair Color Enriched With 3 Essential Oils,999,999,1,100,True,2026-08-05 06:40:47
141371388,V367S9,Maybelline Fit Me Matte + Poreless Liquid Foundation (110 Porcelain) 30ml,2799.2,3499,1,100,True,2026-08-18 16:44:32
141376120,r1vf-4045,(Consume by Today)brightfarms Peeled Garlic Chila Hua Lehsun (Pakistan) 250g,62.3,89,7,8,True,2026-08-24 14:05:46
141369747,9Z7M5M,Kurkure Chutney Chaska Rs. 60 ,60,60,40,10,True,2026-09-06 08:36:42
141376150,r1vf-3967,Go Royale Potato Sticks Garlic Mayo (Rs 50) 28g,35,50,34,8,True,2026-08-22 16:34:40
141373789,6DZ5EA,LU Candi Biscuits Original Snack Pack 8 Packets,360,400,302,0,True,2026-09-06 08:36:42
144112918,r1vf-30081,Nature's Way Stevia Box,550,550,1,8,True,2026-08-04 06:33:36
141369903,3298RT,Kolson Coloured Vermicelli Pouch Rs. 65,70,70,33,0,True,2026-09-06 08:35:03
141370686,RX69ZA,National Chaat Masala 90g,171,190,6,3,True,2026-09-06 08:35:24
141370689,D1JS1G,National Tomato Ketchup 400g,192,240,5,0,True,2026-09-05 18:04:56
141370681,89PCX6,National Tomato Ketchup 800g,336,420,38,3,True,2026-09-06 08:35:24
141370723,SML010,National Classic Mayo Pouch 200ml,151.8,165,23,3,True,2026-09-06 08:35:24
141370740,UZ591S,National Mango Custard 275g,144,225,12,3,True,2026-09-06 08:37:01
141373480,93KXUD,Target Lavendar Scented Cat Litter 5 Ltr,570,570,1,100,True,2026-04-08 17:19:26
141373479,OX15LN,Target Apple Scented Cat Litter 5 Ltr,570,570,1,100,True,2026-05-01 09:11:31
141373478,938VXS,Target Floral Scented Cat Litter 5 Ltr,570,570,1,100,True,2026-04-15 14:55:49
141427974,mirror-53,(Consume by Today)brightfarms Ladyfinger -Bhindi (Sindh) 500g,41.3,59,7,8,True,2026-08-24 05:01:58
141373744,53S6RK,brightfarms Beef Mince 1kg,1799,1799,1,100,True,2026-04-03 10:49:59
141419848,A76849,brightfarms Chicken Gizzard 500g,249,249,1,8,True,2026-04-02 10:56:52
141419849,32916H,brightfarms Chicken Gizzard 1kg,489,489,1,8,True,2026-04-04 05:23:39
141371755,49N5O6,frozen chicken breast qeema 500g,575,575,11,0,True,2026-09-06 08:32:28
141376427,51RX61,Frozen Beef Mix 900g,1299,1299,3,100,True,2026-09-06 08:32:28
141376429,S8297J,Frozen Veal Mince 500g,999,999,4,100,True,2026-09-06 08:32:28
141371748,9I9YA1,frozen chicken boneless breast 500g,599,599,3,100,True,2026-09-06 08:32:28
141376428,P34618,Frozen Beef Boneless Cubes 900g,1649,1649,5,100,True,2026-09-06 08:32:28
141373208,521C4Z,frozen chicken boneless breast 1000g,1099,1099,2,100,True,2026-09-06 08:32:28
141371754,FZSI06,frozen chicken thigh boneless 500g,599,599,4,100,True,2026-09-06 08:32:28
141376430,I271LI,Frozen Mutton Mix 900g,3049,3049,2,100,True,2026-09-06 08:32:28
141845488,A1PY3K,Frozen Veal Mix 900g,1599,1599,2,100,True,2026-09-06 08:32:28
141371753,0I9B4H,frozen chicken drumstick 1000g,779,779,1,100,True,2026-09-06 08:32:28
141845484,V12836,Frozen Mutton Back Chops 900g,3149,3149,3,100,True,2026-09-06 08:32:28
141845486,YIZMFK,Frozen Mutton Shoulder 900g,3239,3239,3,100,True,2026-09-06 08:32:28
141845483,WU1YA4,Frozen Mutton Front Chops 900g,3109,3109,1,0,True,2026-09-06 08:32:28
141845490,49CZYM,Frozen Mutton leg 900g,3199,3199,1,100,True,2026-09-06 08:32:28
141376490,daw-717,Dawn Shawarma Small 5 Pieces,130,130,1,0,True,2026-08-07 10:57:52
141369320,G35H79,Dawn Fruit Cake Large 200g,240,240,1,100,True,2026-09-06 08:36:42
145067859,r1vf-11065,Smile Triple Chocolate Donut Cake 6 Pieces,432,480,5,0,True,2026-06-28 17:25:13
141371231,7QS871,Lotus Biscoff Cookie 250g (Imported),1099,1099,10,100,True,2026-08-29 17:06:12
141373122,VJ11T5,Wall's Cornetto Cookies & Cream 100ml,112,140,33,8,True,2026-09-06 08:37:23
141374164,r1vf-685,Walls King Kulfa & Pista Bucket 1400ml,719.2,899,1,0,True,2026-09-06 08:37:23
141370537,G6DM71,Wall's Caramel Crunch & Chocolate 1400ml,680,850,2,8,True,2026-09-03 14:22:18
141369209,Y2410A,Amson's Sugar Free Yogurt 500g,220,220,5,100,True,2026-09-06 08:32:48
141369208,KZVWMM,Adam's Mint Raita 200 g.,140,140,1,100,True,2026-06-17 13:46:42
141369207,NZ7E53,Adams Zeera Raita 200 g,150,150,1,100,True,2026-08-22 04:39:14
141369242,Z4254B,Adam's Cheese Sandwich Slices 10 Pieces,670,670,1,100,True,2026-09-06 08:32:48
141369241,086X0J,Adam's Singles Cheddar Cheese 200g,660,660,7,100,True,2026-09-06 08:32:48
141376163,r1vf-3980,Go Royale Potato Sticks Garlic Mayo (Rs 100) 58g,70,100,2,8,True,2026-08-22 10:33:14
141370460,IFQ3FE,Lay's Chips Masala Rs.100 (The new and old packaging will be shipped out randomly),100,100,35,10,True,2026-09-06 08:36:42
141374789,r1vf-1555,Bisconni Flo Vanilla Cake Ticky Pack 30 Pieces,300,300,27,8,True,2026-08-08 16:44:07
141369217,3OTJ89,Lu Bakeri Biscuits Coconut (Family Packet),83.7,90,3,5,True,2026-04-02 14:27:25
141375103,r1vf-1863,Innovative Haven Chocolate Cookies Pouch Pack Box,500,500,1,8,True,2026-08-30 14:48:52
141373924,r1vf-113,Lu Bakeri Bistiks Snack Pack 8 Pieces,360,400,27,0,True,2026-09-06 08:36:42
141369865,80OP1J,Kolson Snackers Hot Masala Rs 20,20,20,91,100,True,2026-05-22 18:04:08
141376168,r1vf-3985,Go Royale Potato Sticks Hot & Spicy (Rs 200) 120g,150,200,25,8,True,2026-09-05 18:06:10
141374364,r1vf-937,Lay's Chips French Cheese Rs. 70 (The new and old packaging will be shipped out randomly),70,70,39,30,True,2026-09-06 08:36:42
141368998,ELA76B,Dawn Fruit Bun 90g,60,60,2,100,True,2026-08-05 17:45:04
141368977,35Y4AX,Dawn Rusk 190g,170,170,1,100,True,2026-08-31 10:43:25
141368981,50YSVB,Dawn Multigrain Bread 400g,255,255,2,0,True,2026-09-06 08:33:05
141376418,903977,Dawn Otr Small 190 g,140,140,2,6,True,2026-09-06 08:33:05
141376485,daw-706,Dawn Bread Cake Rusk 300g,320,320,1,6,True,2026-09-06 08:33:05
141376414,D2GNCJ,Dawn Bran Rusk 190g,160,160,2,0,True,2026-09-06 08:33:05
141376462,UE78YV,Dawn Mini Plain Cake 100g,135,135,1,6,True,2026-09-01 19:22:00
141376432,K881BW,Dawn Cake Way Plain 200g,220,220,2,100,True,2026-09-04 08:48:05
141376488,daw-715,Dawn Gol Cake 1 Packet,100,100,7,6,True,2026-09-06 08:36:42
141376433,620W5R,Dawn Mini Fruit Cake 100g,130,130,2,0,True,2026-09-06 08:36:42
141376637,daw-719,Dawn Muffin Chocolate Box 12 Pieces,260,260,1,0,True,2026-09-06 08:36:42
141368441,OZ44I6,Bona Papa Magic Wipes 72 Pieces,241.86,278,10,100,True,2026-09-06 08:39:06
141373589,L034RM,Bona Papa Super Baby Diapers Newborn 50 Pieces,1215,1215,1,12,True,2026-09-06 08:39:06
141372913,947BLS,Daffy BOBO Chocolate Filled Biscuit Standing Pouch (Rs. 70),45.5,70,49,0,True,2026-09-06 08:36:42
141427971,mirror-44,(Consume by Today)brightfarms Banana (Kela) Small Size Half Dozen,79.1,113,2,8,True,2026-08-10 14:34:06
141370533,30RM2F,Wall's King Kulfa Bucket 1400ml,719.2,899,1,0,True,2026-09-06 08:37:23
141990851,r1vf-40013,Digestive Honey Biscuits (Rs. 250) 24 Pieces,200,250,10,8,True,2026-09-05 18:06:10
141375075,r1vf-1827,Innovative Fabulous Chocolate Chip Cookies Family Pack (Rs 200) 156g,200,200,1,8,True,2026-06-28 17:25:13
141369219,44SO47,Bakeri Bistiks Cookies Family Packet,81,90,15,0,True,2026-09-05 18:06:10
141370844,7V9X0Y,Innovative Frisky Vanilla Rs. 150 (Family Pack),150,150,1,100,True,2026-08-31 10:47:48
142807476,UQ2FL4,Morinaga BF-1 Milk Powder (Soft Pack) 900g,3600,3600,1,0,True,2026-09-06 08:39:06
141372710,24Z73U,Fruitamins Bread Crumbs (Imported) 200g ,160,200,32,13,True,2026-09-06 08:33:25
142265307,S6OZAS,FRUITAMINS TOMATO PASTE 800GM (Imported),479.2,599,6,0,True,2026-09-06 08:35:24
141374665,r1vf-1280,Pure Foods Fruit Farm Mango Fruit Drink 1L,195,195,3,8,True,2026-09-06 08:33:45
141374731,r1vf-1419,Pure Foods Fruit Farm Pomegranate Fruit Drink 200ml,40,50,8,0,True,2026-09-06 08:33:45
141376417,9G25JD,Dawn Bread Crumbs 200 g,160,160,1,0,True,2026-08-26 04:45:33
141371690,Z15M85,Bakea Mustard Powder 100 g,66.5,133,12,100,True,2026-09-06 08:35:24
141373903,r1vf-61,Heart Beats Share Pack,320,400,1,5,True,2026-09-04 14:10:33
141376585,82BBN1,Dawn Muffin Butter 240 g,300,300,1,6,True,2026-04-08 11:07:05
141376583,391SM3,Dawn Muffin Double Chocolate 240 g,350,350,1,6,True,2026-04-10 11:05:00
141376496,daw-729,Dawn Marble Cake 1 Piece,330,330,1,6,True,2026-04-08 08:18:44
141376497,daw-730,Dawn Old Fashion Cake 1 Piece,330,330,1,6,True,2026-04-05 13:59:46
143785067,r1vf-2527,Lay's Maxx Signature Cheese Rs. 100,100,100,3,8,True,2026-09-06 08:36:42
141522866,r1vf-3724,White Pepper Powder 20g,88.2,98,2,8,True,2026-07-24 17:45:13
141370676,4M8VV3,National Turmeric Powder 100g,248.4,270,8,3,True,2026-09-06 08:35:24
141376039,r1vf-3319,Gond Katira 100g,189,210,4,6,True,2026-07-15 11:41:16
141374986,r1vf-1732,Lay's Chips Masala Rs.30 (The new and old packaging will be shipped out randomly),30,30,33,0,True,2026-08-29 17:06:12
141373387,7E805U,Kababjees Chips Plain Spicy Rs. 160,160,160,8,0,True,2026-09-05 18:06:10
141371937,V96409,Machos Nachos Tortilla Cheesesome Chips Rs. 80,80,80,50,12,True,2026-08-26 16:55:48
141376149,r1vf-3966,Go Royale Potato Sticks Cheese (Rs 50) 28g,50,50,14,8,True,2026-08-21 16:44:19
141376151,r1vf-3968,Go Royale Potato Sticks Peri Peri (Rs 50) 28g,50,50,42,8,True,2026-08-10 17:03:05
141369874,8XA4E0,Kolson Slanty Salted,20,20,66,100,True,2026-05-12 12:03:43
141369878,593EHS,Kolson Slanty Jalapeno Rs. 30,30,30,58,0,True,2026-08-08 16:44:07
141370461,4C9FR1,Lay's Chips French Cheese Rs. 20 (The new and old packaging will be shipped out randomly),20,20,40,30,True,2026-09-06 08:36:42
141376156,r1vf-3973,Go Royale Daal Moong Salted (Rs 80) 50g,80,80,35,8,True,2026-07-07 07:49:59
141876731,SAQ8M1,Samyang Kimchi Ramen 120gm,520,520,1,100,True,2026-06-14 12:06:26
141371957,Q186O2,Nivea Soft 100 ml,936,1200,1,100,True,2026-06-25 12:31:51
141370891,FM6NC7,"Nivea Men Deep Black Carbon, Antiperspirant For Men, Antibacterial, Roll On 50 ml",1140,1500,1,100,True,2026-05-26 08:05:29
141370869,CWYK06,"Nivea Natural Fairness, Antiperspirant For Women, Roll On 50ml",1275,1500,1,100,True,2026-06-09 16:17:12
141370875,LFTMEV,NIVEA Natural Radiance Radiant & Smooth 72H Anti-Perspirant Spray,1299,1299,3,100,True,2026-09-06 08:38:42
141370870,1GMB62,Nivea Pearl & Beauty Anti Perspirant  50 ml,1275,1500,2,100,True,2026-05-13 15:52:58
141370931,22593D,Comelle Condensed Milk 397Gm Tin,399,420,3,100,True,2026-09-06 08:32:48
141370935,35PYCC,Comelle Condensed Milk 72Gm Tin,85,85,7,100,True,2026-09-06 08:32:48
141371550,5B2VB6,Hemani Pure Honey 250Gm Plain,553.8,710,1,0,True,2026-09-04 14:06:22
141373841,R16880,Rango Next 1L,103.5,115,5,0,True,2026-09-06 08:33:45
141370779,I97I0Q,United King Potato Stick 45Gm,110,110,1,100,True,2026-04-10 06:05:04
143282206,r1vf-80213,Chipsino Plain Salty Potato Chips Pocket Pack 1 Unit,40,40,16,8,True,2026-09-06 08:36:42
143282198,r1vf-80205,United King Cake Rusk Sugar Free 150g,495,495,1,0,True,2026-07-07 07:49:59
143282200,r1vf-80207,United King Gulab Jamun Tin Pack 1 Unit,850,850,12,0,True,2026-09-06 08:36:42
145451590,r1vf-4803,ZYN Prime Black Cherry 1.5mg X-Low Nicotine Pouches 1 Can,150,150,3,6,True,2026-09-06 08:37:59
145451591,r1vf-4804,ZYN Prime Black Cherry 3mg (1 Dot) Nicotine Pouches 1 Can,150,150,10,6,True,2026-09-06 08:37:59
145451589,r1vf-4802,ZYN Prime Cool Mint 6mg (2 Dot) Nicotine Pouches 1 Can,150,150,5,6,True,2026-09-06 08:37:59
145451592,r1vf-4805,ZYN Prime Black Cherry 6mg (2 Dot) Nicotine Pouches 1 Can,150,150,8,0,True,2026-09-06 08:37:59
145451588,r1vf-4801,ZYN Prime Cool Mint 3mg (1 Dot) Nicotine Pouches 1 Can,150,150,9,0,True,2026-09-06 08:37:59
145451587,r1vf-4800,ZYN Prime Cool Mint 1.5mg X-Low Nicotine Pouches 1 Can,150,150,10,0,True,2026-09-06 08:37:59
141372057,5547D7,Hemani Herbal Pure Coconut Hair Oil (Blue) 100ml,295,295,6,0,True,2026-09-06 08:38:18
141372166,8IW6UJ,Hemani Perfume Ivy For Women (Inspiration - Sophia) 100ml,1825,1825,5,100,True,2026-09-06 08:38:42
141372165,8U9Z2Y,Hemani Perfume Silver Waters For Men (Inspiration - Creed Silver) 100ml,1423.5,1825,4,0,True,2026-09-06 08:38:42
141371896,AE3FNW,Hemani Wb Oud Az Zahra Deodorant Body Spray 200 ml,585,585,3,100,True,2026-09-06 08:38:42
141373225,E6YBP2,Power Plus Super Heavy Duty AAA Card Battery Cell 2 Pieces,120,120,9,100,True,2026-09-06 08:41:29
141427970,mirror-42,(Consume by Today)brightfarms Tomato Timatar Red (Pakistan) 1kg,89,89,3,8,True,2026-07-15 06:31:33
141427977,mirror-62,(Consume by Today)brightfarms Cauliflower Phool Gobi Piece (500-700g),179.9,257,2,8,True,2026-08-23 13:46:48
141374838,r1vf-1657,Cadbury Perk Double Chocolate Rs. 30,30,30,439,8,True,2026-09-06 08:37:01
141385953,H99984,Lipton Green Tea Mix Berries - 25 Tea Bags,285,300,45,13,True,2026-09-06 08:35:48
141371746,LER978,frozen chicken breast cubes 500g,609,609,3,100,True,2026-09-06 08:32:28
141371747,6EO75V,Chicken Boti Cut 1000Gm,779,779,10,100,True,2026-09-06 08:32:28
141845485,6070UV,Frozen Mutton Paya 4 Pieces,1469,1469,2,0,True,2026-09-06 08:32:28
141376385,5202H1,Bread & Beyond Bread & Beyond Bread Q.P Burger Bun,90,90,3,0,True,2026-09-06 08:33:05
141376501,r1vf-1985,Bread & Beyond Bran Cake Rusk,380,380,4,0,True,2026-09-06 08:33:05
141376580,Q40FU7,Bread & Beyond Breadcrumbs 500g,300,300,1,0,True,2026-09-06 08:33:25
141376381,FCJK86,Bread & Beyond Vanilla Muffin Small 6 Pieces,250,250,4,0,True,2026-09-06 08:36:42
141376579,ME5BZT,Bread & Beyond Strawberry Muffin Small 6 Pieces,250,250,1,0,True,2026-09-06 08:36:42
141376391,5T6443,Bread & Beyond Orange Muffin Small 6 Pieces,250,250,1,0,True,2026-09-06 08:36:42
141376408,8IKN08,Bread & Beyond Almond Gol Biscuit 250g,395,395,7,100,True,2026-06-14 17:31:21
141376407,5P6E09,Bread & Beyond Butter Muffins.,320,320,2,0,True,2026-09-06 08:36:42
141376382,JGQ1D7,Bread & Beyond Chocolate Muffin Small 6 Pieces,250,250,1,0,True,2026-09-06 08:36:42
141374535,sta-612,Ghiza Riwayeti Atta 5kg,807.5,950,13,3,True,2026-09-06 08:33:25
141371432,VQ60DA,Lay's Chips Classic Rs. 100 (The new and old packaging will be shipped out randomly),100,100,22,10,True,2026-09-06 08:36:42
141369933,5F9FV9,Catty Chins Chips Cheese Rs. 40,40,40,93,0,True,2026-09-06 08:36:42
141990843,r1vf-3774,Digestive Chocolate Biscuits (Rs. 250) 24 Pieces,250,250,25,8,True,2026-09-06 08:36:42
141522424,r1vf-3688,Banana Chips 200g,905.4,1006,2,8,True,2026-05-04 17:50:22
141374163,r1vf-682,Machos Nachos Hickory BBQ Chips Rs. 80,80,80,46,0,True,2026-08-22 16:34:40
141375360,r1vf-2253,Zeekos Original Classic Salt Large,550,550,2,0,True,2026-07-26 17:12:41
141374365,r1vf-938,Lay's Chips Yogurt & Herb Rs. 70 (The new and old packaging will be shipped out randomly),70,70,21,30,True,2026-09-06 08:36:42
141373773,OWO6TN,Noms Nachos Cheddar Jalapeno Rs.80,80,80,33,0,True,2026-08-29 17:06:12
141374984,r1vf-1730,Lay's Chips French Cheese Rs. 30 (The new and old packaging will be shipped out randomly),30,30,95,30,True,2026-09-06 08:36:42
141373872,8H2AY8,Kurkure Chutney Chaska Rs. 40 ,40,40,51,0,True,2026-09-06 08:36:42
141373668,5213X3,LU Oreo Chocolate Snack Pack 8 ,288,320,25,0,True,2026-09-06 08:36:42
141374329,Z27LP6,Noms Nachos Smoky BBQ Rs. 80,80,80,41,100,True,2026-09-06 08:36:42
141376164,r1vf-3981,Go Royale Potato Sticks Peri Peri (Rs 100) 58g,100,100,19,8,True,2026-08-31 10:47:48
141369685,R6TGSS,Pringles Hot & Spicy Chips Imported 40g,490,490,3,0,True,2026-09-06 08:36:42
141373721,2631YS,Peek Freans Party PIK Munch Pack,324,360,9,5,True,2026-09-05 18:06:10
141369914,KCA5YL,Super Crisp Dino Munchies Ketchup (Rs. 30),30,30,2,12,True,2026-04-15 17:15:49
141374988,r1vf-1734,Lay's Chips Paprika Rs.30 (The new and old packaging will be shipped out randomly),30,30,2,0,True,2026-08-15 16:36:21
141793884,2VOA4E,Diamond Aluminum Foil 37.5ft (Imported),731.5,1045,11,100,True,2026-09-06 08:41:29
141371338,66U736,Wipes Forceflex Medium Trash Bags Rolls (20x30) 30 Bags,323,380,10,0,True,2026-09-06 08:41:29
141373421,96A21J,MilkFields Strawberry Flavored Milk 180ml,95,95,22,0,True,2026-09-06 08:32:48
141376653,3Q2SX3,Pringles Sour Cream & Onion 40 gm USA,470,470,5,0,True,2026-09-05 18:06:10
141376241,V9DG3K,Pringles Original Small 37g,470,470,6,0,True,2026-09-06 08:36:42
141375362,r1vf-2255,Zeekos Sour Cream & Onion Large,550,550,5,8,True,2026-07-07 18:11:12
141373774,396Z97,Noms Nachos Thai Sweet Chilli Rs. 80,80,80,28,100,True,2026-09-05 18:06:10
141369917,W95J4S,Super Crisp Chips Salted Rs. 100,100,100,1,100,True,2026-08-18 13:52:03
143857011,r1vf-523,Cheese Oh Jalapeno 65g,240,240,54,8,True,2026-05-19 07:58:55
141374987,r1vf-1733,Lay's Chips Classic Salt Rs.30 (The new and old packaging will be shipped out randomly),30,30,50,0,True,2026-09-06 08:36:42
141370292,E2I740,Peek Freans Lemon Sandwich Munch Pack,324,360,8,5,True,2026-09-06 08:36:42
141374367,r1vf-940,Lay's Chips Classic Rs. 70 (The new and old packaging will be shipped out randomly),70,70,40,30,True,2026-09-06 08:36:42
141373373,WB83ZF,Kababjees Chips Crinkle Ketchup Rs. 160,160,160,26,100,True,2026-09-06 08:36:42
143512071,W1DKLR,Pringles BBQ USA Imported 40g,470,470,2,0,True,2026-09-06 08:36:42
141374603,r1vf-1263,Lay's Wavy Flamin Hot Rs. 30 (1 Unit),30,30,3,30,True,2026-04-19 16:54:13
141371823,7CW5HU,Lay's Chips Paprika Rs. 20 (The new and old packaging will be shipped out randomly),20,20,69,0,True,2026-09-05 18:06:10
141652812,67537C,Pringles Ketchup 165g,1099,1099,18,100,True,2026-09-06 08:36:42
141376165,r1vf-3982,Go Royale Potato Sticks Hot & Spicy (Rs 100) 58g,100,100,14,8,True,2026-06-13 08:01:50
141370753,QZB9PX,United King Chipsino Black Pepper Potato Slims 50g,120,120,11,100,True,2026-08-29 17:06:12
141370780,D92V59,United King Chipsino Paprika Potato Slims 50g,120,120,4,100,True,2026-08-01 17:10:19
141522423,r1vf-3687,Banana Chips 100g,477.9,531,1,8,True,2026-04-28 09:29:22
141376148,r1vf-3965,Go Royale Potato Sticks Salted (Rs 50) 28g,50,50,29,8,True,2026-08-22 16:34:40
141376469,69D73P,Iqra Raisins (Irani Kishmish) 100g,252.7,266,4,10,True,2026-09-06 08:36:42
143240509,r1vf-10551,Mix Nimko 100g,92.65,109,4,8,True,2026-05-25 17:53:27
142365501,LN145E,Iqra Sweet Plum (Meetha Aloocha) 100g,446.5,470,4,10,True,2026-09-06 08:36:42
143240510,r1vf-10552,Mix Nimko 200g,168.3,198,15,8,True,2026-05-25 17:53:27
142364376,virtual-609,Kaer's Sugar Free Biscuit Oatmeal Choc 100g,599,599,12,8,True,2026-08-10 17:03:05
143240512,r1vf-10554,Karachi Special Nimko 250g,224.4,264,3,8,True,2026-05-25 17:53:27
141370123,7PY8M7,brightfarms Mutton Front Chops 500g,1649,1649,1,0,True,2026-07-20 06:53:15
141369843,QRUMD3,Dayfresh Premium Flavored Milk Salted Caramel 225ml,129.2,170,10,100,True,2026-09-06 08:32:48
141370565,DJYT94,Nestle Milkpak Dairy Whipping Cream Sweetened 200ml,244.4,260,15,0,True,2026-09-06 08:32:48
145233966,r1vf-2807,Dayfresh Topping Kremza Creamy 200ml,160,160,17,8,True,2026-09-06 08:32:48
141374368,r1vf-941,Lay's Chips Paprika Rs. 70 (The new and old packaging will be shipped out randomly),70,70,31,30,True,2026-09-06 08:36:42
141371978,C0YZ79,Relx Pod Pro Crisp Apple 3% Nicotine (Imported),1199,1199,3,100,True,2026-09-06 08:37:59
143072099,I6NR8T,Al Kareem Shareefa 350g,355.5,474,3,0,True,2026-09-06 08:36:42
141369893,7I1AJ1,Kolson Slanty Vegetable Rs. 20,20,20,45,0,True,2026-08-08 16:44:07
141369877,SXD912,Kolson Slanty Salted Rs. 50,50,50,56,100,True,2026-09-06 08:36:42
141373390,08V7HY,Kababjees Potato Slims Black Paper Rs. 100,99,99,14,100,True,2026-08-26 04:47:50
141990837,r1vf-3557,Chip Hop Vanilla Cookies (Rs. 30) 10 x 18 Pieces,300,300,1,8,True,2026-08-08 16:44:07
141375073,r1vf-1825,Innovative Digestive Original Family Pack (Rs 250) 250g,250,250,5,8,True,2026-09-06 08:36:42
141375086,r1vf-1845,Innovative Choc n Chip Chocolate Chip Cookies Snack Pack (Rs 10) 326.4g,240,240,13,8,True,2026-05-29 16:54:07
141375112,r1vf-1872,Innovative Snapp Creamy Wafer Coated with Indulging Chocolate Snack Pack (Rs 10) 204g,240,240,10,8,True,2026-08-21 16:44:19
141370089,0QJ6RX,Dashi Chicken Powder Pouch 1000g,902.5,950,5,100,True,2026-09-06 08:35:24
141368740,8MSD4U,Falak  Mint Raita Masala (Podina Raita Masala)  80g,162.5,250,3,6,True,2026-09-06 08:35:24
141370683,9RSYA8,National Shami Kabab Masala 45g,144,160,11,0,True,2026-09-05 18:04:56
141368713,Y0NO8W,Bay Leaf (Tez Patta)  25g,78.3,87,5,6,True,2026-05-25 08:29:54
141373381,9R1215,Kababjees Potato Slims Paprika Rs. 100,99,99,22,0,True,2026-07-26 17:12:41
141373370,33I44Q,Kababjees Chips Crinkle Black Pepper Rs. 160,160,160,21,100,True,2026-09-06 08:36:42
141373391,AM1C0K,Kababjees Chips French Cheese Rs. 160,160,160,16,0,True,2026-09-06 08:36:42
141370760,3Q473J,United King Chipsino Mayo Garlic Potato Slims 50 g,120,120,11,100,True,2026-07-18 17:06:24
143857010,r1vf-522,Cheese Oh Flaming Hot 65g,240,240,33,8,True,2026-06-01 16:17:59
141376671,r1vf-1207,Popnosh Cornups Popcorn Chips Sweet & Salty 26g,50,50,9,8,True,2026-07-13 18:05:45
141372663,WYJ2A6,Super Crisp Twister BBQ (Rs. 20),20,20,29,100,True,2026-05-31 14:56:05
141522425,r1vf-3689,Banana Chips 50g,239.4,266,1,8,True,2026-05-10 11:06:53
144957434,r1vf-10953,NOMS Pop Chips Chimichurri Rs. 200,200,200,2,0,True,2026-09-05 18:06:10
144957675,r1vf-10947,NOMS Pop Chips Cheese & Dill Rs. 120,120,120,30,0,True,2026-09-05 18:06:10
144957673,r1vf-10945,NOMS Pop Chips Chimichurri Rs. 120,120,120,22,8,True,2026-09-06 08:36:42
144957436,r1vf-10955,NOMS Pop Chips Cheese & Dill Rs. 200,200,200,5,0,True,2026-09-06 08:36:42
141376468,57BB2Q,Iqra Walnut Halves (Akhrot Tukda) 100g,549.1,578,4,10,True,2026-09-06 08:36:42
144957435,r1vf-10954,NOMS Pop Chips Roasted Cumin Rs. 200,200,200,4,0,True,2026-09-06 08:36:42
144957674,r1vf-10946,NOMS Pop Chips Roasted Cumin Rs. 120,120,120,24,0,True,2026-09-06 08:36:42
143240531,r1vf-10587,Yellow Gathiya 100g,98.1,109,16,8,True,2026-05-25 17:53:27
141370677,09XI04,National Tomato Ketchup 210g,108,135,29,3,True,2026-09-06 08:35:24
141374985,r1vf-1731,Lay's Chips Yogurt & Herb Rs.30 (The new and old packaging will be shipped out randomly),30,30,54,30,True,2026-09-06 08:36:42
141371383,9LUC27,LIFEBUOY NATURALLY LONG SHAMPOO 650ML,1069.5,1150,4,0,True,2026-09-06 08:38:18
141369171,9SY9H2,Miaow Miaow B.B.Q Snack 1 Unit,499,499,42,50,True,2026-08-22 16:34:40
141375699,r1vf-2721,Lay's Wavy Masala Twist Rs. 50,50,50,30,0,True,2026-09-05 18:06:10
141939426,r1vf-6624,Lay's Wavy Yogurt & Herb Rs. 70,70,70,30,10,True,2026-09-06 08:36:42
141375162,r1vf-2133,Miaow Miaow Flame Korean Spicy Prawn Crackers 1 Unit,449.1,499,52,50,True,2026-09-06 08:36:42
141375161,r1vf-2132,Miaow Miaow Spicy Garlic Ring 1 Unit,499,499,51,50,True,2026-09-06 08:36:42
141374372,r1vf-945,Lay's Wavy BBQ Rs. 100,100,100,43,10,True,2026-09-06 08:36:42
141370529,GFEU8F,Wall's Vanilla Cup 60ml,32,40,3,8,True,2026-09-06 08:37:23
142798486,r1vf-9321,LIFEBUOY NATURALLY SILKY SHAMPOO 90ML,200,200,34,3,True,2026-09-06 08:38:18
141370111,Q6MLP4,Deen's Cheddar Cheese 140g,517,517,4,10,True,2026-09-06 08:32:48
141376492,daw-720,Dawn Bread Mini Cake Rusk 110g,125,125,2,0,True,2026-09-06 08:33:05
141369582,5D9DQP,Lay's Chips French Cheese Rs. 100 (The new and old packaging will be shipped out randomly),100,100,2,10,True,2026-08-21 04:47:59
141371567,SCQK50,Daffy Olaola Pillow Wafers Strawberry Box (Rs.240),240,240,1,100,True,2026-08-09 16:45:15
141371566,36451A,Daffy Olaola Pillow Wafers Chocolate Box (Rs.240),144,240,2,0,True,2026-08-21 07:53:29
141371572,JQ9N87,Daffy Olaola Roll Orange Box Pack (Rs. 120),120,120,7,100,True,2026-09-06 08:36:42
141371587,338S55,Daffy Butterscotch Mint Candy Pouch Pack,32.5,50,10,0,True,2026-09-06 08:36:42
141371591,5QW694,Daffy Fruity Chew (Rs. 240),240,240,3,0,True,2026-09-06 08:36:42
141369875,2W5XH0,Slanty Chips Salted Rs. 30,30,30,8,0,True,2026-09-05 18:06:10
141376383,40M304,Bread & Beyond Cornmeal Bun 2 Pieces,90,90,2,0,True,2026-09-06 08:33:05
141370950,EAJQR2,Hilal Fresh Up Spearmint Box (36 Pieces),108,108,1,100,True,2026-04-15 11:09:47
141368686,X0J8G0,Mountain Dew PET 2.25l,225,250,2,6,True,2026-08-29 17:03:34
141373297,Z1Z5T5,Coca Cola Zero Bottle 350ml,57.4,70,10,12,True,2026-09-06 08:33:45
141369153,UKY241,Local Cold Drink Cappy Pulpy Orange Juice 350ml,135,150,21,12,True,2026-09-06 08:33:45
141370720,5AZPVC,National Seeds Cumin 50g,224,350,8,0,True,2026-09-06 08:35:24
142893876,r1vf-4289,Fresh UP Spearmint Stick 12 Pieces,384,480,22,8,True,2026-09-06 08:36:42
142893881,r1vf-4290,Fresh UP Filled Strawberry Stick 12 Pieces,408,480,35,8,True,2026-09-06 08:36:42
145573806,virtual-765,Whiskas 1+ Year Chicken Cat Food 300g,950,950,1,8,True,2026-08-03 07:45:56
145573807,virtual-766,"Whiskas 1+ Years Tuna Cat Food, 300g",950,950,3,9,True,2026-08-03 07:45:56
141370808,4A9975,Opa Strawberry 500g,615,615,1,0,True,2026-08-09 16:52:01
143905616,W5234F,Kausar Canola Oil Bottle 3 ltr,1612.1,1715,8,0,True,2026-09-06 08:34:25
143936099,IPGRM1,Kausar Special Banaspati Ghee Pouch 1kg,550.05,579,6,0,True,2026-09-06 08:34:25
143905615,UNL59P,Kausar Canola Oil Bottle 5 ltr,2674.3,2845,3,0,True,2026-09-06 08:34:25
143905618,986X04,Kausar Cooking Oil Bottle 5 ltr,2674.3,2845,5,0,True,2026-09-06 08:34:25
143905614,55D877,Kausar Canola 1 Litr,524.52,564,21,0,True,2026-09-06 08:34:25
143905617,VO781Y,Kausar Cooking Oil 1 Ltr,524.52,564,16,0,True,2026-09-06 08:34:25
141370852,H53CPB,Molped Maxi Thick Hygiene Shield XL 8 Pcs,400,400,1,100,True,2026-08-17 16:40:37
141376042,r1vf-3322,Jaifal Powder 50g,192.6,214,3,0,True,2026-07-11 17:05:56
141370059,6978C5,Rossmoor Mustard Powder 100g,91.5,150,10,0,True,2026-09-06 08:35:24
141376470,Q070F7,Iqra Roasted Cashew (Bhuna Kaju) 100g,805.6,848,2,10,True,2026-09-06 08:36:42
142365498,8P85G6,Iqra Apricot (Khubani Gol) 500g,1014.6,1068,5,10,True,2026-09-06 08:36:42
141374562,sta-653,Black Sesame Seeds (Kala Till) 100g,77.9,82,6,8,True,2026-09-06 08:36:42
141374322,502GXJ,Gatorade Blue Bolt Bottle 500ml,85,100,26,12,True,2026-09-06 08:33:45
141369545,3UHKGJ,Siena Handwash Aqua Kiss,400,400,2,0,True,2026-09-06 08:38:18
143918204,2X1N9Z,Bold Non Gas Electric (120 ml),600,800,4,0,True,2026-09-06 08:38:42
143918208,0I8XVB,Bold Non Gas Intense Mini (50 ml),272,320,1,0,True,2026-05-20 16:42:22
141370010,0D4837,Bold Non Gas Ice (120 ml),600,800,1,3,True,2026-08-04 18:01:08
143918198,OBLO89,Scrub Shine Sponge Cloth (1 Pack),250,250,6,0,True,2026-09-06 08:40:20
143918197,2LXYSY,Scrub Shine Antibacterial Scouring Pad 1 Piece,40,40,2,0,True,2026-08-28 16:35:53
142798487,r1vf-9322,LIFEBUOY NATURALLY SILKY SHAMPOO 370ML,620,620,7,0,True,2026-09-06 08:38:18
141371201,OS2IO2,White Chickpeas (Safed Chana) 9mm 500g,169.6,212,4,14,True,2026-09-05 08:15:01
141370415,5SZCQK,Mughal Diamond Basmati Rice (Chawal)� 1kg,300,375,1,5,True,2026-04-28 06:34:56
141427976,mirror-58,(Consume by Today)brightfarms Unripe Fresh Banana (Kela) Half Dozen,79.1,113,2,8,True,2026-08-24 16:57:26
141370861,773UOG,brightfarms Peach 500g,206.1,229,11,0,True,2026-09-06 08:41:48
141375780,r1vf-3144,brightfarms Peach 1kg,404.1,449,10,0,True,2026-09-06 08:41:48
141376486,daw-707,Dawn Open Top Rusk Large 1 Piece,240,240,2,0,True,2026-09-02 14:13:59
145426963,r1vf-10767,Fanta 2 Ltr,202.5,225,1,8,True,2026-08-31 10:45:13
145426964,r1vf-2828,Coca Cola Zero Sugar Bottle 1L,139.4,170,4,8,True,2026-06-28 17:22:39
141371524,VD3NQ4,Mothercare Baby Shampoo Apple Extract 200 ml,538.2,690,20,100,True,2026-09-06 08:39:06
141374837,r1vf-1656,Cadbury Dairy Milk Roast Almond 90g,500,500,24,8,True,2026-09-06 08:37:01
141376410,AABPAI,Dawn Baqar Khani 90g,110,110,9,0,True,2026-09-06 08:33:05
143785065,r1vf-2525,Lay's Maxx Spicy Kimchi Rs. 100,100,100,13,8,True,2026-09-06 08:36:42
141370742,90P53V,National Paya Masala 39g,144,160,12,0,True,2026-09-06 08:35:24
141368718,ZB8232,Cinnamon Stick (Dalchini Stick)  100g,138.6,154,9,0,True,2026-07-26 17:11:35
141375004,r1vf-1740,Machos Nachos Hotilicious Rs. 200,200,200,13,0,True,2026-08-29 17:06:12
141375159,r1vf-2120,Noody Hot Spicy Chicken Fettuccine (2x Spicy) Black 112g,370,370,8,50,True,2026-09-06 08:35:03
141375160,r1vf-2121,Noody Hot Spicy Chicken Fettuccine (2x Spicy) Red 112g,370,370,13,50,True,2026-09-06 08:35:03
145560762,GLQJC6,Koka Mi Goreng Fried Noodles 85g,224,320,15,1,True,2026-09-06 08:35:03
145560768,7GF2L8,Koka Cup Noodle Mushroom 70g,454.3,649,22,1,True,2026-09-06 08:35:03
145560770,QET3Q0,Koka Noodles Seafood 70g,454.3,649,23,1,True,2026-09-06 08:35:03
145560774,SP4NCG,Koka Signature Instant Noodles Seafood Flavor 90g,539,770,11,1,True,2026-09-06 08:35:03
145560763,ONZN74,"Koka Vegetable Flavour Instant Noodles, 85g",224,320,26,1,True,2026-09-06 08:35:03
145560769,virtual-411,Koka Original Instant Noodles 70g,454.3,649,21,1,True,2026-09-06 08:35:03
145560771,NMBIJB,Koka Noodles Tomato 70g,454.3,649,24,1,True,2026-09-06 08:35:03
145560772,LJJ4AS,Koka Instant Noodles Vegetable Flavour 70g,454.3,649,22,1,True,2026-09-06 08:35:03
141369173,V40693,Miaow Miaow Hot & Spicy Snacks 1 Unit,499,499,35,50,True,2026-09-06 08:36:42
145560761,r1vf-2162,Eurocake Jumbo Croissant Chocolate 1 Unit,220,220,1,51,True,2026-06-03 14:51:35
141369305,6OUB80,Eurocake Twin Cakes Chocolate 1 Unit,120,120,1,50,True,2026-08-06 12:10:55
141369338,N0HNTZ,Eurocake Twincakes Banana 1 Unit,120,120,37,50,True,2026-09-06 08:36:42
141369301,7ZR1J6,Eurocake Twin Cakes Vanilla 1 Unit,120,120,40,50,True,2026-09-06 08:36:42
141372167,7806KP,Hemani Perfume Portofino For Women (Inspiration - Happy Spirit & NB White) 100ml,1825,1825,2,0,True,2026-09-06 08:38:42
141370743,G5967G,National Murghi Masala 43g,144,160,14,3,True,2026-09-06 08:35:24
141376532,r1vf-364,Crushed Red Chili (Lal Mirch Kutti)  100g,93.1,98,13,4,True,2026-08-29 17:05:11
141376406,838H1J,Bread & Beyond Chocolate Chip Muffins,340,340,3,0,True,2026-09-06 08:36:42
141376405,E1KNQR,Bread & Beyond Bakery Muffin Chocolate.,380,380,1,0,True,2026-09-06 08:36:42
141370599,TXI4MM,Cerelac Nature Multigrain Pomegranate Soft Pack 175Gm,620,620,2,100,True,2026-05-13 06:57:48
141369927,521PL4,Super Crisp Dino Munchies Ketchup (Rs. 20),20,20,5,12,True,2026-04-27 11:52:10
141368720,RP8T9A,Whole Coconut (Nariyal) 200g,477.9,531,6,6,True,2026-04-21 08:58:28
144380849,r1vf-10714,My Wrap Asaan Dastarkhwan (35 x 40 Inches) 24 Sheets,413,590,35,8,True,2026-09-06 08:41:29
144380864,r1vf-10732,My Wrap Zip Slider Small (7.5 x 9 Inches) 20 Bags,441,630,19,0,True,2026-09-06 08:41:29
144380838,r1vf-10734,Triox Dish Wash Cloth Steel Wire Non-scratch 3 Pieces,130.5,145,187,0,True,2026-09-06 08:41:29
144380863,r1vf-10731,My Wrap Zip Slider Bags Medium 15-Pack,441,630,9,8,True,2026-09-06 08:41:29
141376321,03470S,brightfarm unripe mango kayri 1kg,399,399,1,100,True,2026-09-03 08:57:10
141368943,3K8912,brightfarms Bitter Gourd Karela (Pakistan) 500g,79,79,7,0,True,2026-09-06 08:41:48
144380837,r1vf-10733,Triox Body Razor (3 + 1 Free) Budget Pack 1 Unit,139.5,155,7,0,True,2026-09-06 08:38:18
141376214,r1vf-4271,Nestle Bunyad Instant Cereal Based Drink 32g,36,40,5,8,True,2026-06-24 18:01:40
141368916,PTUUI8,Aquafina Water PET Family Pack,225,250,2,2,True,2026-08-29 10:57:42
141370685,4BSIH7,National Chilli Garlic Sauce 800g,336,420,13,3,True,2026-09-06 08:35:24
141374369,r1vf-942,Lay's Chips Paprika Rs.100 (The new and old packaging will be shipped out randomly),100,100,32,10,True,2026-09-06 08:36:42
141372857,809V22,Food Valley Karara Lahori Chana Rs. 20,20,20,42,100,True,2026-09-06 08:36:42
143282207,r1vf-80214,Chipsino Plain Spicy Potato Chips Pocket Pack 1 Unit,40,40,13,8,True,2026-09-06 08:36:42
141371890,97E1S1,Dettol Soap Fresh 120g - Pack of 4,510.4,580,7,5,True,2026-09-06 08:38:18
141376080,r1vf-3957,Nido Toddler Nutrition (1+) Promo 990g,2520,2520,1,8,True,2026-07-15 06:28:43
141376079,r1vf-3956,Nido Pre School Nutrition (3+) Promo 800g,2137,2250,2,8,True,2026-06-29 18:20:39
145166323,virtual-930,Josi Cat Sterilised Classic Adult 650g,1499,1499,1,100,True,2026-09-06 08:41:08
145166325,B3MOS4,Josera JosiCat Kitten 650 g Bag,1499,1499,1,0,True,2026-07-12 14:40:12
141369716,2MJO84,Chocobliss Milk Chocolate Spread 150g,385,385,1,100,True,2026-08-11 08:13:27
141372619,354MSS,Italia Chicken Powder 100 gm,149,149,12,0,True,2026-09-06 08:35:24
141371206,H7I4H1,Whole Coriander (Dhaniya Sabut)  100g,77.9,82,6,4,True,2026-09-05 18:04:56
141376325,5GLM0I,Coriander Powder (Dhaniya Powder)  100g,74.1,78,7,0,True,2026-09-06 08:35:24
141374561,sta-652,Kachri Powder (Kachri Powder)  100g,96.9,102,2,8,True,2026-08-16 16:35:12
141376561,4V64N1,Falak Black Pepper (Kali Mirch) 85g,689,1060,1,0,True,2026-09-03 14:20:18
141374549,sta-639,Black Salt Powder (Kala Namak Powder)  100g,13.3,14,5,8,True,2026-09-06 08:35:24
141370751,5V24V4,National Chili Powder 400g,467.2,730,5,3,True,2026-09-06 08:35:24
141522863,r1vf-3711,Moringa Powder 25g,117.9,131,1,8,True,2026-06-14 17:30:04
141376369,J4N4L9,National Achar Gosht Masala 50g,144,160,4,3,True,2026-09-06 08:35:24
145120761,r1vf-11081,Naturelle Garlic Paste 320g,335.25,447,5,8,True,2026-09-06 08:35:24
141370695,77MMQ3,National Fish Masala 80g,185.6,290,12,0,True,2026-09-06 08:35:24
141376043,r1vf-3323,Khatai Powder 100g,30.6,34,6,6,True,2026-07-07 18:10:30
141369065,4NQ42U,Shan Tez Lal Mirch Powder 360g,474.5,730,7,3,True,2026-09-06 08:35:24
141522431,r1vf-3698,Dry Basil 25g,70.2,78,3,8,True,2026-04-22 17:12:20
141376032,r1vf-3310,Amla Whole 100g,332.5,350,5,6,True,2026-09-06 08:35:24
141376536,r1vf-372,Red Chili Powder (Lal Mirch Powder)  100g,77.9,82,6,5,True,2026-09-05 18:04:56
141375698,r1vf-2720,Lay's Wavy Masala Twist Rs. 30,30,30,45,0,True,2026-08-22 16:34:40
141369172,6QR7W9,Miaow Miaow Chicken Crackers 1 Unit,499,499,25,50,True,2026-07-12 17:11:40
141369174,6829CV,Miaow Miaow Hot & Spicy Prawn Crackers 1 Unit,449.1,499,46,50,True,2026-09-06 08:36:42
141370462,7L4SWD,Sprite Local Cold Drink Zero Sugar Can 250ml,98.4,120,15,12,True,2026-09-06 08:33:45
141370282,WR3KS9,Peek Freans Chocolicious Vanilla Chocolate Chip Snack Pack,208.8,240,4,5,True,2026-07-11 17:08:01
141375266,r1vf-2193,Gala Egg Value Pack (Rs 40) 71.4g,288,320,34,5,True,2026-09-06 08:36:42
141374693,r1vf-1452,Prince Chocolate Bar Pack 12 Pieces,208.8,240,6,0,True,2026-07-11 17:08:01
143508457,A8A375,Tuc Bar Pack Box (Rs. 20) 15 Pieces,270,300,16,8,True,2026-09-05 18:06:10
141374672,r1vf-1300,Bake Shake Regular Soft Cake 31.5g,30,30,36,8,True,2026-08-01 17:10:19
141617620,r1vf-27033,Choco Bites Double Chocolate Chip72g,288,320,10,5,True,2026-09-06 08:36:42
143346617,r1vf-80111,Piper's Gold EBM Chocolate Cup Cookie 195g,600,600,2,200,True,2026-08-05 09:44:57
141374673,r1vf-1304,Bake Shake Chocolate Hazelnut Soft Cake 31.5g,30,30,10,8,True,2026-05-02 17:00:21
141373792,1Y75J6,LU Zeera Plus 24 Ticky Packets,211.2,240,1,5,True,2026-04-22 06:06:32
141372798,57HGT2,Taste Factory Bystro Chocolate With Biscuit Stick,200,200,1,100,True,2026-07-20 10:21:32
141708891,A4ZXTB,Peek Freans Party Biscuits 1 Packet,92,100,31,0,True,2026-08-21 16:44:19
143346616,r1vf-80110,Piper's Gold Caramel Delight Cookie 145g,300,300,17,200,True,2026-09-06 08:36:42
141370285,1LOBZW,Peek Freans Gluco Snack Pack,288,320,8,5,True,2026-06-20 17:44:46
143346618,r1vf-80112,Piper's Gold EBM Classic Shortbread Cookie 28g,540,600,42,200,True,2026-09-05 18:06:10
141375093,r1vf-1852,Innovative Digestive Delicious Wheat Biscuits Snack Pack  Box,240,240,13,8,True,2026-09-06 08:36:42
141990836,r1vf-3556,Butter Cookies (Rs. 30) 10 x 18 Pieces,300,300,6,8,True,2026-09-06 08:36:42
141374695,r1vf-1455,Oreo Mini Chocolate (Bar Packs) 24 Pieces,216,240,1,0,True,2026-08-18 10:41:38
141617613,r1vf-27025,Gluco Ticky Pack New 65g,324,360,3,5,True,2026-09-06 08:36:42
141375083,r1vf-1842,Innovative Butter Crunch Munch Pack  Box,240,240,16,8,True,2026-08-15 16:36:21
143346619,r1vf-80113,Piper's Gold EBM Coconut Crunch Cookie 27g,600,600,41,200,True,2026-09-06 08:36:42
141373711,Q77M7B,Peek Freans Sooper Classic Chocolate Snack Pack,288,320,9,100,True,2026-09-05 18:06:10
141374691,r1vf-1450,Prince Chocolate Snack Pack,270,300,53,0,True,2026-09-06 08:36:42
143508454,r1vf-2797,Cadbury Cream & Choc Bar Pack (8 Pieces) 1 Box,364,400,39,8,True,2026-08-22 16:34:40
141375096,r1vf-1855,Innovative Digestive Sugar Free Wheat Biscuits Family Pack (Rs 250) 270g,250,250,3,8,True,2026-08-29 17:06:12
141373667,8IT74K,Tiger Bar pack 30,270,300,16,0,True,2026-09-06 08:36:42
143920527,r1vf-27054,Daffy Kokoz Pouch 160g,700,700,18,8,True,2026-09-06 08:36:42
141375068,r1vf-1821,Innovative Butter Crunch Half Roll (Rs 40) 382g,240,240,7,8,True,2026-06-21 17:49:19
141370065,71XR3N,Rossmoor Thyme Leaves 15g,97.6,160,7,0,True,2026-09-06 08:35:24
141376535,r1vf-368,Ginger Powder (Adrak Powder)  100g,225,250,2,5,True,2026-07-20 18:12:19
141376051,r1vf-3339,"Zafran Saffron, 1g",427.5,855,1,6,True,2026-09-06 08:35:24
141374550,sta-640,Black Cumin Seeds (Zeera Black)  50g,217.8,242,4,8,True,2026-07-19 17:05:21
141370696,300T39,National Tikka Boti Masala 44g,144,160,12,0,True,2026-09-06 08:35:24
145120762,r1vf-11082,Naturelle Ginger Paste 320g,460,460,5,8,True,2026-09-06 08:35:24
141522864,r1vf-3715,Paprika Powder 25g,88.2,98,7,8,True,2026-06-13 17:31:43
141522433,r1vf-3700,Dry Oregano 25g,57.95,61,5,8,True,2026-09-06 08:35:24
141374565,sta-656,Crushed Coconut 50g,98.1,109,3,0,True,2026-06-20 17:44:00
141370748,385205,National Haleem Masala 43g,142.4,160,9,3,True,2026-09-06 08:35:24
141371656,U6GD5O,Bakea Red Chili Flakes 60 g,136.64,244,2,100,True,2026-08-22 16:33:27
141370721,2J4D5K,National Chapli Kabab Masala 72g,135,150,16,3,True,2026-08-16 16:35:12
141371659,SYV7Z6,Bakea Basil Leaves 30 g,195.7,206,1,100,True,2026-09-05 18:04:56
141370699,P76477,National Qeema Masala 50g,102.4,160,2,3,True,2026-09-06 08:35:24
141371657,22P33V,Bakea Cayenne Chili Pepper 65 g,359.29,589,8,100,True,2026-09-05 18:04:56
141370714,TQ1346,National Coriander Powder 200g,217.6,340,6,3,True,2026-09-06 08:35:24
145120760,r1vf-11080,Naturelle Ginger Garlic Paste 320g,335.25,447,2,8,True,2026-09-05 18:04:56
141376036,r1vf-3314,Chaar Gound 100g,172.9,182,4,6,True,2026-09-06 08:35:24
141374532,sta-609,Whole White Pepper (White Mirch Sabut)  50g,214,214,1,8,True,2026-06-18 18:33:18
144970048,r1vf-11001,Snakitos Chik Pik Spicy Multigrain Snack 70g,225,225,16,0,True,2026-07-24 17:45:54
141374694,r1vf-1454,Oreo Mini Original (Bar Packs) 24 Pieces,216,240,1,0,True,2026-08-17 10:40:36
141373573,1TYAUI,Oreo Chocolate Cream Bar Packets 16 Pieces,288,320,10,3,True,2026-09-06 08:36:42
143920531,r1vf-27051,Daffy Mini Ola Ola Bite Strwaberry Roll Wafer 35g,70,70,1,8,True,2026-05-08 17:27:43
141374701,r1vf-1471,Candi Original Ticky Packs (11.6g) 24 Pieces,204,240,1,5,True,2026-04-23 06:12:45
141375094,r1vf-1853,Innovative Digestive Delicious Wheat Biscuits Munch Pack Box,240,240,8,8,True,2026-08-22 16:34:40
141375104,r1vf-1864,Innovative Haven Coffee Cookies Pouch Pack  Box,500,500,11,8,True,2026-08-29 17:06:12
141375095,r1vf-1854,Innovative Digestive Delicious Wheat Biscuits Mini Half Roll Box,240,240,4,8,True,2026-09-06 08:36:42
141373714,927532,Peek Freans Marie Munch Pack,306,360,14,0,True,2026-09-06 08:36:42
141375089,r1vf-1848,Innovative Crust Crispy Chocolate Wafers Snack Pack Box,240,240,8,8,True,2026-09-05 18:06:10
141374784,r1vf-1550,Bisconni Digestive Chocolate Half Roll,300,300,3,8,True,2026-08-16 16:36:33
141374783,r1vf-1549,Bisconni Eclipse Rich Cream Sandwich Biscuits Family Pack,125,250,3,8,True,2026-06-20 07:58:05
141375091,r1vf-1850,Innovative Crust Crispy Orange Wafers Snack Pack Box,240,240,5,8,True,2026-08-29 17:06:12
141374153,r1vf-671,Bisconni Mi Amor Original Family Pack,200,250,23,0,True,2026-09-05 18:06:10
141375092,r1vf-1851,Innovative Crust Crispy Strawberry Wafers Snack Pack Box,240,240,3,8,True,2026-09-05 18:06:10
141374778,r1vf-1542,Bisconni Eclipse Half Roll 10 Packets,300,300,7,8,True,2026-09-06 08:36:42
142543379,r1vf-4472,Rio Double Chocolate Snack Pack 17 Pieces,320,320,1,5,True,2026-04-24 09:06:55
141370300,31XWF4,Peek Freans Rio Strawberry Vanilla Half Roll 6's,288,320,8,5,True,2026-06-28 11:55:05
141990850,r1vf-40012,Flare Biscuits (Rs. 40) 8 x 18 Pieces,320,320,10,8,True,2026-06-15 10:35:57
143920534,r1vf-27053,Daffy Coco Cris Filled Puffs Pouch 35g,70,70,32,8,True,2026-09-06 08:36:42
141368928,TKQG3B,brightfarms Ridge Gourd -Tori (Pakistan) 500g,99,99,9,20,True,2026-09-06 08:41:48
145826859,qjk4-10,brightfarms Apple Kala Kulu Mix (Irani) 1kg,579,579,3,20,True,2026-09-06 08:41:48
141371870,D2B5VJ,Quice Original Peach Drink 300ml,50,50,11,100,True,2026-09-06 08:33:45
141371873,5H4TBM,Quice Original Red Anar Soda 300 ML,50,50,7,0,True,2026-09-06 08:33:45
141374874,h1ei-523,Tops Lemon Barley 250ml Glass,99,99,3,8,True,2026-09-06 08:33:45
141374868,h1ei-517,Tops Mango Glass 250ml,99,99,2,8,True,2026-08-12 14:25:31
141374303,34ACM0,Quice Perfect Mango 200ml,40,40,19,12,True,2026-09-06 08:33:45
141371871,7Q89T1,Quice Mango Fruit Drink 250ml,40,40,13,0,True,2026-09-06 08:33:45
141374302,r1vf-586,Quice Double Up Soda 300ml,50,50,4,12,True,2026-09-06 08:33:45
141374305,Z42ZL7,Quice Frootie Mango 500ml,78.75,105,9,12,True,2026-09-06 08:33:45
141374304,414UFK,Quice Frootie Mango 250ml,55,55,12,0,True,2026-09-06 08:33:45
145745662,r1vf-2891,Jazaa Virgin Cold Pressed Olive Oil 500ml,2400,2400,4,0,True,2026-09-06 08:34:25
141375259,r1vf-2123,Rehmat-e-Shereen Crinkle Barbecue Chips  80g,121.5,135,1,8,True,2026-08-01 17:10:19
141375249,r1vf-2100,Rehmat-e-Shereen Crunchees Classic Salted Chips 80g,128.25,135,1,0,True,2026-08-29 17:06:12
141375263,r1vf-2127,Rehmat-e-Shereen Bhel Puri 100g,171,180,1,0,True,2026-08-29 10:59:50
141375250,r1vf-2104,Rehmat-e-Shereen Zeera Puri Papdi 250g,199.5,210,2,0,True,2026-08-25 16:45:56
141375254,r1vf-2109,Rehmat-e-Shereen Nimcolia Bombay Peanuts 100g,166.25,175,1,0,True,2026-09-03 08:51:39
141375256,r1vf-2111,Rehmat-e-Shereen Nimcolia Salty Peanuts 100g,166.25,175,1,0,True,2026-08-31 19:32:29
141375255,r1vf-2110,Rehmat-e-Shereen Nimcolia Classic Peanuts 100g,166.25,175,1,0,True,2026-09-06 08:36:42
141375252,r1vf-2107,Rehmat-e-Shereen Nimcolia Daal Moong 100g,128.25,135,1,8,True,2026-08-20 16:42:42
141375251,r1vf-2106,Rehmat-e-Shereen Nimcolia Daal Moth 100g,121.5,135,2,0,True,2026-08-02 17:10:21
141375253,r1vf-2108,Rehmat-e-Shereen Mix Nimco 100g,128.25,135,1,0,True,2026-09-06 08:36:42
141372657,HC5F11,IVG Strawberry Watermelon Ice 50 Mg 6000 Puffs (Imported),3199,3499,2,100,True,2026-04-25 14:10:02
141372284,884S6F,Meaoon Cat Food Chicken & Tuna 400g (Imported),499,499,17,100,True,2026-09-06 08:41:08
141372287,9734JN,Meaoon Cat Food Chicken & Fish (Imported) 400g ,499,499,19,100,True,2026-09-06 08:41:08
141372289,6FI3RT,Meaoon Cat Food Chicken & Tuna (Imported) 1000g ,950,950,6,100,True,2026-09-06 08:41:08
141372290,M7BWFY,Meaoon Cat Food Chicken & Sea Food (Imported) 1000g,950,950,8,100,True,2026-09-06 08:41:08
141372285,5IE292,Meaoon Cat Food 400Gm Chicken & Sea Food,499,499,22,100,True,2026-09-06 08:41:08
141372283,2M9513,Meaoon Cat Food 400Gm Chicken & Vegetable,499,499,17,100,True,2026-09-06 08:41:08
141372286,1Y66GH,Meaoon Cat Food 400Gm Chicken & Salmon,499,499,18,100,True,2026-09-06 08:41:08
141372288,7G44CD,Meaoon Cat Food Chicken & Vegetable (Imported) 1000g ,950,950,9,100,True,2026-09-06 08:41:08
145426966,PQJFJC,Sprite Mint Bottle 2L,172.2,210,8,0,True,2026-09-06 08:33:45
141376092,SWSUN5,Shan Sheer Khurma Mix 150g,220,220,1,8,True,2026-05-27 13:02:19
141371663,23T7J4,Bakea Cinnamon Powder 60 g,301.15,317,3,100,True,2026-08-29 17:05:11
145924948,J2X1J1,brightfarms Taro Root -Arvi (Sindh) 500g,69,69,1,0,True,2026-09-06 08:41:48
145854395,NFL-M02,National Classic Mayo Pouch 900g + Sabroso Chicken Burger Patty 6 Pieces 370g,877.5,1170,2,0,True,2026-07-06 18:20:01
141371352,Z6OO2C,Super Clean Glass Cleaner 500 ml,448,560,10,100,True,2026-09-06 08:40:20
141371347,09039O,Super Bleach Liquid 500 ml,333,370,12,100,True,2026-09-06 08:40:20
145745590,6R3NDI,Super Liquid Blue 150 ml,216,240,22,101,True,2026-09-06 08:40:20
141371346,TGBD4L,Super Clean Dishwash Powder 900 gm,160,200,11,100,True,2026-09-06 08:40:20
141371354,E12B7W,Super Perfume White Phenyl 3 ltr,423,470,4,100,True,2026-09-06 08:40:20
141371353,23M7L0,Super Perfume Phenyl Bottle 1000ml,297,330,5,100,True,2026-09-06 08:40:20
141371356,S12WH9,Super Nepthaline Balls Small,252,280,19,100,True,2026-09-06 08:40:20
143282240,Mirror-107,brightfarms Chicken Karhai Cut (Consume by Today) 500g,315,315,1,8,True,2026-08-04 15:26:21
141375260,r1vf-2124,Rehmat-e-Shereen Crunchees Potato Sticks Chatpata Flavour 80g,128.25,135,1,0,True,2026-08-26 14:01:53
145867483,r1vf-10614,Daali Earthfoods Chia Seeds 100g,579.5,610,1,0,True,2026-09-06 08:36:42
141371350,8SENCA,Super Shine Detergent Bar x 6,180,200,8,100,True,2026-09-06 08:40:20
141427939,mirror8,(Consume by Today) brightfarms Chicken Breast Boneless Boti 1kg,700,1000,3,0,True,2026-08-15 13:34:02
141427935,mirror4,(Consume by Today) brightfarms Chicken Standard Cut (12-15 pc) 1kg,630,630,8,0,True,2026-08-05 15:18:00
141427968,mirror37,Brightfields Fresh Cucumber (kheera) 500 g (Consume by Today),53.9,77,2,0,True,2026-08-20 10:47:22
141376135,r1vf-4062,(Consume by Today)brightfarms Iceberg Lettuce (Pakistan) 200g-250g,177,177,4,8,True,2026-07-09 07:56:15
141373709,653C87,(Consume by Today)brightfarms Lemon Chinese 500g,199,199,1,8,True,2026-06-14 08:33:13
141376578,C9O0H9,National Achar Goasht 100g,279,310,9,3,True,2026-09-06 08:35:24
141371655,BA5QS8,Bakea Paprika Powder 70 g,250.71,411,8,0,True,2026-09-06 08:35:24
141990842,r1vf-3773,Chocolate Chip Cookies Original Box,80,80,42,8,True,2026-09-06 08:36:42
141375267,r1vf-2194,Gala Egg Bar Pack (Rs 10) 15.3g,216,240,21,5,True,2026-09-06 08:36:42
141375084,r1vf-1843,Innovative Butter Crunch (Mini Half Roll) Box,240,240,1,8,True,2026-08-16 13:39:50
141373698,GG10O7,Peek Freans Gluco Cake Up Teddy Milk,288,320,14,5,True,2026-06-21 17:49:19
143920536,r1vf-27055,Daffy Butterscotch Candy Pouch Packet,100,100,49,8,True,2026-08-15 16:36:21
143282204,r1vf-80211,The Food Kingdom Mix Butter Biscuits 200g,605,605,1,8,True,2026-07-25 17:10:09
141375099,r1vf-1858,Innovative Goodies Lemon Egg and Milk Cookies Munch Pack Box,240,240,3,8,True,2026-09-05 18:06:10
141375090,r1vf-1849,Innovative Crust Orange Roll Snack Pack  Box,240,240,1,8,True,2026-06-15 10:35:57
141375085,r1vf-1844,Innovative Charm Chocolate Filled Delicious Cookies Snack Pack (Rs 10) 276g,240,240,18,8,True,2026-08-01 17:10:19
142367063,r1vf-1709,Rio Limited Edition Obo Magic (Snack Pack) 16 Pieces,320,320,2,5,True,2026-09-06 08:36:42
143282205,r1vf-80212,The Food Kingdom Zeera Butter Biscuits 200g,575,575,1,0,True,2026-07-27 07:41:49
144380821,r1vf-10686,Rio Double Chocolate Sandwich Biscuits (Munch Pack) 12 Pieces,441.6,480,9,8,True,2026-08-08 16:44:07
142807474,UBII6R,Morinaga BF-1 Infant Formula 300g,1200,1200,2,0,True,2026-09-06 08:39:06
145927181,ZY89OC,Diamond Zipper Large Bags 15 Pieces (27.9 cmx26.8 cm) (Imported),979.3,1399,11,100,True,2026-09-06 08:41:29
145927180,58TMX7,Diamond Sandwich Zipper Bags 50 Pieces 14.9cm x 16.5cm (Imported),769.3,1099,12,0,True,2026-09-06 08:41:29
141370793,T2P1PI,Diamond Aluminum Foil 25Sqft (Imported),559.3,799,15,100,True,2026-09-06 08:41:29
141376154,r1vf-3971,Go Royale Salted Peanuts (Rs 80) 42g,80,80,10,8,True,2026-09-06 08:36:42
143282229,Mirror-95,brightfarms Fresh Chicken Boneless Strips (Consume by Today) 500g,449,449,1,8,True,2026-07-11 11:09:58
141690996,r1vf-3704,Lemon Grass 25g,89.3,94,2,8,True,2026-08-21 16:43:28
141522862,r1vf-3710,Moringa Powder 50g,93.1,98,2,8,True,2026-08-16 04:44:50
144380820,r1vf-10685,Rio Double Chocolate Sandwich Biscuits Half Rolls 8 Pieces,368,400,17,8,True,2026-08-15 16:36:21
142367064,r1vf-1710,Rio Limited Edition Obo Magic (Ticky Pack) 24 Pieces,240,240,1,5,True,2026-07-19 11:17:34
141375080,r1vf-1838,Innovative Jumbo Junior Snack Pack  Box,240,240,8,8,True,2026-09-06 08:36:42
141370305,G22796,Peek Freans Click Half Roll 6's,288,320,8,5,True,2026-06-27 11:43:21
141374452,r1vf-1180,Jazaa Assorted Cookies 200gm,367.5,490,16,0,True,2026-07-26 17:12:41
141427960,mirror29,(Consume by Today) brightfarms Apple Kala Kulu (Irani) 1kg,479,479,2,0,True,2026-05-13 18:14:41
141374306,r1vf-843,Nibl Almond Brownie Protein Bar (1pc),500,500,2,50,True,2026-09-06 08:36:42
141375469,r1vf-3012,Nibl Peanut Butter Fudge Protein Bar (1pc),500,500,28,0,True,2026-09-06 08:36:42
144380830,r1vf-10693,Nibl Protein Bar White Chocolate Brownie 60g,320,500,1,8,True,2026-09-06 08:36:42
141374973,r1vf-1704,Kolson Instant Noodle Doodle Bag (Chicken) Rs. 50,50,50,72,8,True,2026-09-06 08:35:03
141374915,h1ei-566,Key Soya Sauce 275ml,133,140,1,8,True,2026-05-09 11:04:09
141372852,7NRF6K,Wah Vermicelli Rs. 75,64.5,75,3,100,True,2026-08-31 10:47:48
141372342,1R89ZM,Kolson Malai Boti Pasta 250g,150,150,1,0,True,2026-05-04 06:48:57
141372341,20712F,Kolson Achari Qeema  Macaroni 250g,167,167,1,0,True,2026-05-20 16:41:17
141372146,C41858,Colgate Sensitive Pro Relief Repair Prevent Toothpaste 100g,436.1,490,1,5,True,2026-05-24 14:33:34
144305515,1Z3158,Confident Easy Fresh Med,135,135,1,100,True,2026-05-30 17:29:46
141369070,6218RB,Shan Korma Masala 50g,127.5,150,136,3,True,2026-09-06 08:35:24
141370184,GQ4WR0,Italiano Paprika Powder 40g,167.4,180,1,100,True,2026-05-02 16:59:36
141376126,r1vf-4051,(Consume by Today)brightfarms Sweet Melon - Kharbooza (Sindh) ( 500g - 600g Piece),259,259,1,8,True,2026-05-10 17:10:16
141427932,mirror1,(Consume by Today) brightfarms Fresh Banana (Kela) Half Dozen,83.3,119,13,0,True,2026-09-06 08:41:48
141427953,mirror22,(Consume by Today) brightfarms Fresh Mutton Mix 500g,1559,1559,1,0,True,2026-07-26 17:07:07
141374687,ays9-130,Infinity Bars Watermelon Bubblegum Ice 35mg 5000 Puffs 1 Piece,3099,3500,1,3,True,2026-08-13 08:30:58
141374726,idf-205,Infinity Disposable 8000 Puffs Strawberry Watermelon Ice (55mg) 1 Unit,3399,3800,3,3,True,2026-09-06 08:37:59
141375767,r1vf-3133,brightfarms Fresh Potato (Aalu) Mix 5kg,215.1,239,9,20,True,2026-04-29 11:51:15
141375786,r1vf-3161,Brightfarms Tar 500g (Kakri),89,89,1,20,True,2026-06-02 08:53:43
141375785,r1vf-3162,Brightfarms Tar 1kg (Kakri),179,179,1,20,True,2026-06-02 08:53:43
141427955,mirror24,(Consume by Today) brightfarms Fresh Mutton Front Chops 500g,1649,1649,1,0,True,2026-07-15 11:51:38
141371770,B5H9Z7,Italia Cubes Chicken 20 g,50,50,6,0,True,2026-09-05 18:04:56
141522867,r1vf-3725,White Pepper Whole 20g,81,90,3,0,True,2026-07-18 17:05:38
141373121,17809O,Bisconni Cocomo Triple Choc Family Pouch,100,100,19,100,True,2026-08-01 17:10:19
141373719,194NI5,Peek Freans Rio Strawberry Vanilla Munch Pack,324,360,14,5,True,2026-09-06 08:36:42
142543378,r1vf-4471,Rio Strawberry Vanilla (Snack Pack )17 Pieces,320,320,10,5,True,2026-05-18 18:10:08
142367062,r1vf-1708,Rio Limited Edition Obo Magic (Half Roll )8 Pieces,320,320,7,5,True,2026-06-14 17:31:21
141370989,LB43IM,brightfarms Black Currant Falsa (Sindh) 500g ,299,299,3,100,True,2026-07-09 07:56:15
141376530,3D3UWP,brightfarms Apricot (Khubani) 500g,349,349,1,100,True,2026-06-29 14:27:14
146070828,CU4391,brightfarms Cherry Box 500g ,799,799,3,0,True,2026-07-12 09:19:37
141369842,110336,Dayfresh Full Cream Milk - 250ml Uncapped,90,100,9,81,True,2026-08-22 13:36:13
141373844,ZUW0M5,Cola Next 500ml,63,70,16,0,True,2026-09-06 08:33:45
141373845,VV59W1,Anaar Next PET Bottle 1L,103.5,115,8,0,True,2026-09-06 08:33:45
141375665,7OXHAE,Rango Next Bottle 300ml,49.5,55,1,0,True,2026-09-06 08:33:45
141371612,S02233,Mai Dubai Mineral Water 1.5l ,330,330,8,6,True,2026-05-20 16:33:36
141427945,mirror14,(Consume by Today) brightfarms Chicken Boneless Cubes 500g,385,550,2,0,True,2026-08-20 07:45:11
141374534,sta-611,Cardamom Powder (Elaichi Powder)  50g,736,736,7,8,True,2026-05-05 09:13:15
141372304,YZI859,Rose Petal Pop Up Pack Bundle 3+1,729,810,19,100,True,2026-09-06 08:38:18
142364409,TWDLOO,Chupa Chups Melody pop lollipops 15gm ( Strawberry ),140,140,3,0,True,2026-08-22 13:41:33
145166302,r1vf-1308,Mentos incredible chew 45gm ( Strawberry ),249,249,6,5,True,2026-09-06 08:36:42
145166316,LFZAHC,Mentos incredible chew 45gm ( Green Apple ),249,249,2,0,True,2026-09-06 08:36:42
145166317,2THB2O,Mentos incredible chew 45gm ( Grape ),249,249,1,0,True,2026-07-03 15:21:52
141375351,r1vf-2244,Chupa Chups Crawlers Jellies 90g,470,470,1,8,True,2026-07-06 08:31:11
141375356,r1vf-2249,Chupa Chups Crazy Cola Jellies 90g,470,470,1,8,True,2026-06-07 17:29:20
141375355,r1vf-2248,Chupa Chups Pinkis Jellies 90g,470,470,3,8,True,2026-09-06 08:36:42
141427952,mirror21,(Consume by Today) brightfarms Fresh Chicken Karhai Cut 1kg,483,690,1,0,True,2026-08-13 11:03:45
141370290,UMG99W,Peek Freans Marie Family Pack,73.6,80,1,100,True,2026-07-17 17:23:04
141375264,r1vf-2191,Oreo Original Vanilla Flavored Value Pack (Rs 50) 57g,270,300,1,3,True,2026-08-09 13:57:34
141376528,I097K9,brightfarms Broccoli (Swat ) 500g,699,699,4,20,True,2026-09-06 08:41:48
141376519,virtual-444,Nissin Cup Noodles Japanese Style Beef 66g,450,450,3,12,True,2026-09-06 08:35:03
141376669,A5P3EB,Nissin Gekikara Chicken Bowl Noodles 100g,670,670,9,0,True,2026-09-06 08:35:03
141375700,r1vf-2722,Lay's Wavy Masala Twist Rs. 70,70,70,39,30,True,2026-09-06 08:36:42
141371272,5X5QY9,Jason Cat Litter (Imported) 16L,2800,2800,1,100,True,2026-09-06 08:41:08
141371274,2H01E3,Jason Cat Litter (Imported) 8L,1500,1500,1,100,True,2026-09-06 08:41:08
141371273,N3848B,Jason Cat Litter (Imported) 5L,1000,1000,2,100,True,2026-09-06 08:41:08
145927173,3505Z8,American Garden Hot Sauce 88ml (Imported),375.18,507,27,0,True,2026-09-06 08:35:24
141368946,08W874,Danisa Butter Cookies Box 162g (Imported),750,750,20,100,True,2026-08-22 16:34:40
141375225,virtual-376,Kopiko Coffee Shot 50 x 175g,399,399,1,0,True,2026-07-09 07:48:13
145905600,r1vf-48,ZYN Prime Apple Mint 3mg (1 Dot) Nicotine Pouches 1 Can,150,150,15,6,True,2026-09-06 08:37:59
145905599,r1vf-47,ZYN Prime Apple Mint 1.5mg X-Low Nicotine Pouches 1 Can,150,150,16,0,True,2026-09-06 08:37:59
145905601,r1vf-49,ZYN Prime Apple Mint 6mg (2 Dot) Nicotine Pouches 1 Can,150,150,7,0,True,2026-09-06 08:37:59
143918202,YHX92D,Bold Gas Body Spray Infinity (150 ml),525,700,2,0,True,2026-09-06 08:38:42
143918201,XLKMUM,Bold Gas Body Spray Intense (150 ml),525,700,7,0,True,2026-09-06 08:38:42
141369542,2FJH6U,Bold Non Gas Intense (120 ml),600,800,4,3,True,2026-09-06 08:38:42
145573803,N2F8P7,Meo Cat Food 450Gm Chicken Vegetable Pouch,1249,1249,3,100,True,2026-07-20 10:30:36
145928027,VHZ3OM,Felix Crispies Treats Beef & Chicken 45g,550,550,1,0,True,2026-07-16 15:18:42
145928028,3SBRS5,Felix Crispies Salmon Trout 45g,550,550,20,0,True,2026-09-06 08:41:08
145928030,H4SH3T,Felix Goody Bag Tasty Nuggets Rich in Beef & Lamb 50g,550,550,20,0,True,2026-09-06 08:41:08
145573804,9A491K,Me-O Cat Food Adult Beef And Vegetable 450g,1249,1249,3,100,True,2026-09-06 08:41:08
145928031,97720W,Felix Goody Bag Tasty Nuggets Rich in Chicken with Duck 50g,550,550,1,0,True,2026-07-04 14:54:14
141368898,5VR9PZ,Mirinda PET 2.25L,205,250,4,0,True,2026-09-06 08:33:45
141369148,6ASC0T,Coca Cola Zero Sugar Bottle 1.5l,164,200,11,0,True,2026-09-06 08:33:45
141376635,r1vf-367,Whole Red Chili (Lal Mirch Sabut)  250g,252.7,266,2,0,True,2026-08-24 04:53:50
141427933,mirror2,(Consume by Today) brightfarms Chicken Mince 500g,374.5,535,1,0,True,2026-08-22 13:35:54
141369532,4419AV,brightfarms Veal Mix Boti With Bones 500g,799,799,2,100,True,2026-09-06 08:32:28
141370360,QVR8R4,Nutella Hazelnut Spread 350g (Imported),1799,1799,1,100,True,2026-07-02 07:39:10
145859607,0M6N9T,Nescafe Classic Coffee 1 Sachet x 2g,50,50,3,0,True,2026-08-30 14:48:11
145746337,1MMNAK,Kinder Bueno 43g,460,460,5,0,True,2026-05-13 15:50:27
141369818,44RPCA,M&M Choco Pouch Brown 45g,420,420,36,0,True,2026-09-06 08:37:01
141369418,41N17L,Hershey's Cookies'n' Cream (Imported) 35g,580,580,20,0,True,2026-09-06 08:37:01
141375070,r1vf-1820,Innovative Bittens Chocolate Munch Pack (Rs 50) 420g,390,600,3,8,True,2026-06-22 15:33:48
145927188,L7IUJ9,American Garden Peanut Butter Chunky 340 G,1899,1899,11,100,True,2026-09-06 08:33:05
145927172,1Y1CUZ,American Garden Peanut Butter Creamy 340 g,1899,1899,13,100,True,2026-09-06 08:33:05
141369862,QEQBP0,American Garden Chick Peas Classic (400 Gm),443.26,599,15,100,True,2026-09-06 08:33:25
141376664,virtual-441,Nissin Cup Noodles Instant Chicken 62g 1 Pcs,430,430,1,8,True,2026-09-06 08:35:03
145927174,62UI24,American Garden Classic Yellow Mustard Paste Squeezy 227g (Imported),665.26,899,6,0,True,2026-09-05 18:04:56
141376624,98K6H7,Iqra Dried Dates (Chuara) 200g,294.5,310,1,0,True,2026-09-06 08:36:42
141373904,r1vf-62,Heart Beats Munch Pack,342,360,6,5,True,2026-08-29 17:06:12
145927192,NF4EBQ,Fox's Fruits Oval Flowrap 125g,340,340,11,0,True,2026-09-06 08:36:42
141370251,565006,Foxs 90Gm Crystal Clear Berries Pouch,270,270,2,100,True,2026-09-06 08:36:42
145927171,6CKR45,Foxs 125Gm Crystal Clear Mint Blossom Candy Pouch,340,340,23,100,True,2026-09-06 08:36:42
141370252,GXY142,Fox's Crystal Clear Fruits Candy Bag 90g,280,280,15,100,True,2026-09-06 08:36:42
145927193,virtual-328,Foxs Spring Tea Oval Candy Pouch 125g,399,399,24,8,True,2026-09-06 08:36:42
145927190,66VANA,Fox's Candy Spring Tea Packet 90g,299,299,19,0,True,2026-09-06 08:36:42
145927189,YKWRZX,Fox's Berries Candy Bag 125g,340,340,19,0,True,2026-09-06 08:36:42
141371744,E5KG99,Foxs 90Gm Crystal Clear Mint Sweets Pouch,280,280,11,100,True,2026-09-06 08:36:42
145927191,VUDXIS,Fox's Fruity Mints Candy Bag 125g,340,340,22,0,True,2026-09-06 08:36:42
145927186,W68MVY,Foxs 90Gm Crystal Clear Fruity Mints Sweets Pouch,280,280,17,100,True,2026-09-06 08:36:42
145927194,K94V3W,Fox's Berries Candy Tin 170g,680,680,7,0,True,2026-09-06 08:36:42
145905609,r1vf-11059,Max All Purpose Rose Fresh Surface Cleaner Pouch 800ml,650,650,13,0,True,2026-09-06 08:40:20
145905610,r1vf-11060,Max All Purpose Lemon Fresh Surface Cleaner Pouch 800ml,650,650,1,0,True,2026-09-06 08:40:20
146070827,ERX1KW,brightfarms Saroli Mango 1kg,349,349,1,0,True,2026-07-12 17:18:43
141375081,r1vf-1840,Innovative Tooo Gud Mini Half Roll (Rs 30) 432g,240,240,6,8,True,2026-09-05 18:06:10
141372592,3Q243O,brightfarms Fresh Veal Mix Boti With Bones 1Kg,1599,1599,1,100,True,2026-05-21 16:18:38
145426965,0PJKKC,Sprite Lemon Lime Bottle 2L,172.2,210,15,0,True,2026-09-06 08:33:45
145859605,B1S8AM,Barbican Pomegranate Flavour 330ml,320,320,2,0,True,2026-06-24 18:02:59
141371738,YC4D74,Barbican Bottle Pineapple 330ml (Imported),320,320,12,0,True,2026-09-06 08:33:45
142364411,KN7IEE,Poppin Taxos Extra Cheese 110g,550,550,12,0,True,2026-07-14 17:26:41
145746338,PST3U4,Whiskas Chicken Pouch in Jelly (1+ Years) Cat Food 85g,299,299,1,1,True,2026-05-26 16:58:25
145746332,whi-321,Whiskas Whitefish in Jelly Cat Food85g,299,299,2,0,True,2026-06-19 13:49:47
142364359,whi-310,Whiskas Kitten Chicken In Jelly 2 to 12 Months Cat Food 85g,299,299,1,6,True,2026-05-22 16:06:01
145746333,whi-322,Whiskas salmon 2-12 months Cat Food 85g,299,299,6,6,True,2026-05-28 14:12:36
141376645,whi-309,Whiskas Kitten Tuna In Jelly Cat Food 85g,299,299,3,6,True,2026-05-28 18:55:58
145746320,r1vf-1611,Whiskas Duck in Gravy Cat Food 85g,299,299,4,8,True,2026-05-21 12:58:12
145746331,whi-320,Whiskas Cod Fish In Jelly For 1+ Cat Food 85g,299,299,2,0,True,2026-06-19 13:49:47
141376646,whi-326,Whiskas Cod Fish & Chicken In Jelly Cat Food 85g,299,299,3,6,True,2026-05-27 16:56:48
145746324,whi-307,Whiskas Kitten Chicken In Jelly Cat Food 85g,299,299,4,6,True,2026-05-16 17:21:54
145746326,whi-313,Whiskas Kitten Turkey In Jelly 2 to 12 Months Cat Food 85g,299,299,1,6,True,2026-06-01 09:43:39
145746329,whi-318,Whiskas Salmon In Jelly For 1+ Cat Food 85g,299,299,1,0,True,2026-06-18 18:41:59
145746321,whi-303,Whiskas Beef in Jelly Cat Food 1+ Years 85g,299,299,6,6,True,2026-06-20 17:50:29
145746339,HDSJNK,Whiskas Tuna in Jelly (1+ Years) Cat Food 85g,299,299,1,1,True,2026-06-28 15:01:14
145854225,BOBRJ5,Whiskas  kitten white Fish In Jelly For 2-12 Cat Food85g,299,299,1,0,True,2026-06-03 14:57:26
145746336,whi-329,Whiskas Poultry & Beef In Jelly Cat Food 85g,299,299,1,6,True,2026-06-05 12:54:54
145746322,whi-304,Whiskas Lamb in Jelly (1+ Years) Cat Food 85g,299,299,1,6,True,2026-06-12 08:51:08
141376644,whi-308,Whiskas Kitten Salmon In Jelly Cat Food 85g,299,299,1,6,True,2026-06-01 16:24:51
145746325,whi-311,Whiskas Kitten Duck In Jelly 2 to 12 Months Cat Food 85g,299,299,3,6,True,2026-06-03 14:57:26
145927183,6YVB5C,Diamond Cling Plastic Wrap 300ft (Imported),1709.1,1899,24,100,True,2026-09-06 08:41:29
145927182,W957MH,Diamond Zipper Medium Bags 20 Pieces (20.3 cmx17.7 cm) (Imported),769.3,1099,11,0,True,2026-09-06 08:41:29
145927179,6Y9IK6,Diamond Zipper Large Bags 20 Pieces (27.9 cmx26.8 cm) (Imported),979.3,1399,10,100,True,2026-09-06 08:41:29
145927185,9QZ82U,Diamond Cling Plastic Wrap 150ft (Imported),1085,1550,23,100,True,2026-09-06 08:41:29
145927184,XHD4L1,Diamond Cling Plastic Wrap 100ft (Imported),594.3,849,20,0,True,2026-09-06 08:41:29
145927177,4W116M,Diamond Aluminum Foil 75 sqft (Imported) (ZM Opened & Checked),1470,2100,24,100,True,2026-09-06 08:41:29
145927178,62SF0W,Diamond Zipper Medium Bags 25 Pieces (20.3cm x 17.7cm) (Imported),769.3,1099,10,0,True,2026-09-06 08:41:29
141370072,CSI91N,Mother Choice Brown Sugar 250g,152,160,3,0,True,2026-09-06 08:33:25
141370055,6S417U,Rossmoor Baking Powder 100g,142.5,150,9,0,True,2026-09-06 08:33:25
141370056,RD67TE,Rossmoor Cocoa Powder 85g,399,420,21,8,True,2026-09-06 08:33:25
141371091,E2326T,LIFEBUOY TOTAL HANDWASH POUCH 400ML,450,450,8,5,True,2026-09-06 08:38:18
141372331,GNU2O6,Nivea Shaving Cream 100Ml Protect&Care,932.1,1195,5,0,True,2026-09-06 08:38:18
141376643,virtual-256,Whiskas Cat Food Chicken in Jelly 85g (999),299,299,3,8,True,2026-06-10 13:48:32
141376409,422L90,Barbican Drink Malt 330ml,288,320,2,100,True,2026-09-06 08:33:45
141368559,0J15DR,Garnier Skin Active Hydra Bomb Green Tea Tissue Face Mask For Hydrating And Rebalancing 32g,510.27,699,16,10,True,2026-09-06 08:38:18
141372207,X1ZON9,L'Oreal Paris Elvive Extraordinary Oil 30ml,1169.25,1559,6,100,True,2026-09-06 08:38:18
141368426,KBYMZ9,L'Oreal Paris Elvive Dream Long Conditioner 175ml,486,540,1,100,True,2026-07-29 12:10:30
141368532,YZ8093,Garnier Color Naturals 3 Dark Brown Hair Color Enriched With 3 Essential Oils,899.1,999,1,100,True,2026-07-17 14:55:17
141368533,A09GQG,Garnier Color Naturals 4 Brown Hair Color Enriched With 3 Essential Oils,899.1,999,1,100,True,2026-08-07 08:25:08
141368545,QBYX8K,Garnier Color Naturals 4.7 Dark Shiny Brown Hair Color Enriched With 3 Essential Oils,899.1,999,1,100,True,2026-07-22 12:00:52
143282237,Mirror-104,brightfarms Chicken Thigh Boneless Fillet (Consume by Today) 500g,370.3,529,3,8,True,2026-08-20 07:45:11
141369085,3O9N9M,Shan Tikka Boti Masala 45g,136.5,150,144,3,True,2026-09-06 08:35:24
141369080,G1QE8L,Shan  Shami Kabab Masala 50g,142.5,150,1,3,True,2026-08-29 17:05:11
141369137,JB0M45,Shan Kat A Kat Masala 50g,97.5,150,9,3,True,2026-09-06 08:35:24
141376220,r1vf-4264,TRESEMME LAMELLAR GLOSS CONDITIONER 360ML,853.6,970,6,0,True,2026-09-06 08:38:18
141427963,mirror32,(Consume by Today) brightfarms Fresh Lemon - Desi Nimbu (Pakistan) 250g,28.7,41,2,0,True,2026-08-20 10:47:22
145745053,r1vf-2985,Ghiza Gluten Free Multigrain Atta 1kg,525,525,3,1,True,2026-09-06 08:33:25
141376533,r1vf-365,Red Chili Powder (Lal Mirch Powder)  200g,172.9,182,3,5,True,2026-09-06 08:35:24
141374558,sta-649,Kasuri Methi (Qasuri Methi)  100g,68.4,76,5,8,True,2026-05-29 16:51:42
141376055,r1vf-4013,Phitkari Safaid 200g,84.6,94,3,0,True,2026-07-14 17:24:17
143920529,r1vf-27049,Daffy Ola Ola Pillows Strawberry Pouch 35g,70,70,63,8,True,2026-09-06 08:36:42
141370843,T2B4GV,Innovative Frisky Rolls Chocolate Family Pack (Rs 200) 86.4g,200,200,2,50,True,2026-09-02 08:41:16
141375108,r1vf-1868,Innovative Olys Yummy Chocolate Filled Biscuits Ticky Pack  Box,150,150,1,8,True,2026-08-08 16:44:07
141375117,r1vf-1877,Innovative Zeera Tasty Salty Biscuits Munch Pack (Rs 20) 432g,240,240,2,8,True,2026-08-29 17:06:12
145448840,r1vf-2880,Fitlicious Chia Almond Nuts and Seeds Bar 37g,192.5,275,10,8,True,2026-09-06 08:36:42
145448857,r1vf-2881,Fitlicious Quinoa Apricot Nuts and Seeds Bar 37g,192.5,275,11,8,True,2026-09-06 08:36:42
145448854,r1vf-2882,Fitlicious Pistachio Berry Nuts and Seeds Bar 37g,192.5,275,7,8,True,2026-09-06 08:36:42
145448841,r1vf-2885,Fitlicious Chia Almond Nuts and Seeds Bar 148g x 4Pcs Pack,735,1050,2,8,True,2026-09-06 08:36:42
145448855,r1vf-2883,Fitlicious Pistachio Berry Nuts and Seeds Bar 148g x 4Pcs Pack,735,1050,2,8,True,2026-09-06 08:36:42
145448856,r1vf-2884,Fitlicious Quinoa Apricot Nut and Fruits Bar 148g x 4Pcs Pack,735,1050,3,8,True,2026-09-06 08:36:42
141427936,mirror5,(Consume by Today) brightfarms Chicken Biryani Cut 1kg,635,635,1,0,True,2026-08-04 15:26:21
141369022,771730,Langnese Honey 500Gm,2699,2699,9,100,True,2026-09-06 08:33:05
141369228,92P7OV,Langnese Honey 250Gm Black Forest,2699,2699,8,0,True,2026-09-06 08:33:05
145559736,Y7CWWY,Langnese Golden Clear Honey 125g,850,850,4,0,True,2026-09-06 08:33:05
145559728,5697OB,Langnese Honey 500Gm Acacia Comb,4699,4699,10,0,True,2026-09-06 08:33:05
141369229,25E1FU,Delmonte Fresh Cut Whole Kernel Corn 420Gm Tin,499,499,21,100,True,2026-09-06 08:33:25
141369230,Y245U1,Del Monte Fiesta Fruit Cocktail 432g,650,650,1,100,True,2026-07-24 06:30:48
141368817,GIJM3X,Delmonte Pineapple Slice Tin 560g,799,799,19,100,True,2026-09-06 08:33:25
141369001,B3E1P1,Del Monte Pineapple Slice 432 g.,650,650,10,0,True,2026-09-06 08:33:25
145559734,6Z054U,Delmonte Green Olives 235Gm Sliced,770,770,12,0,True,2026-09-06 08:33:25
141369000,A84315,Del Monte Pineapple Slices 822g,1100,1100,22,100,True,2026-09-06 08:33:25
145559724,8W198C,Delmonte Black Olives Pitted 450g,1399,1399,9,0,True,2026-09-06 08:33:25
145559725,U6GNRO,Delmonte Black Olives Sliced 450g,1399,1399,9,101,True,2026-09-06 08:33:25
145559726,RG6015,Delmonte Green Olives 450Gm Pitted,1399,1399,5,101,True,2026-09-06 08:33:25
145559727,MTD7QZ,Delmonte Green Olives 450Gm Sliced,1399,1399,6,101,True,2026-09-06 08:33:25
142449640,6V4499,Coroli Sunflower Oil 750Ml Bottle,1125,1250,9,0,True,2026-09-06 08:34:25
141369158,606J3U,Coroli Corn Oil 750Ml Bottle,1350,1350,4,100,True,2026-09-06 08:34:25
141369233,IM204M,Coroli Sunflower Oil 1.8Litre Bottle,2699,2699,6,100,True,2026-09-06 08:34:25
145559735,R9QNQ8,Coroli Pure Canola Oil 750ml,1125,1250,8,1,True,2026-09-06 08:34:25
145559732,EMOXVK,La Espanola Olive Oil Extra Virgin 125ml (Imported),1199,1199,9,101,True,2026-09-06 08:34:25
145559733,M32X5L,La Espanola Olive Oil Extra Virgin 250ml (Imported),1799,1799,6,101,True,2026-09-06 08:34:25
141372126,KF024K,Nestle Nescafe Classic Coffee Jar 50g,950,950,3,100,True,2026-09-06 08:35:48
145166303,ZFH78X,Nescafe Tradicao 200g 200g,2799,2799,2,0,True,2026-09-06 08:35:48
141372221,Y46Q26,Wall's Caramel Vanilla 775ml,399.2,499,6,8,True,2026-09-06 08:37:23
141373600,5T4755,Wall's Chocolate & Vanilla Chips Bucket 1400ml,719.2,899,2,0,True,2026-09-05 08:19:25
146337198,r1vf-107,Cornetto Hazelnut Ice Cream Disc 105ml,144,180,31,24,True,2026-09-06 08:37:23
145559731,H3C7K2,Del Monte Pineapple Juice With Vitamin A C E (Imported) 1.36L,1450,1450,10,101,True,2026-09-06 08:33:25
141369227,O0ZC9T,Aqua Coco 1Litre Coconut Water,1399,1399,1,100,True,2026-08-08 10:39:45
145928023,5Y0H8I,Mama Sitas Oyster Sauce Bottle 405Gm,1250,1250,13,100,True,2026-09-06 08:35:24
141376564,6VLAZQ,Nandos  Extra Hot Peri Peri Sauce 250ml,1250,1250,4,100,True,2026-09-06 08:35:24
145928054,IR5CCF,Gourmet Gold with Tuna 85g,499,499,1,0,True,2026-07-14 15:10:45
145928053,YM7J7C,Gourmet Gold Salmon 85g,499,499,22,0,True,2026-09-06 08:41:08
145928029,654VTV,Felix C Food Mixed Grill 60g,550,550,1,0,True,2026-08-05 06:43:53
145928042,BELX2A,Dreamies Cheese 1 Packet 60g,650,650,7,0,True,2026-09-06 08:41:08
145928041,05Z3Z4,Dreamies Treat Duck 60g,650,650,1,0,True,2026-07-03 17:50:09
145928043,PQ8AN1,Dreamies Cat Food Tuna Flavour 60g,585,650,19,0,True,2026-09-06 08:41:08
145928046,1417SX,Dreamies Treat Turkey 60g,585,650,3,0,True,2026-09-06 08:41:08
145928045,Y0JSEI,Dreamies Cat Food Scrumptious Salmon Basic 60g,650,650,1,0,True,2026-07-18 17:14:13
145928044,EJPEBK,Dreamies Mix Salmon Tuna 60g,650,650,19,0,True,2026-09-06 08:41:08
145928035,4Q4ZFB,Purina Gourmet Gold with Salmon 85g,399,399,24,0,True,2026-09-06 08:41:08
141369141,LU5IVH,Sprite Zero Sugar Bottle 1.5l,164,200,12,6,True,2026-09-06 08:33:45
141376337,NR5ZVT,Slice Apple Fruit Drink 200ml,38.25,45,5,12,True,2026-08-09 16:43:18
141522421,r1vf-3685,Almond Nuts 50g,276.3,307,1,8,True,2026-07-18 11:14:12
143072100,YCTUEX,Al Kareem Rabbai 350g,450.3,474,5,0,True,2026-09-06 08:36:42
143072095,VU5Z60,Al Kareem Cashew Nut Roasted 250g ,1065.75,1421,2,0,True,2026-09-06 08:36:42
143072090,r1vf-9328,Al Kareem Almond 250g,868.5,1158,2,0,True,2026-09-06 08:36:42
143072092,r1vf-9330,Al Kareem Walnut (Akhrot) 250g,750,1000,5,10,True,2026-09-06 08:36:42
143072094,r1vf-9332,Al Kareem Sukri Dates 450g,1302.75,1737,3,0,True,2026-09-06 08:36:42
143072096,5CLAE0,Al Kareem Safawi (Kalma) 450g,1381.5,1842,1,0,True,2026-09-06 08:36:42
141525953,r1vf-3723,Sunflower Seeds 125g,589.95,621,1,8,True,2026-08-17 13:47:38
141375703,r1vf-2753,Savannah Dreamy Creamy Beauty Bar (TSB) 48 x 125g,135,135,1,8,True,2026-05-30 17:29:46
141368458,I34QX8,Fay Tissue Toilet Single 1 Roll ,139.5,150,9,0,True,2026-09-06 08:38:18
144380823,r1vf-10688,Cadbury Selections Doy Bag 70g,600,600,14,8,True,2026-09-06 08:37:01
144380825,r1vf-10690,Cadbury Selections Box 150g,1360,1700,6,8,True,2026-09-06 08:37:01
145867481,r1vf-10612,Daali Earthfoods Coconut Oil 300g,1653,1740,3,0,True,2026-09-06 08:38:18
141371369,8338SG,Dairy Life Cheese Pizza Block 200 g,680,680,21,100,True,2026-09-06 08:32:48
145867484,r1vf-10615,Daali Earthfoods Peanut Butter 300g,940.5,990,5,0,True,2026-09-06 08:33:05
145867480,r1vf-10611,Daali Earthfoods Barley Flour 700g,446.5,470,2,0,True,2026-09-06 08:33:25
141373915,r1vf-96,Super Crisp Cheese Rs. 20,20,20,2,100,True,2026-08-16 10:32:09
141369534,135853,brightfarms Veal Boti Boneless 500g,849,849,1,8,True,2026-05-12 09:44:18
141369698,6R8QB0,Salmans Jam Strawberry 450Gm,407.55,429,3,0,True,2026-09-06 08:33:05
141369697,KP0357,Salman's Blackcurrant Jam 450g,261.69,429,3,6,True,2026-09-06 08:33:05
141369696,F190N9,Salman's Cherry Jam 450g,261.69,429,2,6,True,2026-09-06 08:33:05
141369701,153AN1,Salmans Jam Apple 450Gm,369.55,389,3,6,True,2026-09-06 08:33:05
141369688,708JEE,Salman's Caramel Topping 623ml,432.49,709,1,0,True,2026-09-06 08:35:24
141369702,50F75L,Salman's Citrus Marmalade Jam 450g,237.29,389,3,6,True,2026-09-03 19:12:45
141369700,M73KA5,Salmans Jam Mixed Fruit 450Gm,369.55,389,2,6,True,2026-09-06 08:33:05
141369699,K81H68,Salmans Jam Mango 450Gm,237.29,389,4,6,True,2026-09-03 19:12:45
141369703,V57JGS,Salman's Pak Honey Jar 400g,474.58,778,2,6,True,2026-09-06 08:33:05
141369690,ET5O1Q,Salman's Chocolate Topping 623ml,673.55,709,4,6,True,2026-09-06 08:33:05
141369689,7EA7D0,Salman's Strawberry Topping 623ml,673.55,709,3,6,True,2026-09-06 08:33:05
141369687,PL5H1D,Salmans Toping Blueberry 623g,638.1,709,1,6,True,2026-05-31 11:44:53
141369695,0CH15R,Salman's Tomato Puree Jar 1 Piece,279.38,458,2,6,True,2026-09-06 08:35:24
141369692,V5URG7,Salman's Pasta Sauce 370g,435.1,458,1,6,True,2026-09-06 08:35:24
141369691,JI5521,Salmans Pizza Sauce 370Gm,279.38,458,2,6,True,2026-09-06 08:35:24
141369694,HQCY21,Salman's Chunky Salsa Jar Medium 370g,279.38,458,3,6,True,2026-09-06 08:35:24
141369693,6QMS8W,Salman's BBQ Sauce 500 g,485.1,539,3,6,True,2026-06-20 17:44:00
143825265,OU82L1,Prime Softeco 550 Sheets (Soft Pack),357,420,2,100,True,2026-09-06 08:38:18
141376570,HHI0Y2,Tideaz Garbage Bags 30 x 36 Large 15 Pieces,665,665,3,0,True,2026-09-06 08:41:29
141427951,mirror20,(Consume by Today) brightfarms Fresh Chicken Tikka Leg 1kg,609,609,3,0,True,2026-07-23 15:12:05
141376500,r1vf-1984,Bread & Beyond Royal Bun 4 Pieces,195,195,2,0,True,2026-09-06 08:33:05
141371872,59YW3Y,Quice Original Lychee Drink 300ml,50,50,10,0,True,2026-09-06 08:33:45
141371874,14KFSG,Quice Original Apple Drink 300ml,50,50,14,100,True,2026-09-06 08:33:45
141374301,r1vf-585,Quice Cola 300ml,50,50,12,0,True,2026-09-06 08:33:45
141376319,61HU2T,Epic Stimulant Drink 250ml (Imported),195,195,18,0,True,2026-09-06 08:33:45
144957437,r1vf-10956,Kolson Slanty Sour Cream & Onion 26g,50,50,24,0,True,2026-07-05 17:21:43
141374692,r1vf-1451,Prince Chocolate Half Roll 6 Pieces,216,240,21,3,True,2026-09-06 08:36:42
145662093,r1vf-2990,Fruita Vitals Apple Promo Nectar Bottle (Rs. 50 Off) 1000ml,350,350,1,9,True,2026-07-26 14:41:43
141376048,r1vf-3336,Tatri 50g,57.6,64,4,6,True,2026-05-13 18:08:04
141370137,PN3BBK,Nurpur Milk 250ml,80,90,15,27,True,2026-09-05 18:01:42
142278965,r1vf-4382,Apple Next Drink 300ml,55,55,4,0,True,2026-08-22 16:32:18
141375666,U6IPTT,Anaar Next Bottle 300ml,55,55,1,0,True,2026-08-22 13:38:24
141373851,160HX7,Dare Next Soft Drink Bottle 2.25L,180,200,2,0,True,2026-09-06 08:33:45
142278966,r1vf-4383,Lychee Next Drink 300ml,55,55,2,0,True,2026-08-21 07:49:16
141375667,R149NW,Storm Next Bottle 300ml,65,65,4,0,True,2026-08-31 10:45:13
145138542,r1vf-103,National Tangy Tamarind 325G,378,420,9,0,True,2026-09-06 08:35:24
141375593,r1vf-1429,Infinity Disposable Cranberry Grape Ice 8000 Puffs (55mg) 1 Unit,3399,3800,3,8,True,2026-09-06 08:37:59
145745052,N04KEV,Iffco Ivy Beauty Soap Flora for Soft Velvety Skin 115g,80,80,1,1,True,2026-06-14 08:27:21
141617608,6O5729,Peek Freans Sooper Classic Chocolate Ticky Pack,216,240,14,5,True,2026-09-06 08:36:42
141375098,r1vf-1857,Innovative Goodies Lemon Egg and Milk Cookies Snack Pack Box,120,120,13,8,True,2026-07-25 17:10:09
141375110,r1vf-1870,Innovative Peanut Biscuits Munch Pack  Box,240,240,9,8,True,2026-09-06 08:36:42
146366434,r1vf-89,Velo Polar Mint (4mg) Mini Pouches Green 1 Unit,150,150,9,0,True,2026-09-06 08:37:59
141375834,r1vf-3097,Markhor Royal Oud (Non-gas) Body Spray 120ml,899,899,9,0,True,2026-09-06 08:38:42
141375832,r1vf-3095,Markhor Blanc Snowbound (Non-gas) Body Spray 120ml,899,899,12,8,True,2026-09-06 08:38:42
145460347,1OM3I4,Markhor Zann Body Spray Diva (Non-gas) 120ml,899,899,11,100,True,2026-09-06 08:38:42
141375831,r1vf-3094,Markhor Blanc Frostfire (Non-gas) Body Spray 120ml,899,899,8,8,True,2026-09-06 08:38:42
141375842,r1vf-3106,Markhor Rouge Thunderroar (Non-gas) Body Spray 120ml,899,899,12,0,True,2026-09-06 08:38:42
141375836,r1vf-3099,Markhor Alpha (Non-gas) Body Spray 120ml,899,899,10,0,True,2026-09-06 08:38:42
141375844,r1vf-3108,Markhor Verde (Non-gas) Body Spray 120ml,899,899,12,0,True,2026-09-06 08:38:42
141375841,r1vf-3105,Markhor Rouge Stormwing (Non-gas) Body Spray 120ml,899,899,12,8,True,2026-09-06 08:38:42
141375839,r1vf-3103,Markhor Zann Starfall (Non-gas) Body Spray 120ml,899,899,11,8,True,2026-09-06 08:38:42
141375840,r1vf-3104,Markhor Rouge Bloodfang (Non-gas) Body Spray 120ml,899,899,11,0,True,2026-09-06 08:38:42
145460348,r1vf-3100,Markhor Sigma (Non-gas) Body Spray 120ml,899,899,12,8,True,2026-09-06 08:38:42
141375835,r1vf-3098,Markhor Nautica (Non-gas) Body Spray 120ml,899,899,12,8,True,2026-09-06 08:38:42
141375837,r1vf-3101,Markhor Gamma (Non-gas) Body Spray 120ml,899,899,12,8,True,2026-09-06 08:38:42
141375843,r1vf-3107,Markhor Azure (Non-gas) Body Spray 120ml,899,899,10,8,True,2026-09-06 08:38:42
145905606,r1vf-11056,Max Scrub Steel Spiral Large Single 1 Unit,155,155,11,0,True,2026-09-06 08:40:20
145905605,r1vf-11055,Max Scrub Steel Spiral Regular (2 in 1) 1 Unit,160,160,6,0,True,2026-09-06 08:40:20
145905608,r1vf-11058,Max Scrub Steel Spiral Large (2 in 1) 1 Unit,270,270,3,0,True,2026-09-06 08:40:20
145905607,r1vf-11057,Max Scrub Steel Spiral Regular (4 in 1) 1 Unit,300,300,5,0,True,2026-09-06 08:40:20
141368716,I3NW15,Whole Black Pepper (Kali Mirch Sabut)  50g,153,170,9,4,True,2026-05-22 18:03:15
141368561,Z7MV5A,Garnier Skin Active Hydra Bomb Sakura Tissue Face Mask For Hydrating and Glow Boosting 32g,629.1,699,1,10,True,2026-07-21 17:33:32
141427957,mirror26,(Consume by Today) brightfarms Fresh Mutton Leg 500g,1699,1699,1,0,True,2026-07-12 17:18:43
141376075,r1vf-3939,Arizona Fields Cheddar Cheese Slice 200g,810,810,1,8,True,2026-05-31 17:13:32
141376076,r1vf-3940,Arizona Fields Mozzarella Cheese Slice 200g,810,810,1,8,True,2026-09-06 08:32:48
144305546,r1vf-5056,Arizona Fields Broken Pineapple Slices 540g,403.3,545,4,6,True,2026-09-06 08:33:25
144305551,r1vf-5065,Arizona Fields Evaporated Milk 400g,300.2,395,43,6,True,2026-09-06 08:33:25
144305545,r1vf-5054,Arizona Fields Sweet Corn in Tin 380g,320,320,4,6,True,2026-09-06 08:33:25
145166306,r1vf-5060,Arizona Fields Pitted Green Olives 370g,573.5,775,8,6,True,2026-09-06 08:33:25
145166305,r1vf-5058,Arizona Fields Baby Corn 425g,307.1,415,19,6,True,2026-09-06 08:33:25
145166307,r1vf-5061,Arizona Fields Sliced Green Olives 370g,573.5,775,6,6,True,2026-09-06 08:33:25
145166304,r1vf-5055,Arizona Fields Whole Mushrooms 400g,425.5,575,21,6,True,2026-09-06 08:33:25
144305544,r1vf-5053,Arizona Fields Tomato Paste 800g,550,550,3,6,True,2026-09-06 08:35:24
145166308,r1vf-5064,Arizona Fields Classic Dijon Mustard 370g,676.2,980,7,6,True,2026-08-22 16:33:27
141375074,r1vf-1826,Innovative Digestive Half Roll  Box,240,240,8,8,True,2026-09-06 08:36:42
141375082,r1vf-1841,Innovative Bricklane Chocolate Munch Pack (Rs 100) 600g,1200,1200,9,8,True,2026-09-05 18:06:10
141371256,EWI8EI,Korneez Popcorn Hot & Spicy Rs. 120,102,120,10,100,True,2026-09-06 08:36:42
141417216,80U88S,brightfarms Plum (Alubukhara) 500g,299,299,2,100,True,2026-09-06 08:41:48
141369281,6HA671,Lurpak Butter Unsalted 250g,1117.2,1470,1,100,True,2026-09-04 18:55:28
145166309,r1vf-5066,Arizona Fields Crunchy Peanut Butter 340g,899,899,8,6,True,2026-09-06 08:33:05
145166310,r1vf-5067,Arizona Fields Creamy Peanut Butter 340g,899,899,10,6,True,2026-09-06 08:33:05
141371167,872Y2N,brightfarms Langra Mango 1kg,619.65,729,1,100,True,2026-08-09 10:49:48
145746334,whi-327,Whiskas Salmon Fish & Turkey In Jelly Cat Food 85g,299,299,1,6,True,2026-06-16 15:25:43
141371168,M12GQT,brightfarms Sindhri Mango 1kg,539.1,599,6,100,True,2026-07-16 17:40:23
145662095,r1vf-2935,Fruita Vitals No Added Sugar Apple Nectar 1000ml,500,500,6,9,True,2026-09-06 08:33:45
145662094,r1vf-2934,Fruita Vitals No Added Sugar Chaunsa Nectar 1000ml,500,500,1,9,True,2026-08-30 19:14:20
145927198,XYP32G,Poppin Taxos Sour Cream & Onion 45g,350,350,46,0,True,2026-09-06 08:36:42
145927201,HWGMJG,Poppin Taxos Tomato Ketchup Chips 45g,350,350,29,0,True,2026-08-29 17:06:12
145927197,98JQ3B,Poppin Taxos Hot & Spicy 110g,550,550,1,0,True,2026-06-19 18:06:36
145927206,DKX35G,Poppin Taxos Barbeque Chips 45g,350,350,8,0,True,2026-08-31 19:32:29
141427954,mirror23,(Consume by Today) brightfarms Fresh Chicken Wings 1kg,349.3,499,1,0,True,2026-08-06 12:05:51
141376052,r1vf-3340,Zarda Color Yellow 25g,66.6,74,7,6,True,2026-07-24 17:45:13
145927196,H46J1B,Poppin Taxos Original 110g,550,550,17,0,True,2026-05-19 16:34:32
145927199,BBMMAG,Poppin Taxos Extra Cheese 45g,350,350,30,0,True,2026-07-24 17:45:54
145927200,EBJ0LP,Poppin Taxos Hot & Spicy 45g,350,350,16,0,True,2026-08-01 17:10:19
141375109,r1vf-1869,Innovative Peanut Biscuits Snack Pack  Box,240,240,18,8,True,2026-08-01 17:10:19
141375115,r1vf-1875,Innovative Tooo Gud Egg & Milk Cookies Half Roll Box,240,240,5,8,True,2026-09-06 08:36:42
145905597,65693668,Knorr Habanero Lime Noodles 137g,450,450,39,5,True,2026-09-06 08:35:03
145905596,65693666,Knorr Beef Bulgogi Noodles 135g,450,450,15,5,True,2026-09-06 08:35:03
141372819,14I6F7,Drip Down Watermelon Ice  (Imported) 25mg 10ml,920,1050,1,100,True,2026-07-10 17:58:06
141376686,ZG2020,"Samyang Hot Chicken Buldak Ramen, 140g",474.05,499,2,100,True,2026-08-03 15:49:13
142364422,LAF5C1,Poppin Taxos Barbeque Chips 110g,550,550,24,0,True,2026-08-29 17:06:12
141375097,r1vf-1856,Innovative Digestive Sugar Free Wheat Biscuits Ticky Pack (Rs 30) 300g,300,300,8,8,True,2026-07-26 17:12:41
141427948,mirror17,(Consume by Today) brightfarms Fresh Chicken Breast Boneless 500g,371,530,3,0,True,2026-08-19 10:32:31
141371006,143PBW,brightfarms Sindhri Mango Box 4kg - 4.5kg,2249,2249,1,0,True,2026-07-16 17:40:23
141371003,QMU0CR,brightfarms Sindhri Mango Box 1.8kg - 2kg (Export Quality),1199,1199,1,100,True,2026-07-16 17:40:23
141427950,mirror19,(Consume by Today) brightfarms Fresh Veal Mix Boti With Bones 500g,829,829,1,0,True,2026-07-26 17:07:07
115475866,r1vf-111188,brightfarms Purple Plum Alubukhara 250g,149,149,1,0,True,2026-09-06 08:41:48
141376127,r1vf-4053,(Consume by Today)brightfarms Broccoli (Swat ) 500g,335.3,479,2,8,True,2026-08-15 16:42:34
115475864,r1vf-111184,brightfarms Mint Leaves Podina Pakistan 100g,39,39,2,0,True,2026-09-06 08:41:48
115475861,r1vf-111181,brightfarms fresh tomato (Timatar) (Mix Sizes) 250g,85.5,95,8,8,True,2026-09-06 08:41:48
115475858,r1vf-111177,brightfarms Red Onion Piyaz Pakistani 500g,134.1,149,9,8,True,2026-09-06 08:41:48
115475857,r1vf-111175,brightfarms Lemon Desi Nimbu Pakistan 100g,26.1,29,6,0,True,2026-09-06 08:41:48
115475870,r1vf-111196,brightfarms Red Onion Pyaz Bag 2kg,530.1,589,5,0,True,2026-09-06 08:41:48
115475856,r1vf-111174,brightfarms Fresh Ginger 100g,49,49,5,0,True,2026-09-06 08:41:48
115475852,r1vf-111170,brightfarms Cabbage Green Bund Gobi Pakistan (2 Pieces) 1000g - 1200g,249,249,1,8,True,2026-09-06 08:41:48
115475871,r1vf-111197,brightfarms Fresh Potato Aalu Medium Bag 2kg,125.1,139,9,8,True,2026-09-06 08:41:48
115475862,r1vf-111182,brightfarms Red Tomato Pakistan 250g,85.5,95,7,8,True,2026-09-06 08:41:48
141371777,E3406Q,Italia Pulao Cube 20g,37.5,50,21,100,True,2026-09-06 08:33:25
141372615,91TKQY,Italia Pineapple Slice Tin 540Gm,597,597,14,100,True,2026-09-05 18:04:56
141375370,r1vf-2299,Zee Snacks Stack-it Potato Chips Sour Cream & Onion (Rs.100) 40g,100,100,1,8,True,2026-07-11 17:08:01
141375116,r1vf-1876,Innovative Zeera Tasty Salty Biscuits Snack Pack Box,240,240,1,8,True,2026-07-26 09:21:57
141617621,r1vf-27034,Choco Bites Double Chocolate Chip 82g,320,320,9,5,True,2026-05-24 14:31:10
115475867,r1vf-111190,brightfarms Apricot Khubani 250g,179,179,2,0,True,2026-06-29 14:27:14
115475869,r1vf-111195,brightfarms Dusehri Mango Yellow 500g,424.15,499,1,8,True,2026-08-03 15:56:46
115475868,r1vf-111194,brightfarms Langra Mango 500g,322.15,379,3,8,True,2026-08-08 10:49:03
115475865,r1vf-111185,brightfarms Green Chilli Thick 100g,13.5,15,7,8,True,2026-09-06 08:41:48
115475859,r1vf-111178,brightfarms Peeled Peas Matar Pakistan 500g,429,429,1,8,True,2026-09-06 08:41:48
115475854,r1vf-111172,brightfarms Cucumber -Kheera (Pakistan) 250g,67.5,75,36,8,True,2026-09-06 08:41:48
115475860,r1vf-111180,brightfarms Fresh Potato Aalu Medium 500g,31.5,35,6,0,True,2026-09-06 08:41:48
115475855,r1vf-111173,brightfarms Garlic China (Lehsan) 100g,49,49,3,0,True,2026-09-06 08:41:48
115475853,r1vf-111171,brightfarms Capsicum Green Shimla Mirch Pakistan 150g,40.5,45,9,8,True,2026-09-06 08:41:48
115475872,r1vf-111198,brightfarms Green Chili Thin Sindh 100g,17.1,19,4,0,True,2026-09-06 08:41:48
115475863,r1vf-111183,brightfarms Coriander Dhaniya Pakistan 100g,59,59,11,0,True,2026-09-06 08:41:48
141372601,BU31IB,brightfarms Unripe Papaya (Kachcha Papita) Per Piece,599,599,1,0,True,2026-06-15 10:44:28
141371279,81HLZT,Me & My Baby Wipes 72 Pieces,115,115,11,100,True,2026-09-06 08:39:06
141369021,0CW500,Langnese Honey 250Gm,1499,1499,10,100,True,2026-09-06 08:33:05
142265280,920UX3,Delmonte Black Olives 235Gm Sliced,770,770,9,0,True,2026-09-06 08:33:25
145559722,JQQNE3,Delmonte Green Olives 235Gm Pitted,770,770,12,101,True,2026-09-06 08:33:25
141369226,ZD76C0,Aqua Coco 330Ml Coconut Water,550,550,1,0,True,2026-08-05 09:42:53
146467060,r1vf-9816,Kanas Mayonnaise Classic 500g,264,330,25,0,True,2026-09-06 08:35:24
146467061,r1vf-9815,Kanas Mayonnaise Classic 1L,480,600,14,0,True,2026-09-06 08:35:24
146467062,r1vf-9827,Kanas Sweet Chili Sauce 400g,200,250,22,0,True,2026-09-05 18:04:56
146467068,r1vf-9817,Kanas Thousand Island Dressing 400g,360,450,32,0,True,2026-09-06 08:35:24
146467057,r1vf-9824,Kanas BBQ Sauce 400g,256,320,23,0,True,2026-09-06 08:35:24
146467058,r1vf-9828,Kanas BBQ Sauce 800g,480,600,14,0,True,2026-09-06 08:35:24
146538261,r1vf-111072,Lipton Yellow Label Round Tea Bags (80 Pieces) 200g,1200,1200,16,8,True,2026-09-06 08:35:48
141375244,r1vf-1760,Rehmat-e-Shereen Crinkle Hot & Spicy Chips  80g,128.25,135,1,0,True,2026-08-15 16:36:21
141374684,ays9-124,Infinity Bar Blueberry Blackcurrant Grape Ice 5000 Puffs 1 Piece 35mg,3099,3500,1,3,True,2026-07-30 17:45:49
141372471,33149I,English Prickly Heat Powder Kids Medium 1 Packet,255.5,350,5,0,True,2026-09-06 08:38:18
141372363,27X887,English Prickly Heat Powder Family 1 Packet,584,800,3,100,True,2026-09-06 08:38:18
141372356,W95B8K,English Prickly Heat Powder Neem Medium,320,320,6,100,True,2026-09-06 08:38:18
141372360,BRL68D,English Prickly Heat Powder Thandaa Large,364.27,499,6,0,True,2026-09-06 08:38:18
141372358,ZRU5M9,English Prickly Heat Cream Neem 80Ml,211.7,290,10,100,True,2026-09-06 08:38:18
141372359,ZAE5ZJ,English Prickly Heat Powder Medium 1 Packet,320,320,1,100,True,2026-09-06 08:38:18
141372364,FVQQNA,English Prickly Heat Thanda Soap 1 Packet,182.5,250,4,100,True,2026-09-06 08:38:18
141372361,HULM69,English Prickly Heat Powder Neem Large,364.27,499,5,100,True,2026-09-06 08:38:18
141369547,120ZZR,Siena Handwash Pink Blush,340,400,1,3,True,2026-07-31 17:52:25
141371869,RADVGX,Siena Handwash Citrus Burst,400,400,3,0,True,2026-09-06 08:38:18
141371865,A0YTH0,Bold Gas Body Spray Temptation (150 ml),525,700,5,20,True,2026-09-06 08:38:42
141370486,90U1OS,Bold Gas Body Spray Maverick (150 ml),525,700,5,20,True,2026-09-06 08:38:42
141370485,S0V8YR,Bold Gas Body Spray Groove (150 ml),525,700,5,20,True,2026-09-06 08:38:42
141371278,SUQ4UX,Susu Baby Wipes 80 Pieces,132,132,7,100,True,2026-09-06 08:39:06
141372182,00RRZA,Susu Dry Baby Diapers XXL 50 Pieces (18- 25kg),1738,1738,4,12,True,2026-09-06 08:39:06
141371281,B1VEIM,Susu Me&My Diapers Extra Large 50 Pieces,1474,1474,1,12,True,2026-09-06 08:39:06
141371275,K69X5Z,Susu Me&My Diapers Large 50Pcs,1342,1342,9,12,True,2026-09-06 08:39:06
141372181,GWVMQ9,Susu Dry Baby Diapers XL 50 Pieces (13-18 kg),1606,1606,4,12,True,2026-09-06 08:39:06
141372179,IC67O9,Susu Dry Baby Diapers Medium 50 Pieces (5-9 kg) ,1342,1342,7,12,True,2026-09-06 08:39:06
141372180,GRM2JG,Susu Dry Baby Diapers Large 50 Pieces (9-15 kg),1474,1474,1,12,True,2026-09-06 08:39:06
141371287,DH0954,Me & My Baby Diaper Magic Jumbo Pack Xxl Size 6 (18 25 kg) 48 Pieces,1968,1968,1,12,True,2026-09-06 08:39:06
141371288,64D6VD,Susu Diapers Xxl 48Pcs,2158,2158,4,0,True,2026-09-06 08:39:06
141369564,W52N66,Scrub Shine Pad Large (3-in-1),210,210,3,100,True,2026-09-06 08:40:20
141369553,RK87D8,Scrub Shine Spiral Regular (2-in-1),160,160,10,20,True,2026-09-06 08:40:20
141369562,6168LZ,Scrub Shine Sponge Regular (2-in-1),130,130,19,20,True,2026-09-06 08:40:20
141369559,01J3UT,Scrub Shine Spiral Single,85,85,3,20,True,2026-09-06 08:40:20
145721698,S86G0Z,Scrub Shine Sponge Regular,70,70,7,20,True,2026-09-06 08:40:20
141376571,HW5UXD,Scrub Shine Nail Saver,120,120,6,100,True,2026-09-06 08:40:20
141369561,9W28B6,Scrub Shine Sponge Large,95,95,5,20,True,2026-09-06 08:40:20
141369563,31T8L9,Scrub Shine Pad Large,75,75,1,0,True,2026-09-06 08:40:20
145746323,whi-306,Whiskas Kitten Beef In Jelly Cat Food 85g,299,299,1,6,True,2026-06-06 17:33:59
145746330,whi-319,Whiskas Tuna In Jelly For 2-12 kitten junior Cat Food 85g,299,299,1,6,True,2026-06-01 09:43:39
146467053,r1vf-9825,Kanas Pizza Sauce Original Pouch 400g,200,250,12,0,True,2026-09-06 08:35:24
145905598,65693670,Knorr Creamy Fettuccine Noodles 132g,450,450,38,5,True,2026-09-06 08:35:03
146467054,r1vf-9826,Kanas Pizza Sauce Original Pouch 800g,470,470,12,0,True,2026-08-29 17:05:11
146467064,r1vf-9813,Kanas Sriracha Sauce 450g,520,650,28,0,True,2026-09-06 08:35:24
146467067,r1vf-9818,Kanas Thousand Island Dressing 800g,640,800,15,0,True,2026-09-06 08:35:24
146480965,68818381,VASELINE GLUTA FG GOLD 70ML,650,650,2,0,True,2026-09-06 08:38:18
146480963,68818379,VASELINE GLUTA DR PNK 70ML,650,650,2,0,True,2026-09-06 08:38:18
146480966,69658330,VASELINE GLUTA ON BLU 70ML,650,650,1,0,True,2026-09-01 09:23:18
146480964,62683667,VASELINE GLUTA FG GOLD 200ML,1500,1500,1,8,True,2026-09-06 08:38:18
146480968,69732592,VASELINE GLUTA DR PNK 200ML,1500,1500,11,8,True,2026-09-06 08:38:18
146480958,65636512,LUX Refreshing Vitamin C Body Wash 250ml,413.6,470,5,0,True,2026-09-06 08:38:18
146480959,65636514,LUX Refreshing Vitamin C Body Wash 520ml,748,850,10,0,True,2026-09-06 08:38:18
146480961,65643620,Lifebuoy Shampoo Anti Dandruff 90ml,190,200,1,8,True,2026-09-06 08:38:18
146480960,65643608,Lifebuoy Shampoo Anti Dandruff 175ml,304,320,3,0,True,2026-09-06 08:38:18
146480962,65643622,Lifebuoy Shampoo Anti Dandruff 370ml,589,620,1,8,True,2026-08-24 10:49:16
141374553,sta-643,Javitri (Javatri)  25g,288,320,1,8,True,2026-05-28 18:42:38
143282203,r1vf-80210,United King Biscotti 3 in 1 Assorted 180g,630,630,1,8,True,2026-08-15 16:36:21
141525948,r1vf-3707,Sweet Saunf 100g,143.1,159,2,8,True,2026-05-29 16:51:42
146339174,DKJ65W,Nutella 180g,1199,1199,1,0,True,2026-07-15 17:22:20
141370143,871KKV,Nature's Own White Oats Pouch 500g (999),550,550,14,100,True,2026-09-06 08:33:05
141370144,X6M07Q,NATURES BASKET WHITE OATS TIN 400GM,699,699,22,100,True,2026-09-06 08:33:05
141376582,MZXV4O,Polac Pineapple Slices Tin 540Gm Broken,480,480,1,100,True,2026-08-22 10:29:54
142364394,3MUZ4K,Polac Fruit Cocktail 540g,499,499,17,0,True,2026-09-06 08:33:25
141376239,KRV8L3,"Nature's Basket White Oats, 500g",499,499,16,0,True,2026-09-06 08:33:25
141371737,266PVF,Premium Choice Sweet Corn E/O 425g,330,330,8,100,True,2026-09-06 08:33:25
143788161,G0VD15,Dahi Boondi (Dahi Boondi) 250g,264.1,278,1,4,True,2026-08-31 10:46:41
142364373,YTS10O,Best Day Tomato Paste 210g,350,350,24,0,True,2026-09-06 08:35:24
141369284,Z08CD0,Kopiko Capuccino Toffees Packet 140g,375,375,17,100,True,2026-09-06 08:36:42
146339173,43D3NR,Polo Mint Roll 24g,160,160,1,0,True,2026-08-04 06:37:32
146339175,0GC5AU,Polo The Mint with The Hole Original 80g,450,450,1,0,True,2026-08-21 13:54:54
146339171,Q605ZL,Yupigummy Burger 8g,40,40,4,0,True,2026-06-29 09:05:56
146339144,0IYL32,Yupi Fruit Cocktail 32g (00001),120,120,1,8,True,2026-07-14 11:30:55
142364346,3P133I,Yuppi Gummi Pizza 14g (00001),90,90,1,0,True,2026-06-19 13:42:40
146339170,UO3CXJ,Yupi Gummy Cakes Jelly 28g,100,100,3,0,True,2026-09-06 08:36:42
146339166,UXNUI7,Yupi Strawberry Heart 14g,90,90,1,0,True,2026-09-06 08:36:42
141371233,3TPGTP,Yuppi Big Frank 28g,120,120,1,0,True,2026-08-15 10:31:14
141369417,7RKP6T,Mars Chocolate Bar 51g,295,295,1,100,True,2026-06-17 18:31:35
142610962,JJ7TH3,Kitkat 4 Finger 36.5g,350,350,2,0,True,2026-06-29 14:19:42
146339169,0CO54E,Ovaltine All in One Choco Drink 5 x 20g,100,100,1,0,True,2026-07-11 08:56:59
146339167,virtual-1259,Sams Garden Mallow Pop 18g (00001),70,70,1,8,True,2026-06-27 14:51:10
141371286,D91441,Susu Me&My Diapers Medium 50Pcs,1211,1211,3,0,True,2026-09-06 08:39:06
142364366,virtual-32,Yupi Fruit Cocktails Jelly 14g (999),90,90,1,8,True,2026-06-18 18:34:29
141372354,OV09N1,English Prickly Heat Cream Large,270,270,10,100,True,2026-09-06 08:38:18
146339143,AX6Q9U,Mama Sitas Sauce Chilli 390g,1079.1,1199,24,100,True,2026-09-06 08:35:24
143920524,r1vf-27050,Daffy Ola Ola Chocolate Pillows Pouch 35g,70,70,50,8,True,2026-09-05 18:06:10
146339161,virtual-611,Kaers Sugar Free Blueberry Cookies 100g,599,599,19,8,True,2026-09-06 08:36:42
146339159,virtual-612,Kaers Sugar Free Butter Cookies 100g,599,599,17,8,True,2026-09-06 08:36:42
141375845,r1vf-3109,Prickly Heat Thandaaa Cooling Mist (Non-gas) Spray 120ml,899,899,5,8,True,2026-09-06 08:38:42
146339158,virtual-610,Kaer's Sugar Free Biscuit Cappuccino 100g,599,599,17,8,True,2026-09-05 18:06:10
146339154,virtual-607,Kaers Sugar Free Oatmeal Almond Cookies 100g,599,599,13,8,True,2026-09-06 08:36:42
145926312,U921QX,Krone Citrus Charge Shower Gel 600ml,840,1200,11,100,True,2026-09-06 08:38:18
141369161,G46Y77,Krone Noir Desire Gas Free Body Spray 120ml,483,690,12,5,True,2026-09-06 08:38:42
141369163,0I3A4R,Krone Noir Ash Gas Free Body Spray 120ml,621,690,12,5,True,2026-09-06 08:38:42
141369168,A5H2VW,Krone Attitude Sage Body Spray 150ml,339.5,485,3,0,True,2026-09-06 08:38:42
141369159,MGH1H4,Krone Xtreme Active Body Spray 150ml,458.5,655,2,5,True,2026-09-06 08:38:42
141369162,DH5YXK,Krone Noir Tranquil Gas Free Body Spray 120ml,483,690,1,5,True,2026-09-06 08:38:42
141368709,B45IF8,Krone Xtreme Dense Body Spray 150ml,458.5,655,1,5,True,2026-09-06 08:38:42
145926304,MQCPX3,Krone Noir Dune Gas Free Body Spray 120ml,483,690,2,100,True,2026-09-06 08:38:42
145926314,CNGZ97,Krone Attitude Rush Body Spray 150ml,339.5,485,2,100,True,2026-09-06 08:38:42
145926315,31732J,Krone Attitude Vivid Body Spray 150ml,426.8,485,7,100,True,2026-09-06 08:38:42
145926316,6C25SP,Krone Attitude Blast Body Spray 150ml,339.5,485,12,100,True,2026-09-06 08:38:42
145926302,7Y356R,Krone Xtreme Play Body Spray 150ml,458.5,655,2,0,True,2026-09-06 08:38:42
145926313,NB305I,Krone Noir Now Gas Free Body Spray 120ml,483,690,1,100,True,2026-09-06 08:38:42
145926303,SN4C02,Krone Xtreme Optimist Body Spray 150ml,458.5,655,5,100,True,2026-09-06 08:38:42
145926309,1VE43P,Krone Xtreme Spell Body Spray 150ml,458.5,655,2,100,True,2026-09-06 08:38:42
143869792,2UX9Z8,Krone Ocean Mist Shower Gel 600ml,1020,1200,1,100,True,2026-09-06 08:38:42
143869793,8PEOK5,Krone Deep Clean Charcoal Shower Gel 600ml,840,1200,10,100,True,2026-09-06 08:38:42
141374320,r1vf-863,Stiff On Heavy Starch Spray 567g,400,500,1,5,True,2026-08-15 04:47:37
145926306,973516,Frey Air Freshener Jasmine 300ml,279,310,2,0,True,2026-09-06 08:40:20
141376284,010099,Frey Air Freshener Berrylicious 300ml,310,310,10,100,True,2026-09-06 08:40:20
145926318,3BTAMR,Frey Air Freshener Lavendar 300ml,279,310,12,0,True,2026-09-06 08:40:20
141368711,RSY0O0,Kingtox Rat Killer Pellets 40gm,76.5,85,4,100,True,2026-09-06 08:40:20
141369184,15J8YN,Kingtox Crawling Insect Killer Spray 600ml,783,870,12,100,True,2026-09-06 08:40:20
141369717,SM9JW4,Choco Bliss Milk Chocolate Spread 300g,650,650,10,0,True,2026-09-06 08:33:05
141369682,6T0T3A,Nescafe Gold Coffee 95g (Imported),2499,2499,7,100,True,2026-09-06 08:35:48
141376343,V42J7T,Nescafe Coffee Gold 47.5Gm Imp,1299,1299,1,100,True,2026-09-06 08:35:48
115475423,C1M166,Snickers Chocolate 30g,220,220,3,0,True,2026-06-19 13:43:00
143910878,Y2EWQE,KitKat 2 Finger Milk Chocolate Bar 20.7g,199,199,11,0,True,2026-09-01 14:43:49
146577074,ASOGVO,Kitkat 4 Finger 36.5g (Imported),340,340,1,0,True,2026-07-03 12:20:21
141376640,r1vf-1987,Bread & Beyond Chocolate Muffin 2 Pieces,160,160,3,0,True,2026-09-06 08:33:05
141376642,r1vf-1991,Bread & Beyond Double Chocolate Chip Muffin 2 Pieces,190,190,3,0,True,2026-09-06 08:36:42
141373708,2JP339,Brightfarms Arvi 1kg,129,129,2,20,True,2026-09-05 08:24:12
141375760,r1vf-3149,brightfarms Desi Cucumber 500g,199,199,1,0,True,2026-08-13 14:35:20
141375759,r1vf-3150,Brightfarms Desi Cucumber 1kg,399,399,1,8,True,2026-08-11 11:04:45
141374824,r1vf-1582,Premium Dry Fruits Chowara(dry Date) 100g,71,142,4,0,True,2026-09-06 08:36:42
141427946,mirror15,(Consume by Today) brightfarms Chicken Drumsticks 1kg,689,689,2,0,True,2026-07-16 17:40:23
141376421,EPY1V5,brightfarms Mango (Anwar Ratol) 1kg,649,649,5,0,True,2026-09-06 08:41:48
146564059,r1vf-111077,Fanta Pomegranate Soda 500ml,85,100,2,8,True,2026-09-06 08:33:45
146475930,r1vf-9811,Kanas Mayonnaise Classic 2L,990,990,46,0,True,2026-09-06 08:35:24
141369930,9M0KA6,Super Crisp Chips BBQ Rs. 100,100,100,6,100,True,2026-09-06 08:36:42
141376464,92836V,Dawn Family Pack Milky 725g,240,240,1,0,True,2026-08-11 10:54:56
141374759,r1vf-1500,RANIA PEACH CAN 250ML (Imported),125,125,1,8,True,2026-07-06 13:55:27
141374772,r1vf-1524,RANIA MANGO CAN 250ML (Imported),125,125,5,8,True,2026-08-06 15:19:14
141373808,24IC38,Shoop Korean Noodles Cheese 140g,255,300,15,3,True,2026-09-06 08:35:03
141373806,3P7974,Shoop Korean Noodles Chilli Blast 140g,255,300,19,3,True,2026-09-06 08:35:03
145905595,65693664,Knorr Hot Gochujang Noodles 132g,450,450,25,5,True,2026-09-06 08:35:03
143920532,r1vf-27052,Daffy Coco Cris Chocolate Cup Cereal Pouch 35g,70,70,13,8,True,2026-09-05 18:06:10
141370286,ZL49IU,Peek Freans Whole Wheat Slices Snack Packs 12 Pieces,270,300,17,5,True,2026-06-07 17:29:20
146339162,virtual-608,Kaers Sugar Free Oatmeal Black Sesame Cookies 100g,539.1,599,20,8,True,2026-09-06 08:36:42
144957438,r1vf-10957,Kolson Slanty Tangy Chilli Rs. 50,50,50,36,0,True,2026-09-05 18:06:10
144380819,r1vf-10684,Rio Double Chocolate Sandwich Biscuits (Snack Pack) 16 Pieces,304,320,1,0,True,2026-09-02 14:17:27
145750903,r1vf-6570,Cerelac Rice Promo (175 + 25g) 200g,450,450,6,0,True,2026-09-06 08:39:06
145750904,r1vf-6571,Cerelac 3F Promo (175 + 25g) 200g,450,450,7,1,True,2026-09-06 08:39:06
145750905,r1vf-6572,"Nestle Cerelac Wheat Promo, 200g",450,450,1,1,True,2026-09-06 08:39:06
141370629,018JI3,Dr Herbalist Chia Superfood Seeds 400 g,2210,2210,1,100,True,2026-09-06 08:36:42
145926305,119L36,Krone Noir Myth Gas Free Body Spray 120ml,607.2,690,1,100,True,2026-09-06 08:38:42
141372667,1143IX,Hemani Deodorant Spray Athlete 150Ml,400,400,1,100,True,2026-09-06 08:38:42
141427947,mirror16,(Consume by Today) brightfarms Capsicum Green (Shimla Mirch) 250g,41,41,9,0,True,2026-07-31 07:01:22
141376416,I7XF6L,Dawn Crispy Rusk Large 400g,245,245,3,100,True,2026-09-06 08:33:05
141376380,50W0Y7,Bread & Beyond Black Seed Bun,90,90,5,0,True,2026-09-06 08:33:05
141376396,4L3IOA,Bread & Beyond Fruit Bun,65,65,5,0,True,2026-09-06 08:33:05
141371955,4UEA96,Caresse Nail Polish Remover Large 100 ml,300,300,2,0,True,2026-09-06 08:38:18
141372677,367P8H,Caresse Easy Clean Nail Polish Remover - Cherries,350,350,8,0,True,2026-09-06 08:38:18
141372692,LL938H,Caresse Easy Clean Nail Polish Remover - Lemon,350,350,14,100,True,2026-09-06 08:38:18
141372688,110SLB,Sheen Crème Hair Colour – Dark Brown 02,80,80,7,100,True,2026-09-06 08:38:18
141372691,EAA8SP,WIN Power Detergent Powder- Rs. 99,99,99,1,100,True,2026-09-06 08:40:20
141372684,YOO457,WIN Power Detergent Powder - Rs. 50,50,50,11,100,True,2026-09-06 08:40:20
146481989,84B90J,Prime - Party Pack (Pink),216,240,21,100,True,2026-09-06 08:38:18
115440384,r1vf-11149,Velvetti Praline Dairy Ice Cream 1300ml,1150,1150,4,0,True,2026-06-26 15:32:54
115440387,r1vf-11152,Walls Volcano Stick 83ml,200,200,1,0,True,2026-06-16 19:48:53
115440385,r1vf-11150,Walls Viennetta Stick Ice Cream 90ml,120,120,2,0,True,2026-06-24 15:40:41
143072088,r1vf-9326,Al Kareem Aseel Dates 400g,234.65,247,7,0,True,2026-09-06 08:36:42
143072087,r1vf-9325,Al Kareem Zahidi Dates 350g,189.75,253,5,10,True,2026-09-06 08:36:42
115810368,r1vf-1912,Zyn Fresh Mint Prime Nicotine Pouches (1.5mg) 1 Unit,150,150,19,10,True,2026-09-06 08:37:59
115810370,r1vf-1914,Zyn Fresh Mint Prime Nicotine Pouches (6mg) 1 Unit,150,150,15,0,True,2026-09-06 08:37:59
115810369,r1vf-1913,Zyn Fresh Mint Prime Nicotine Pouches (3mg) 1 Unit,150,150,19,10,True,2026-09-06 08:37:59
141374402,r1vf-1104,Popnosh Choco Loco 68g,170,200,1,8,True,2026-09-06 08:36:42
141427949,mirror18,(Consume by Today) brightfarms Fresh Beef Boti Boneless 500g,909,909,2,0,True,2026-07-26 17:07:07
141369431,9L4NYH,Capri Soap White Bundle 150g,490,490,6,0,True,2026-09-06 08:38:18
141369426,K1NH09,Capri Soap Purple Bundle 150g,490,490,10,12,True,2026-09-06 08:38:18
141369428,902CID,Capri Soap Blue Bundle 150g,490,490,12,12,True,2026-09-06 08:38:18
141369424,M1TSKA,Opal Soap Beauty 4+1 Packet 60g,250,250,9,100,True,2026-09-06 08:38:18
141369449,00H897,Capri Soap White Single 120g,150,150,8,100,True,2026-09-06 08:38:18
141369423,KF47D2,Capri White Beauty Hand Wash 200ml,290,290,9,6,True,2026-09-06 08:38:18
141369450,B1R6W5,Capri Soap White Single 100g,100,100,9,0,True,2026-09-06 08:38:18
141369444,1TG00N,Capri Soap Purple Single 120g,150,150,11,100,True,2026-09-06 08:38:18
115709302,r1vf-10782,Supreme Brooke Bond Tea 85g,190,200,119,0,True,2026-09-06 08:33:25
115709299,r1vf-10779,Lipton Yellow Label Tea - 170g,399,420,49,0,True,2026-09-06 08:33:25
115709304,r1vf-10784,Lipton Danedar Tea - 430g,855,900,3,0,True,2026-09-06 08:33:25
115709303,r1vf-10783,Lipton Danedar Tea - 170g,361,380,40,0,True,2026-09-06 08:33:25
115709305,r1vf-10785,Lipton Danedar Tea - 900g,1710,1800,12,2,True,2026-09-06 08:33:25
115709298,r1vf-10778,Supreme Brooke Bond Tea 900g,1757.5,1850,6,0,True,2026-09-06 08:33:25
115709301,r1vf-10781,Supreme Brooke Bond Tea 170g,380,400,52,0,True,2026-09-06 08:33:25
115709300,r1vf-10780,Supreme Brooke Bond Tea 430g,902.5,950,15,0,True,2026-09-06 08:33:25
146632414,EECBUQ,"Samyang Buldak Kimchi Hot Chicken Ramen, 135g",494,520,2,0,True,2026-08-04 17:55:45
141376489,daw-716,Dawn Sheermall 1 Piece,65,65,2,6,True,2026-07-03 12:15:46
141368903,88085A,Pepsi Can 250ml,95.7,110,6,0,True,2026-08-31 10:45:13
141374782,r1vf-1548,Bisconni Rite Vanilla Half Roll,360,360,18,8,True,2026-09-06 08:36:42
142807475,MK66VD,Morinaga BF-1 Milk Powder 600g,2400,2400,1,0,True,2026-09-06 08:39:06
143786177,r1vf-5595,Dipitt Tomato Ketchup 400g,156,240,11,0,True,2026-09-06 08:35:24
115475371,r1vf-111593,Cornetto Ice Cream Caramel Vanilla Disc 105ml,180,180,2,24,True,2026-06-25 15:50:56
141372679,2P5RR0,Caresse Naturals Antibacterial Enchanting Hand Wash 450ml,255,300,4,100,True,2026-09-06 08:38:18
141372687,JY2F1X,Caresse Al-Oud Oud Royal Hand Wash 400ml,255,300,1,100,True,2026-09-06 08:38:18
141368552,77UP4T,Garnier Color Naturals Creme # 2 Soft Black Enriched With 3 Essential Oils 112ml,729.27,999,2,0,True,2026-09-01 09:23:18
141374560,sta-651,Coriander Seeds (Dhania Giri)  100g,258.3,287,4,0,True,2026-06-20 17:44:00
146336957,r1vf-82,Prince Chocolate Cream Sandwich Biscuits 1 Packet,73.6,80,2,0,True,2026-07-17 06:26:03
145905604,r1vf-11054,Softlan Fabric Conditioner Lavender Fresh Pouch 1L,515,515,2,0,True,2026-09-06 08:40:20
145905611,r1vf-11061,Max All Purpose Lavendar Fresh Surface Cleaner Pouch 800ml,650,650,3,0,True,2026-09-06 08:40:20
141376508,r1vf-2703,7Up Mint Lemonade Bottle (PET) 1L,131.2,160,9,12,True,2026-09-06 08:33:45
141375941,r1vf-3577,Treet (Swift II) Twin Blade Razor 1 Piece,130,130,2,0,True,2026-06-24 15:41:51
141375926,r1vf-3562,Femina Female Facial Razor 1 Piece,110,110,1,0,True,2026-08-27 15:11:16
115741881,mirror-127,brightfarms Lemon - Desi Nimbu (Pakistan) 500g (Consume by Today),58.1,83,1,0,True,2026-08-14 11:12:12
141370541,5M8MN8,Roohafza Bottle 1500Ml,850,850,1,0,True,2026-07-09 18:05:48
141370542,592IT0,Roohafza Bottle 3000ml,1500,1500,1,0,True,2026-07-17 11:28:01
141368799,DQ779Y,Neutrogena Hydro Boost Water Gel 200ml,3200,3200,2,100,True,2026-09-06 08:38:18
141371004,DZ95BP,brightfarms Chaunsa Mango 4kg - 4.5kg,2499,2499,6,100,True,2026-09-06 08:41:48
141371005,033S3Z,brightfarms Chaunsa Mango (Export Quality) 1.8kg - 2kg,1299,1299,2,100,True,2026-09-06 08:41:48
115814039,r1vf-1910,Predator Peach PET Bottle 250ml,51,60,21,0,True,2026-09-06 08:33:45
115741888,mirror-139,Bottle Gourd Round (Gol Lauki) 500 g (Consume by Today),41,41,2,0,True,2026-07-09 18:13:56
141376314,X7CJ9P,brightfarms Chaunsa Mango 1kg,699,699,5,100,True,2026-09-06 08:41:48
142448235,r1vf-7007,Shoop Chattpata Flavour Full Meal Instant Noodles 1 Piece,76.5,90,112,3,True,2026-09-06 08:35:03
115929496,virtual-232,Chashnik White Refined Sugar 500g (100 Sachets Box),260,260,4,1,True,2026-09-06 08:33:25
115929492,089V89,Sugarie Icing Sugar 300g,151,151,48,8,True,2026-09-06 08:33:25
115929497,r1vf-11148,Sugarie Granulated Brown Sugar 500g (100 Sachets Box),260,260,22,1,True,2026-09-06 08:33:25
115929491,O662DP,Sugarie Caster Sugar 300g,151,151,2,8,True,2026-09-06 08:33:25
141372620,2U0DB1,Italia Mushroom Tin 380g,449,449,15,0,True,2026-09-06 08:33:25
115929493,TUG677,Sugarie Granulated Brown Sugar Pouch 500g,211,211,5,0,True,2026-09-06 08:33:25
141369010,T58V32,brightfarms Grapes Gola 500g,449,449,3,0,True,2026-09-06 08:41:48
141372610,814W0D,brightfarms Sapodilla -Chiku (Pakistan) 500g,229,229,2,15,True,2026-09-06 08:41:48
141376527,7HR6M1,brightfarms Java Plum (Jamun) 500g (Small Size) (Punjab),299,299,1,100,True,2026-07-31 17:57:33
145120770,r1vf-11089,Naturelle Whole Green Olives 190g,394,394,4,8,True,2026-08-30 19:14:01
141371875,7PI7W5,Arbella Pasta Tagliatelle 400g.,600,600,1,100,True,2026-08-07 10:59:31
145120764,r1vf-11084,Tru Bru Premium Coffee 100g,2030,2030,3,0,True,2026-09-06 08:35:48
141369601,F36UG6,Dove White Beauty Bar Soap 135g,499,499,1,100,True,2026-08-28 00:55:20
141369661,OD2RH2,Dove Pink Beauty Bar Soap 135g,499,499,5,100,True,2026-09-06 08:38:18
141370006,T0R48R,Bold Non Gas Aqua (120 ml),800,800,6,20,True,2026-09-06 08:38:42
141371026,R1X996,Fa Roll On Dry Protect 50ml (Imported),499,499,1,3,True,2026-08-26 10:46:35
141370944,MIG444,Fa Deodorant Roll On Caribbean Lemon 50ml,499,499,4,3,True,2026-09-06 08:38:42
141370943,ZIG21I,Fa Roll On Pink Passion Floral (Imported) 50ml ,499,499,6,3,True,2026-09-06 08:38:42
141376419,64SJ71,Fa Roll on Men Invisible power 50ml (Imported),499,499,1,3,True,2026-09-06 08:38:42
141371032,BW7M9J,Fa Roll On Men Sports Recharge 50ml (Imported),499,499,5,3,True,2026-09-06 08:38:42
141371804,98G3GU,Fa Deodorant Roll on Freshly Free Cucumber & Melon 50ml,499,499,6,3,True,2026-09-06 08:38:42
141371030,T2DZK4,Fa Roll On Whitening And Care 50ml (Imported),499,499,1,100,True,2026-07-30 17:46:54
141371027,85RZS5,Fa Roll On Soft & Control 50ml (Imported),499,499,2,3,True,2026-09-06 08:38:42
141370888,5L2829,NIVEA MEN Deep Espresso 72H Black Carbon Anti-Perspirant Spray,1600,1600,2,100,True,2026-09-06 08:38:42
141371029,H09E29,Fa Deodorant Roll On Men Attraction Force 50ml,499,499,1,3,True,2026-09-06 08:38:42
141370945,FJ0AA4,Fa Roll On Aqua Fresh (Imported) 50ml ,499,499,8,100,True,2026-09-06 08:38:42
145721697,CZ1873,Scrub Shine Nail Saver (2-in-1),230,230,10,20,True,2026-09-06 08:40:20
145448848,r1vf-2863,Fitlicious Cranberry Pistachio Granola 90g,590,590,39,8,True,2026-09-06 08:33:05
145448842,r1vf-2869,Fitlicious Choco Vanilla Granola 90g,590,590,25,8,True,2026-09-06 08:33:05
145448850,r1vf-2879,Fitlicious Crunchy Cocoa Cereal 75g,590,590,31,8,True,2026-09-06 08:33:05
145448846,r1vf-2877,Fitlicious Cocoa Date Porridge 90g - No Added Sugar,590,590,26,8,True,2026-09-06 08:33:05
145448844,r1vf-2867,Fitlicious Cinnamon Pecan Granola 90g,590,590,32,8,True,2026-09-06 08:33:05
145448834,r1vf-2873,Fitlicious Almond Chia Granola 90g - No Added Sugar,590,590,19,8,True,2026-09-06 08:33:05
141369438,4B9W60,Capri Soap Purple Bundle 120g,420,420,10,100,True,2026-09-06 08:38:18
141370800,NDOQIM,Murree Brewery's Bigg Apple 300ml,50,50,1,6,True,2026-08-03 07:35:09
141374846,r1vf-1624,Murree Brewery's Bigg Lychee 1.5L,165,165,1,6,True,2026-08-15 04:38:08
141370801,75W7KQ,Murree Brewery's Bigg Apple 500ml,83,83,1,6,True,2026-08-09 13:55:29
141370802,5J7723,Murree Brewery's Bigg Apple 1.5L,165,165,1,6,True,2026-07-31 17:46:37
141374869,h1ei-518,Tops Lychee Glass 250ml,99,99,1,8,True,2026-09-02 08:39:08
141374872,h1ei-521,Tops Mixed Fruits 250ml Glass,99,99,6,0,True,2026-09-06 08:33:45
141374871,h1ei-520,Tops Guava Glass 250ml,99,99,1,0,True,2026-09-06 08:33:45
141374870,h1ei-519,Tops Anaar Glass 250ml,99,99,2,8,True,2026-09-02 08:39:08
141374844,r1vf-1619,Murree Sparkletts Bottled Drinking Water 330ml,36,36,24,0,True,2026-09-06 08:33:45
141374839,r1vf-1613,Murree Sparkletts Bottled Drinking Water 500ml,48,48,12,6,True,2026-09-06 08:33:45
141374841,r1vf-1615,Murree Sparkletts Plain Glass Bottled Drinking Water 330ml,72,72,1,6,True,2026-08-28 00:50:35
141374842,r1vf-1616,Murree Sparkletts Plain Glass Bottled Drinking Water 750ml,144,144,2,0,True,2026-08-30 09:52:29
141374873,h1ei-522,Tops Pineapple Glass 250ml,84.15,99,5,0,True,2026-09-03 19:14:19
141374875,h1ei-524,Tops Tangy Apple Flavoured Drink 200ml,34,34,16,8,True,2026-09-06 08:33:45
141374864,h1ei-509,Tops Tangy Mango 200ml,34,34,6,8,True,2026-09-06 08:33:45
141374969,h1ei-777,Murree Sparklets Carbonated Water 330ml,92,92,1,0,True,2026-08-04 17:54:46
141374843,r1vf-1618,Murree Sparkletts Carbonated Drinking Water 750ml,184,184,4,0,True,2026-08-16 16:32:38
141374848,r1vf-1628,Murree Alkaline 500ml,50,50,10,0,True,2026-09-06 08:33:45
141374847,r1vf-1627,Murree Brewery's Bigg Lychee Can,85,85,1,0,True,2026-08-11 17:03:42
141374845,r1vf-1623,Murree Brewery Bigg Apple Can,85,85,1,0,True,2026-08-15 16:32:36
115966343,9NBGFP,Dove Pampering Beauty Cream Bar 135g Soap (Imported),520,520,7,0,True,2026-09-06 08:38:18
115966347,virtual-800,Johnson`s Face Care Wipes Refreshing 25 Pieces,849,849,5,8,True,2026-09-06 08:38:18
141368577,6P623U,Gillette Blue 2+ Shaving Disposable Razor Bag of 3 Pieces,599,599,5,100,True,2026-09-06 08:38:18
115966340,GD50D4,Gillette Stainless Razor Blade 7 O'Clock 1 Piece,95,95,3,100,True,2026-09-06 08:38:18
115966345,OPXJGM,Johnson's Cotton Buds 1 Unit,549,549,5,0,True,2026-09-06 08:39:06
115966344,TIU55Q,Johnson's Makeup Wipes Sensitive 25 Pieces,899,899,1,0,True,2026-09-06 08:39:06
115966348,virtual-586,Pampers Sensitve Wipes 52 Pieces,799,799,1,8,True,2026-08-22 16:37:57
115966346,DF4IC3,Johnson's Face Wipes Moisturising 25 Pieces,875,875,6,0,True,2026-09-06 08:39:06
115966341,84217S,Johnsons Cotton Buds,549,549,4,100,True,2026-09-06 08:39:06
142275537,U0ZA22,Astonish Starch Spray 750ml,799,799,11,0,True,2026-09-06 08:40:20
141368960,Y73M50,brightfarms Bottle Gourd Long - Lambi Lauki (Pakistan) 500g,58.65,69,5,20,True,2026-06-27 09:41:52
141375456,r1vf-3401,brightfarms Bottle Gourd Long (Lambi Lauki) 1kg,118.15,139,5,20,True,2026-06-27 09:41:52
141375772,r1vf-3143,brightfarms Garlic China (Lehsan) 500g,175,175,1,20,True,2026-06-28 17:31:47
141368786,VM3327,Gillette Blue 2+ Plus Shaving Razor Pack of 5 Pieces,899,899,5,100,True,2026-09-06 08:38:18
143282234,Mirror-101,brightfarms Veal Mix Boti with Bones 1kg,1599,1599,1,8,True,2026-06-29 18:11:14
146639467,r1vf-11149,Velvetti Praline Dairy Ice Cream 1300ml,920,1150,1,0,True,2026-09-05 08:19:25
141427958,mirror27,BrightFarms Fresh Cucumber (Kheera) 1kg (Consume by Today),143,143,1,0,True,2026-08-05 12:12:42
115741879,mirror-115,brightfarms fresh tomato (Timatar) 1Kg (Mix Sizes) (Consume by Today),87,87,10,0,True,2026-06-27 11:49:06
115741893,mirror-147,Bottle Gourd Long (Lambi Lauki) 500 g (Consume by Today),41,41,1,0,True,2026-06-27 17:27:14
146639930,r1vf-11150,Walls Viennetta Stick Ice Cream 90ml,96,120,12,0,True,2026-07-16 11:51:34
115741891,mirror-145,Spinach (Palak) 500 g (Consume by Today),49.7,71,9,0,True,2026-08-14 11:12:12
115950053,r1vf-2155,Crunchitos Cheddar Jalapeno Nacho Chips 32g,80,80,11,8,True,2026-09-06 08:36:42
115950058,r1vf-2394,Crunchitos Nacho Chips Peri Peri 32g,80,80,8,8,True,2026-09-06 08:36:42
115950061,r1vf-2397,Crunchitos Texas BBQ Baked Nacho Chips 32g,80,80,4,8,True,2026-09-06 08:36:42
115950055,r1vf-2159,Crunchitos Blue Heat Baked Nacho Chips 1 Unit,80,80,6,8,True,2026-09-06 08:36:42
115950069,r1vf-2156,Crunchitos Habanero Chilli Limon Nacho Chips 32g,80,80,6,8,True,2026-09-06 08:36:42
115950060,r1vf-2396,Crunchitos Nacho Chips Spicy Sweet Chilli 32g,80,80,14,8,True,2026-09-06 08:36:42
115950059,r1vf-2395,Crunchitos Nacho Chips Spicy Nacho Cheese 32g,80,80,1,8,True,2026-09-05 13:24:40
115950065,r1vf-2408,Crunchitos Nacho Chips Peri Peri 75g,150,150,21,8,True,2026-09-06 08:36:42
115950064,r1vf-2407,Crunchitos Nacho Chips Nacho Spicy Cheese 75g,150,150,5,8,True,2026-09-06 08:36:42
115950067,r1vf-2410,Crunchitos Nacho Chips Spicy Sweet Chilli 75g,150,150,5,8,True,2026-09-06 08:36:42
115950062,r1vf-2398,Crunchitos Nacho Chips Blue Heat 75g,150,150,18,8,True,2026-09-06 08:36:42
115950054,r1vf-2157,Crunchitos Cheddar Jalapeno Nacho Chips 75g,150,150,19,8,True,2026-09-06 08:36:42
115950066,r1vf-2409,Crunchitos Nacho Chips Spicy Nacho Cheese 75g,150,150,11,8,True,2026-09-06 08:36:42
115950068,r1vf-2411,Crunchitos Nacho Chips Texas BBQ 75g,150,150,15,8,True,2026-09-06 08:36:42
115950070,r1vf-2158,Crunchitos Habanero Chilli Limon Nacho Chips 75g,150,150,4,8,True,2026-09-06 08:36:42
141374957,h1ei-821,Salted Almond 100g,334,668,1,0,True,2026-08-13 05:47:51
146639488,r1vf-11151,Wall's Twister Island Mini 50ml,64,80,31,0,True,2026-09-06 08:37:23
115741898,mirror-157,BrightFarms Fresh Onion (Pyaz) 3 kg Bag (Consume by Today),267,267,1,0,True,2026-07-17 17:31:36
115741897,mirror-154,BrightFarms Fresh Potato (Aalu) 3 kg Bag (Consume by Today),87.5,125,1,0,True,2026-08-17 16:44:30
115741894,mirror-148,Brightfields Fresh Potato (Aalu) 1 kg (Consume by Today),45,45,5,0,True,2026-07-11 14:34:54
115741887,mirror-137,Brightfields Fresh Onion (Pyaz) 1 kg (Consume by Today),95,95,20,0,True,2026-07-11 14:34:54
145168131,X9HKOE,Fruitamins Condensed Milk 1Kg,750,750,20,0,True,2026-09-06 08:32:48
142265290,W3GJTK,FRUITAMINS SWEET CORN 184 GM  (Easy Open) (Imported),265,265,12,100,True,2026-09-06 08:33:25
115894569,RRDXUR,Fruitamins Red Kidney Beans 400gm,430,430,22,0,True,2026-09-06 08:33:25
144305605,74JC0M,Fruitamins Sliced Mushroom 380g,440,440,16,0,True,2026-09-06 08:33:25
141372712,MN2O68,Fruitamins Fruit Cocktail 227Gm,450,450,22,6,True,2026-09-06 08:33:25
144305527,AKHSZG,FRUITAMINS FRUIT COCKTAIL 836 GM (philpine) (Imported),880,880,12,0,True,2026-09-06 08:33:25
144305552,F9DRSB,FRUITAMINS FRUIT COCKTAIL 227 GM (Thai),380,380,5,0,True,2026-09-06 08:33:25
115894574,ZSLNW1,Glinter Soft Drink Blueberry 350ml,450,450,16,0,True,2026-09-06 08:33:45
115894570,EXZVZR,Glinter Sparkling Water Pink Guava 350ml,382.5,450,23,0,True,2026-09-06 08:33:45
115894572,SOMX81,Glinter Sparkling Drink Lemon Flavor 350ml,450,450,16,0,True,2026-09-06 08:33:45
115894577,PQDX0K,Glinter Soft Drink Orange 350ml,382.5,450,20,0,True,2026-09-06 08:33:45
115894579,Y5RHM2,Glinter Sparkling Drink Lychee Flavor 350ml,450,450,14,0,True,2026-09-06 08:33:45
115894571,C1018H,Glinter Soft Drink Kiwi 350ml,382.5,450,18,0,True,2026-09-06 08:33:45
115894573,BD7EB9,Glinter Sparkling Mango 350ml MY,382.5,450,22,0,True,2026-09-06 08:33:45
115894575,QKA9N2,Glinter Sparkling Drink Peach Flavor 350ml,382.5,450,23,0,True,2026-09-06 08:33:45
115894578,4QXJ60,Glinter Sparkling Drink Green Apple Flavor 350ml,450,450,24,0,True,2026-09-06 08:33:45
115894581,XWM6FN,Glinter Juice Grapefruit (Zero Sugar) 350ml,450,450,19,0,True,2026-09-06 08:33:45
115894580,8DF8Y6,Glinter Juice Coconut (Zero Sugar) 350ml,450,450,11,0,True,2026-09-06 08:33:45
115894582,CRT75I,Glinter Juice Passion Fruit (Zero Sugar) 350ml,450,450,19,0,True,2026-09-06 08:33:45
115894583,T4XX8A,Glinter Juice Yuzu (Zero Sugar) 350ml,450,450,14,0,True,2026-09-06 08:33:45
144305530,N1V8WG,Yopokki Halal Cup Rice Cake Spicy 120g,715,715,1,0,True,2026-09-06 08:35:03
145926308,571K0Y,Frey Air Freshener Aseel 300ml,279,310,2,0,True,2026-09-06 08:40:20
115741905,mirror-220,Brightfields Fresh Apple Shinkulu 1 kg (Consume by Today),389,389,1,0,True,2026-06-30 15:42:06
115741892,mirror-146,Bright Farms Sweet Potato (Shakarkandi) 1kg (Consume by Today),146.3,209,1,0,True,2026-08-19 13:58:56
115894576,OYMYI6,Glinter Sparkling Drink Strawberry Flavor 350ml,450,450,10,0,True,2026-09-06 08:33:45
141371972,7CZL83,Eurocake Jumbo Swiss Roll Strawberry 1 Unit,210,210,1,50,True,2026-09-06 08:36:42
143347254,9R21F4,Eurocake Jumbo Swiss Roll Double Chocolate 1 Unit,210,210,27,50,True,2026-09-06 08:36:42
141371973,M5N5FK,Eurocake Jumbo Swiss Roll Vanilla 1 Unit,189,210,10,50,True,2026-09-06 08:36:42
145721699,r1vf-3197,Kuvvet Rolled & Flaked Barley Porridge 100g,185,185,3,9,True,2026-09-06 08:33:05
145721703,r1vf-3193,Kuvvet Rolled & Flaked Wheat Porridge 100g,130,130,4,0,True,2026-09-06 08:33:05
145721706,r1vf-3190,Kuvvet Rolled & Flaked Wheat Porridge 300g,345,345,5,9,True,2026-09-06 08:33:05
145721704,r1vf-3192,"Kuvvet Whole Grain Wheat Porridge, 175g",210,210,6,0,True,2026-09-06 08:33:05
145721705,r1vf-3191,Kuvvet Rolled & Flaked Wheat Porridge 250g,290,290,4,0,True,2026-09-06 08:33:05
145721701,r1vf-3195,Kuvvet Rolled & Flaked Barley Porridge 250g,440,440,7,9,True,2026-09-06 08:33:05
145721702,r1vf-3194,"Kuvvet Whole Grain Barley Porridge, 300g",525,525,5,9,True,2026-09-06 08:33:05
145721700,r1vf-3196,"Kuvvet Nutribond Rolled Flaked Barley Porridge, 175g",290,290,2,0,True,2026-09-06 08:33:05
115950057,r1vf-2393,Crunchitos Nacho Chip & Cheese 32g,80,80,7,8,True,2026-09-06 08:36:42
115950056,r1vf-2392,Crunchitos Nacho Chips Flaming Heat 32g,80,80,3,8,True,2026-09-06 08:36:42
115950063,r1vf-2399,Crunchitos Nacho Chips Flaming Heat 75g,150,150,28,8,True,2026-09-06 08:36:42
141368922,X7J69C,Ideal Irani Dates 500gm,382.5,450,1,4,True,2026-08-02 09:17:21
141427934,mirror3,(Consume by Today) brightfarms Beef Mince 500g,929,929,1,0,True,2026-07-02 12:30:49
141373767,Z01WPH,BrightFarms Fresh Banana ( 2 pcs ) (Semi-Ripe Yellows with some Black Sugar Spots),65,65,1,20,True,2026-07-02 18:08:26
141372603,0OJB97,(Consume by Today) brightfarms Sindhri mango box 1kg-1.25Kg,2699,2699,3,100,True,2026-07-02 18:08:26
141369049,X28DS2,(Consume by Today) brightfarms Chaunsa Mango 1kg,749,749,3,100,True,2026-07-02 18:08:26
141939922,r1vf-3611,Samyang Kimchi Ramen Noodle 120g,474.05,499,2,8,True,2026-08-04 17:55:45
115954375,L9K7ZR,Whipy_Whip Cream 500g (00001),620,620,3,100,True,2026-07-10 07:42:48
141372152,L03RNM,Horlicks Chocolate Flavour Jar 400g,1599,1599,20,5,True,2026-09-06 08:32:48
115954378,S5F30B,MENTOS CANDY ROLL MINT 14GM (Imported),120,120,24,0,True,2026-09-06 08:36:42
115954376,P51HZT,MENTOS CANDY ROLL FRUIT 14GM (Imported),120,120,1,0,True,2026-08-25 16:45:56
115954377,BAAH7K,MENTOS CANDY ROLL RAINBOW 14GM (Imported),120,120,2,0,True,2026-08-25 10:43:00
141375610,virtual-1228,Crest Xtra Fresh + Strong Teeth Paste 100g,650,650,1,8,True,2026-09-06 08:38:18
115810745,7DB7CV,Dorco Disposable Razor 5 Pieces,249,249,2,0,True,2026-09-06 08:38:18
115810744,V4HG36,Gillette Venus Simply Basic Pouch Razor 4 Pieces,899,899,14,0,True,2026-09-06 08:38:18
115810746,4HQ5TU,Gillette Blue II Plus Disposable Razor 10 Pieces,799,799,5,0,True,2026-09-06 08:38:18
141371953,2K849L,Caresse Naturals Hand Wash (Relaxing) 450ml,300,300,7,100,True,2026-09-06 08:38:18
141372418,30W0IF,Caresse Naturals Sunset Escape Hand Wash (Antibacterial) 450ml,255,300,3,0,True,2026-09-06 08:38:18
141368827,IO6412,Gillette Blue 3 System Cartridge Razor 6 Pieces (ZM Opened & Checked),3899,3899,10,100,True,2026-09-06 08:38:18
141369850,A7E046,Gillette Blue 3 Comfort Disposable Razor Bag of 3 Pieces,999,999,2,100,True,2026-09-06 08:38:18
141375361,r1vf-2254,Zeekos BBQ Flavor Large,550,550,3,0,True,2026-07-07 18:11:12
115741890,mirror-143,Green Chilli Thick 250g (Consume by Today),27.3,39,1,0,True,2026-09-05 18:11:36
146564056,r1vf-9830,Bisconni Rite Vanilla Snack Pack,320,320,4,0,True,2026-07-26 09:21:57
141376621,MK990V,Dawn Mini Muffin Mango Box 240g,260,260,1,6,True,2026-09-06 08:36:42
145905612,r1vf-11062,Express Power Bar 200g,70,70,3,0,True,2026-09-06 08:40:20
145905613,r1vf-11028,Express Power Bar 380g,135,135,2,0,True,2026-09-06 08:40:20
115741886,mirror-136,BrightFarms Capsicum Green (Shimla Mirch) 500g (Consume by Today),77,77,7,0,True,2026-07-31 07:01:22
141372192,MWJRC2,(Consume by Today) brightfarms Langra Mango 1kg,599,599,1,100,True,2026-07-09 18:13:56
145448836,r1vf-2875,Fitlicious Apricot Fig Muesli 90g - No Added Sugar,590,590,30,8,True,2026-09-06 08:33:05
142744611,r1vf-8030,Doughstory Vanilla Cupcake (12 Pieces) 204g,240,240,1,8,True,2026-08-26 16:55:48
141385660,M370L0,brightfarms Apple Gacha 1kg�,499,499,15,100,True,2026-09-06 08:41:48
141371802,7T56A1,Nivea Deodorant Roll On Men Fresh Active 50 ml,549,549,20,100,True,2026-09-06 08:38:42
141371803,6N494U,Nivea Deodorant Roll On Women Dry Comfort 50ml,549,549,19,100,True,2026-09-06 08:38:42
145560765,8IPD0G,Koka Spicy Prawn Instant Noodles 85g,288,320,30,1,True,2026-09-06 08:35:03
145560773,PQUX66,Koka Buff Flavour Noodle 90G,693,770,12,1,True,2026-09-06 08:35:03
145560775,AVA3VQ,Koka Bowl Noodle Tom Yum 90g,693,770,12,1,True,2026-09-06 08:35:03
145560764,HGUJ35,Koka Pepper Crab Noodles 85g,288,320,30,1,True,2026-09-06 08:35:03
141375163,r1vf-2134,Miaow Miaow Flame Curry B.B.Q Prawn Crackers 1 Unit,399.2,499,28,50,True,2026-09-06 08:36:42
141375183,virtual-128,Eurocake Jumbo Croissant Honey 1 Unit,210,210,10,50,True,2026-09-06 08:36:42
141372250,B24DVK,Meaoon Cat Litter Lemon 5 Ltr (Imported),999,999,5,0,True,2026-09-06 08:41:08
141372252,G0J2EW,Meaoon Cat Litter Coffee 5 Ltr (Imported),999,999,1,100,True,2026-08-06 12:16:04
141372248,5Y70C1,Meaoon Cat Litter Original 5 Ltr (Imported),999,999,1,100,True,2026-08-06 12:16:04
141372251,A7U4B4,Meaoon Cat Litter Apple 5 Ltr (Imported),999,999,6,100,True,2026-09-06 08:41:08
141372249,XOA455,Meaoon Cat Litter Lavendat 5 Ltr (Imported),953,953,2,0,True,2026-07-24 15:11:47
142744603,r1vf-8022,Doughstory Biscuit Rusk 200g,220,220,1,8,True,2026-08-01 11:21:25
141374067,r1vf-369,Black Cumin (Kala Zeera)  100g,454.1,478,2,5,True,2026-09-06 08:35:24
141375114,r1vf-1874,Innovative Tooo Gud Egg & Milk Cookies Munch Pack (Rs 20) 432g,240,240,6,8,True,2026-08-21 16:44:19
141376411,2CV5FN,Dawn Muffin Mango Box 210g,250,250,1,100,True,2026-08-25 16:45:56
141376415,3184X4,Dawn Muffin Pineapple Box 210g,250,250,1,0,True,2026-09-02 08:41:16
144305532,NL5ZRA,Ovaltine 400g,1399,1399,8,0,True,2026-09-06 08:33:05
146339145,virtual-360,Mara Italian Goodness Red Kidney Beans 400g,350,350,22,8,True,2026-09-06 08:33:25
142449858,NB4QZI,Nescafe Classic Coffee 200g,2799,2799,3,0,True,2026-09-06 08:35:48
146971602,2BGF0U,NIVEA Extra Bright Radiant & Smooth Body Lotion - 100 ml,599,599,36,0,True,2026-09-06 08:38:18
146971635,1CBITD,St. Lves Apricotglowing Daily Facial Cleanser 200ml,999,999,20,0,True,2026-09-06 08:38:18
146971631,GU57P1,Closeup Menthol Paradise Toothpaste Gel 90g,350,350,46,0,True,2026-09-06 08:38:18
146971632,71UBPP,Closeup Dentifrice Peppermint Drops 90g,297.5,350,54,0,True,2026-09-06 08:38:18
146971633,0UNYDZ,Closeup Toothpaste Original Red 90g,297.5,350,43,0,True,2026-09-06 08:38:18
146971623,virtual-918,Tropicana Slim Stevia Diet Sticks 75g,1299,1299,22,8,True,2026-09-06 08:42:04
141376620,O96P1L,Dawn Mini Muffin Vanilla Box 240g,260,260,1,6,True,2026-08-26 16:55:48
141375887,r1vf-3800,Mack Fries Straight Regular (9x9)mm 1kg,940,940,2,8,True,2026-09-01 09:22:39
141375899,r1vf-3812,Mack Fries Shoestring (7 x 7)mm 1kg,850,850,1,8,True,2026-09-05 08:19:50
141375971,r1vf-3823,Grin Whole Wheat Paratha (5 Pieces) 350g,349,349,3,8,True,2026-09-06 08:37:41
141375894,r1vf-3807,Grin Garlic Naan (3 Pieces),399,399,11,8,True,2026-09-06 08:37:41
141375896,r1vf-3809,Grin Plain Paratha (5 Pieces),310,310,5,8,True,2026-09-06 08:37:41
141375902,r1vf-3815,Grin Lacha Paratha (4 Pieces),420,420,6,8,True,2026-09-06 08:37:41
141375905,r1vf-3818,Grin Potato Paratha (3 Pieces),399,399,6,8,True,2026-09-06 08:37:41
115992157,r1vf-1994,Sweepy Power Clean Lavender Toilet Bowl Cleaner 500ml,279.45,345,1,0,True,2026-08-05 15:27:57
115992156,r1vf-1993,Sweepy Power Clean Lemon Toilet Bowl Cleaner 500ml,310.5,345,1,0,True,2026-09-06 08:40:20
115992155,r1vf-1992,Sweepy Power Clean Rose Toilet Bowl Cleaner 500ml,310.5,345,2,0,True,2026-09-06 08:40:20
141375078,r1vf-1836,Innovative Goodies Lemon Mini Half Roll Box,156,240,11,8,True,2026-09-01 09:21:10
141375088,r1vf-1847,Innovative Crust Choco Roll Snack Pack Box,240,240,14,8,True,2026-08-08 16:44:07
141372694,D6OU02,Caresse Ultra Care Skin Repairing & Soothing Lotion 200ml,446.25,525,5,0,True,2026-09-06 08:38:18
145926311,5I0FA2,Krone Tropical Splash Shower Gel 600ml,1056,1200,12,100,True,2026-09-06 08:38:18
142265281,59183V,Arizona Fields Pizza Cheese Slices 200 g.,810,810,1,0,True,2026-09-06 08:32:48
144305550,r1vf-5063,Arizona Fields Coconut Milk 400ml,485,485,16,6,True,2026-09-06 08:33:25
145927187,8W896X,Fox's Coffee World Oval Flowrap 90g,399,399,24,100,True,2026-09-06 08:36:42
141376659,MBDCRH,Davidoff Espresso 57 Instant Coffee 100g,2850,2850,1,0,True,2026-09-05 18:05:27
145927202,VCDRN6,Fox's Coffee World 90g,399,399,22,0,True,2026-09-06 08:36:42
141370803,LE1GJB,Murree Brewery's Bigg Lychee 300ml,50,50,2,6,True,2026-07-24 09:26:01
141370804,97TS71,Murree Brewery's Bigg Lychee 500ml,83,83,4,6,True,2026-07-29 12:06:03
146885148,r1vf-6075,Korneez Original Salted Peanuts Rs. 90,110,110,40,8,True,2026-09-06 08:36:42
146971603,XWLR84,Nivea Body Lotion Repair & Protect 100ml,599,599,41,0,True,2026-09-06 08:38:18
146971626,WK91HA,Vaseline Lip Therapy Petroleum Jelly Rosy Lips 10g,599,599,1,0,True,2026-07-24 15:09:08
146885149,r1vf-6076,Korneez Cheese Pufferz Rs. 90,110,110,45,8,True,2026-09-06 08:36:42
141368509,7TFC38,Finis Daily Mop Phenyl Concentrate Bottle 225ml,745,770,21,0,True,2026-09-06 08:40:20
146954229,8000106962,Mr Muscle Multi Purpose Cleaner (3in1) Lavender Scent 1L,1000,1100,12,0,True,2026-09-06 08:40:20
146954228,8000106961,Mr Muscle Multi Purpose Cleaner (3in1) Floral Scent 1L,1000,1100,12,0,True,2026-09-06 08:40:20
141368505,8QN122,Finis Mik Liquid Purple Bottle 800ml,1275,1400,12,0,True,2026-09-06 08:40:20
116130812,P0PA1W,Butterfly Breathables Organic Cotton Extra Long Pads 10 Pieces,450,450,15,0,True,2026-09-06 08:38:18
116130807,H4LUVS,Butterfly Ultra Thin Long 16 Pieces,680,680,1,0,True,2026-09-06 08:38:18
116130810,N8Y68F,Butterfly Ultra Thin X-Long 14 Pieces,680,680,11,0,True,2026-09-06 08:38:18
141375447,r1vf-3002,Quaker White oats 200gm,300,300,34,0,True,2026-09-06 08:33:05
141372327,FWAUUI,Familia Facial Tissue 2 Ply 550 Pieces,425,425,2,100,True,2026-09-06 08:38:18
146946156,1E8L5Q,Mito Premium Adult Cat Food with Chicken | 1kg,1699,1699,7,100,True,2026-09-06 08:41:08
146946157,RBS35V,BonaCibo Kitten Chicken | 1.5kg,4299,4299,10,100,True,2026-09-06 08:41:08
146946161,OFRZ1Q,Wanpy Cat Wet Food for Adult Cats with Chicken and Codfish in Pouches 85g,270,270,11,100,True,2026-09-06 08:41:08
146946160,KC6T5T,Wanpy Cat Wet Food for Adult Cats with Chicken and Scallop Pieces in Pouches 85g,270,270,16,100,True,2026-09-06 08:41:08
146946158,FNP414,BonaCibo Adult Cat Chicken | 2kg,4299,4299,10,100,True,2026-09-06 08:41:08
145166324,Y5E1HW,Mito Premium Kitten Food with Chicken 1kg,1799,1799,11,100,True,2026-09-06 08:41:08
146946159,CE248T,Josera Catelux Cat 2Kg,5399,5399,1,100,True,2026-09-06 08:41:08
141372660,A814Z4,brightfarms Sweet Lime (Mitha) 500g,99,99,6,0,True,2026-09-06 08:41:48
141373173,I70J56,Josh Condoms Classic 4 Pieces,90,120,1,100,True,2026-07-29 09:47:20
141369592,7W9431,Whiskas Chicken 400G,1199,1199,1,100,True,2026-09-06 08:41:08
116138410,58G9T1,Marlboro heater lighter,149,149,1,0,True,2026-08-26 17:00:44
141369819,VZ0Q40,Farm Fresh Omega 3 Eggs 12 Pieces,530,530,7,100,True,2026-09-06 08:33:05
141369821,ACYWIK,Farm Fresh Classic Eggs 12 Pieces,370,370,2,100,True,2026-09-06 08:33:05
141369822,1TKOUQ,Farm Fresh Classic Eggs 6 Pieces,190,190,9,100,True,2026-09-06 08:33:05
141369820,A58JUI,Farm Fresh Golden Eggs 12 Pieces,470,470,13,100,True,2026-09-06 08:33:05
141369827,5QPAW2,Farm Fresh Omega 3 Eggs 6 Pieces,270,270,7,100,True,2026-09-06 08:33:05
141369825,71C293,Farm Fresh Golden Eggs 6 Pieces,240,240,6,100,True,2026-09-06 08:33:05
141375151,r1vf-1982,Farm Fresh Brown Eggs 12 Pieces,490,490,6,8,True,2026-09-06 08:33:05
141375150,r1vf-1981,Farm Fresh Brown Eggs 6 Pieces,250,250,4,8,True,2026-09-06 08:33:05
146564058,r1vf-9832,Bisconni Chocolatto Original Snack Pack,320,320,12,0,True,2026-09-06 08:36:42
143088631,4FP84Z,Zam Zam Irani Dates 500 g,405,450,1,0,True,2026-08-03 07:40:06
141690094,676201,KNORR BBQ SAUCE 400G,223.2,240,65,4,True,2026-08-26 16:54:25
144091646,H100315,Hico Cookie Crave Ice Cream Sandwich 1 Piece,225,225,42,8,True,2026-09-06 08:37:23
146971640,BBT4PQ,Tropicana Slim Sweet Honey Stevia Sweetener (50 Sachets) 100g,1035,1150,23,0,True,2026-09-06 08:33:05
146971639,W1U5IX,Tropicana Slim Sweet Honey Stevia Sweetener Sachet 100 x 2g,1845,2050,23,0,True,2026-09-06 08:33:05
146971641,E5YILT,"Tropicana Slim Sugar-Free Honey, 350ml",1889.1,2099,12,0,True,2026-09-06 08:33:05
146971597,I2G7QW,Private Club Coffee French Vanilla 50g (Imported),730,730,16,100,True,2026-09-06 08:35:48
146971600,3H2Y6F,Private Club Coffee Caramel 50g (Imported),730,730,19,100,True,2026-09-06 08:35:48
146971598,N1Q415,Private Club Coffee Hazelnut 50g (Imported),730,730,15,100,True,2026-09-06 08:35:48
146971599,X8R507,Private Club Coffee Espresso 50g,730,730,20,100,True,2026-09-06 08:35:48
146971642,MTGCNH,Tropicana Slim Stevia Sweetener Refill Pack 250g,1395,1550,9,0,True,2026-09-06 08:35:48
141369566,85J8GT,Bold Deo Moisturizing Soap 135Gm Noir,172.5,230,1,0,True,2026-07-26 11:29:50
146901068,r1vf-1957,Bold Blaze Body Spray 120ml,800,800,6,20,True,2026-09-06 08:38:42
146971595,5MX24O,"Deva Baby Food Apple, Pear & Raspberry 7+ Months 200g",750,750,7,100,True,2026-09-06 08:39:06
141369552,RIF5CX,Scrub Shine Spiral Large Single,150,150,2,20,True,2026-09-06 08:40:20
146901065,r1vf-1941,Scrub Shine Scouring Pad Regular 1 Piece,45,45,4,20,True,2026-09-06 08:40:20
146901066,r1vf-1939,Scrub Shine Stainless Steel Spiral 12 Packets,880,880,12,20,True,2026-09-06 08:40:20
145573812,IFZJPD,Whiskas 1+ Meaty Meals in Gravy 85g,3099,3099,12,0,True,2026-09-06 08:41:08
145573811,I6WQMV,Whiskas Kitten Mixed Menu Jelly,3099,3099,1,0,True,2026-09-05 18:11:02
145928036,075UAQ,Whiskas 1+ Tastymix Chef's Choice 12 x 85g,3099,3099,9,0,True,2026-09-06 08:41:08
145928037,NKI5X7,Whiskas 1+ Poultry Feasts Adult Wet Cat Food Pouches in Gravy 12 x 85g,3099,3099,1,0,True,2026-09-01 09:25:32
145928038,VCRCO2,Whiskas 1+ Fish Favourites in Jelly 12pcs x 85g,3099,3099,11,0,True,2026-09-06 08:41:08
146971618,2TPBDZ,Tropicana Slim Stevia Sweetener Diet Sticks 25 Pieces,799,799,20,0,True,2026-09-06 08:42:04
146971622,virtual-898,Tropicana Slim Stevia Sweetener 50 Pieces 125g,1199,1199,24,8,True,2026-09-06 08:42:04
146971624,virtual-1054,Tropicana Slim Stevia Sweetener 250g,2195,2195,11,8,True,2026-09-06 08:42:04
146971617,MN8J0N,Tropicana Slim Stevia with Chromium (25 Pieces) 62.5g,637.5,750,24,0,True,2026-09-06 08:42:04
141376139,r1vf-4067,(Consume by Today)brightfarms Sapodilla -Chiku (Pakistan) 500g,199,199,2,8,True,2026-07-26 11:33:39
146971610,NX067E,Deva Organic Strawberry & Apple (6+ Months) 200g,750,750,3,0,True,2026-09-06 08:33:45
146831930,r1vf-6054,LU Bakeri Nankhatai Snack Pack 8 Pieces,380,400,16,8,True,2026-08-29 17:06:12
141370254,M675E7,Chupa Chups Lolli Pops 12g (999),50,50,88,100,True,2026-09-06 08:36:42
141374743,r1vf-1475,Capri-Sun Orange 200ml,280,280,4,8,True,2026-08-12 14:25:31
141374855,r1vf-1637,Capri-sun Juice Strawberry 200ml,280,280,4,8,True,2026-08-14 08:20:54
146971636,26GH3P,Gillette Sensitive Shaving Foam 200ml,1050,1050,1,1,True,2026-08-30 10:00:02
146971609,7VNR2X,Deva Organic Apple Strawberry & Banana 190g,750,750,12,0,True,2026-09-06 08:33:45
146971637,5N5JMB,Milna Baby Biscuit Banana 130g,660,660,9,1,True,2026-09-06 08:36:42
141370842,J2B8KL,Nivea Shower Gel 250Ml Energy,750,750,7,6,True,2026-09-06 08:38:18
146831931,r1vf-6055,Zeera Plus Cumin Snack Pack 8 Pieces,360,400,6,8,True,2026-08-15 16:36:21
147334196,PCI-001,7Up PET 1.5l + Shan Pilau Biryani Masala 45g,280,350,37,2,True,2026-09-06 08:35:24
147334205,PCI-002,Pepsi PET 1.5l + Shan Pilau Biryani Masala 45g,280,350,33,2,True,2026-09-06 08:35:24
147334208,PCI-006,Pepsi PET 1.5l + Shan Sindhi Biryani Masala 55g,280,350,33,2,True,2026-09-06 08:35:24
147334207,PCI-005,7Up PET 1.5l + Shan Sindhi Biryani Masala 55g,280,350,37,2,True,2026-09-06 08:35:24
147334202,PCI-004,7Up PET 1.5l +  brightfarms Mint Leaves (Podina) 1 Bunch,172,215,37,2,True,2026-09-06 08:41:48
147334199,PCI-003,7Up PET 1.5l + brightfarms Lemon - Desi Nimbu (Pakistan) 250g,231.2,289,10,2,True,2026-09-06 08:41:48
147275430,TY9MMX,Vaseline Body Lotion Healthy White 100ml,399,399,2,100,True,2026-09-06 08:38:18
141370324,BF6GE3,Himalaya Face Wash 100Ml Clear Complexion,680,680,9,0,True,2026-09-06 08:38:18
141370327,ZO4D6X,Himalaya Fresh Start Face Wash Oil Clear Blueberry 100 ml,680,680,10,0,True,2026-09-06 08:38:18
141370319,L653IY,Himalaya Face Wash Aloe Vera 150 ml,820,820,10,100,True,2026-09-06 08:38:18
147275432,75G7KF,Vaseline Intensive Care Aloe Sooth Restores And Soothes Dry Skin 100 ml,399,399,2,100,True,2026-09-06 08:38:18
147275454,1FLM3X,Vaseline Healthy Bright SPF24 Lotion 100ml,399,399,4,0,True,2026-09-06 08:38:18
141370307,06K0IT,Himalaya Face Wash Oil Control Lemon 100ml,680,680,11,100,True,2026-09-06 08:38:18
141372184,4MQ4TO,Himalaya Charcoal Face Wash 100ml,680,680,8,100,True,2026-09-06 08:38:18
147275444,2568CM,Vaseline Intensive Care Dry Skin Repair Lotion,1399,1399,1,100,True,2026-08-25 10:46:53
147275439,FD7W03,Vaseline B.S Cocoa Butter Jelly South  100 ml,378,420,6,100,True,2026-09-06 08:38:18
147275436,5EVN6U,St. Ives Fresh Skin Apricot Scrub 170g,1050,1050,1,100,True,2026-09-06 08:38:18
141370331,960SU4,Himalaya Men Face Wash 100Ml Intense Oil Clear (ZM Opened & Checked),795,795,12,100,True,2026-09-06 08:38:18
147275468,OKFGZ4,Nivea Deodorant Roll-on Extra Whitening 50ml,549,549,6,0,True,2026-09-06 08:38:42
147275469,9W4ECG,Nivea Men Roll On Deep Dry & Clean 50mg,549,549,5,0,True,2026-09-06 08:38:42
147274433,A7DGHC,Fa Roll On Sport For Men 50ml (Imported),499,499,3,3,True,2026-09-06 08:38:42
141375238,r1vf-2081,Snakitos Premium Quality Banana Chips Flavoured Barbeque 1 Unit,400,400,50,8,True,2026-08-01 17:10:19
115741902,mirror-168,Cabbage Green (Bund Gobi) Per Piece (Consume by Today),29,29,8,0,True,2026-07-29 12:14:14
141369984,SXHBBD,Mundial Almond Oil Pure 100% Bottle 100Ml,490,490,36,100,True,2026-09-06 08:34:25
146945978,NEZL28,Hypro Soap Energetic 128g,100,100,5,0,True,2026-09-06 08:38:18
146945977,S4GMEO,Hypro Antibacterial Soap 128g,100,100,9,0,True,2026-09-06 08:38:18
146945976,KT6OMW,Hypro Extra Soap White 128g,100,100,10,0,True,2026-09-06 08:38:18
146945983,EVR104,Capri Antibacterial Tea Tree Hand Wash 1000ml,790,790,6,0,True,2026-09-06 08:38:18
146945981,A6ZYRH,Capri Hand Wash Aloe-Nurture 1000ml,790,790,6,0,True,2026-09-06 08:38:18
146945982,2VX5DF,Capri Hand Wash Strawberry Softners 1000ml,790,790,5,0,True,2026-09-06 08:38:18
146945979,HZGQXS,Hypro Hygiene Fresh Intense Fresh Soap 3 Pieces,280,280,7,0,True,2026-09-06 08:38:18
146945975,IZOHEA,Hypro Hygiene Extra Top Defence Soap 3 Pieces,280,280,10,0,True,2026-09-06 08:38:18
146945980,UXWBXB,Hypro Soap Energetic (Save Pack) 3 x 128g,280,280,9,0,True,2026-09-06 08:38:18
146971625,virtual-1290,Me-O Chicken With Rice & Tuna Adult Cat Food 80g,280,280,43,6,True,2026-09-06 08:41:08
146971615,BU4ZJQ,Me-O Cat (PCH) Sardine with Chicken & Rice | 80 g,252,280,32,0,True,2026-09-06 08:41:08
146971606,KF1T3G,ME-O Cat Food Chicken with Rice and Crab Stick 80g,252,280,36,0,True,2026-09-06 08:41:08
146971620,virtual-225,Me-O Cat (PCH) Tuna Topping White Fish | 80 g (00001),280,280,32,8,True,2026-09-06 08:41:08
146971608,virtual-212,Me-O Kitten Food Chicken Chunk in Gravy 80g,299,299,34,8,True,2026-09-06 08:41:08
146971614,4K5OWD,ME-O Cat Food Chicken with Rice and Carrot 80g,280,280,37,0,True,2026-09-06 08:41:08
146971621,virtual-556,Me-O Creamy Treats Salmon Flavor 4 x 15g,522,580,7,8,True,2026-09-06 08:41:08
145928025,O2SBUS,Dreamies Cat Food Crunchy Outside Irresistible Catnip Flavor 1 Unit,650,650,10,0,True,2026-09-06 08:41:08
146971607,virtual-226,Me-O Cat (PCH) Tuna with Chicken in Jelly | 80 g,252,280,32,8,True,2026-09-06 08:41:08
145928026,4FTUJ6,Dreamies Chicken 60g,650,650,19,0,True,2026-09-06 08:41:08
145928040,DG8OP2,Dreamies Cat Food Shakeups Multivitamin Seafood 55g,585,650,7,0,True,2026-09-06 08:41:08
146971627,AYD2B4,Purina Gourmet Perle Mini Gravy with Beef 85g,399,399,23,0,True,2026-09-06 08:41:08
145928047,MJHVEM,Dreamies Beef 1 Packet,585,650,8,0,True,2026-09-06 08:41:08
146971593,GEUNMK,Meo Cat Food 450Gm Sea Food Pouch,1079.1,1199,17,100,True,2026-09-06 08:41:08
145928039,BP8U2B,Dreamies Cat Food Shakeups Multivitamins Rockin Roost 55g,585,650,23,0,True,2026-09-06 08:41:08
146971630,DL8KFI,Whiskas Dentabites with Chicken 40g,650,650,12,0,True,2026-09-06 08:41:08
146971643,HBO75L,Felix Cat Food Goody Bag Seaside Mix 60g,550,550,23,0,True,2026-09-06 08:41:08
146971629,577YRJ,"Felix Goody Bag Original Chicken, Liver and Turkey Cat Treats 60g",550,550,9,0,True,2026-09-06 08:41:08
146971605,HFP3JK,Whiskas Temptations with Chicken & Cheese 60g,650,650,11,0,True,2026-09-06 08:41:08
145928052,IZPFC2,Purina Gourmet Savory Cake Chicken 85g,396,440,21,0,True,2026-09-06 08:41:08
146968784,83T55E,BUY 2 GET 1 - Lipton Green Mix Berries,600,600,1,0,True,2026-09-06 08:35:48
141371440,CQ9834,Bon Aroma Imported Coffee Gold 100g,1955,1955,5,100,True,2026-09-06 08:35:48
147330038,r1vf-8884,Mon Salwa Chicken Chapli Kabab Poly Pack (840g) 12 Pieces,970,970,1,0,True,2026-09-05 18:08:07
147330039,r1vf-8885,Mon Salwa Chicken Kofta Poly Pack (840g) 30 Pieces,970,970,2,0,True,2026-09-06 08:37:41
147159321,r1vf-6203,Peek Freans Smile Chocolate Donut Cakes 6 Pieces,324,360,20,8,True,2026-09-06 08:36:42
147159335,r1vf-6217,Peek Freans Cake Up Strawberry Cupcakes 12 Pieces,324,360,18,8,True,2026-09-06 08:36:42
147159322,r1vf-6204,Peek Freans Smile Strawberry Donut Cakes 6 Pieces,324,360,4,8,True,2026-09-06 08:36:42
147159312,r1vf-6194,Peek Freans Gluco Teddy Strawberry Cakes 8 Pieces,360,400,14,8,True,2026-09-06 08:36:42
147159324,r1vf-6206,Peek Freans Sooper Soft Bakes Plain Cake 12 Pieces,432,480,10,8,True,2026-09-06 08:36:42
147159347,r1vf-4197,Peek Freans Whole Wheat Biscuits 12 Pieces,90,100,15,8,True,2026-09-06 08:36:42
147159346,r1vf-4196,Peek Freans Whole Wheat Sugar Free Biscuits 12 Pieces,90,100,4,8,True,2026-09-06 08:36:42
147159348,r1vf-4198,Peek Freans Whole Wheat Sugar Free Snack Packs 12 Pieces,324,360,16,8,True,2026-09-06 08:36:42
147275497,4J5GEF,Dove Soap Sensitive Skin 90gm,399,399,1,0,True,2026-08-26 16:58:10
147275496,0AOJ9M,Dove Relaxing Beauty Cream Bar with Coconut Milk 90g,399,399,5,0,True,2026-09-06 08:38:18
147275462,22L1QJ,Nivea Soft Moisturizing Cream 100ml,750,750,7,0,True,2026-09-06 08:38:18
147275447,D58XO8,Vaseline L.T Aloe Lip Balm Poland 20g ,450.5,530,3,100,True,2026-09-06 08:38:18
147275470,ILPPLX,Nivea Brightening Silk Touch Roll On 50ml,549,549,24,0,True,2026-09-06 08:38:42
147275471,6BV3AZ,Nivea Roll on Women Whitening Happy Shave 50ml,549,549,22,0,True,2026-09-06 08:38:42
147275467,49QNJP,Nivea Men Black & White Invisible Roll-on 50ml,549,549,4,0,True,2026-09-06 08:38:42
147275472,WUZ0R8,Nivea Black & White Invisible Clear Roll On 50ml,549,549,1,0,True,2026-09-06 08:38:42
147275458,26WXGF,Dove Baby Bathing Sensitive Fragrance Free Moisture Soap 90g,370,370,3,0,True,2026-09-06 08:39:06
147275459,HAX52A,Dove Baby Bathing Sensitive Rich Moisture Soap 90g,370,370,5,0,True,2026-09-06 08:39:06
147275479,YZS02G,Dove Baby Hair to Toe Wash Rich Moisture 400ml,1500,1500,1,1,True,2026-08-18 13:56:00
145928034,IQNB30,Purina Gourmet Cat Food Chunks 85g,399,399,15,0,True,2026-09-06 08:41:08
147159323,r1vf-6205,Peek Freans Smile Triple Chocolate Donut Cakes 6 Pieces,540,600,15,8,True,2026-09-06 08:36:42
147159330,r1vf-6212,Peek Freans Cake Up Milky Chocolate Cupcakes 12 Pieces,324,360,13,8,True,2026-09-06 08:36:42
147271712,r1vf-111595,Cadbury Moro Chocolate (Rs. 100) 42g,100,100,91,8,True,2026-09-06 08:37:01
147271711,r1vf-111594,Cadbury Moro Chocolate (Rs. 50) 20g,50,50,127,8,True,2026-09-06 08:37:01
147271713,r1vf-111596,Cadbury Dairy Milk Wafer Bar (Rs. 50) 1 Unit,50,50,121,8,True,2026-09-06 08:37:01
141375235,r1vf-2078,Snakitos Coco Choco Biscuits with Inside Chocolate 1 Unit,225,225,24,0,True,2026-08-01 17:10:19
141376584,ZA2RY9,Dawn Muffin Strawberry Box 210g,250,250,1,0,True,2026-09-01 09:21:10
147275464,HD22RQ,Nivea Men Bright 8H Oil Clear Anti Shine + Purify Foam - 100ml,850,850,12,0,True,2026-09-06 08:38:18
141373448,ICFUTU,brightfarms Black Grapes Kala Angoor 500g,599,599,3,0,True,2026-09-06 08:41:48
141793521,GL1Y63,brightfarms Toffee Grapes (Baluchistan) 500g,589,589,3,15,True,2026-09-06 08:41:48
147447276,38UB4I,brightfarms Grapefruit (Punjab) Per Piece,69,69,4,20,True,2026-09-06 08:41:48
116130811,6LE0UO,Butterfly Breathables Organic Cotton Long Pads 10 Pieces,430,430,19,0,True,2026-09-06 08:38:18
147330040,r1vf-8886,Mon Salwa Chicken Fries Poly Pack 1kg,999,999,1,0,True,2026-08-23 07:42:48
147447277,qjk4-7,Brightfarms Guava mix quality 500g,269,269,1,6,True,2026-09-06 08:41:48
116025457,r1vf-10681,Morven Cigarette 1 Packet,250,250,13,10,True,2026-09-06 08:37:59
115741885,mirror-133,Brinjal Round (Gol Baingan) 500g (Consume by Today),32.9,47,2,0,True,2026-08-10 11:25:01
115741882,mirror-128,Ridge Gourd (Torayi) 500 g (Consume by Today),77,110,1,0,True,2026-08-28 16:37:51
147151585,7QR5P8,Mister Potato Crisps Ghost Pepper Black 45g,350,350,14,0,True,2026-08-15 16:36:21
147151584,K9XVSY,Mister Potato Chips Original 40g,320,320,18,0,True,2026-08-21 16:44:19
147151581,RAGHU5,Mister Potato Crisps Sour Cream & Onion 45g,320,320,15,0,True,2026-09-05 18:06:10
147151580,3GH8KF,Mister Potato Cheese Can 40g,320,320,16,0,True,2026-08-16 16:36:33
147151583,7DNFEL,Mister Potato Chips Hot&Spicy 40g,320,320,18,0,True,2026-08-10 17:03:05
147151574,HFKQZ6,Mister Potato Crisps Hot & Spicy Flavor 100g,466.65,549,5,0,True,2026-08-29 17:06:12
147151576,AFQ5KT,Mister Potato Mr Chips Barbecue Flavor 100g,549,549,9,0,True,2026-08-29 17:06:12
147151579,KCSZRM,Mister Potato Pizza 40g,272,320,15,0,True,2026-09-05 18:06:10
147159314,r1vf-6196,Peak Freans Marie Biscuits Family Pack 1 Unit,90,100,91,8,True,2026-09-06 08:36:42
147159340,r1vf-4189,Peek Freans Pista Pik Biscuits Family Pack 1 Unit,110.4,120,21,8,True,2026-08-21 16:44:19
147159319,r1vf-6201,Peek Freans Chocolate Sandwich Biscuits Half Rolls 8 Pieces,380,400,12,8,True,2026-08-29 17:06:12
147159310,r1vf-6192,Peek Freans Gluco Biscuits Half Rolls 8 Pieces,368,400,7,8,True,2026-08-22 07:41:27
147159317,r1vf-6199,Peek Freans Rio Strawberry Vanilla Half Rolls 8 Pieces,380,400,8,8,True,2026-08-29 17:06:12
147159325,r1vf-6207,Peek Freans Sooper Soft Bakes Chocolate Cake 12 Pieces,432,480,9,8,True,2026-09-04 08:48:05
147159334,r1vf-6216,Peek Freans Cake Up Sweet Golden Caramel Cupcakes 12 Pieces,324,360,18,8,True,2026-09-06 08:36:42
147151577,EY082G,Mister Potato Crisps Original 100g,466.65,549,11,0,True,2026-09-05 18:06:10
147159311,r1vf-6193,Peek Freans Gluco Teddy Chocolate Cakes 8 Pieces,360,400,7,8,True,2026-09-06 08:36:42
141372789,635256,Go 4 Glow 3In1 (Wash + Scrub + Mask) 200g,545,545,4,100,True,2026-09-06 08:38:18
146953859,BJ8XZ0,Brit Premium Cat Pouch (Chicken & Turkey) 100g,299,299,9,0,True,2026-09-06 08:41:08
146953858,319BCO,Brit Premium Beef Stew & Peas Cat Food 100g,299,299,23,0,True,2026-09-06 08:41:08
145168122,F25VLW,Ovaltine 100 g,699,699,6,100,True,2026-09-06 08:32:48
147031780,X314YV,Monster Energy Sifir Ultra 500ml,1299,1299,21,0,True,2026-09-06 08:33:45
147031778,MBM0Y5,Monster Energy Drink Green 500ml,1399,1399,7,0,True,2026-09-06 08:33:45
147031785,MD39SZ,Monster Mango Loco Drink 500ml,1399,1399,3,0,True,2026-09-06 08:33:45
147031779,G5CUN9,MONSTER Watermelon Energy Drink 500ml,1399,1399,8,0,True,2026-09-06 08:33:45
147031777,N87MQE,Monster Sifir Seker Sunrise Energy Drink 500ml,1399,1399,8,0,True,2026-09-06 08:33:45
147031781,YMSXZY,Monster Energy Ultra Tropical Island Punch 500ml,1399,1399,6,0,True,2026-09-06 08:33:45
147031782,MCTIX4,Monster Pipeline Punch Enery 500ml,1399,1399,8,0,True,2026-09-06 08:33:45
141371040,6W0A1A,Kinder Joy With Surprise For Boys 20g,540,540,2,100,True,2026-09-06 08:36:42
141376424,799G73,Wrigley's Extra Gum Peppermint Sugar Free Cubes Imported 10 Pieces,230,230,18,100,True,2026-09-06 08:36:42
147031775,HOXMOA,Trident Island Berry Lime Sugar Free Gum Artificial Flavor Sticks 14 Pieces,390,390,5,0,True,2026-09-06 08:36:42
141376586,4J7J2V,Trident Bubble Gum 14 Sticks,390,390,10,100,True,2026-09-06 08:36:42
141370825,R98JF9,Trident Orginal Flavoured 14 Sticks,390,390,6,100,True,2026-09-06 08:36:42
147031776,GKX8L3,Trident Pineapple Twist Sugar Free Gum Artificial Flavor Sticks 14 Pieces,390,390,5,0,True,2026-09-06 08:36:42
141376590,07KI18,Wrigley's Extra Spearmint Imported 1 Packet,230,230,27,100,True,2026-09-06 08:36:42
142449855,CV2MW0,Trident Cinnamon Flavor Gum 27g,420,420,9,100,True,2026-09-06 08:36:42
141370341,X8XQ2Q,Kinder Joy For Girls Chocolate 20g,540,540,1,100,True,2026-09-06 08:37:01
116138412,JTVWS5,Smocking Pocket Lighter Multi Color,40,40,2,0,True,2026-09-02 14:19:31
116138413,KR0CMO,Smocking Pocket Lighter Multi Color,35,35,2,0,True,2026-08-28 16:34:14
116138411,E43HU7,Smocking Pocket Lighter Multi Color,50,50,2,0,True,2026-08-19 07:49:18
147140720,BAI8O3,Kitchen Gas Lighter Refillable - 1pc,399,399,1,0,True,2026-09-04 14:16:43
147140721,72A54O,Kitchen Gas Lighter Refillable - 3in1,499,499,2,0,True,2026-09-06 08:41:29
147031774,99FEE6,Tropicana Slim Stevia Sweetener Tab 300S,2199,2199,6,100,True,2026-09-06 08:42:04
147031773,S02700,Tropicana Slim Stevia Sweetener Tab 100S,890,890,7,100,True,2026-09-06 08:42:04
147578886,PCI-008,Pepsi PET 345ml + Lay's Chips Masala (Rs.50) 1 Piece,102,120,21,2,True,2026-09-01 19:19:36
147578895,PCI-011,Pepsi PET 345ml + Lay's Chips Classic Salt (Rs.50) 1 Piece,102,120,21,2,True,2026-09-01 19:19:36
147578891,PCI-012,7Up PET 345ml + Lay's Chips Yogurt & Herb (Rs.50) 1 Piece,96,120,60,2,True,2026-09-06 08:33:45
147578883,PCI-013,7Up PET 345ml + Lay's Wavy BBQ Rs. 50 (1 Unit),96,120,110,2,True,2026-09-06 08:33:45
147578888,PCI-009,Pepsi PET 345ml + Lay's Chips French Cheese (Rs.50) 1 Piece,102,120,21,2,True,2026-09-01 19:19:36
141373912,r1vf-68,Rubai Dates (Khajoor)  500g,552.9,582,1,10,True,2026-08-07 14:21:36
143088625,117012,Zam Zam Qalmi Dates 200g,836.95,881,1,100,True,2026-09-01 09:21:10
143088632,98196X,Zam Zam Ajwa Dates 400gm,2009.25,2115,1,0,True,2026-08-23 13:39:51
143088623,1CN3MQ,Zam Zam Amber Dates 400g,2211.6,2328,1,100,True,2026-09-06 08:36:42
143088626,0E9BZ7,Zam Zam Ajwa Dates 200 g,1070.65,1127,10,100,True,2026-09-06 08:36:42
143088627,13Y4OA,Zam Zam Mabroom Dates 400gm,2280,2400,1,100,True,2026-09-06 08:36:42
143088628,71VE44,Zam Zam Dates Mabroom 200g,1200.8,1264,3,0,True,2026-09-06 08:36:42
143088622,7R6GG3,Zam Zam Amber Dates 200 g,1109.6,1168,2,100,True,2026-09-06 08:36:42
146945505,ULBAWN,Whiskas 85g Meaty Combos Duo (1+)  Mix Flavour 1 Unit,289,289,22,0,True,2026-09-06 08:41:08
146945499,ICH597,Whiskas 85g Fish Favourites (11+) Mix Flavour 1 Unit,299,299,32,0,True,2026-09-06 08:41:08
141375784,r1vf-3153,BrightFarms Black Chaunsa Mango 1kg,499,499,1,0,True,2026-09-02 14:24:35
147159313,r1vf-6195,Peek Freans Gluco Teddy Milk Cakes 8 Pieces,360,400,4,8,True,2026-09-06 08:36:42
141374229,r1vf-753,NESTLE NIDO School Age Pouch 200g,564,600,34,0,True,2026-09-06 08:32:48
141529469,r1vf-35245,Nestlé Koko Krunch Chocolate Cereal Box 150g,720,800,12,0,True,2026-09-06 08:33:05
141370610,WE2F0M,Nestlé Koko Krunch Chocolate Cereal Box 300g,1368,1520,13,0,True,2026-09-06 08:33:05
141370611,5PC0DJ,Nestlé Milo Breakfast Cereal Box packing 300g,1368,1520,12,0,True,2026-09-06 08:33:05
141375222,r1vf-2069,Nestlé Koko Krunch Duo Chocolate Cereal Box 300g,1305,1450,17,0,True,2026-09-06 08:33:05
141376689,r1vf-2068,Koko Krunch Cookie Cereal 330g,1575,1750,36,0,True,2026-09-06 08:33:05
147169871,r1vf-4097,Nescafe Ice Roast Soluble Coffee 1.5g,28.8,32,48,0,True,2026-09-06 08:35:48
141818096,5HW26V,Nestle Lactogen 2 Follow-up Formula Powder 200g,750,750,33,0,True,2026-09-06 08:39:06
141818098,XV1HI5,Nestle Lactogen Nestle Lactogen 1 400G - Infant Formula,1500,1500,21,0,True,2026-09-06 08:39:06
141818099,5UFQYW,Nestle Lactogen 2 Follow-up Formula Powder 400g,1500,1500,19,0,True,2026-09-06 08:39:06
141818100,QD7FD6,Lactogen 1 Milk Powder Soft Pack 800g,3000,3000,6,0,True,2026-09-06 08:39:06
141818101,9LAHAJ,Lactogen 2 Milk Powder Soft Pack 800Gm Dha,3000,3000,10,0,True,2026-09-06 08:39:06
146945501,JM6XYW,Felix Orignal Farm Jelly Mix Flavour 1 Unit,399,399,43,0,True,2026-09-06 08:41:08
141376130,r1vf-4056,(Consume by Today)brightfarms Guava Green (Pakistan) 500g,139.3,199,1,8,True,2026-09-04 08:53:28
147151582,0XK0F7,Mister Potato Chips BBQ 40g,320,320,13,0,True,2026-09-05 18:06:10
147151578,BZ9328,Mister Potato Tomato Can 35 g,320,320,17,0,True,2026-08-16 16:36:33
147151575,KTZNZE,Mister Potato Crisps Sour Cream & Onion 100g,549,549,10,0,True,2026-08-09 16:45:15
143750881,r1vf- 7572,Super Crisp Salt Rs.30,30,30,35,8,True,2026-08-11 17:05:49
147159316,r1vf-6198,Peek Freans Rio Strawberry Vanilla Family Pack 1 Unit,92,100,19,8,True,2026-08-21 16:44:19
147159315,r1vf-6197,Peek Freans Marie Half Rolls 8 Pieces,368,400,2,8,True,2026-08-15 16:36:21
147159331,r1vf-6213,Peek Freans Butter Puff Original Crackers Family Pack 1 Box,90,100,5,8,True,2026-09-06 08:36:42
147159318,r1vf-6200,Peek Freans Saltish Half Rolls 6 Pieces,276,300,23,8,True,2026-08-22 16:34:40
147159343,r1vf-4192,Peek Freans Party Pik Biscuits Peanuts & Raisins Half Rolls 8 Pieces,368,400,14,8,True,2026-08-16 16:36:33
147159332,r1vf-6214,Peek Freans Butter Puff Original Crackers Half Rolls 8 Pieces,360,400,2,8,True,2026-09-05 13:24:40
146940439,r1vf-6163,Milcolu Double Milk Sandwich Biscuits 16 Pieces,288,320,7,8,True,2026-09-06 08:36:42
141371974,317555,Eurocake Jumbo Croissant Strawberry 1 Unit,210,210,38,50,True,2026-09-06 08:36:42
146884996,r1vf-1967,Bisconni Chai Wala Plain Cake Box,300,300,13,0,True,2026-09-06 08:36:42
141375165,r1vf-2136,Magic Tiger Breakfast Cereal (Box) Chocolate Cocoa Rings 250g,499,499,12,50,True,2026-09-06 08:33:05
141370000,R1O803,Mundial Organic Extra Virgin Coconut Oil Jar 125ml (Imported),645,645,25,100,True,2026-09-06 08:34:25
141369994,192U8S,Mundial Olive Oil Extra Virgin Bottle 250Ml,1435,1435,9,100,True,2026-09-06 08:34:25
141369996,9111PU,Mundial Olive Oil Extra Virgin Bottle 500Ml,2595,2595,11,0,True,2026-09-06 08:34:25
141369992,NW13RQ,Mundial Olive Pomace Oil Bottle 250Ml,925,925,24,100,True,2026-09-06 08:34:25
141369997,5B9MZ2,Mundial Almond Oil Pure 100% Bottle 250Ml,975,975,23,100,True,2026-09-06 08:34:25
141369972,63UO6E,Mundial Olive Pomace Oil Tin 175ml,715,715,19,0,True,2026-09-06 08:34:25
141369955,V3UU1X,Mundial Organic Extra Virgin Coconut Oil Jar 475 ml,1540,1540,11,100,True,2026-09-06 08:34:25
141371441,T32R00,Bon Aroma Coffee Classic 100g (Imported),1395,1395,3,100,True,2026-09-06 08:35:48
141376602,TC04O4,Meaoon Cat Food Chicken & Salmon 1kg,950,950,8,100,True,2026-09-06 08:41:08
141372253,RR6421,Love Sand Bentonite Cat 5Litre Pouch,999,999,1,100,True,2026-08-26 10:47:53
147159320,r1vf-6202,Peek Freans Lemon Sandwich Half Rolls 8 Pieces,368,400,18,8,True,2026-08-15 16:36:21
147159327,r1vf-6209,Peek Freans Sooper Classic Chocolate Cookies Family Pack 1 Unit,92,100,1,8,True,2026-08-23 10:33:15
141374811,r1vf-1655,Butter Cookies Original Half Roll,420,420,11,8,True,2026-08-10 17:03:05
146831750,r1vf-6083,Prince Bigger & Creamier Chocolate Bar Pack 16 Pieces,288,320,16,8,True,2026-08-16 16:36:33
147159338,r1vf-4187,Peek Freans Choco Licious Double Chocolate Chip Snack Packs 16 Pieces,294.4,320,8,8,True,2026-08-21 16:44:19
147159337,r1vf-6219,Peek Freans Click Roasted Cumin Half Rolls 8 Pieces,360,400,6,8,True,2026-09-05 18:06:10
147159345,r1vf-4194,Peek Freans Pista Pik Biscuits Pistachios Half Rolls 8 Pieces,380,400,15,8,True,2026-08-29 17:06:12
116131124,r1vf-1968,Bisconni Cocomo Nutty Choc 1 Box,320,320,17,0,True,2026-09-06 08:36:42
143785070,r1vf-2531,Dipitt Garlic Mayo 800ml,712.5,950,10,8,True,2026-09-06 08:35:24
143785069,r1vf-2530,Dipitt Pizza Sauce 400g,376.65,405,22,8,True,2026-09-06 08:35:24
143750884,r1vf- 7574,Super Crisp Cheese Rs.30,30,30,25,8,True,2026-08-21 16:44:19
143750883,r1vf- 7573,Super Crisp Masala Rs.30,30,30,36,8,True,2026-08-11 17:05:49
143750878,r1vf- 7571,Super Crisp BBQ Rs. 30,30,30,28,8,True,2026-09-06 08:36:42
147159326,r1vf-6208,Peek Freans Sooper Egg & Milk Cookies Family Pack 1 Unit,90,100,5,8,True,2026-09-06 08:36:42
147159329,r1vf-6211,Peek Freans Sooper Classic Chocolate Cookies Half Rolls 8 Pieces,380,400,17,8,True,2026-09-03 08:51:39
146940437,503TIY,LU Candi Biscuits Original Ticky Pack 30 Packets,270,300,7,3,True,2026-09-06 08:36:42
147425787,70N1WX,Mentos Chewy Candy Rainbow 32g,130,130,1,0,True,2026-09-01 19:22:00
147425786,0IFCUR,Mentos Mint Roll 11 Pieces,130,130,16,0,True,2026-09-06 08:36:42
147425784,R94XMT,ICE BREAKER CANDY DUO FRUIT+COOL STRAWBERRY 8GM (Imported),690,690,7,0,True,2026-09-06 08:36:42
146885395,7I44CZ,Kernel Pop Microwave Popcorn Salt & Pepper 3 Packs Box,428,428,22,100,True,2026-09-06 08:36:42
146885394,T9QJ9E,Kernal Popcorns Jalapeno 3 Packs Box,428,428,23,100,True,2026-09-06 08:36:42
146885392,H9F2IN,Kernelpop Microwave Popcorn Butter 3 Packs Box,490,490,20,100,True,2026-09-06 08:36:42
146885397,r1vf-2168,Kernelpop Microwave Popcorn English Butter 3 Packs Box,490,490,23,8,True,2026-09-06 08:36:42
146885393,CMHJE6,Kernel Pop Microwave Popcorn Natural 3 Packs Box,490,490,18,100,True,2026-09-06 08:36:42
146885396,VC75TN,Kernal Popcorns Cheese 3 Packs Box,490,490,21,100,True,2026-09-06 08:36:42
115814392,S55BI8,Hico Blueberry Ice Cream Tub 1.5L,1175,1175,4,0,True,2026-09-06 08:37:23
147031784,F9T23C,Nescafe Classic Strong 2g,499,499,19,0,True,2026-09-06 08:35:48
141376436,VF179S,Toblerone Crunchy Almonds 100g,999,999,11,100,True,2026-09-06 08:37:01
146952569,65501Z,Jus Cool Coconut Milk Drink With Nata De Coco (Original) 290ml,399,399,15,6,True,2026-09-06 08:32:48
141370823,4N2554,Polac Sweetened Condensed Milk 390Gm,350,350,43,100,True,2026-09-06 08:32:48
146952565,81VD37,Heinz Farley Rusks Orange,600,750,22,100,True,2026-09-06 08:33:05
146952562,9XD5SX,Heinz Farley`s Banana 12 Rusk 120g,675,750,23,100,True,2026-09-06 08:33:05
146952574,2ILQW5,Nature's Own White Oats Pouch 1kg,1099,1099,6,0,True,2026-09-06 08:33:05
141370145,LTWZIU,Nature`s Own Brand White Oats Pouch 200g,260,260,45,100,True,2026-09-06 08:33:05
141370255,33GED3,Weetabix Original Super Morning (Imported) 215g,999,999,15,100,True,2026-09-06 08:33:05
146952596,DCMBMZ,Wadi Food Jalapeno Peppers Slice 240g,550,550,8,0,True,2026-09-06 08:33:25
145927175,3L4530,American Garden Coconut Milk 400ml (Imported),584.1,649,23,100,True,2026-09-06 08:33:25
146952572,75S279,Fruitamins Mushrooms Whole 400g,499,499,24,0,True,2026-09-06 08:33:25
146952587,AST2MB,Mara Chick Peasceci Lessati 400g,350,350,20,1,True,2026-09-06 08:33:25
145927176,MV6876,American Garden Coconut Cream 400ml (Imported),693,770,24,100,True,2026-09-06 08:33:25
146952573,NO4V8G,Century Tuna Flakes in Brine 180g,539.1,599,43,0,True,2026-09-06 08:33:25
146952570,AO7S3T,Best Day Red Jalapeno Pepper Sliced (Imported) 480g,675,750,5,100,True,2026-09-06 08:33:25
141373776,7HZ1J6,Pepsi Zero Sugar Can 250ml,73.8,90,83,0,True,2026-09-06 08:33:45
146952584,NGKV54,Tic N Tac Bumble Bee Orange Candy 16g,160,160,19,0,True,2026-09-06 08:36:42
146952591,QRK62K,Bumble Bee Tic & Tac Candy Grape 16g,136,160,22,0,True,2026-09-06 08:36:42
146952590,J4X0C7,Bumble Bee Tic & Tac Candy Blueberry 16g,136,160,20,0,True,2026-09-06 08:36:42
146952585,VRFWO8,Bumble Bee Tic & Tac Candy Strawberry 16g,136,160,21,0,True,2026-09-06 08:36:42
146952579,28QK7S,Hai Candy Kembang Gula Aneka 1 Packet,99,110,22,0,True,2026-09-06 08:36:42
146952576,1J6GL5,Cadbury Drinking Chocolate 500g,2099,2099,4,0,True,2026-09-06 08:37:01
141372345,460U6P,Nivea Men Shower Gel Sensitive (Imported) 250ml ,750,750,6,6,True,2026-09-06 08:38:18
145927195,U17755,Felix Countryside Selection As Good 85g,420,420,4,0,True,2026-09-06 08:41:08
146952595,UXT6P0,Purina Gourmet Perle Salmon in Gravy Cat Food 85g,360,450,6,0,True,2026-09-06 08:41:08
146952583,1C32SC,Best Day Tropicon Peach Drink 330ml,359.1,399,22,0,True,2026-09-06 08:33:45
141374037,qjk4-20,brightfarms Onion Irani (White) Pyaz 1kg,599,599,1,0,True,2026-09-06 08:41:48
141375322,r1vf-2265,Basil Italian (Imported) 75G,229,229,2,15,True,2026-09-06 08:41:48
147734197,15QJVN,Celery (Organic) 200g,199,199,2,100,True,2026-09-06 08:41:48
147275473,X74X1A,Nivea Roll On Derma Control - Bright Repair,549,549,23,0,True,2026-09-06 08:38:42
146952580,6P7KWW,Best Day Tropicon Mango Drink 330ml,359.1,399,23,0,True,2026-09-06 08:33:45
146952582,Q5DMCE,Best Day Tropicon Strawberry Drink 330ml,359.1,399,21,0,True,2026-09-06 08:33:45
141372701,Z9T15S,Pringles Original 40g (Imported),490,490,22,0,True,2026-09-05 18:06:10
141376122,r1vf-4047,(Consume by Today)brightfarms Guava -Amrood (Pakistan) 1kg,111.3,159,1,8,True,2026-08-14 11:12:12
141372353,20WS49,Aquafina Go Water PET Bottle 330ml,34,40,12,12,True,2026-09-06 08:33:45
146952581,B9NP4U,Best Day Tropicon Lychee Drink 330ml,359.1,399,20,0,True,2026-09-06 08:33:45
146952586,3VP122,Rani Peach Juice Bottle 200ml,252,280,22,0,True,2026-09-06 08:33:45
146952592,XPVVOJ,Best Day Popping Boba Bubble Drink Strawberry 320ml,472.5,525,21,0,True,2026-09-06 08:33:45
146952568,10T9T1,Jus Cool Coconut Milk Drink With Nata De Coco ( Mango) 290ml,399,399,23,100,True,2026-09-06 08:33:45
141369929,HJ47J3,Super Crisp Sweet Chilli Rs. 30,40,40,28,100,True,2026-09-03 08:51:39
147159342,r1vf-4191,Peek Freans Party Pik Biscuits Family Pack 1 Unit,92,100,12,8,True,2026-08-22 16:34:40
147159336,r1vf-6218,Peek Freans Click Biscuits Roasted Cumin 1 Box,90,100,21,8,True,2026-09-05 18:06:10
141376037,r1vf-3315,Chandi Wark (Edible Silver Leaf) 5 Pieces,214.7,226,2,6,True,2026-09-06 08:35:24
141818102,GWP64C,Nestle Lactogen 1 Baby Food Infant Formula 200g,750,750,35,3,True,2026-09-06 08:39:06
146952575,LTN5AZ,Premium Choice Pineapple Slices in Syrup 520g,650,650,24,0,True,2026-09-06 08:35:24
141376505,virtual-398,Pringles BBQ USA Imported 40g,499,499,5,0,True,2026-09-06 08:36:42
141652815,MK56QU,Pringles Potato Chips Paprika 40g,490,490,7,0,True,2026-09-06 08:36:42
147159344,r1vf-4193,Peek Freans Peanut Pik Biscuits Half Rolls 8 Pieces,360,400,11,8,True,2026-09-05 18:06:10
147159341,r1vf-4190,Peek Freans Peanut Pik Biscuits Family Pack 1 Unit,90,100,1,8,True,2026-09-03 14:21:36
141371751,G43101,brightfarms Avocado 1 Piece (150g-250g),799,799,1,10,True,2026-08-25 10:49:35
147734195,10P7M8,Brightfarms Watermelon (Chinese/Light Green) Per Piece (3 - 4kg),899,899,1,20,True,2026-08-30 14:53:41
147491678,r1vf-11194,Reload B'Day Cake Granola Cereal 150g,760,760,12,8,True,2026-09-06 08:33:05
147275455,virtual-342,Vaseline Healthy White Lotion 100ml,399,399,4,8,True,2026-09-06 08:38:18
147275431,6X303N,Vaseline Body Lotion Deep Restore 100 ml,399,399,4,100,True,2026-09-06 08:38:18
147275448,3WQC7Q,Vaseline Gentle Baby Jelly 100ml,425,425,2,100,True,2026-09-06 08:38:18
147275443,9FEQ0D,Vaseline Body Lotion South  Aloe Vera 400ml (Imported),1399,1399,6,100,True,2026-09-06 08:38:18
147578892,PCI-010,Pepsi PET 345ml + Lay's Chips Paprika (Rs.50) 1 Piece,102,120,21,2,True,2026-09-01 19:19:36
141529877,kli224,Metro Professional Hand Wash 4.5L,2200,2200,3,0,True,2026-08-18 13:54:30
141529872,kli221,Tissue Paper Pop-Up 1 Box 100g,185,185,30,0,True,2026-08-18 13:54:30
141529874,kli222,Tissue Paper Roll 1 Piece 100g,80,80,20,0,True,2026-08-18 13:54:30
141529868,kli218,My Clear Bag Plastic A4 Size My Clear Bag 1 Piece 100g,350,350,12,0,True,2026-08-18 13:56:49
141529857,kli207,DOLLAR Ball Point Clipper Fine Black 1 Piece 100g,155,155,17,0,True,2026-08-18 13:56:49
141529870,kli219,OLFA Paper Cutter Imported 1 Piece 100g,90,90,20,0,True,2026-08-18 13:56:49
141529862,kli212,Duster Yellow 1 Piece 100g,40,40,45,0,True,2026-08-18 13:56:49
141529866,kli216,Dollar Black Permanent Refillable Marker 1 Box,725,725,8,0,True,2026-08-18 13:56:49
141529861,kli211,Double-A A4 Printing Paper 70gsm 70g,1700,1700,3,0,True,2026-08-18 13:56:49
141529876,kli223,Concept Hand Sanitizer 1L,775,775,4,0,True,2026-08-18 13:58:33
141529855,kli205,C Cure Face Mask 75 GSM 50 Pieces 100g,225,225,8,0,True,2026-08-18 13:58:33
147275437,0UO08J,Nivea Deodorant Roll On Men Black & White Invisible 50 ml,599,599,23,100,True,2026-09-06 08:38:42
141373088,8QQ0BI,Candyland Choc Oh Chocolate Hazelnut Spread 12 Pcs,240,240,10,100,True,2026-09-06 08:33:05
147596239,9DPN9O,Kashmir Ghee Pouch 1kg,584.25,615,4,100,True,2026-09-06 08:34:25
147596241,6DHYN2,Kashmir Ghee Bucket 2.5kg,1486.75,1565,1,100,True,2026-08-26 04:46:26
147596240,BM6FQ1,Kashmir Premium Gold Oil Pouch 1Ltr,569.05,599,5,100,True,2026-09-06 08:34:25
147596242,Y8B2H8,Kashmir Premium Gold Oil Bottle 3Ltr,1738.5,1830,1,100,True,2026-08-31 10:45:33
147596243,B44N26,Kashmir Premium Gold Oil Bottle 4.5Ltr,2610.6,2748,1,100,True,2026-08-31 10:45:33
147727609,r1vf-98633,Candyland Buzz Spearmint Bubble 50 Pieces,250,250,14,8,True,2026-09-06 08:36:42
141374001,r1vf-335,CandyLand Premium Bottles Jelly Cola (Rs.150) (48 Bags) 1 Packet,150,150,3,0,True,2026-09-06 08:36:42
141374000,r1vf-334,CandyLand Premium Bear Jelly (Rs.150) (48 Bags) 1 Packet,150,150,1,0,True,2026-09-05 13:24:40
147727608,r1vf-98632,Candyland Premium Chili Mili 1 Packet,150,150,30,8,True,2026-09-06 08:36:42
141376619,XHZ3U6,Color Studio Micellar Water Rose 100ml,850,850,6,100,True,2026-09-06 08:38:42
147334189,PCI-007,Slice Mango 200ml - Pack of 6,264,300,19,1,True,2026-09-06 08:33:45
141370824,WS4PE2,Trident Gum Watermelon Twist 14 Sticks (Imported),390,390,8,100,True,2026-09-06 08:36:42
147275466,2CGLTF,Nivea Deo Roll-on Pearl & Beauty 50ml,549,549,5,0,True,2026-09-06 08:38:42
147698413,C3TBPV,Nestlé Nescafe Classic Instant Coffee Sachet Pack 2g,120,120,43,0,True,2026-09-06 08:35:48
147275429,SYXJ1N,Vaseline Blueseal Petroleum Jelly Original 50ml,225,250,6,100,True,2026-09-06 08:38:18
141374384,r1vf-1018,Nivea Cashmere & Cotton Seed Oil Caring Shower Cream 250ml,799,799,5,6,True,2026-09-06 08:38:18
147920798,JMLCW5,Dove Deodorant Stick Go Fresh 40g,899,899,6,0,True,2026-09-06 08:38:42
147275434,ENJH27,FA Roll on Deodorant Floral & Protect 50 ml,499,499,5,3,True,2026-09-06 08:38:42
141374387,r1vf-988,Dove Deodorant Stick Invisible Dry Anti-perspirant 40ml,899,899,9,3,True,2026-09-06 08:38:42
141376331,CJ368X,Pringles Sour Cream & Onion 40g (Imported),490,490,12,0,True,2026-09-06 08:36:42
141371968,2ELHFE,Treet Femina Pouch 1 Piece,77,77,1,8,True,2026-08-31 10:49:49
141374388,r1vf-989,Dove Deodorant Stick Original Anti-perspirant 40g,850,850,4,3,True,2026-09-06 08:38:42
147275445,A2W5Q8,Vaseline L.T Rosy Lips Lip Balm Poland 20g ,550,550,4,100,True,2026-09-06 08:38:18
147503588,r1vf-134,Nibl Protein Bars Trio Bundle Pack 6 Pieces,3000,3000,3,8,True,2026-09-06 08:33:05
147159328,r1vf-6210,Peek Freans Sooper Egg & Milk Cookies Half Rolls 8 Pieces,360,400,1,8,True,2026-09-04 08:48:05
147980117,3IJQNT,MENTOS CANDY ROLL GRAPE 14GM (Imported),120,120,11,0,True,2026-09-06 08:36:42
145646016,r1vf-2889,Kolson Twich Mirchi Flavor Potato Snacks Rs.50,50,50,6,0,True,2026-09-05 13:24:40
145573808,2ZFDEW,Mentos Chewy Candy Mint 135g,380,380,6,0,True,2026-09-06 08:36:42
147274436,2TFGD6,Johnson's Baby Lotion 100ml,499,499,10,0,True,2026-09-06 08:38:18
141371025,1GC24B,Closeup Red Hot 50ml,220,220,6,100,True,2026-09-06 08:38:18
141375609,virtual-647,Dove Body Wash Fresh Touch 200ml,550,550,6,8,True,2026-09-06 08:38:18
141375608,virtual-598,Dove Gentle Body Wash 200ml,520,520,3,8,True,2026-09-06 08:38:18
147274435,virtual-597,Dove Body Wash Pomegranate & Lemon 200ml,550,550,10,9,True,2026-09-06 08:38:18
141369660,N0L8AL,Pears Soap With Lemon Flower Extracts 125g,490,490,2,8,True,2026-09-06 08:38:18
147920795,65L4A5,Lux Silk Sensation Body Wash 250ml,499,499,6,5,True,2026-09-06 08:38:18
141369659,CGZ50L,Pears Soap Natural Oils 125g (Imported),490,490,6,100,True,2026-09-06 08:38:18
147897314,N3SWO4,Hankies Hot Pot Tissue Luxury Size 1 Packet,240,300,36,0,True,2026-09-06 08:38:18
147897312,AZ19A9,Hankies Maxi Kitchen Roll,840,1050,12,100,True,2026-09-06 08:38:18
141370391,L53P42,Sabroso Drumsticks 1kg,845,845,1,8,True,2026-09-01 14:39:18
141370387,8A02AI,Sabroso Boneless Handi 500g,655,655,1,8,True,2026-08-30 14:45:04
141370384,EED60T,Sabroso Wings 1 kg,795,795,1,8,True,2026-08-29 10:56:12
141370388,0T67VN,Sabroso Boneless Handi 1 kg,1300,1300,1,8,True,2026-09-01 14:39:18
141370383,Y2D97Q,Sabroso Premium Boti Cut 1kg,915,915,1,8,True,2026-09-06 08:32:28
141370389,90R3VM,Sabroso Breast Qeema 500g,655,655,1,0,True,2026-09-06 08:32:28
141370386,59MXQW,Sabroso Boneless Breast 1 kg,1180,1180,1,8,True,2026-08-31 19:27:33
141370385,S51H2B,Sabroso Boneless Breast 500 gm,655,655,1,8,True,2026-09-05 13:20:32
147609893,virtual-1014,Kelloggs Froot Loops Cereal 300g,1799,1799,5,9,True,2026-09-06 08:33:05
147275427,H18JLD,Veseline Petroleum Jelly Aloe Fresh 50ml,252,280,5,100,True,2026-09-06 08:38:18
148023580,LSF125,Johnsons Baby Milk Soap 75g (Imported),299,299,3,100,True,2026-09-06 08:39:06
141368819,4P4IRG,Johnsons Baby Soap 75Gm Pink (Imported),299,299,2,100,True,2026-09-06 08:39:06
141368818,1UGT9O,Johnson's White Baby Soap 75g (Imported),299,299,3,100,True,2026-09-06 08:39:06
145573810,RQXNFR,Whiskas 85g Mixed Menu (1+) Mix Flavour 1 Unit,289,289,7,0,True,2026-09-06 08:41:08
147609892,virtual-569,Me-O Creamy Treats Chicken and Liver with Goat Milk Flavour 4 Packets X 15g,580,580,4,8,True,2026-09-06 08:41:08
145573813,U9C30V,Whiskas 85g Poultry Feasts Jelly (1+) Mix Flavour 1 Unit,289,289,19,0,True,2026-09-06 08:41:08
141370940,869R94,Dove Soap White Beauty With Deep Moisture (Imported) (USA) 106g,499,499,1,5,True,2026-09-06 08:38:18
141370941,423D98,Dove Soap Pink Rosa Bar (Imported) USA 106g,499,499,3,5,True,2026-09-06 08:38:18
147491677,r1vf-11196,Reload Armour Chocolate Nuts Brownie Max Box 204g,1485,1485,10,8,True,2026-09-06 08:42:04
141372662,1LTD02,Super Crisp Chips Masala Rs. 100,100,100,2,100,True,2026-09-04 08:48:05
143750885,r1vf- 7575,Super Crisp BBQ Rs. 50,50,50,13,8,True,2026-09-05 18:06:10
145573805,AFP-000248752,Mentos Mix Fruit Candy Bag 135g,380,380,6,0,True,2026-09-06 08:36:42
146901067,r1vf-1940,Scrub Shine 3-in-1 Scourer Sponge,350,350,6,20,True,2026-09-06 08:40:20
141370349,13557D,Fruit Tree Jam Apple 440Gm,375,750,12,100,True,2026-09-06 08:33:05
141371218,A848JJ,Guard Easy Cook Sella Rice (Sella Chawal) 5kg,2607.75,2745,4,3,True,2026-09-06 08:33:25
148023982,r1vf-12965,Kake Strawberry Cake 24 Pieces,240,240,22,8,True,2026-09-06 08:36:42
148016093,r1vf-18964,Bake Time Coffee Cake Slices 6 Pieces,300,300,23,8,True,2026-09-06 08:36:42
148016091,r1vf-19397,Cupkake Birthday 1 Box,240,240,24,8,True,2026-09-06 08:36:42
148016094,r1vf-18965,Kake Chocolate Cake 24 Pieces,240,240,24,8,True,2026-09-06 08:36:42
148016095,r1vf-18966,Choran Chatni Jelly 1 Unit,50,50,15,8,True,2026-09-06 08:36:42
147509515,ZQ1556,Meaoon Cat Food Persian 400g,499,499,1,0,True,2026-09-06 08:41:08
147509516,84Y8U8,Meaoon Gourmet Cat Food 400g,499,499,1,0,True,2026-09-06 08:41:08
147509521,DAJC3X,Meaoon Gourmet Cat Food 1kg,950,950,3,0,True,2026-09-06 08:41:08
147509519,0CEJN5,Meaoon Cat Food Beef & Vegetable 1kg,950,950,1,0,True,2026-09-06 08:41:08
147509517,ECI0O5,Meaoon Cat Food Chicken and Fish 1kg,950,950,1,0,True,2026-09-06 08:41:08
147509520,4P357F,Meaoon Persian Cat Food 1kg,950,950,1,0,True,2026-09-06 08:41:08
148016092,r1vf-19398,Cupkake Celebrations 1 Box,240,240,22,8,True,2026-09-06 08:36:42
141368483,3DP82J,Sunridge Chakki Atta  10kg,1854,2060,9,2,True,2026-09-06 08:33:25
144431943,r1vf-10926,Snakitos Premium Quality Nachos Flavoured Salsa Snacks 1 Unit,50,50,81,8,True,2026-09-06 08:36:42
144431946,r1vf-10918,Miilee Premium Quality Dal Moong Savory Snacks 90g,100,100,18,8,True,2026-09-06 08:36:42
144431951,r1vf-10925,Miilee Premium Quality Dal Moth Smart Savory Snacks 1 Unit,50,50,140,0,True,2026-09-06 08:36:42
144431949,r1vf-10921,Miilee Premium Quality Chatkhara Papdi Savory Snacks 80g,100,100,16,8,True,2026-09-06 08:36:42
144431950,r1vf-10924,Miilee Premium Quality Mix Nimco Smart Savory Snacks 1 Unit,50,50,143,0,True,2026-09-06 08:36:42
144431948,r1vf-10920,Miilee Premium Quality Potato Slims Masala Savory Snacks 80g,100,100,17,0,True,2026-09-06 08:36:42
144431947,r1vf-10919,Miilee Premium Quality Aaloo Bhujia Savory Snacks 110g,100,100,15,8,True,2026-09-06 08:36:42
141375237,r1vf-2080,Snakitos Choco Stick Chocolate 35g,150,150,69,8,True,2026-09-06 08:36:42
144970049,r1vf-11002,Snakitos Choco Sticks Strawberry Wafer Rolls,150,150,71,8,True,2026-09-06 08:36:42
148024845,r1vf-13026,Canbebe Diaper Jumbo Pack XXL Size (No.7) 34 Pieces,3718,3718,1,4,True,2026-09-05 18:09:57
147920796,B0L9M0,Vaseline Blue Seal Original 250g,809.1,899,6,100,True,2026-09-06 08:38:18
146971601,7B2DP6,Nivea Body Lotion Intensive Moisture 100ml,599,599,6,0,True,2026-09-06 08:38:18
147275442,Y626J7,Vaseline Blueseal Petroleum Jelly Sa Pure Original 100 ml,425,425,6,100,True,2026-09-06 08:38:18
141369595,7VI0O4,Nivea Creme 60ml,499,499,6,8,True,2026-09-06 08:38:18
147920800,virtual-415,Vaseline Lip Therapy Cocoa Butter 4.8g (999),450,450,4,8,True,2026-09-06 08:38:18
147920799,KA9902,Vaseline Lip Therapy Original 4.8g KR,450,450,6,0,True,2026-09-06 08:38:18
148023582,5NF9L4,Kodomo Kids Toothpaste Purple 1 Piece,195,195,3,0,True,2026-09-06 08:38:18
141374383,r1vf-1017,Nivea Shower Gel Coconut & Jojoba Oil 250ml,750,750,6,3,True,2026-09-06 08:38:18
147920797,R473GT,OGX Renewing + Argan Oil of Morocco Shampoo 385 ml (ZM Opened & Checked),2199,2199,6,100,True,2026-09-06 08:38:18
147275433,5ZP9GI,Fa Roll On Mystic Moments 50ml (Imported),499,499,6,100,True,2026-09-06 08:38:42
147920803,QPO7OJ,Pampers Baby Wipes Harmonie Aqua 48 Pieces,850,850,2,0,True,2026-09-06 08:39:06
147920802,9G2BG4,Pampers Fresh Clean Baby Wipes - 52 Wipes,699,699,5,0,True,2026-09-06 08:39:06
147920801,3LV67R,Sudocrem Antiseptic Healing Cream 60g,1250,1250,6,0,True,2026-09-06 08:39:06
148090805,QYUZF2,"Johnson's Soft & Nourish Body Wash, Almond Oil & Jasmine 400 ml",899,899,5,100,True,2026-09-06 08:39:06
148023581,r1vf-991,Dove Baby Lotion Sensitive Skin Care 200ml,850,850,3,3,True,2026-09-06 08:39:06
148024369,IGJ1CZ,Fanta Pomegranate 350ml,70,70,11,0,True,2026-09-06 08:33:45
141939918,PH9Q79,Samyang Hot Chicken Jjajang Flavor Ramen 140g,499,499,36,0,True,2026-09-06 08:35:03
147514078,LJOIG0,Chabaa 100 % Coconut Water 310ml,400,400,19,0,True,2026-09-06 08:33:45
141417157,ZS6UUZ,brightfarms Corn -Bhutta (Pakistan) 500g,99,99,1,15,True,2026-09-06 08:41:48
141742796,G91G21,brightfarms Persimmon - Japani Phal (Punjab) 500g,329,329,6,100,True,2026-09-06 08:41:48
141370317,1Q8RU0,El Sabor Cheese Dips Sauce 300Gm,1299,1299,12,100,True,2026-09-06 08:35:24
141370315,2P845X,El Sabor Guacamole Dips Sauce 300Gm,1299,1299,12,100,True,2026-09-06 08:35:24
144431952,r1vf-10928,Snakitos Patata Slims Flavoured Salty 1 Unit,225,225,24,8,True,2026-09-06 08:36:42
144431954,r1vf-10930,Snakitos Stix Lemon & Chilli Multigrain Sticks 1 Unit,225,225,23,0,True,2026-09-06 08:36:42
143750886,r1vf- 7576,Super Crisp Salt Rs.50,50,50,18,8,True,2026-09-06 08:36:42
143750887,r1vf- 7577,Super Crisp Masala Rs.50,50,50,17,8,True,2026-09-06 08:36:42
141370309,NF4087,El Sabor Nacho Chips Natural 100Gm,799,799,18,12,True,2026-09-06 08:36:42
