product_id,sku,name,price,original_price,stock,max_per_order,available,fetched_at
7640315,5XZF4Q,brightfarms Chicken Standard Cut 1kg,639,639,9,100,True,2026-09-05 17:10:03
7640245,44Z79F,brightfarms Chicken Boneless Cubes 500g,479,479,4,100,True,2026-09-05 17:10:03
7641003,WML33D,brightfarms Chicken Breast Boneless 500g,475,475,14,100,True,2026-09-05 17:10:03
24138152,BJ1A4Y,brightfarms Chicken Mince 500g,489,489,4,100,True,2026-09-05 17:10:03
42186468,1Y38A0,brightfarms Chicken Karhai Cut 1kg,639,639,4,100,True,2026-09-05 17:10:03
42186489,F13984,brightfarms Chicken Breast Boneless Boti 1kg,959,959,5,100,True,2026-09-05 17:10:03
141419940,OB2978,brightfarms Chicken Standard Cut 500g,319,319,5,8,True,2026-09-05 17:10:03
141419942,1N44WY,brightfarms Chicken Karahi Cut 500g,319,319,2,0,True,2026-09-05 17:10:03
141419941,6S50SO,brightfarms Chicken Biryani Cut 500g,319,319,4,8,True,2026-09-05 17:10:03
141419947,25N220,brightfarms Chicken Drumsticks 500g,315,315,5,8,True,2026-09-05 17:10:03
42186477,V18LCP,brightfarms Chicken Tikka Leg 1kg,599,599,2,100,True,2026-09-05 07:26:51
141419946,WU5250,brightfarms Chicken Wings 500g,259,259,7,8,True,2026-09-05 07:26:51
24138070,M9AZNN,brightfarms Chicken Drumsticks 1kg,629,629,2,100,True,2026-09-05 12:25:16
24138068,25M2T9,brightfarms Chicken Wings 1kg,509,509,4,100,True,2026-09-05 17:10:03
15520311,M0165O,Brightfarms chicken thigh boneless fillet 500g,479,479,2,100,True,2026-09-05 17:10:03
42186498,Q0H761,brightfarms Chicken Biryani Cut 1kg,629,629,1,100,True,2026-09-05 12:25:16
141419945,91KQQM,brightfarms Chicken Mince 1kg,969,969,2,8,True,2026-09-05 17:10:03
141419948,A76849,brightfarms Chicken Gizzard 500g,239,239,1,8,True,2026-09-05 17:10:03
15520243,JKL1BF,Brightfarms Fresh Chicken liver & Heart 1kg,475,475,1,100,True,2026-09-05 12:25:16
15520174,CW998T,Brightfarms Fresh Chicken Boneless Strips 500g,479,479,8,100,True,2026-09-05 17:10:03
8967155,51RX61,Frozen Beef Mix 900g,1299,1299,3,100,True,2026-09-05 17:10:03
8967169,S8297J,Frozen Veal Mince 500g,999,999,5,100,True,2026-09-05 17:10:03
139099834,rtc-422,K&N's Boneless Handi 500g,810,810,7,6,True,2026-09-05 17:10:03
139099833,rtc-421,K&N's Qeema Extra Lean 500g,810,810,5,6,True,2026-09-05 17:10:03
139099832,rtc-414,K&N's Breast Fillet 500g,810,810,1,6,True,2026-09-05 17:10:03
8967202,I271LI,Frozen Mutton Mix 900g,3049,3049,5,100,True,2026-09-05 17:10:03
139099830,rtc-419,K&N's Karahi Chicken Cut 1kg,1049,1049,6,6,True,2026-09-05 17:10:03
24204943,49K23H,Frozen Mutton Mince 500g,1899,1899,1,100,True,2026-07-12 10:28:47
139099831,rtc-420,K&N's Boti Chicken Cut 1kg,1129,1129,1,6,True,2026-09-05 17:10:03
26915621,75PZ5R,Frozen Breaded Fish Biscuits 400g,699,699,5,100,True,2026-09-05 17:10:03
36768036,YIZMFK,Frozen Mutton Shoulder 900g,3249,3249,1,100,True,2026-07-31 14:04:11
144975636,r1vf-10995,Compliments Food Service Frozen Chicken Kofta 500g,622,622,2,0,True,2026-09-02 13:23:29
144975634,r1vf-10990,Compliments Food Service Chicken Seekh Kabab 540g,1009,1009,5,0,True,2026-09-05 17:16:35
144975637,r1vf-10991,Compliments Food Service Crispy Chicken Patties 884g,924,924,1,0,True,2026-08-30 14:26:03
144975641,r1vf-10994,Compliments Food Service Frozen Fajita Toppings 500g,696,696,2,0,True,2026-08-31 09:27:37
144975639,r1vf-10992,Compliments Food Service Chicken Cheese Croquettes 1kg,1116,1116,1,0,True,2026-09-01 18:16:13
144975635,r1vf-11006,Compliments Food Service Chicken Nuggets 1 Unit,1063,1063,1,0,True,2026-08-29 09:51:12
144975640,r1vf-10993,Compliments Food Service Tikka Toppings 500g,696,696,1,0,True,2026-09-04 18:12:26
48646141,4MNDHO,Nurpur Milk Full Cream 1500ml,510,560,40,8,True,2026-09-05 17:10:22
7649052,8TG3AH,Nurpur Milk Full Cream Pouch 125ml,55,55,4,100,True,2026-06-29 08:13:25
7649023,18V001,Nurpur Milk Full Cream Pouch 250ml,98,98,32,100,True,2026-06-16 08:47:10
7649972,0LTV3D,Olper's Full Cream Milk 1000ml,339,380,275,4,True,2026-09-05 17:10:22
7649975,1STNIQ,Olper's Full Cream Milk 250ml,92.12,98,399,4,True,2026-09-05 17:10:22
7650008,OA4PQV,Olper's Cream 200ml,220.8,240,120,4,True,2026-09-05 17:10:22
7650014,U4QR0C,Olper's Full Cream Milk Ecolean 250ml,92.12,98,416,28,True,2026-09-05 17:10:22
18228942,42VITQ,Olper's Flavored Milk Chocolate School Pack (6 Pieces x 110ml),360,400,22,4,True,2026-09-05 17:10:22
55809237,r1vf-402,Olper's Full Cream Milk Ecolean 125ml,62.98,67,405,36,True,2026-09-05 17:10:22
7649990,8NNX6T,Olper's Full Cream Milk Pouch 375ml,122.2,130,128,24,True,2026-09-05 17:10:22
7650020,VXH013,Olper's Strawberry Flavoured Milk 180ml,90,100,33,24,True,2026-09-05 17:10:22
18228946,237COA,Olper's Flavored Milk Strawberry School Pack (6 Pieces x 110ml),360,400,15,4,True,2026-09-05 17:10:22
8441353,PPRYGI,Olper's Badam Zafran Flavoured Milk 180ml,90,100,51,24,True,2026-09-05 17:10:22
28124166,PBDK64,Olper's Mango Flavoured Milk 180ml,90,100,1,24,True,2026-09-03 07:49:22
7649979,4TEI19,Olper's Procal Milk 200ml,94,100,46,24,True,2026-09-05 17:10:22
8411386,5IOI24,Olper's Tarrka Asli Desi Ghee 500g,1600,1600,1,10,True,2026-09-05 12:27:26
8411109,766DP9,Olper's Full Cream Milk Powder Pouch 800g,2300,2300,4,12,True,2026-09-05 17:10:22
35924735,IQJWCV,Olper's Tarka Asli Desi Ghee 1kg,3000,3000,1,5,True,2026-07-21 13:51:08
35924727,G46466,Olper's Full Cream Milk Powder Pouch 390g,1150,1150,5,24,True,2026-09-05 17:10:22
7824417,363D3V,Nestle Milkpak Nestle Milkpak Cream - 200ml,225.6,240,54,0,True,2026-09-05 17:10:22
7649992,GQ695V,Olper's Full Cream Milk 1500ml,526.4,560,110,4,True,2026-09-05 17:10:22
7857407,PIFR31,Prema Whole Milk 900ml,390,390,57,10,True,2026-09-05 17:10:22
7824392,II18AK,Nestle Milkpak Nestle Milkpak Tetra Pack - 250ml,89.3,95,271,0,True,2026-09-05 17:10:22
7824445,B55L20,Nestle Milkpak Full Cream UHT Milk 1000ml,357.2,380,39,0,True,2026-09-05 17:10:22
7824535,W5OQHR,Nestle Nesvita Milk 1 Litre (1000ml),410,410,9,0,True,2026-09-05 17:10:22
7649282,DAS1E5,DayFresh Milk Lactose Free 200ml,104.5,110,1,81,True,2026-09-03 07:49:22
8615742,51959G,Haleeb Milk 250ml,95,95,8,81,True,2026-09-05 17:10:22
8615770,P2O1S7,Haleeb Milk 1000ml (1 Piece),370,370,37,48,True,2026-09-05 17:10:22
7649266,6UT434,Dayfresh Full Cream Milk - 250ml Capped,99,110,18,81,True,2026-08-13 15:59:05
7929615,3WV73J,Anhaar Pasteurized Full Cream Milk Bottle 1 ltr,390,390,21,100,True,2026-09-05 17:10:22
8616320,LDV1Y7,Haleeb Milk Asli Full Cream 225ml,80,80,83,81,True,2026-09-05 17:10:22
7929608,WL6KZ2,Anhaar Pasteurized Whole Milk Bottle 1 ltr.,385,385,14,10,True,2026-09-05 17:10:22
32731063,56AOSF,MilkFields Full Cream UHT Milk 1l,375,375,32,100,True,2026-09-05 17:10:22
7929623,3M4DXG,Anhaar Pasteurized Low Fat Milk Bottle 1 ltr,380,380,2,100,True,2026-09-05 17:10:22
32731065,44OYV5,MilkFields Full Cream UHT Milk 250ml,95,95,43,100,True,2026-09-05 17:10:22
7824520,79934O,Nestle Nestle Nesvita (High Calcium) UHT Milk -200ml,100,100,89,0,True,2026-09-05 17:10:22
7649291,I0K3PY,DayFresh Milk Lactose Free 1L,418,440,1,48,True,2026-08-29 16:17:21
7647817,868167,Dairy Omung Milk 225ml,66.5,70,34,81,True,2026-09-05 17:10:22
8615712,L6ORLQ,Haleeb Asli Milk 1000ml,320,320,15,48,True,2026-09-05 17:10:22
8411497,UKFH4P,Dairy Omung Milk 1000ml,313.5,330,29,48,True,2026-09-05 17:10:22
7649258,59M6NJ,Dayfresh Full Cream Milk 1L,351,390,4,48,True,2026-08-09 09:38:16
8411467,CI068L,Dairy Omung Milk 1500ml,408.5,430,13,48,True,2026-09-05 17:10:22
140877323,r1vf-4700,Haleeb Evaporated Milk 250ml,170,170,22,8,True,2026-09-05 17:10:22
7649984,65MP3S,Olper's Procal Milk 1000ml,376,400,34,12,True,2026-09-05 17:10:22
20431995,Y7117I,NESTLÉ MILKPAK 1000ml Promo 11+1,4070,4070,1,100,True,2026-04-26 13:07:39
141856057,TUP7ZW,Badshah Evaporated Milk 390g,449,449,12,0,True,2026-09-05 17:10:22
139320773,1AYANT,Olper's Milk ECO 125ml x 36,2412,2412,11,2,True,2026-09-05 17:10:22
7929630,19Z291,Anhaar Pasteurized Daily Dairy Pouch 1 ltr,265,265,13,100,True,2026-09-05 12:25:44
144381098,r1vf-10682,Nurpur Dairy Cream Promo (Rs.30 Off) 200ml,210,210,1,8,True,2026-04-01 07:22:08
139235399,4ED8E8,Nestle Milkpak Full Cream UHT Milk 250ml x27,2565,2565,10,0,True,2026-09-05 17:10:22
139320637,SFRR3B,Olper's Milk Full Cream 1Ltr x 12,4195.2,4560,37,1,True,2026-08-25 09:34:33
9074299,3M0RN6,Haleeb Nutra Helicap (1000 ml x12 Pieces),4440,4440,1,5,True,2026-09-05 17:10:22
139128439,QZ4M6V,Olper's Milk TBA 250 ml 1x27	,2646,2646,16,1,True,2026-08-25 09:34:33
141249371,r1vf-2736,Milk Fields Ecolean Milk 250ml,95,95,14,8,True,2026-09-05 17:10:22
68264630,A2HWRC,Haleeb  Asli Full Cream Milk 27 Pieces x 225ml,2160,2160,3,0,True,2026-09-05 17:10:22
142643607,ZEITP9,Alpro Almond Milk Original 1L,2900,2900,5,0,True,2026-05-21 17:31:11
7825424,KV435N,NESTLE MILO RTD 180ml Pet,94,100,73,0,True,2026-09-05 17:10:22
7649214,1872D0,Dayfresh Flavored Milk Chocolate 225 ml,104.5,110,20,100,True,2026-09-05 17:10:22
144104015,r1vf-10660,Dayfresh Chocolate Milk 125ml,57,60,2,8,True,2026-09-02 07:40:34
143249805,r1vf-106006,Dayfresh Date Chocolate Flavored Milk 180ml,76,80,3,8,True,2026-09-03 07:49:22
18640659,8Q0DB6,Nestle Milo PET Bottle 220ml,150.4,160,39,0,True,2026-09-05 17:12:28
7649326,Q61S9Q,Dayfresh Flavored Milk Strawberry 225 ml,104.5,110,8,100,True,2026-09-05 17:10:22
24177371,0RP4C3,Nestle Milo Active Go Cocoa Malt Beverage 12x180ml (12pieces),1080,1200,1,0,True,2026-07-30 16:26:16
7859063,99QRAZ,Prema Chocolate Milk 180ml,140,140,17,100,True,2026-09-05 17:10:22
144104016,r1vf-10661,Dayfresh Strawberry Flavored Milk 125ml,54,60,4,8,True,2026-08-14 10:01:24
49624833,r1vf-273,Milo All in One 25g,70.5,75,33,0,True,2026-09-05 17:10:22
49624831,r1vf-274,Milo All in One 150g,432.4,460,12,0,True,2026-09-05 17:10:22
7649227,19NUU9,Dayfresh Flavoured Milk Banana 225ml,83.6,110,8,100,True,2026-08-22 03:42:25
55785860,r1vf-450,Olper's Lunch Box Card,0.01,0.01,220,3,True,2026-09-05 17:10:22
140156486,r1vf-2790,Dayfresh Vanilla Flavored Milk 225ml,104.5,110,5,8,True,2026-09-05 17:10:22
144104017,r1vf-10662,Dayfresh Vanilla Flavored Milk 125ml,57,60,2,8,True,2026-09-05 17:10:22
7649311,N1ZO38,Dayfresh Flavoured Milk Pista Zafran 225ml,104.5,110,14,100,True,2026-09-05 17:10:22
7859076,6O5QR6,Prema Strawberry Milk 180ml,130,130,4,100,True,2026-09-05 17:10:22
140156487,r1vf-2791,Dayfresh Malai Kulfi Flavored Milk 225ml,104.5,110,5,8,True,2026-09-04 13:11:30
143249806,r1vf-106007,Dayfresh Strawberry Flavored Milk 180ml,80,80,4,8,True,2026-04-14 13:27:10
32731066,5M4K78,MilkFields Chocolate Flavored Milk 180ml,95,95,30,100,True,2026-09-05 17:10:22
143249807,r1vf-106008,Dayfresh Vanillaaa Flavored Milk 180ml,76,80,1,8,True,2026-09-04 13:11:30
7825274,506T8S,NESTLE MILO Activ-Go Cocoa Malt Powder 300g Pouch,977.6,1040,2,0,True,2026-09-05 17:12:28
143249804,r1vf-106005,Dayfresh Pista Zafran Flavored Milk 180ml,72,80,2,8,True,2026-08-19 09:33:28
7649303,JOBRF7,Dayfresh Premium Flavored Milk Hezalnut 225ml,161.5,170,10,100,True,2026-09-05 17:10:22
143633604,r1vf-4185,Milk Fields Badam Zafran Flavored Milk 180ml,95,95,10,8,True,2026-09-05 17:10:22
32731064,96A21J,MilkFields Strawberry Flavored Milk 180ml,95,95,13,100,True,2026-09-05 17:10:22
7649264,6MA59Z,Dayfresh Premium Flavored Milk Belgian  Chocolate 225ml,161.5,170,7,100,True,2026-09-05 17:10:22
7857416,PHNW3J,Prema Badam Zafran Milk 180 ml,130,130,2,100,True,2026-09-05 17:10:22
24177352,TM2919,Nestle Milo Pet Bottle 12 Pieces x 220ml,1728,1920,1,0,True,2026-08-06 08:35:37
9559117,V5W61N,Fruitamin Falooda Rose 290ml (Imported),399,399,11,100,True,2026-09-05 17:10:22
8012792,35PYCC,Comelle Condensed Milk 72Gm Tin,85,85,33,100,True,2026-09-05 17:10:22
36760273,0EGR37,Comelle Condensed Milk 1Kg Tin,773.5,910,4,100,True,2026-09-05 17:10:22
141282136,OXPJ76,Polac Brand Sweetened Condensed Milk 1kg,720,720,1,0,True,2026-04-25 05:12:47
142267342,X9HKOE,Fruitamins Condensed Milk 1Kg,600,750,14,0,True,2026-09-05 17:10:22
7817804,M26XE5,Nestle Milk Pack Yogurt Pouch 450g,230,230,54,0,True,2026-09-05 17:10:22
7818089,Z73JS9,Nestle Yogurt Sweet & Tasty - 400gm,270,270,86,0,True,2026-09-05 17:10:22
7857450,I868U4,Prema Pouch Yogurt 425g,220,220,60,100,True,2026-09-05 17:10:22
7859080,31KZIZ,Prema Plain Yogurt 375g,250,250,25,100,True,2026-09-05 17:10:22
7937049,TO31S0,Anhaar Greek Style Yogurt 250 g,250,250,3,100,True,2026-09-05 17:10:22
7929637,DAZ6UP,Anhaar Yogurt Plain Kafayat Pouch 450g,210,210,12,100,True,2026-09-05 17:10:22
7857400,JWI4MW,Prema Yogurt Sweetened 400g,250,250,38,100,True,2026-09-05 17:10:22
7859090,XXC51H,Prema Low Fat Yogurt 375g,255,255,13,100,True,2026-09-05 17:10:22
7937023,3UX89F,Anhaar Plain Yogurt 400 g,270,270,8,100,True,2026-09-05 17:10:22
7825057,KTWP5I,Nestle Bunyad Powder Pouch 260g,507.6,540,7,0,True,2026-09-05 17:10:22
140576361,r1vf-4239,Nido Full Cream Milk Powder 375g,940,1000,1,0,True,2026-09-01 18:10:53
38690097,ZT9294,Nestle EveryDay Promo 900g,1770,1770,1,8,True,2026-07-22 16:23:36
8012632,V10JW6,Millac Milk Powder Pouch 390g,950,1000,4,100,True,2026-09-05 17:10:22
35915689,FP31Y2,Milo Milk Powder Pouch 500g,1485.2,1580,2,0,True,2026-09-03 13:18:44
139155669,mro-207,Nestle Bunyad Ferripro Bachat 910g,1748.4,1860,10,0,True,2026-09-05 17:10:22
35915694,PJPLPJ,NESTLE NIDO Full Cream Milk Powder 800g Pouch,2397,2550,1,0,True,2026-09-05 17:17:52
7825396,9I6HLZ,NESTLE NIDO School Age Pouch 390g,1034,1100,3,0,True,2026-09-05 17:17:52
35915691,JP66J9,NESTLE NIDO School Age Pouch 650g,1786,1900,1,0,True,2026-09-05 17:17:52
35915690,A74D5E,Nestle Nido NESTLE NIDO School Age Nutrition 900g Pouch,2350,2500,1,0,True,2026-09-01 14:06:28
36760182,I7V144,Millac Skimillac Milk Powder Tin 500g,1306.25,1375,3,100,True,2026-09-05 17:10:22
8012610,JY1TMO,Millac Milk Powder Pouch 910g,2070,2300,11,100,True,2026-09-05 17:10:22
139049702,nid-302,NIDO SAN Promo 990g,2500,2500,2,6,True,2026-07-31 16:46:06
142807064,2BDUJ7,Millac Gro 900g,1548,1720,9,0,True,2026-09-05 17:10:22
8012767,R60922,Comelle Milk Powder 390Gm,977.5,1150,19,100,True,2026-09-05 17:10:22
8012731,X1VM55,Comelle Milk Powder 800g,1955,2300,4,100,True,2026-09-05 17:10:22
142807066,5XUGCD,Millac Malty Chocolate Powder 300g,800,800,1,0,True,2026-09-05 17:10:22
142807065,38DII8,Millac Gro Powder (pouch) 260g,450,500,34,0,True,2026-09-05 17:10:22
7859105,FIEFSJ,Prema Yogurt Chunky Blueberry 90g,122,122,15,100,True,2026-09-05 17:10:22
7857523,9X9SP4,Prema Yogurt Strawberry 90g,110,110,26,100,True,2026-09-05 17:10:22
7859093,HSVGNU,Prema Yogurt Mango 90g,110,110,28,100,True,2026-09-05 17:10:22
7859103,T25O72,Prema Chunky Strawberry Yogurt 90g,122,122,9,100,True,2026-09-05 17:10:22
142543494,r1vf-6603,Anhaar Greek Strawberry Yogurt 250g,250,250,6,8,True,2026-08-28 23:53:21
142543495,r1vf-6604,Anhaar Greek Mango Yogurt 250g,250,250,15,8,True,2026-09-05 17:10:22
7857379,610L69,Prema Laban Strawberry 180 ml,135,135,9,100,True,2026-09-05 17:10:22
7857460,9ZEJ8R,Prema Laban Blueberry 180ml,135,135,5,100,True,2026-09-05 17:10:22
7857262,98GLVJ,Prema Yogurt Vanilla 100g,110,110,1,100,True,2026-08-30 08:57:16
7659524,KZVWMM,Adam's Mint Raita 200 g.,150,150,5,100,True,2026-09-05 17:10:22
7659546,NZ7E53,Adams Zeera Raita 200 g,150,150,1,100,True,2026-08-20 06:44:38
7857387,J82ZI4,Prema Laban Sweet 180ml,135,135,5,100,True,2026-09-05 17:10:22
7857356,5S516A,Prema Laban Salted 180 ml,135,135,2,100,True,2026-09-05 17:10:22
8616034,2C652H,Haleeb Cremyum 200ml,160,160,40,100,True,2026-09-05 17:10:22
8411563,6728AK,Omung Dobala 200ml,148.8,160,37,81,True,2026-09-04 13:11:30
8615874,1W229Y,Haleeb Cream 200ml,230,230,52,24,True,2026-09-05 17:10:22
7659505,85KP46,Adam's Cheese Cheddar 200g,660,660,5,100,True,2026-09-05 17:10:22
8536872,4DBVD2,Dairy Life Cheese Pizza Shredded 200g,690,690,1,100,True,2026-08-25 09:34:33
7659521,G46WM4,Adams Buffalo Mozzarella Cheese 200g,735,735,5,100,True,2026-09-05 17:10:22
8536834,6IP823,Dairy Life Cheese Mozzarella Shredded 200g,690,690,1,100,True,2026-08-26 06:47:48
7649346,ZMLDCC,Dayfresh Cheddar Cheese Slice 200 g,600,600,28,100,True,2026-09-05 17:10:22
7630517,N4QEOD,Deen's Mozzarella Cheese 140g,597,597,1,100,True,2026-08-30 08:57:16
7632234,Q6MLP4,Deen's Cheddar Cheese 140g,517,517,1,100,True,2026-09-02 13:16:48
7649335,WJR5HM,Dayfresh Cheddar Cheese Block 200 g,600,600,10,100,True,2026-09-05 17:10:22
7632241,Y60R44,Deen's Cheese Slice 10 Pieces 200g,637,637,1,100,True,2026-09-01 18:10:53
7632188,48QIJ1,Deen's Cheddar Cheese 200g,658,658,2,100,True,2026-09-03 13:16:52
139334209,r1vf-1702,Dayfresh Dairy Cream 200ml,207,230,1,8,True,2026-08-08 09:38:04
32731067,M5Q862,MilkFields UHT Dairy Cream 200ml,230,230,33,100,True,2026-09-05 17:10:22
35768882,601GPG,Dairy Life Cheese Mozzarella Block 200g,670,670,5,100,True,2026-09-05 17:10:22
7649235,1UR8VV,Dayfresh Mozzarella Cheese Block 200 g,670,670,4,100,True,2026-09-05 17:10:22
7659478,32YSBG,Adam's Pizza Cheese 200g,730,730,1,100,True,2026-09-05 17:10:22
7639563,OQ77DI,Happy Cow Regular Cheese Wheel Imported Portion ( 8 Pieces) 120g,899,899,10,8,True,2026-09-05 17:10:22
7666720,027575,Adam's Mozzarella Cheese Silver 200g,735,735,1,100,True,2026-08-28 00:15:41
7639593,XPE8TR,Happy Cow Yellow Cheddar Cheese 8 Slices 150g,835.24,1099,4,100,True,2026-09-05 17:10:22
7659543,ME5FX1,Adam's Cottage Cheese 200g,570,570,1,100,True,2026-08-29 16:17:21
7630515,FF73T4,Deen's Mozzarella Cheese 200g,576.84,759,1,10,True,2026-09-01 08:21:15
7659575,U0UGTK,Adam's Diet Cheese Slices 10 Pieces,730,730,2,100,True,2026-09-05 12:25:44
36760024,9V4P47,Adams Cheese Toast Slices 10 Pieces,670,670,1,100,True,2026-09-05 17:10:22
7632224,J8XC0T,Deen's Slice Cheese 250g,700,700,1,100,True,2026-09-05 17:10:22
7659483,4H6N90,Adam's Mozzarella Singles Slices 200g,730,730,1,100,True,2026-08-26 12:50:43
7659503,7M1T6D,Adam's Cheddar Cheese 400g,1260,1260,4,100,True,2026-09-05 17:10:22
7659569,TDILHQ,Adams Buffalo Mozzarella Cheese 400 g,1400,1400,3,100,True,2026-09-05 17:10:22
7659472,2WJ84H,Adams Pizza Cheese 400 g.,1056.4,1390,1,100,True,2026-09-04 13:11:30
7659507,982OKN,Adams Mozzarella Cheese Silver 400g,1064,1400,2,100,True,2026-09-01 13:58:00
7639518,6DR0LJ,Happy Cow Catering 840,3138.8,4130,1,8,True,2026-09-01 13:58:00
7639508,57D42G,Happy Cow Regular Cheese Wheel (Big Pack) 24 Portions 360g (Imported),2240,2240,11,100,True,2026-09-05 17:10:22
7639506,2Q00E1,Happy Cow Cream Cheese Natural Wheel 8 x 140g,759.24,999,1,100,True,2026-08-22 15:20:57
7660657,UC2G4Y,Arla Kids Sticks Pack Of 6 18g,865,865,16,100,True,2026-09-05 17:10:22
7639521,775WLL,Happy Cow Mozzarella Cheese 10 Slices 200g (Imported),1052.6,1385,4,100,True,2026-09-05 17:10:22
7630507,238X32,Deen's Mozzarella Cheese 400g,1411,1411,1,100,True,2026-09-05 17:10:22
7639568,P189DI,Happy Cow Gouda Cheese (Imported) 8 Slices 150g,835.24,1099,5,100,True,2026-09-05 17:10:22
7639559,N2AOZO,Happy Cow Toast Cheese (Imported) 10 Slices 200g,1052.6,1385,3,100,True,2026-09-05 17:10:22
7639575,T1S818,Happy Cow Low Fat cheese 10 slices 200g,1385,1385,6,100,True,2026-09-05 17:10:22
7639553,JL4306,Happy Cow Burger Cheese 10 Slices 200g,1052.6,1385,5,100,True,2026-09-05 17:10:22
139768445,r1vf-3001,Quaker White oats 400gm,800,800,4,30,True,2026-09-05 17:10:48
8545506,219R39,brightfarms Fresh Eggs 12 Pieces,300,300,10,2,True,2026-09-04 07:47:48
8545508,6YJRLD,brightfarms Fresh Eggs 6 Pieces,155,155,17,2,True,2026-09-05 17:10:48
25442696,7F9267,brightfarms Fresh Desi Eggs 12 Pieces,410,410,2,0,True,2026-09-05 17:10:48
7632719,VZ0Q40,Farm Fresh Omega 3 Eggs 12 Pieces,530,530,46,100,True,2026-09-05 17:10:48
25442693,Y13IQ3,brightfarms Fresh Desi Eggs  6 Pieces,210,210,3,0,True,2026-09-05 17:10:48
7632706,ACYWIK,Farm Fresh Classic Eggs 12 Pieces,370,370,8,100,True,2026-09-05 12:26:03
139563662,r1vf-1983,Mr. Egg 12 Pieces,330,330,1,8,True,2026-07-23 13:59:27
7632700,A58JUI,Farm Fresh Golden Eggs 12 Pieces,470,470,8,100,True,2026-09-05 17:10:48
140412460,r1vf-3312,Barley Porridge 250g,102.6,108,13,6,True,2026-09-05 17:10:48
140412484,r1vf-3338,Wheat Porridge 250g,53.2,56,9,6,True,2026-09-05 17:10:48
7656426,TKZ3G4,Blue Band Regular Margarine 100g,200,200,51,5,True,2026-09-05 17:10:48
7659455,0782J1,Adam's Salted Butter 50g,240,240,1,100,True,2026-08-17 09:41:02
7659499,6VLXM1,Adam's Butter Salted 100g,400,400,1,100,True,2026-08-22 12:38:20
7656421,JK6WS2,Blue Band Regular Margarine 200g,399,399,28,4,True,2026-09-05 17:10:48
7656418,97MB54,Blue Band Regular Margarine 50g,100,100,16,10,True,2026-09-05 17:10:48
7656414,8E41L5,Blue Band Regular Margarine 250g,550,550,33,4,True,2026-09-05 17:10:48
7659492,57043A,Adam's Butter Salted 200g,750,750,1,100,True,2026-09-05 07:27:48
7656405,2RK48R,Blue Band Regular Margarine 25g,50,50,36,16,True,2026-09-05 17:10:48
7656412,7ZSMY3,Blue Band Regular Margarine 500g,990,990,7,8,True,2026-09-05 17:10:48
7643326,5T8CSG,Mumtaz Table Margarine 50 g (Imported),92,92,13,100,True,2026-09-05 17:10:48
7643333,WD9L5E,Mumtaz Table Margarine 200 g,377,377,2,100,True,2026-08-26 16:18:34
7817735,SL7900,Nestle Milkpak Cultured Butter 200g,750,750,1,0,True,2026-09-05 07:27:48
54149958,r1vf-356,Blue Band Regular Margarine 700g,1295,1295,4,8,True,2026-09-05 17:10:48
7660941,LG0M86,Lurpak Salted Spreadable,520.6,685,1,100,True,2026-07-25 05:44:45
15191140,H7BJQB,Blueband Margarine Spread Sachet 45g,60,60,1,100,True,2026-05-16 13:24:16
36760200,704PZ3,Lurpak Lighter Slightly Salted Spreadable Butter in Tub 250g,1117.2,1470,1,100,True,2026-09-05 17:10:48
36760390,DU9X59,Lurpak Butter Unsalted 200g,1290,1290,9,100,True,2026-09-05 17:10:48
7643331,NOM7XB,Mumtaz Table Margarine Tub 500 g (Imported),741,975,5,100,True,2026-09-05 17:10:48
7643322,3T4PI8,Mumtaz Table Margarine 500 g (Imported),638.4,840,5,100,True,2026-09-05 17:10:48
7660923,A94836,Lurpak Butter Olive 250g,1470,1470,1,100,True,2026-07-02 16:49:55
141708954,Y8PGHW,Lurpak Slightly Salted Spreadable Butter (250g),1470,1470,3,0,True,2026-09-05 17:10:48
9031560,0DD957,Olive Grove Lite Spread 500Gm M06,1760,1760,16,100,True,2026-09-05 17:10:48
9031521,WD4371,Olive Grove Spread 375g,1535,1535,15,100,True,2026-09-05 17:10:48
7857333,8G4MW8,Prema Cream Cheese 190g,630,630,8,100,True,2026-09-05 17:10:48
7659425,VL79EA,Young's Chicken Spread Pouch 200ml,310,310,64,6,True,2026-09-05 17:10:48
7862706,9FKRN0,National Mango Jam 410g,272,340,13,3,True,2026-09-05 17:10:48
7862732,8809E1,National Mixed Fruit Jam 410g,309.4,340,13,3,True,2026-09-05 17:10:48
7659230,2MO349,Choco Bliss Chocolate Spread Hazelnut Jar 350g,900,900,16,6,True,2026-09-05 17:10:48
43061775,F45UVT,Young's Choco Bliss Double Chocolate 180g,510,510,1,100,True,2026-07-22 13:54:10
7862006,K6W495,National Apple Jam 200g,200.2,220,7,3,True,2026-09-05 17:10:48
7862792,IHDF7L,National Jam 200Gm Mango,200.2,220,31,3,True,2026-09-05 17:10:48
7659300,8R4IT8,Young's BeeHives Natural Honey 125g,370,370,5,100,True,2026-09-05 17:10:48
7659256,4M7C84,Choco Bliss Chocolate Spread Milk Jar 350g,800,800,11,100,True,2026-09-05 17:10:48
7659271,51BNFV,Young's Chicken Spread Pouch 500ml,720,720,14,100,True,2026-09-05 17:10:48
7659308,BH569E,Young's Chocolate Spread 360g,700,700,20,100,True,2026-09-05 17:10:48
36759650,20NB85,National Apple Jam 410g,309.4,340,5,3,True,2026-09-05 17:10:48
7857250,JYA132,Prema Butter Plain 190g,670,670,1,100,True,2026-09-04 13:11:48
8536793,0J4LB9,Dairy Life Butter Salted 100g,330,330,2,100,True,2026-07-18 15:57:30
7860644,P6IJNN,National Strawberry Jam 410g,482.3,530,10,3,True,2026-09-05 17:10:48
12513125,T60RUE,Swiss Premium Original Cheese Spread 250g,900,900,5,100,True,2026-09-05 17:10:48
7659238,34L2OB,Youngs Spread Sandwich Pouch 200ml,250,250,18,100,True,2026-09-05 17:10:48
36767866,ZVG2SG,Lotus Biscoff Smooth Biscuit Spread 400g,999,999,2,100,True,2026-05-12 06:16:08
24137078,FA2486,Young's Bar B Que Spread Pouch 200ml,335,335,4,100,True,2026-09-05 17:10:48
12513120,76322M,Swiss Chilli Cheese Sauce 200g,700,700,6,100,True,2026-09-05 17:10:48
35412248,P58G1T,Young's Chicken Spread Pouch 1l,1280,1280,13,100,True,2026-09-05 17:10:48
12513119,0L6ATD,Swiss Premium Cheddar Cheese Spread 250g.,900,900,8,100,True,2026-09-05 17:10:48
139850644,r1vf-488,Reload All Natural Chunky Peanut Butter 340g,1199,1199,11,0,True,2026-09-05 17:10:48
16080084,419KXN,Italia Honey 125g (Imported),370,370,22,100,True,2026-09-05 17:10:48
35924624,0D87JF,Young's BeeHives Honey Pouch 200g,440,440,1,100,True,2026-09-05 07:27:48
36759646,3F1618,Young's Chocolate Spread 600g,1090,1090,1,100,True,2026-07-18 15:57:30
7659312,BZWZSK,Young's Maska Breakfast Spread 100g,170,170,50,100,True,2026-09-05 17:10:48
13303490,L7IUJ9,American Garden Peanut Butter Chunky 340 G,1899,1899,7,100,True,2026-09-05 17:10:48
16080057,0EF37G,Italia Honey 250Gm Natural,517.26,699,10,100,True,2026-09-05 17:10:48
36760367,8AXXZ3,Young's Natural Honey 250g,670,670,33,100,True,2026-09-05 17:10:48
36760114,M7FJFR,Shezan Strawberry Jam 370g,267.3,297,9,100,True,2026-09-05 17:10:48
7659305,93RKCO,Young's BeeHives Honey Sqeeuze Bottle 170g,470,470,30,100,True,2026-09-05 17:10:48
9265620,ZE83N6,FRUTAMINS PEANUT BUTTER 340GM CREAMY (Imported),950,950,1,100,True,2026-08-22 09:27:01
7646135,1Y1CUZ,American Garden Peanut Butter Creamy 340 g,1899,1899,10,100,True,2026-09-05 17:10:48
35924725,HHK4O6,Youngs Honey Natural 500Gm,1100,1100,13,100,True,2026-09-05 17:10:48
7659430,Z0V5NS,Youngs Honey Natural 1000Gm,1650,1650,5,100,True,2026-09-05 17:10:48
35924664,Y946ED,Youngs Maska Breakfast Spread 400Gm,560,560,19,100,True,2026-07-15 16:22:35
142723658,r1vf-489,Reload All Natural Smooth Peanut Butter 340g,1199,1199,1,0,True,2026-09-03 07:49:41
17955022,6P1TFZ,FRUTAMINS PEANUT BUTTER 340GM CRUNCHY (Imported),879.12,999,3,3,True,2026-04-30 06:07:26
35768869,ERW610,Young's BeeHives Honey Pouch 400g,840,840,3,100,True,2026-09-05 17:10:48
7659265,4X1R9B,Youngs Beehives Honey Squeeze Bottle 450g,1100,1100,13,100,True,2026-09-05 17:10:48
145094675,r1vf-11064,Mitchells Diet Strawberry Jam 300g,365,365,13,8,True,2026-09-05 17:10:48
139562783,PHM6NT,Major Grains Choco Shells 24 x 150g,450,450,18,0,True,2026-09-05 17:10:48
139562781,r1vf-1892,Major Grains Choco Loops 24 x 150g,450,450,9,0,True,2026-09-05 17:10:48
139562780,r1vf-1891,"Major Grains Chocolate Choco Balls, 24x150g",450,450,11,0,True,2026-09-05 17:10:48
143894461,r1vf-272,Kababjees Pheni Rs. 200,200,200,1,0,True,2026-08-11 13:04:20
7629023,FFX83I,Funchies Mingalz Chocolate Filled Crunch 16g Sachet,21,30,68,100,True,2026-09-05 17:10:48
7629035,P55ZL6,Funchies Mingalz Choco Balls Sachet 16g,28.5,30,27,100,True,2026-09-05 17:10:48
7629037,SMW318,Funchies Mingalz Chocolate Filled Crunch Pouch 125g,154,220,14,100,True,2026-09-05 17:10:48
7629015,00811Y,Funchies Mingalz Choco Bites Sachet 16g,28.5,30,36,100,True,2026-09-05 17:10:48
139542294,r1vf-1541,Bisconni Cocomo Cereal 1 Unit,699,699,7,8,True,2026-09-05 17:10:48
12814181,719GAP,Nutrilov Crunchy Cereal Berry Blast Cup,385,385,32,100,True,2026-09-05 17:10:48
8500101,MMSG83,Fauji Porridge Barley 100Gm,190,190,6,100,True,2026-09-05 17:10:48
7629047,WA6KN6,Funchies Mingalz 330Gm Chocolate Crunch,525,700,12,100,True,2026-09-05 17:10:48
141529485,r1vf-35245,Nestlé Koko Krunch Chocolate Cereal Box 150g,720,800,1,0,True,2026-09-05 17:10:48
8500706,13N4W8,Fauji Corn Flakes 150g,460,460,5,100,True,2026-09-05 17:10:48
7629029,JSIGM6,Funchies Mingalz Chocobites 125g,209,220,9,100,True,2026-09-05 17:10:48
8500791,4J2I1P,Fauji Porridge Barley 250Gm,450,450,2,100,True,2026-09-05 17:10:48
24531384,90RH6D,Nutrilov Crunchy Cereal Chocolate Chip Vanilla Cup,385,385,36,100,True,2026-09-05 17:10:48
7706690,G5X795,Funchies Mingalz Choco Bites 330g,490,700,4,100,True,2026-09-05 17:10:48
7825445,WE2F0M,Nestlé Koko Krunch Chocolate Cereal Box 300g,1368,1520,12,0,True,2026-09-05 17:10:48
8500753,7H1N84,Fauji Cereals Corn Flakes 250g,680,680,9,100,True,2026-09-05 17:10:48
7629021,0Z0X2C,Funchies Mingalz Choco Balls 330g,490,700,7,100,True,2026-09-05 17:10:48
8500837,8C264F,Fauji Porridge Wheat 250Gm,300,300,3,100,True,2026-09-05 17:10:48
140878046,virtual-1321,Nissin Gekikara Ramen Hot Chicken Flavour Noodles 80g,299,299,4,12,True,2026-09-05 17:14:10
36759813,T7I7CJ,Funchies Mingalz Choco Balls 125g,154,220,13,100,True,2026-09-05 17:10:48
139850656,r1vf-580,Nutrilov Crunchy Cereal Berry Blast Small Box,561.66,759,6,8,True,2026-09-05 17:10:48
8500846,634336,Fauji Corn Flakes 500g,814,1100,3,100,True,2026-09-05 17:10:48
12814191,X2L47X,Nutrilov Crunchy Cereal Berry Blast Large Box,1250,1250,5,100,True,2026-09-05 17:10:48
12814186,WJ4WLS,Nutrilov Crunchy Cereal Honey Almond Cup,385,385,26,100,True,2026-09-05 17:10:48
8500291,D0U30D,Fauji Porridge Barley 175g,222,300,6,100,True,2026-09-05 17:10:48
8500869,Z433QX,Fauji Nut Fruits&Flakes 250Gm Muesli,814,1100,1,100,True,2026-09-05 17:10:48
35924766,E85UZ9,Nutrilov Crunchy Cereal Chocolate Chip Vanilla Large Box,925,1250,9,100,True,2026-09-05 17:10:48
35768876,D8C797,Fauji Wheat Porridge 175g,220,220,3,100,True,2026-09-05 17:10:48
139850657,r1vf-581,Nutrilov Crunchy Cereal Honey Almond Small Box,561.66,759,5,8,True,2026-09-05 17:10:48
7629034,M64F73,Funchies Mingalz Cornflakes 16g,28.5,30,6,100,True,2026-09-05 17:10:48
13760763,6A0V6E,Daffy Froops Cereal 250gm,357.5,550,24,100,True,2026-09-05 17:10:48
8500339,1B8Q7M,Fauji Wheat Porridge 100g,103.6,140,11,100,True,2026-09-05 17:10:48
140390238,r1vf-3065,Daali Earthfoods Granola 250g,959.5,1010,4,8,True,2026-09-05 17:10:48
7825449,5PC0DJ,Nestlé Milo Breakfast Cereal Box packing 300g,1368,1520,17,0,True,2026-09-05 17:10:48
8500309,MKBKEB,Fauji Chocolate Pops 250Gm,647.5,875,6,100,True,2026-09-05 17:10:48
142723660,r1vf-487,Reload Granola Cereal Premium Chocolate Box,532,760,4,0,True,2026-09-05 17:10:48
8500825,2X9U96,Fauji Wheat Porridge 1kg,584.6,790,7,100,True,2026-09-05 17:10:48
8500157,8Z3YH8,Fauji Choco Cups 150Gm,550,550,3,100,True,2026-09-05 17:10:48
36767789,JEO938,Fauji Porridge Barley 1Kg,1150,1150,4,100,True,2026-09-05 17:10:48
141320117,r1vf-2068,Koko Krunch Cookie Cereal 330g,1575,1750,17,0,True,2026-09-05 17:10:48
8500735,7N0Q71,Fauji Chocolate Pops 150Gm,425.5,575,3,100,True,2026-09-05 17:10:48
8500128,2GINP7,Fauji Choco Cups 250Gm,647.5,875,2,100,True,2026-09-05 17:10:48
36767793,6NW8K0,Fauji Bran Flakes 250g,740,1000,3,100,True,2026-09-05 17:10:48
139562782,r1vf-1895,Major Grains Choco Balls 24 x 300g,850,850,21,0,True,2026-09-05 17:10:48
36768218,BXCA23,Fauji Choco Stars 250g,647.5,875,5,100,True,2026-09-05 17:10:48
36768093,84NSUB,Fauji Fit-O-Fiber Multigrain Cereal 250g,800,800,1,100,True,2026-08-07 15:57:48
8500261,24UWDN,Fauji Frosted Flakes 250Gm,703,950,2,100,True,2026-09-05 17:10:48
140390237,r1vf-3064,Daali Earthfoods Sugar-free Muesli 250g,764.75,805,3,8,True,2026-09-05 17:10:48
142723659,r1vf-486,Reload Granola Cereal Salted Caramel Box,760,760,1,0,True,2026-08-29 09:46:20
139562786,D11K04,Major Grains Choco Loops 24 x 300g,850,850,14,0,True,2026-09-05 17:10:48
139562787,HDV26P,Major Grains Moons & Stars 24 x 300g,850,850,18,0,True,2026-09-05 17:10:48
139562785,XKK0WF,Major Grains Choco Shells 24 x 300g,850,850,17,0,True,2026-09-05 17:10:48
139562784,U0SVX5,Major Grains Moons & Stars 24 x 150g,450,450,14,0,True,2026-09-05 17:10:48
8500186,NLS9U1,Fauji Choco Rings 250g,647.5,875,6,100,True,2026-09-05 17:10:48
140579614,r1vf-4232,Daali Earthfoods Cluster Granola 250g,1130.5,1190,6,8,True,2026-09-05 17:10:48
144091631,r1vf-10600,Nutrilov Crunchy Cereal Variety Pack,4165,4900,16,8,True,2026-09-05 17:10:48
35924623,X919QN,Fauji Choco Corn Flakes 250Gm,690,690,34,100,True,2026-09-02 18:27:49
36767902,9A3UW8,Daffy Coco Cris Chocolate Cup Cereal 250gm,550,550,1,100,True,2026-07-02 06:42:11
144693304,r1vf-3011,Nibl Peanut Butter & Jelly Granola Cereal 200g,900,900,4,0,True,2026-09-05 17:10:48
144693303,r1vf-3010,"Nibl Chocolate, Fruit & Nut Granola Cereal 200g",900,900,1,0,True,2026-09-05 17:10:48
7947405,20B76K,Bread & Beyond Classic Bun 4,170,170,20,0,True,2026-09-05 17:10:48
7947636,7X4Z1R,Bread & Beyond Bread Milky Large,250,250,7,0,True,2026-09-05 17:10:48
7947432,70H1X4,Bread & Beyond Bread Multigrain,290,290,11,0,True,2026-09-05 17:10:48
7947603,7063H5,Bread & Beyond Bakery Cake Rusk 270g,400,400,15,0,True,2026-09-05 17:10:48
7947876,07G1F0,Bread & Beyond Milky Bread Small,130,130,9,0,True,2026-09-05 17:10:48
7947671,XT9BPL,Bread & Beyond  White Bread Small,130,130,6,0,True,2026-09-05 17:10:48
7947366,S30846,Bread & Beyond Bran Bread,220,220,9,0,True,2026-09-05 17:10:48
139563622,r1vf-1984,Bread & Beyond Royal Bun 4 Pieces,195,195,1,0,True,2026-09-05 07:27:48
7648310,35Y4AX,Dawn Rusk 190g,170,170,1,100,True,2026-09-05 17:10:48
139563625,r1vf-1986,Bread & Beyond Whole Wheat Bread Large,170,170,5,0,True,2026-09-05 17:10:48
24138180,D2GNCJ,Dawn Bran Rusk 190g,160,160,1,100,True,2026-08-16 09:27:00
138750277,daw-706,Dawn Bread Cake Rusk 300g,320,320,2,6,True,2026-09-05 12:26:03
138750278,daw-707,Dawn Open Top Rusk Large 1 Piece,240,240,1,6,True,2026-09-02 13:17:44
37915107,9Z0GG1,Heinz Farley's Original 12 Rusks 120g,750,750,20,100,True,2026-09-05 17:10:48
47838439,r1vf-76,Baisan Chickpea Flour (Besan) 1kg,342,380,579,5,True,2026-05-05 10:47:33
8347679,0HB2V0,Ghiza Semolina (Suji) 500g,133.4,145,2,8,True,2026-04-08 10:09:29
141961696,92KRR2,Ghiza Superfine Flour (Ghiza Superfine Atta)  5kg,799,940,25,3,True,2026-09-05 17:11:54
141678193,r1vf-4447,Ghiza Besan 500g,166.25,175,10,10,True,2026-09-05 17:11:54
138924884,sta-638,Bajra 1kg,144.4,152,15,8,True,2026-09-05 17:11:54
138924869,sta-612,Ghiza Riwayeti Atta 5kg,807.5,950,16,3,True,2026-09-05 17:11:54
141961695,6N05JC,Ghiza Superfine Flour (Ghiza Superfine Atta)  10kg,1589.5,1870,16,2,True,2026-09-05 17:11:54
139850697,r1vf-1323,National Cornflour 250g,152,160,20,3,True,2026-09-05 17:11:54
8938070,87V2S1,Bakea Rice Flour 300g,130.15,137,15,6,True,2026-09-05 17:11:54
140412478,r1vf-3332,Rice Flour Atta 500g,126.35,133,9,10,True,2026-09-05 17:11:54
140412472,r1vf-4011,Makai Atta Flour 500g,171,180,6,10,True,2026-09-05 17:11:54
140390234,r1vf-3061,Daali Earthfoods Wholewheat Aata 5kg,1026,1080,9,3,True,2026-09-05 17:11:54
140412459,r1vf-3311,Barley Flour 500g,224.2,236,8,10,True,2026-09-05 17:11:54
37577534,7W65N5,Whole Wheat Flour (Atta)  5kg,902.5,950,7,3,True,2026-09-05 17:11:54
138924893,sta-647,Wheat (Gandum)  500g,95,100,3,10,True,2026-09-05 17:11:54
8500214,6170C4,Fauji Rice Flour 300g,155.4,210,3,6,True,2026-09-05 17:11:54
35134863,4AB7U1,Wheat Factory Multigrain Flour (Atta)  2.5kg,902.5,950,7,3,True,2026-09-05 17:11:54
140390233,r1vf-3060,Daali Earthfoods Diabetic & Diet Aata 2kg,817,860,4,5,True,2026-09-05 17:11:54
17872872,3SM97R,Rawayeti White Flour (Maida)  1kg,261.32,278,1,5,True,2026-05-05 05:46:14
28231488,573CGQ,Daal Masoor Whole (Black Masoor) 500g,127.8,142,5,4,True,2026-05-05 10:47:33
7640915,SW8ME9,Split Chickpeas (Chana Daal)  1kg,204,240,35,10,True,2026-09-05 17:11:54
7640714,L026C5,Daal Moong 500g,248.4,276,6,4,True,2026-05-05 10:47:33
7640531,AYLL4K,Split Yellow Lentils (Moong Daal)  1kg,397.8,442,2,6,True,2026-05-05 10:47:33
17872861,591S5H,Rawayeti Refined Flour (Maida)  500g,154.85,163,11,10,True,2026-09-05 17:11:54
138924880,sta-633,Safed Chana Chota 7mm (White Chickpea) 500gm,125.4,132,11,14,True,2026-09-05 17:11:54
8347407,36T6A3,White Chickpeas (Safed Chana) 9mm 1kg,326.4,408,6,10,True,2026-09-05 17:11:54
17872868,G78TBB,Rawayeti Split Chickpeas (Daal Chana)  500g,148.52,158,1,4,True,2026-05-05 05:46:14
17872937,XDW990,Rawayeti Red Kidney Beans (Red Lobia)  500g,261.32,278,10,4,True,2026-05-05 10:47:33
7640627,FKR958,Split Mash Daal (Mash Daal)  500g,268.2,298,1,4,True,2026-05-05 10:47:33
7640347,64KDP2,Red Lentils (Masoor Daal)  1kg,247,260,8,10,True,2026-09-05 17:11:54
7640784,NV5203,Masoor Daal (Red Lentils)  500g,134.9,142,16,14,True,2026-09-05 17:11:54
17872911,5TEX3P,Rawayeti White Chickpeas (Safed Chana)  500g,226.1,238,13,14,True,2026-09-05 17:11:54
17872944,N7075E,Rawayeti Washed Moong Daal (Daal Moong Dhuli)  500g,251.92,268,7,4,True,2026-05-05 10:47:33
47838443,r1vf-74,Daal Masoor Whole (Black Masoor) 1kg,258.3,287,8,6,True,2026-05-05 10:47:33
35768839,6K0E1E,Rawayeti Gram Flour (Baisan)  1kg,290.7,306,2,5,True,2026-09-05 17:11:54
24138082,TBK4YH,Red Kidney Beans (Lal Lobia)  1kg,538.2,598,3,6,True,2026-05-05 10:47:33
8347303,84ZQ29,Black Chickpeas (Kala Chana)  500g,105.6,132,9,14,True,2026-09-05 17:11:54
8347336,6PFML7,Black Chickpeas (Kala Chana)  1kg,195.2,244,11,10,True,2026-09-05 17:11:54
7640500,9DN380,Split Mash Lentils (Mash Daal Dhuli) 1kg,477.9,531,4,6,True,2026-05-05 10:47:33
17872960,O2OQ7M,Rawayeti Washed Split Black Lentils (Daal Mash Dhuli)  500g,308.75,325,11,14,True,2026-09-05 17:11:54
138924871,sta-624,Premium Masoor Dal (Dal Masoor Premium)  1kg,327.6,364,8,4,True,2026-05-05 10:47:33
17872929,K03YA7,Rawayeti White Chickpeas (Safed Chana)  1kg,427.5,450,2,10,True,2026-09-05 17:11:54
138924876,sta-629,Premium Whole Masoor (Masoor Whole Premium)  1kg,317.7,353,3,4,True,2026-05-05 10:47:33
138924873,sta-626,Premium Black Chickpeas (Chana Black Premium)  1kg,259.2,288,1,10,True,2026-07-10 16:57:25
138924877,sta-630,Premium Chana Dal (Dal Chana Supreme Premium)  1kg,334.4,352,6,10,True,2026-09-05 17:11:54
17872968,B0162W,Rawayeti Split Red Lentils (Daal Masoor)  500g,178.6,188,8,14,True,2026-09-05 17:11:54
36768017,MFQUU7,Rawayeti Black Chickpeas (Kala Chana)  500g,178.6,188,20,14,True,2026-09-05 17:11:54
17872974,WN12DF,Rawayeti Whole Red Lentils (Masoor Sabit)  500g,166.25,175,3,14,True,2026-09-05 17:11:54
8347525,2498VF,White Kidney Beans (Safed Lobia)  500g,155.8,164,10,14,True,2026-09-05 17:11:54
17872904,YLO9D6,Rawayeti Red Kidney Beans (Lobia Laal)  1kg,551.95,581,5,10,True,2026-09-05 17:11:54
36760144,I81UZJ,White Kidney Beans (Safed Lobia)  1kg,319.2,336,1,10,True,2026-09-05 17:11:54
17872883,9024ZN,Rawayeti Split Chickpeas (Daal Chana)  1kg,344.85,363,2,10,True,2026-09-05 17:11:54
140412461,r1vf-3313,Barley Whole 500g,171,180,3,14,True,2026-09-05 17:11:54
17872865,56QX0I,Rawayeti Whole Red Lentils (Masoor Sabut)  1kg,332.5,350,2,10,True,2026-09-05 17:11:54
138924874,sta-627,Premium Mash Dal (Dal Mash Premium)  1kg,627,660,3,10,True,2026-09-05 17:11:54
138924875,sta-628,Premium Moong Dal (Dal Moong Premium)  1kg,490.2,516,4,10,True,2026-09-05 17:11:54
36767850,UE9496,Del Monte Split Chickpeas (Daal Chana)  1kg,245,490,1,4,True,2026-05-12 06:16:28
17872877,M665HM,Rawayeti Red Lentils (Daal Masoor)  1kg,338.2,356,1,10,True,2026-09-05 17:11:54
17872863,5XH70R,Rawayeti Washed Mash Daal (Daal Mash Dhuli)  1kg,599.45,631,2,10,True,2026-09-05 17:11:54
17872888,TLBT59,Rawayeti Washed Moong Daal (Daal Moong Dhuli)  1kg,475,500,2,10,True,2026-09-05 17:11:54
140403162,9T441G,Kababjees Daal Chana Rs. 250,250,250,3,4,True,2026-09-05 17:11:54
8356144,ET9JD3,Guard Awami Basmati Rice 1kg,294.5,310,15,5,True,2026-09-05 17:11:54
9186204,91B9OK,Jazaa Black Elite Steam Rice 1 kg,416,520,18,5,True,2026-05-05 10:47:33
8355900,SMCO34,Guard Ultimate Basmati Rice (Chawal) 1kg,501.6,570,10,5,True,2026-09-05 17:11:54
7644818,ATA9S6,Falak  Long Grain Rice (Lambi Chawal)  1kg,285,300,21,5,True,2026-09-05 17:11:54
8355923,6O601N,Guard Supreme Basmati Rice 1kg,541.5,570,13,5,True,2026-09-05 17:11:54
8356168,AKPMU6,Guard Super Kernel Basmati Rice 1kg,469.2,510,3,5,True,2026-05-05 10:47:33
7644836,CL25NH,Falak  Rice Extreme Pouch  1kg,546.25,575,4,5,True,2026-05-05 10:47:33
8355875,OR48F5,Guard Ultimate Basmati Rice (Ultimate Basmati Chawal) 5kg,2560.5,2845,1,3,True,2026-05-05 10:47:33
139259177,PQ2J45,Mughal Royal Diamond Rice (Mughal Royal Diamond)  5kg,2132,2665,1,3,True,2026-05-25 17:10:11
138926337,r1vf-1213,Sliced Almond 100g,430.2,478,3,8,True,2026-05-26 06:55:02
7644979,V68196,Falak  Bachat Basmati Rice (Bachat Basmati Chawal)  5kg,1415.5,1490,7,3,True,2026-09-05 17:11:54
24137988,I3QF1X,Mughal Gold Blended Basmati Rice (Chawal) 1kg,294.1,346,2,5,True,2026-06-12 07:25:34
24138023,ZYJ6R6,Mughal Royal Classic Basmati Rice (Chawal)� 1kg,425,500,5,5,True,2026-06-28 07:05:07
7644927,PSYL75,Falak  Extreme Basmati Rice (Extreme Basmati Chawal)  5kg,2292,2865,1,3,True,2026-09-05 17:11:54
8355849,25L8EQ,Guard Tiber Basmati Rice (Tiber Basmati Chawal) 1kg,408.5,430,4,5,True,2026-05-05 10:47:33
24138064,F6055Z,Mughal Economy Plus Rice (Chawal)  1kg,267.75,315,1,5,True,2026-06-14 14:06:03
8356425,2R2WT5,Guard Supreme Basmati Rice (Supreme Basmati Chawal) 5kg,2702.75,2845,4,3,True,2026-09-05 17:11:54
24137984,9GXP6N,Mughal Rozana Plus Rice (Chawal)  5kg,1093.5,1215,1,3,True,2026-06-14 16:25:12
24137009,8Y64YR,Mughal Pure Basmati Rice (Mughal Diamond)  5kg,1678.5,1865,1,3,True,2026-07-08 11:05:17
7644752,5K77O5,Falak  Daily Rice (Falak Daily Chawal)  1kg,361,380,6,5,True,2026-09-05 17:11:54
7644954,UAFE8U,Falak  Premium Rice (Falak Premium)  1kg,498.75,525,2,5,True,2026-05-05 10:47:33
139755079,virtual-567,Yopokki Korean Rice Cake Original Cup 120g,350,350,1,8,True,2026-04-25 15:40:42
36767959,259DTL,Guard Awami Basmati Rice (Awami Basmati Chawal) 5kg,1467.75,1545,5,3,True,2026-09-05 17:11:54
7644744,57C04S,Falak  Select Rice (Chawal Select)  1kg,360,450,3,5,True,2026-09-05 17:11:54
8355973,HP9JVH,Guard Easy Cook Sella Rice 1kg,522.5,550,3,5,True,2026-05-05 10:47:33
36759636,B136WJ,Falak  Peshawari Sela Rice (Peshawari Sela Chawal)  1kg,454.77,489,2,5,True,2026-05-05 10:47:33
143895024,r1vf-4597,Kausar Super Kernel Basmati Rice 1kg,418,440,1,5,True,2026-09-05 17:11:54
143895032,r1vf-4605,Kausar Deghi Sella Rice 1kg,389.5,410,1,5,True,2026-08-25 12:47:21
139755078,virtual-559,Yopokki Korean Rice Cake Jjajang Cup 120g,650,650,4,8,True,2026-09-05 17:11:54
7644942,RR44CF,Falak  Premium Basmati Rice (Premium Basmati Chawal)  5kg,2301.2,2615,3,3,True,2026-09-05 17:11:54
7644704,41BP11,Falak  Brown Basmati Rice  1.5kg,640,800,4,3,True,2026-09-05 17:11:54
141321150,SUG-001,Mughal Royal Diamond 5kg rice + 3kg�sugar,2356.5,3142,1,0,True,2026-05-25 17:10:11
36759645,U5GXX4,Falak  Daily Rice (Falak Daily Chawal)  5kg,1520,1900,4,3,True,2026-09-05 17:11:54
24137210,O2ZU21,Mughal Royal Gold 5kg,2359.8,2565,2,3,True,2026-09-05 17:11:54
24137114,K6TYDM,Mugha Royal Gold 1kg,437.75,515,1,5,True,2026-06-19 08:34:12
24137990,M755JH,Mughal Economy Plus Rice (Chawal)  5kg,1326,1560,1,3,True,2026-07-04 13:28:21
143895031,r1vf-4604,Kausar Haandi Steamed Rice 1kg,446.5,470,2,5,True,2026-09-05 17:11:54
24137982,40DO00,Mughal Gold Blended Basmati Rice (Chawal) 5kg,1548,1720,1,3,True,2026-06-24 17:06:15
7644932,Q28G40,Falak  Organic Brown Basmati Rice Jar (Organic Brown Chawal Jar)  1.5kg,720,900,6,3,True,2026-09-05 17:11:54
36760123,ON35CG,Falak  Select Basmati Rice (Select Chawal)  5kg,2132.75,2245,6,3,True,2026-09-05 17:11:54
140100505,r1vf-1719,Yopokki Korean Rice Cake Spicy Pouch 220g,1200,1200,15,8,True,2026-09-05 17:11:54
7644777,76L94A,Falak  Easy Cook Sella Basmati Rice (Sella Basmati Chawal)  5kg,2617.25,2755,3,3,True,2026-09-05 17:11:54
36759637,K7M6WU,Falak  Easy Cook Rice (Easy Cook Chawal)  1kg,442.4,553,6,5,True,2026-09-05 17:11:54
140360322,NFL-BDL11,National Bombay Biryani and Rice Bundle,645,860,7,0,True,2026-07-06 17:45:20
143895028,r1vf-4601,Kausar Sella Basmati Rice 1kg,465.5,490,4,5,True,2026-09-05 17:11:54
140360321,NFL-BDL10,National Pulao Piryani and Rice Bundle,540,720,17,0,True,2026-07-06 17:45:20
143895026,r1vf-4599,Kausar Steamed Basmati Rice 1kg,494,520,3,5,True,2026-09-05 17:11:54
143895029,r1vf-4602,Kausar Supreme Basmati Rice 1kg,465.5,490,1,5,True,2026-09-05 17:11:54
143895033,r1vf-4606,Kausar Deghi Sella Rice 5kg,1919,2020,2,3,True,2026-09-05 17:11:54
143895025,r1vf-4598,Kausar Super Kernel Basmati Rice 5kg,2061.5,2170,3,3,True,2026-09-05 17:11:54
143895027,r1vf-4600,Kausar Steamed Basmati Rice 5kg,2441.5,2570,1,3,True,2026-09-05 17:11:54
143895023,r1vf-4596,Kausar Sella Basmati Rice 5kg,2299,2420,1,3,True,2026-09-05 17:11:54
143895030,r1vf-4603,Kausar Supreme Basmati Rice 5kg,2299,2420,3,3,True,2026-09-05 17:11:54
7860579,986922,National Refined Salt 800g,63,70,31,3,True,2026-09-05 17:11:54
7860507,FO1U0X,National Iodized Salt 800g,63,70,38,3,True,2026-09-05 17:11:54
7653483,BGZA8D,Shan Pink Himalayan Salt 800g,95,100,27,3,True,2026-09-05 17:11:54
7653676,V4J685,Shan Iodized Salt 800g,76,80,7,3,True,2026-09-05 17:11:54
7653238,20028U,Shan Refined Salt 800g,76,80,20,3,True,2026-09-05 17:11:54
9185966,3SFE7S,Jazaa Himalayan Pink Salt Pouch 800 g,85.5,95,21,100,True,2026-09-05 17:11:54
7644716,4I7I56,Falak  Pink Salt (Gulabi Namak)  800g,114,120,10,6,True,2026-09-05 17:11:54
36759617,3I7LLY,Falak  Black Salt (Kala Namak)  120g,94.05,99,4,6,True,2026-09-05 17:11:54
7644787,81E0D7,Falak  Arabian Sea Salt (Arabian Samundari Namak)  150g,95,100,5,6,True,2026-09-05 17:11:54
7644809,A75YP8,Falak  Arabian Sea Salt (Arabian Samundari Namak)  400g,94,100,5,6,True,2026-05-05 10:47:33
7644765,67OVD7,Falak  Iodized Salt (Namak Iodized)  800G,45.5,70,2,6,True,2026-09-04 07:48:57
7644919,O194NR,Falak  Refined Salt (Table Namak)  800G,66.5,70,7,6,True,2026-09-05 17:11:54
7644901,L9GH90,Falak  Himalayan Pink Salt (Himalayan Pink Namak)  200g,422.5,650,1,6,True,2026-09-05 17:11:54
7640440,880L15,Sugar  2kg,318,318,58,5,True,2026-09-05 17:11:54
7640758,M8FXOJ,Sugar  1kg,159,159,112,10,True,2026-09-05 17:11:54
139588260,virtual-100,Moiz Shakkar 500g,145,145,25,10,True,2026-09-05 17:11:54
7640775,NR8Y6F,Sugar (Cheeni)  5kg,775,775,16,3,True,2026-09-05 17:11:54
139588259,virtual-151,Moiz Sugar 1kg,177,177,11,10,True,2026-09-05 17:11:54
140433900,r1vf-4012,Sugar 500gm,85,85,23,10,True,2026-09-05 17:11:54
139588257,r1vf-2012,Moiz Sugar 2kg,350,350,9,5,True,2026-09-05 17:11:54
8937699,2OK4W8,Bakea Brown Sugar 250g,184.3,194,14,100,True,2026-09-05 17:11:54
7664340,1W2E2L,Mother Choice Icing Sugar 250g,152,160,5,8,True,2026-09-05 17:11:54
139588258,r1vf-2013,Moiz Sugar 5kg,865,865,3,3,True,2026-09-05 17:11:54
140412479,r1vf-3333,Desi Gurr 500gm�,257.4,286,4,6,True,2026-04-09 10:15:07
7644887,K7QYC3,Falak  Unrefined Jaggery (Desi Gur)  500g,465.5,490,10,10,True,2026-09-05 17:11:54
8937653,W0912H,Bakea Icing Sugar 250g,108.58,178,9,100,True,2026-09-05 17:11:54
8937678,253JM1,Bakea Caster Sugar 250g,173.85,183,11,100,True,2026-09-05 17:11:54
7664358,VSXNA2,Mother Choice Caster Sugar 250g,152,160,6,8,True,2026-09-05 17:11:54
140618149,r1vf-3164,Sun Gold White Button Mushrooms Sliced 400g,361,380,17,8,True,2026-09-05 17:11:54
17955002,1X1LC4,Fruitamins Pineapple Broken Slices 545Gm,530,530,1,6,True,2026-08-23 03:51:57
16078799,3OT2H7,Italia Sliced Black Olives 230/115g (Imported),790,790,1,100,True,2026-09-05 17:11:54
7653618,Q8SMF0,Shan Ginger Garlic Paste Bottle 310g,467.5,550,22,3,True,2026-09-05 17:11:54
141793864,Z1VKD9,DEWDROP JALAPENO SLICE GREEN 320 G BOTTLE,450,450,1,0,True,2026-04-30 13:57:08
8987923,O3YQ30,Italia Fruit Cocktail Tin 800g (Imported),703,925,9,100,True,2026-09-05 17:11:54
143387324,74JC0M,Fruitamins Sliced Mushroom 380g,440,440,9,0,True,2026-09-05 17:11:54
8987973,B85522,Italia Sweet Corn 400Gm Tin,320,320,19,100,True,2026-09-05 17:11:54
7646159,3L4530,American Garden Coconut Milk 400ml (Imported),584.1,649,22,100,True,2026-09-05 17:11:54
143387327,virtual-554,FRUITAMINS JALLAPINO GREEN 450GM,506.4,633,5,8,True,2026-09-05 17:11:54
35131013,G8ILGO,Shezan Sweet Corn Tin 850g,405,450,8,100,True,2026-09-05 17:11:54
143387325,U3AU2W,"Fruitamins Pineapple Slice in Heavy Syrup, 545g",670,670,17,0,True,2026-09-05 17:11:54
7653627,R02F1L,Shan Garlic Paste Bottle 310g,522.5,550,5,3,True,2026-09-05 17:11:54
17957453,6H623D,Fruitamins Whole Mushroom 380G (Imported),399.2,499,20,6,True,2026-09-05 17:11:54
140618151,r1vf-3178,Sun Gold White Button Mushrooms Whole 400g,389.5,410,5,8,True,2026-09-05 17:11:54
8987847,1WSGL2,Italia Sliced Black Olives 450/230g,850.26,1149,3,100,True,2026-09-05 17:11:54
140618150,r1vf-3166,Sun Gold White Button Mushrooms Whole (Bottle) 330g,465.5,490,7,8,True,2026-09-05 17:11:54
9936986,0614T8,Figaro Olives Green 142Gm Pitted,476,595,10,100,True,2026-09-05 17:11:54
17954997,70P971,FRUITAMINS SWEET CORN 400GM,420,420,1,100,True,2026-06-16 18:56:58
13303486,C64I90,American Garden Jalapeno Peppers 454g (Imported),665.26,899,8,100,True,2026-09-05 17:11:54
143255069,TLGGCS,Wonder Egg Toy & Chocolate for Boys 25g,160,160,2,0,True,2026-06-09 12:07:45
9471785,9CR7C0,Figaro Olives Green Plain 142g,452,565,8,100,True,2026-09-05 17:11:54
7639140,2FV4E5,Heinz Beanz Tin 400g,460,460,24,100,True,2026-09-05 17:11:54
35131720,11GESK,Italia Green Olives 450Gm Sliced,876.16,1184,10,100,True,2026-09-05 17:11:54
13303498,K1P3BE,American Garden Sweet Corn Whole Kernel 340g,443.26,599,7,100,True,2026-09-05 17:11:54
16078796,NBR7U0,Italia Stuffed Pimenced Green Olives 230/135g (Imported),621.6,840,5,100,True,2026-09-05 17:11:54
17957457,GDVDOH,Fruitamins Red Cherry 425g (Imported),424,530,16,6,True,2026-09-05 17:11:54
143387323,D6MVIK,FRUITAMINS JALLAPINO RED 450GM,506.4,633,6,0,True,2026-09-05 17:11:54
7652738,A84315,Del Monte Pineapple Slices 822g,1100,1100,1,100,True,2026-09-05 17:11:54
9471602,0T249O,Figaro Green Olives Stuffed Imported 142g,452,565,7,100,True,2026-09-05 17:11:54
145120875,r1vf-11079,Naturelle Mini Gherkins Brine & Vinegar 330g,394.8,420,1,8,True,2026-05-17 06:26:19
145120882,r1vf-11085,Naturelle Premium Quality Sweet Corn 400g,338.25,451,3,8,True,2026-09-05 17:11:54
145120871,r1vf-11075,Naturelle Plum Tomato Puree 450g,373,373,1,8,True,2026-07-28 08:34:04
145120883,r1vf-11086,Naturelle Chick Peas 400g,374,374,2,8,True,2026-07-08 08:29:41
145120874,r1vf-11078,Naturelle Garden Peas 400g,281.25,375,9,8,True,2026-09-05 17:11:54
145120873,r1vf-11077,Naturelle Olives Pitted 380g,788,788,1,8,True,2026-08-12 10:06:24
145120887,r1vf-11090,"Naturelle Organic Whole Green Olives, 380g",492.75,657,5,8,True,2026-09-05 17:11:54
145120888,r1vf-11091,Naturelle Gherkins Brine & Vinegar 1150g,985,985,1,8,True,2026-08-07 04:55:33
145120870,r1vf-11074,Naturelle Sliced Jalapenos 1250g,672,672,1,8,True,2026-08-02 13:21:04
8231510,6DTBQ9,RAFHAN CORN FLOUR 275G,190,190,30,3,True,2026-09-05 17:11:54
7646554,5I3LT2,My Cook Vanilla Essence 28ml,104.5,110,18,8,True,2026-09-05 17:11:54
8937784,6I0335,Bakea Chocolate Chips 85g,227.05,239,9,100,True,2026-09-05 17:11:54
35133259,95TRS8,Choco Bliss Crave Cooking Chocolate Dark 200g,490,490,1,100,True,2026-07-21 11:10:29
7646636,RD67TE,Rossmoor Cocoa Powder 85g,399,420,17,8,True,2026-09-05 17:11:54
7632484,K28PIR,Choco Bliss Crave Cooking Chocolate Milky 200g,450,450,1,100,True,2026-07-23 08:30:44
7646569,6S417U,Rossmoor Baking Powder 100g,142.5,150,9,8,True,2026-09-05 17:11:54
35133263,20N26G,My Cook Zarda Yellow 25g,123.5,130,25,8,True,2026-09-05 17:11:54
138924882,sta-635,Baking Soda (Metha Soda) 100g,32.3,34,14,8,True,2026-09-05 17:11:54
36767862,MR9XIP,Bakea Instant Yeast 25g,126.35,133,10,100,True,2026-09-05 17:11:54
7664353,MLDPZM,Mother Choice Baking Soda 100g,90.25,95,23,8,True,2026-09-05 17:11:54
144381121,r1vf-10717,My Wrap Butter Paper Medium (9 x 12 Inches) 36 Sheets,333,370,8,8,True,2026-09-05 17:11:54
144381120,r1vf-10716,My Wrap Butter Paper Large (12 x 14 Inches) 24 Sheets,333,370,24,8,True,2026-09-05 17:11:54
8500010,UAC6QZ,Fauji Corn Flour 275g,170,170,6,100,True,2026-09-05 17:11:54
8937424,GE3Y8Z,Bakea Cooking Chocolate Milk 200g,406.6,428,10,100,True,2026-09-05 17:11:54
8937455,PO7W0K,Bakea Premium Cocoa Powder 80g,475,500,12,100,True,2026-09-05 17:11:54
144381135,r1vf-10715,My Wrap Baking Paper (12 Inches x 16.4 Feet x 5m) 1 Unit,333,370,4,8,True,2026-09-05 17:11:54
8937740,8BW25H,Bakea Baking Soda 100g,105.45,111,4,100,True,2026-09-05 17:11:54
7646648,UG4RJ8,Rossmoor Instant Coconut Milk Powder 50g,218.5,230,1,8,True,2026-09-05 17:11:54
8938136,691TB6,Bakea Gelatin Powder 50 g,145.79,239,6,100,True,2026-09-05 17:11:54
35129031,Q5U0T2,Bakea Self Raising Flour 375g,128.71,211,5,100,True,2026-09-05 17:11:54
7632489,K47481,Choco Bliss Crave Cocoa Powder 50g,420,420,1,100,True,2026-07-15 05:32:19
35133459,P371X2,Bakea Pancake Mix Original 450g,522.5,550,12,100,True,2026-09-05 17:11:54
8937880,HVNY3U,Bakea Orange Food Color 10g,91.5,150,6,100,True,2026-09-05 17:11:54
7646666,Z4A1KS,Rossmoor Chocolate Dessert Custard 90g,108,180,6,8,True,2026-09-05 17:11:54
8937588,88X6Z7,Bakea Pancake Mix Butter Milk 450g,336.6,561,11,100,True,2026-09-05 17:11:54
35133212,ZKK15W,Choco Bliss Crave Cooking Chocolate 500Gm Dark,1095,1095,1,100,True,2026-08-21 09:37:10
8937954,Y936FY,Bakea Vanilla Powder 10g,122,200,10,100,True,2026-09-05 17:11:54
8937929,I4A118,Bakea Red Food Color 10g,135,150,1,100,True,2026-06-24 17:06:15
144381132,r1vf-10730,My Wrap Wax Paper (12 Inches x 16.4 Feet x 5m) 1 Unit,259,370,8,8,True,2026-09-05 17:11:54
35133232,G94Y3V,Bakea Yellow Food Color 10g,91.5,150,21,100,True,2026-09-05 17:11:54
7971669,8PMH78,Cadbury Cocoa Powder 125Gm Imp,1550,1550,1,100,True,2026-09-05 17:11:54
7632463,2H6004,ChocoBliss Crave-Cocoa Powder 100g,800,800,2,100,True,2026-09-05 17:11:54
8229478,07609B,Knorr Soup Chicken Corn 46g,170,170,19,4,True,2026-09-05 17:11:54
8856383,061681,Knorr Instant Soup Yakhni 20g,40,40,1,4,True,2026-08-21 12:46:16
8229571,15KX7U,Knorr Soup Hot & Sour 51g,170,170,10,4,True,2026-09-05 17:11:54
8229509,5O87L9,Knorr Soup Cream Of Chicken 50g,170,170,12,4,True,2026-09-05 17:11:54
36760029,519Q91,Dashi Hot & Sour Soup 60g,115.5,165,18,100,True,2026-09-05 17:11:54
7628883,5533AQ,Dashi Chicken Corn Soup 54Gm,115.5,165,20,100,True,2026-09-05 17:11:54
7628898,LT6GC9,Dashi Bread Crumbs 200g,98,140,12,6,True,2026-09-05 17:11:54
24137014,9G25JD,Dawn Bread Crumbs 200 g,160,160,1,100,True,2026-08-23 06:40:59
24138048,Q40FU7,Bread & Beyond Breadcrumbs 500g,300,300,1,0,True,2026-09-05 17:11:54
7663420,ZOHH05,Pepsi PET 1.5L,164,200,91,6,True,2026-09-05 17:12:28
7663374,554P45,Pepsi PET 345ml,57.4,70,40,12,True,2026-09-04 07:49:13
7648919,LS1884,Coca Cola Bottle 1.5l,164,200,277,6,True,2026-09-05 17:12:28
15940386,L5WPZ7,Coca Cola Bottle 350ml,57.4,70,383,12,True,2026-09-05 17:12:28
7639478,EKY9X9,7Up PET 345ml,57.4,70,466,12,True,2026-09-05 17:12:28
7638814,I07J2G,Sprite Bottle 1.5l,164,200,168,6,True,2026-09-05 17:12:28
7639495,RFE65R,7Up PET 1.5L,164,200,44,6,True,2026-09-05 17:12:28
7648931,PPHG02,Coca Cola Bottle 1l,139.4,170,435,6,True,2026-09-05 17:12:28
55718871,r1vf-200,Coca Cola Bottle 2L,172.2,210,52,6,True,2026-09-05 17:12:28
7648925,Q39775,Coca Cola Bottle 500ml,98.4,120,1923,12,True,2026-09-05 17:12:28
15940388,1HJTQW,Sprite Bottle 350ml,57.4,70,88,12,True,2026-09-05 17:12:28
7639449,12I09Q,7Up 250ml Can,90.2,110,3145,12,True,2026-09-05 17:12:28
7663398,D7W0DR,Pepsi PET 500ml,90.2,110,53,12,True,2026-09-05 17:12:28
7663389,9TA8C3,Pepsi PET 2.25L,175,250,27,1,True,2026-09-05 17:12:28
7648906,FUQ237,Coca Cola Can 250ml,98.4,120,105,12,True,2026-09-05 17:12:28
7639452,2448Q4,7Up PET 500ml,82,100,34,12,True,2026-09-05 17:12:28
13213827,XYH6YW,Sprite Lemon Mint Bottle 500ml,98.4,120,21,12,True,2026-09-05 17:12:28
7639484,HP8205,7Up Zero Can 250ml,73.8,90,9,12,True,2026-09-05 12:27:03
7663384,99SE2T,Pepsi PET 1l,131.2,160,5,6,True,2026-08-26 06:49:13
7639481,H5B288,7Up PET 1l,139.2,160,2,6,True,2026-08-30 14:22:42
140105568,r1vf-2701,7Up Mint Lemonade Bottle (PET) 345ml,57.4,70,28,12,True,2026-09-05 17:12:28
7639462,3392X1,7Up PET 2.25L,175,250,18,1,True,2026-09-05 17:12:28
7638808,672G5I,Sprite Bottle 1l,139.4,170,15,6,True,2026-09-05 17:12:28
44823323,11FNKG,Cola Next 1.5l,139.5,155,32,0,True,2026-09-05 17:12:28
11395357,JTQMVX,Sprite Bottle 500ml,98.4,120,14,12,True,2026-09-05 17:12:28
44823327,ZW6K43,Cola Next 1l,103.5,115,25,0,True,2026-09-05 17:12:28
7653825,I5JY23,Mountain Dew PET 1.5l,170,200,1,6,True,2026-08-26 09:42:22
140105571,r1vf-2704,7Up Mint Lemonade Bottle (PET) 1.5L,164,200,5,12,True,2026-09-05 17:12:28
7653820,853S4G,Mountain Dew PET 500ml,90,100,5,12,True,2026-08-30 14:22:42
44823300,B6JEEW,Fizup Next Drink Bottle 1.5l,139.5,155,17,0,True,2026-09-05 17:12:28
7648915,KE1U5T,Coca Cola Zero Sugar Can 250ml,98.4,120,114,12,True,2026-09-05 17:12:28
44823290,YS5110,Cola Next 2.25l,180,200,6,0,True,2026-09-05 17:12:28
7639436,O6W54D,Mirinda Can 250ml,93.5,110,4,12,True,2026-08-23 15:24:36
7639424,72EG07,Mirinda PET 1.5L,164,200,20,6,True,2026-09-05 17:12:28
7639443,R47KRX,Mirinda PET 500ml,90.2,110,18,12,True,2026-09-05 17:12:28
7638797,5A9WP7,Sprite Can 250ml,98.4,120,31,12,True,2026-09-05 17:12:28
140095823,CH1QZC,Cola Next Bottle 300ml,49.5,55,4,0,True,2026-09-05 17:12:28
7653839,WCSUR3,Mountain Dew PET 1l,136,160,3,6,True,2026-08-26 16:19:19
7653823,AHT7JE,Mountain Dew Can 250ml,93.5,110,15,12,True,2026-08-21 03:53:14
138464037,I90711,Cola Next Can 250ml,81,90,8,50,True,2026-09-05 17:12:28
7955894,LE1GJB,Murree Brewery's Bigg Lychee 300ml,50,50,1,6,True,2026-07-21 16:27:10
139545335,r1vf-2033,Cola Next Zero Sugar 250ml,90,90,1,8,True,2026-08-15 12:37:04
44823304,1WIO19,Fizup Next Drink Bottle 1L,103.5,115,11,0,True,2026-09-05 17:12:28
140095824,LWAIMO,Fizup Next Bottle 300ml,49.5,55,14,0,True,2026-09-05 17:12:28
7639407,0FH1M8,Mirinda PET 1l,136,160,1,6,True,2026-08-27 13:51:55
44823236,GN3551,Fizup Next Drink Bottle2.25l,180,200,5,0,True,2026-09-05 17:12:28
44823328,4V32KK,Next Lychee Next 1000ml,115,115,1,0,True,2026-08-24 06:59:08
44823319,49DE05,Rango Next 1500ml,139.5,155,1,0,True,2026-09-05 17:12:28
140105567,r1vf-2700,7Up Mint Lemonade Can 250ml,93.5,110,24,12,True,2026-09-05 17:12:28
139545336,r1vf-2034,Fizup Next Zero Sugar 250ml,90,90,1,8,True,2026-08-18 15:33:51
44823260,1KOAY3,Fizup Next 500ml,63,70,10,0,True,2026-09-05 17:12:28
142488525,r1vf-7095,Sprite Lemon Mint Can 250ml,76.44,98,21,12,True,2026-05-02 15:47:32
140095826,U6IPTT,Anaar Next Bottle 300ml,49.5,55,4,0,True,2026-09-03 13:18:44
7658056,E3US9I,Fanta Orange Can 250ml,102,120,25,12,True,2026-09-05 17:12:28
44823267,4R5QWV,Dare Next Soft Drink Bottle 1.5L,139.5,155,5,0,True,2026-09-05 17:12:28
44823324,R16880,Rango Next 1L,103.5,115,2,0,True,2026-09-05 17:12:28
44823315,Z8126A,Anaar Next PET Bottle 1.5l,139.5,155,6,0,True,2026-09-05 17:12:28
44823326,968C7I,Dare Next Soft Drink Bottle 1L,103.5,115,2,0,True,2026-09-05 17:12:28
142278996,r1vf-4381,Dare Next Drink Can 250ml,81,90,5,8,True,2026-09-05 17:12:28
44823295,53XE5T,Rango Next 500ml,63,70,5,0,True,2026-09-05 17:12:28
142278995,r1vf-4380,Rango Next Drink Can 250ml,81,90,12,8,True,2026-09-05 17:12:28
139265016,h1ei-528,Tops Frootopia Guava 1L,190,190,2,8,True,2026-04-23 05:32:21
44823213,3863PX,Dare Next 500ml,63,70,8,0,True,2026-09-05 17:12:28
8371841,8T85TT,Shani Can 330ml,480,480,3,100,True,2026-09-05 17:12:28
144717743,AF60C8,Fanta Strawberry UAE Tin 330ml,480,480,6,0,True,2026-05-10 15:55:44
144717744,WQ8SF5,Fanta Citrus Slim Can Dubai 330ml,480,480,3,0,True,2026-05-08 10:27:34
7652429,892Q2U,Aquafina Water PET 1.5L,76.5,90,74,6,True,2026-09-05 17:12:28
7797979,Y93ORO,NESTLE Pure Life 5L,330,330,34,0,True,2026-09-05 17:12:28
24177359,12D3CT,Nestle Pure Life Bottled Drinking Water 2 Pieces x 5l,660,660,50,0,True,2026-09-05 17:12:28
24373607,7NUNP3,Nestle Pure Life PROMO 5 + 1 x 1.5l,630,630,2,6,True,2026-06-18 18:01:47
7652431,BE3836,Aquafina Water PET 500ml,38.25,45,33,12,True,2026-09-05 17:12:28
7643680,U6WWVA,Dasani Bottle 1.5l,76.5,90,37,6,True,2026-09-05 17:12:28
7798210,ZPTSCW,Nestle Pure Life 0.5l 500ml,70,70,21,0,True,2026-09-05 17:12:28
7797969,NCXFKX,Nestlé Pure Life Drinking Water Bottle 1.5L,105,105,109,0,True,2026-09-05 17:12:28
7643674,2F3HT5,Dasani Water Bottle 500ml,42.5,50,30,12,True,2026-09-05 17:12:28
44823308,0K6C37,Water Next 1.5L,67.5,75,17,6,True,2026-09-05 17:12:28
7798206,U0EKOJ,Nestle Pure Life Fit 330ml,60,60,4,0,True,2026-09-05 17:12:28
139260036,r1vf-1614,Murree Sparkletts Bottled Drinking Water 1.5L,96,96,9,6,True,2026-09-05 17:12:28
24198304,N4K269,Nestle Pure Life Active 500ml,70,70,3,0,True,2026-08-26 16:19:19
28231026,BJFZRW,Qarshi Springley 1500ml,85,85,6,8,True,2026-08-17 15:26:29
140619578,AB70IK,Pura Spring from The Mountains Ofgilgit Baltistan Spring Water 1L,350,350,5,0,True,2026-09-05 17:12:28
8342751,ARXHP9,Masafi Mineral Water (Imported) 1.5l,370,370,4,12,True,2026-09-05 17:12:28
23624915,1H0WEA,Pura Spring Natural Spring Water Bottle 5L,800,800,3,100,True,2026-09-05 17:12:28
8587961,ZM4PI2,Voss Waterglass Bottle 800ml,1850,1850,1,100,True,2026-04-13 16:15:34
44822846,I7XD7M,Water Next 500ml,36,40,15,12,True,2026-09-05 17:12:28
19410838,H30S2S,Pura Spring Natural Spring Water Bottle 500ml,180,225,6,100,True,2026-09-05 17:12:28
139446087,r1vf-1786,Qarshi Springley Natural Mineral Water 500ml,50,50,2,8,True,2026-08-31 09:23:53
143345859,ULH1CU,Masafi Mineral Water 330ml,125,125,2,0,True,2026-05-29 12:18:21
140607569,r1vf-4257,Safa Bottled Drinking Water 500ml,34,40,9,8,True,2026-09-05 17:12:28
8587972,FEJLRA,Voss Waterglass Bottle 375ml,1400,1400,14,100,True,2026-09-05 17:12:28
140607570,r1vf-4258,Safa Bottled Drinking Water 1500ml,80,80,6,8,True,2026-09-05 17:12:28
141706427,virtual-102,Masafi Mineral Water 330ml (00001),160,160,2,0,True,2026-06-02 18:41:53
8342676,TSWYYB,Masafi  Water  500ml,180,180,23,12,True,2026-09-05 17:12:28
7649627,PZOT0J,Slice Mango Fruit Drink 200ml,45,50,166,12,True,2026-09-05 17:12:28
7824250,600UXB,Nestle Fruita Vitals Chaunsa Mango Nectar 200ml,75.2,80,26,0,True,2026-09-05 17:12:28
7852025,NAQ8MZ,Nestle Fruita Vitals Guava juice 200ml,75.2,80,13,0,True,2026-09-05 17:12:28
8662896,55G6X0,Nestle Sparkling Peach Fruit Drink 250ml,150,150,13,0,True,2026-09-05 17:12:28
140361717,TJWAXG,Nestle Fruita Vitals Royal Mangoes Juice 200ml,62.98,67,1,0,True,2026-09-03 18:24:15
7824744,1AF6VV,Nestle Juice 1Litre Bottle Kinnow,357.2,380,15,0,True,2026-09-05 17:12:28
7824731,5OBUUY,Nestle 100% Orange Juice 1l,470,500,1,0,True,2026-09-05 17:12:28
139801129,r1vf-3007,Nestle Fruita Vital Sparkling Pome Can 240ML,150,150,3,0,True,2026-09-05 07:28:39
7824298,8BXWFC,Nestle Fruita Vitals Kinnow Nectar 200ml,75.2,80,18,0,True,2026-09-05 17:12:28
7824272,DH5U95,Nestle Fruita Vitals Apple Nectar 1000ml,376,400,11,0,True,2026-09-05 17:12:28
7919829,205OMN,Nestle Nesfruta Apple Fruit Drink 200ml,75,75,10,0,True,2026-09-05 17:12:28
7639138,UKY241,Local Cold Drink Cappy Pulpy Orange Juice 350ml,135,150,18,12,True,2026-09-05 17:12:28
7824696,RU44JT,Nestle Fruita Vitals Peach Fruit Drink 1000ml,357.2,380,14,0,True,2026-09-05 17:12:28
7824719,2LT144,Nestle Fruita Vitals Red Grapes Fruit Drink 1000ml,470,500,15,0,True,2026-09-05 17:12:28
7824569,V60OQ8,Nestle Fruita Vitals Peach Fruit Drink 200ml,75.2,80,34,0,True,2026-09-05 17:12:28
17088346,ODS77C,Nestle Fruita Vitals Apple Sparkling Fruit Drink Can 1 Piece,150,150,14,0,True,2026-09-05 17:12:28
15018761,9R38V1,Smile Juice Lychee 250ml,78.2,85,4,4,True,2026-09-05 17:12:28
7662734,T61095,Shezan LYCHEE JUICE NR 225 ML,124,124,4,6,True,2026-09-05 17:12:28
141073859,H1L98V,Nestle Nesfruta Mango Fruit Drink 1000ml,238,238,28,0,True,2026-09-05 17:12:28
7824626,FNAF5F,Nestle Fruita Vitals Red Anaar Nectar Gold Range 1000ml,475,475,1,100,True,2026-03-27 07:10:33
15018751,YPEE00,Smile Mango Juice 1l,239.2,260,1,4,True,2026-09-05 17:12:28
7662357,417TXH,Shezan Mango 250ml,46,46,8,6,True,2026-09-05 17:12:28
7662489,AO9C99,Shezan Mango 1l,225,225,8,6,True,2026-09-05 17:12:28
7824613,3KHMF7,Nestle Juice 200Ml Red Grapes Gold,75.2,80,53,0,True,2026-09-05 17:12:28
7919816,FR2S94,Nestle Nesfruta Apple Juice 1l,253.8,270,7,0,True,2026-09-05 17:12:28
141079701,GFKY0U,Rani Orange Bottle,279,310,24,0,True,2026-09-05 17:12:28
7662618,L22BJP,Shezan Fruit Punch 250ml,46,46,17,6,True,2026-09-05 17:12:28
7824222,449H1S,Nestle Fruita Vitals Guava Nectar 1000ml,357.2,380,10,0,True,2026-09-05 17:12:28
15018724,61O6FP,Smile Mango Juice 250ml,78.2,85,8,4,True,2026-08-29 16:18:25
140255949,r1vf-3245,Fruita Vitals Lime & Lemon Sparkling Fruit Drink 270ml,150,150,10,0,True,2026-09-05 17:12:28
7824683,F35RIV,Nestle Fruita Vitals Juice Royal Mangoes 1000ml,423,450,14,0,True,2026-09-05 17:12:28
139542303,r1vf-1280,Pure Foods Fruit Farm Mango Fruit Drink 1L,156,195,4,8,True,2026-09-05 17:12:28
7662264,0JL64X,Shezan LEMON BARLEY JUICE NR 225 ML,124,124,6,6,True,2026-09-05 17:12:28
141088163,2O3LQE,Capri-Sun Mango Drink 200ml,210,280,34,0,True,2026-09-05 17:12:28
139542306,r1vf-1283,Pure Foods Froot Ful Transparent Can Pomegranate 250ml,108,135,4,8,True,2026-09-05 17:12:28
139542299,r1vf-1416,Pure Foods Fruit Farm Apple Fruit Drink 200ml,40,50,24,8,True,2026-09-05 17:12:28
7970698,1JX0IZ,Mogu Mogu Orange Flavored Drink 320ml,266.4,360,17,6,True,2026-09-05 17:12:28
7662524,DT3932,Shezan MANGO JUICE NR 225 ML,124,124,23,6,True,2026-09-05 17:12:28
7852032,OTTN7F,Nestle Nesfruta Mango Juice 200ml,52,52,6,0,True,2026-09-04 13:12:31
7824321,0C1726,Nestle Fruita Vitals Apple 200ml,75.2,80,65,0,True,2026-09-05 17:12:28
7662708,R76O2P,Shezan Fruit Punch 1l,225,225,1,6,True,2026-09-05 17:12:28
140255699,r1vf-1524,RANIA MANGO CAN 250ML (Imported),125,125,1,8,True,2026-07-29 11:28:34
139755097,r1vf-1475,Capri-Sun Orange 200ml,224,280,24,8,True,2026-09-05 17:12:28
24137996,1Z6600,Haleeb Chaunsa Juice 1l,230,230,7,100,True,2026-09-05 17:12:28
35132750,6NBQOK,Shezan Juice Orange Happy farms 1000ml,405,450,7,100,True,2026-09-05 17:12:28
7662640,L6K91S,Shezan RED GRAPES JUICE NR 225 ML,111.6,124,4,100,True,2026-09-05 17:12:28
141088161,r1vf-1476,Capri-Sun Juice Mixed Fruit 200ml,210,280,30,8,True,2026-09-05 17:12:28
8615689,3Q20WO,Tropico Apple Juice 200ml,50,50,6,100,True,2026-09-05 17:12:28
24137960,5WC4OT,Shezan Twist Apple Juice 200ml,45,45,20,6,True,2026-08-29 16:18:25
7630725,AES17S,Fruiti O Mixed Fruit Punch Juice 500ml,129.5,185,8,4,True,2026-09-05 17:12:28
35132954,2TPYFG,Fruiti O Juice 1 Litre Fruit Punch,239.2,260,5,4,True,2026-08-29 16:18:25
7662499,C22W92,Shezan Mango Nectar 1l,247.5,275,6,100,True,2026-09-05 17:12:28
7824709,2QS7W4,Nestle Fruita Vitals Chaunsa Mango Nectar 1000ml 1units,357.2,380,14,0,True,2026-09-05 17:12:28
7630752,T9J219,Fruiti O Mango Juice 500ml,129.5,185,1,4,True,2026-09-05 17:12:28
14283826,3R6O9G,Rania Fruit Drink Pet Bottle Peach 1000ml,199,199,2,100,True,2026-04-15 10:19:02
139542301,r1vf-1418,Pure Foods Fruit Farm Peach Fruit Drink 200ml,40,50,14,8,True,2026-09-05 17:12:28
7970665,M6NF0D,Mogu Mogu Mango Flavored Drink 320ml,360,360,22,6,True,2026-09-05 17:12:28
7662479,9EDNG6,Shezan Juice Apple Happy farms 200ml,50,50,12,6,True,2026-09-05 17:12:28
7662746,V1Q4KY,Shezan All Pure 100% Apple Juice 1l,275,275,12,100,True,2026-08-21 15:34:29
7662349,37DYMN,Shezan Twist Fruit Punch 200ml,45,45,19,6,True,2026-09-05 17:12:28
8163498,1S2A68,Mogu Mogu Lychee Flavored Drink With Nata De Coco 320ml,360,360,15,6,True,2026-09-05 17:12:28
35129486,Z69XTS,Fruiti O Guava Juice 500ml,129.5,185,4,4,True,2026-09-05 17:12:28
7630755,Z0RWW4,Fruiti O Mango Juice 1l,340.4,370,6,4,True,2026-09-05 17:12:28
8615633,7ZT167,Haleeb Chaunsa Juice 200ml,50,50,6,100,True,2026-09-05 17:12:28
8163426,888PCF,Mogu Mogu Peach 320ml,360,360,19,100,True,2026-08-29 16:18:25
15018757,IAR147,Smile Apple Juice 250ml,78.2,85,24,4,True,2026-09-05 17:12:28
139545142,r1vf-1744,Qarshi La Cola 500ml,95,95,7,8,True,2026-08-24 12:51:12
15018739,Y212UM,Smile Lychee Juice 1l,239.2,260,5,4,True,2026-08-21 15:34:29
7662511,D442G4,Shezan Juice Apple 1000ml,202.5,225,1,6,True,2026-09-04 13:12:31
15018723,0W2Y59,Smile Apple Juice 1l,239.2,260,23,4,True,2026-09-05 17:12:28
7970734,9279NX,Mogu Mogu Coconut Flavored Drink With Nata De Coco 320ml,360,360,21,100,True,2026-09-05 17:12:28
8163439,07J70W,Mogu Mogu Pineapple Flavored Drink 320ml,360,360,8,100,True,2026-08-16 15:22:03
7970626,2E95RM,Mogu Mogu Strawberry Flavored Drink With Nata De Coco 320ml,360,360,15,100,True,2026-09-05 17:12:28
24138066,E84S15,Mogu Mogu Grape Flavored Drink With Nata De Coco 320ml,266.4,360,3,6,True,2026-08-13 13:11:26
7662721,SCKKVE,Shezan Mango Twist 200ml,40.5,45,22,6,True,2026-09-05 17:12:28
35130787,RL5NRN,Smile Mango Juice 500ml,128.8,140,10,4,True,2026-08-29 16:18:25
7662367,467US3,Shezan Mango Nectar 200ml,50,50,16,6,True,2026-08-21 15:34:29
35132996,C56882,Fruiti O Orange Nectar Juice 1l,322,460,2,4,True,2026-09-05 17:12:28
139542302,r1vf-1419,Pure Foods Fruit Farm Pomegranate Fruit Drink 200ml,40,50,20,8,True,2026-09-05 17:12:28
14283829,MD51KA,RANIA MANGO BOTTLE 1LTR (Imported),220,220,1,100,True,2026-06-16 13:30:06
7656973,V5HKR6,Sting Berry Blast Energy Drink PET 500ml,102,120,341,12,True,2026-09-05 17:12:28
7656961,GAAL32,Sting Berry Blast Energy Drink PET 300ml,63.75,75,1236,12,True,2026-09-05 17:12:28
140607469,r1vf-4256,Revive Lychee Burst Hydration Drink 300ml,42.5,50,44,12,True,2026-09-05 17:12:28
144432315,r1vf-10941,Revive Lemonade Twist 1L,119,140,4,8,True,2026-08-11 16:03:18
138453530,360944,Gatorade Lemon Lime 500ml,85,100,52,12,True,2026-09-05 17:12:28
7638434,W97JV5,Red Bull Energy Drink 250ml,500,500,19,6,True,2026-09-05 17:12:28
138446764,r1vf-882,Gatorade Tropical Fruit 500ml,85,100,40,12,True,2026-09-05 17:12:28
7638430,2L1QQ7,Red Bull Energy Drink Sugar Free 250ml,500,500,21,6,True,2026-09-05 17:12:28
138754809,r1vf-560,Red Bull Red Edition Watermelon Flavor 250ml,500,500,2,0,True,2026-09-05 17:12:28
8669742,38PA9Z,Red Bull Energy Drink 4 Packs 250ml,2000,2000,6,2,True,2026-09-05 17:12:28
7791609,61RZ70,Qarshi Jam E Shirin 800ml,550,550,19,0,True,2026-09-05 17:12:28
7766006,UFL07Y,Tang Orange Pouch 375g (Makes 3l),350,350,24,0,True,2026-09-05 17:12:28
7766083,6I394R,Tang Orange Pouch Local 125g,100,100,18,0,True,2026-09-05 17:12:28
7791610,I4B2JJ,Qarshi Jam-e-Shirin 1500ml,925,925,8,0,True,2026-09-05 17:12:28
7766105,SM300B,Tang Pineapple Pouch Local 125g,100,100,13,0,True,2026-09-05 17:12:28
7766035,U47DQ3,Tang Pineapple Pouch 375g (Makes 3l),350,350,13,0,True,2026-09-05 17:12:28
7766094,D0LX3X,Tang Mango Pouch Local 125g,100,100,12,0,True,2026-09-05 17:12:28
36759629,C5F9WC,Tang Mango Pouch 375g (Makes 3l),350,350,19,0,True,2026-09-05 17:12:28
7766879,E1112D,Tang Lemon & Pepper Pouch 375g (Makes 3l),350,350,26,0,True,2026-09-05 17:12:28
7766147,592A46,Tang Lemon & Pepper Jug Pack 125g (Makes 1l),100,100,12,0,True,2026-09-05 17:12:28
7766203,40642W,Tang Orange Small Tub 750gm (makes 6 Liters),664,830,11,0,True,2026-09-05 17:12:28
35133176,Z413S5,Sunsip Limopani 3 Ltr Pouch,262.5,350,18,0,True,2026-09-05 17:12:28
7766125,3238C5,Tang Orange Sachet 25g (Makes 1 Glass),25,25,6,0,True,2026-09-05 17:12:28
7766169,5S55V8,Tang Mango Sachet 25g (Makes 1 Glass),25,25,5,0,True,2026-09-05 17:12:28
24137679,T7AH0H,Tang Lemon & Pepper Sachet 25g (Makes 1 Glass),25,25,16,0,True,2026-09-05 17:12:28
7766181,7A702J,Tang Pineapple Sachet 25g (Makes 1 Glass),25,25,18,0,True,2026-09-05 17:12:28
139437287,r1vf-1753,Qarshi Jam-e-Shirin 500ml,350,350,8,0,True,2026-09-05 17:12:28
7760779,E58M2V,Sunsip Limopani 1 Glass Sachet (12 Pcs),240,300,39,0,True,2026-09-05 17:12:28
139437286,r1vf-1748,Qarshi Jam-e-Shirin 3000ml,1600,1600,3,50,True,2026-09-05 17:12:28
28231124,475AQ1,Qarshi Jam-e-Shirin Concentrated Sugar Free Syrup 800ml,550,550,8,50,True,2026-09-05 17:12:28
7769595,GX0127,Quice 800Ml Ice Cream Syrup,393.75,525,8,100,True,2026-09-05 17:12:28
35133157,CYS8S8,Tang Mango Small Tub 750g (Makes 6l),664,830,12,0,True,2026-09-05 17:12:28
7662472,99T18Z,Shezan Mango Squash Bottle 800ml,405,450,6,4,True,2026-09-05 17:12:28
7760767,4H7HJ2,Sunsip Limopani 6 Ltr Tub,664,830,6,0,True,2026-09-05 17:12:28
7662635,LXIHLG,Shezan Squash Mango Bottle 1400ml,750,750,6,4,True,2026-09-05 17:12:28
28231515,HKG9FV,Qarshi Sharbat-e-Sandaleen 800ml,550,550,12,50,True,2026-09-05 17:12:28
24137651,S88U75,Tang Orange Big Tub (Makes 20L) 2.5kg,2040,2550,4,99,True,2026-09-05 17:12:28
35133138,AK17PM,Sunsip Limopani 1 Ltr Jug Sachet (8 Pcs),640,800,4,0,True,2026-09-05 17:12:28
28231024,SWVY57,Qarshi Sharbat-e-Bazoreen 800ml,440,550,11,50,True,2026-09-05 17:12:28
35131415,SP2728,Shezan Squash Lemon Barley Bottle 800ml,405,450,6,4,True,2026-09-05 17:12:28
24137663,ETF99K,Tang Mango Big Tub (Makes 20L) 2.5kg,2040,2550,7,99,True,2026-09-05 17:12:28
7769567,KJ14Q1,Quice Syrup Rooh E Shireen 800 ml,393.75,525,22,100,True,2026-09-05 17:12:28
7955746,1OCRWG,Murree Brewery's Peach Malt 250ml,85,85,3,8,True,2026-08-09 15:32:07
141079698,7KVNZP,Barbican Peach Drink 330ml,288,320,18,0,True,2026-09-05 17:12:28
8720344,4ZXW89,Barbican Bottle Tropical 330 ml,320,320,23,100,True,2026-09-05 17:12:28
141079697,RA7J7J,Barbican Lemon Flavour 330ml,288,320,14,0,True,2026-09-05 17:12:28
7970270,422L90,Barbican Drink Malt 330ml,288,320,15,100,True,2026-09-05 17:12:28
7645101,2OTFL2,Mezan Cooking Oil 1Litre Pouch,551.46,606,94,5,True,2026-09-05 17:13:27
36768134,WAE033,Canolive Oil 1 Litre Stand Up Pouch,669.76,728,8,10,True,2026-09-05 17:13:27
8337331,Y03XCC,CanOlive Oil Poly Pouch 1 Ltr,651.36,708,20,10,True,2026-09-05 17:13:27
7638659,YOAJME,Eva Cooking Oil Pillow Pouch 1l,564,600,57,5,True,2026-09-05 17:13:27
7638585,20LQ22,Eva Sunflower Oil 1L,596.9,635,17,10,True,2026-09-05 17:13:27
7651554,M1692J,Seasons Canola Oil Bottle 1 ltr,613,638,13,10,True,2026-09-05 17:13:27
7638599,52080P,Eva Cooking Oil Bottle 3l,1789.8,1884,3,3,True,2026-09-05 17:13:27
7654020,2UP4G0,Soya Supreme Cooking Oil Bottle 1l,622,642,4,10,True,2026-09-05 17:13:27
36760300,7M9OY5,Seasons Canola Oil Bottle 4.5l,2774,2875,4,3,True,2026-09-05 17:13:27
7651551,E1UQ7O,Seasons Canola Oil Bottle 3L,1880,1930,12,3,True,2026-09-05 17:13:27
7641315,L44AN4,Dalda Sunflower Oil 1Litre Pouch,620,625,1,10,True,2026-07-22 13:56:23
7641248,892CL9,Dalda Manpasand Banaspati Pouch 900g,527,527,1,10,True,2026-08-14 15:54:42
24138034,8LA6W1,Dalda Cooking Oil Bottle 3L,1680.8,1910,1,3,True,2026-07-08 08:31:09
7641291,G1521A,Dalda Canola Oil 3l,1905,1930,1,3,True,2026-07-20 11:47:35
7638589,2983C8,Eva Canola Oil Bottle 5l,3016.25,3175,5,3,True,2026-09-05 17:13:27
7641287,E00XY2,Dalda Cooking Oil Bottle 4.5l,2850,2875,1,3,True,2026-07-23 16:28:41
7641180,011A85,Dalda Canola Oil Pouch 1L,590,610,3,10,True,2026-07-16 16:20:05
7651518,4J063P,Seasons Canola Oil Pouch 1l,584.25,615,30,10,True,2026-09-05 17:13:27
10867301,6F0460,Soya Supreme Olive Bottle 1l,649,679,10,10,True,2026-09-05 17:13:27
7653991,12B8NX,Soya Supreme Cooking Oil Bottle 5l,3035.25,3195,7,3,True,2026-09-05 17:13:27
7638634,P6V6ES,Eva Cooking Oil Bottle 5l,2968.75,3125,6,3,True,2026-09-05 17:13:27
7654048,AAVAL0,Soya Supreme Cooking Oil Bottle 3l,1821.15,1917,7,3,True,2026-09-05 17:13:27
7638627,I282M0,Eva Canola Oil 3Litre Bottle,1818.3,1914,12,3,True,2026-09-05 17:13:27
7638642,S71N23,Eva Sunflower Oil Pillow Pouch 1L,578.1,615,9,10,True,2026-09-05 17:13:27
36760143,CLOAUF,Tullo Cooking Oil Pouch 1L,573,578,3,10,True,2026-08-01 05:59:29
8231383,D56RA5,RAFHAN CORN OIL BOTTLE 1L ,1200,1200,3,4,True,2026-09-05 17:13:27
8231397,77A9A8,RAFHAN CORN OIL BOTTLE 3L,3200,3200,3,4,True,2026-09-05 17:13:27
7641308,J35Z4L,Dalda Cooking Oil Pouch 1 Ltr,598,610,2,10,True,2026-07-18 05:28:44
9873936,4Y5M3Q,Canolive Oil Bottle 1.8 ltr.,1299.96,1413,10,6,True,2026-09-05 17:13:27
36768070,5T20L8,Soya Supreme Olive Bottle 3 Ltr,1945,2013,8,3,True,2026-09-05 17:13:27
7638602,5728D0,Eva Canola Oil Standup Pouch 1l,592.2,630,12,5,True,2026-09-05 17:13:27
7641867,606J3U,Coroli Corn Oil 750Ml Bottle,1350,1350,8,100,True,2026-09-05 17:13:27
9459236,FMV24R,Dalda Manpasand Cooking Oil Pouch 900ml,517,522,4,10,True,2026-07-18 07:52:33
7654045,959RH3,Soya Supreme Cooking Oil Pouch 1l,588.05,619,15,10,True,2026-09-05 17:13:27
7641272,9KY155,Dalda Sunflower Oil Bottle 3 Ltr,1935,1960,1,3,True,2026-07-27 06:34:05
9435530,39SSZQ,Dalda Kalonji Canola Oil Bottle 1l,660,665,2,10,True,2026-07-19 08:21:34
7638648,SWX52F,Eva Sunflower Bottle 3l,1832.55,1929,12,3,True,2026-09-05 17:13:27
7641193,0ZQJH4,Dalda Corn Oil 3Litre Bottle,2330,2330,1,3,True,2026-08-07 13:04:18
7638594,4QH1X8,Eva Cooking Oil 1l,582.8,620,16,5,True,2026-09-05 17:13:27
35768820,7YUY81,RAFHAN CORN OIL TIN 3L,3100,3100,2,4,True,2026-09-05 17:13:27
7645131,VT4613,Mezan Olivola Pouch 1 ltr,644.84,686,21,10,True,2026-09-05 17:13:27
36768266,23P5O3,Canolive Oil Bottle 1 ltr.,688.16,748,12,10,True,2026-09-05 17:13:27
7641917,JK8471,Coroli Corn Oil 1.8 Ltr (Imported),3086,3086,9,100,True,2026-09-05 17:13:27
9471814,INZ7G4,Cbc Coconut Oil 400 Gm,830,830,8,100,True,2026-09-05 17:13:27
38212538,X9HE10,Qarshi Roghan-e-Badam | Almond Oil 10ml,200,200,1,100,True,2026-09-05 17:21:00
8987429,316B3X,Italia Olive Oil 100Ml,484.7,655,9,100,True,2026-09-05 17:13:27
8987652,O2E0K4,Italia Olive Oil Extra Virgin 250Ml Bottle,1444.48,1952,6,100,True,2026-09-05 17:13:27
36767999,S559L1,Italia Olive Oil Pomace 250Ml Bottle,900.58,1217,11,100,True,2026-09-05 17:13:27
36760506,JQD0K2,Dalda Olive Oil 500Ml Pomace Bottle,1600,1600,1,10,True,2026-08-21 09:38:30
8987467,9LH40B,Italia Olive Oil Pomace Tin 175ml,652.68,882,17,100,True,2026-09-05 17:13:27
15373284,4H8BPW,Felber Extra Virgin Olive Oil 250ml (Imported),1680,1680,1,100,True,2026-07-31 06:15:53
7635838,5891NT,Mundial Olive Pomace Oil Bottle 500Ml,1004.5,1435,3,100,True,2026-09-05 17:13:27
7641215,31J6WT,Dalda Olive Oil 500Ml Extra Virgin Bottle,2175,2200,1,10,True,2026-08-04 11:24:55
15373235,SJWETO,Felber Pomace Olive Oil 100ml Tin (Imported),500,500,1,100,True,2026-09-05 17:13:27
7641217,3X01M1,Dalda Olive Oil 1Litre Extra Virgin Bottle,3382,3450,1,10,True,2026-08-03 06:25:17
7641230,50T1X5,Dalda Olive Oil 1Litre Pomace Bottle,2745,2750,1,10,True,2026-08-05 14:09:58
9936678,AKFR9H,Sasso Olive Oil 100Ml Imp,850,850,16,100,True,2026-09-05 17:13:27
8987558,2R6E59,Italia Olive Oil 400Ml,976,1952,2,100,True,2026-08-14 10:04:15
9936803,FUC829,Sasso Olive Oil 200Ml Imp,1499,1499,2,100,True,2026-09-05 17:13:27
9936914,327711,Sasso Olive Oil 250Ml Extra Vergin Bottle,2250,2250,3,0,True,2026-09-05 17:13:27
36768272,98MW03,Canolive Banaspati 1 Kg Pouch,565.8,615,18,10,True,2026-09-05 17:13:27
7641298,HH6CSD,Dalda Banaspati Ghee Pouch 1kg,605,610,3,10,True,2026-07-17 10:49:41
7645123,SI4LS9,Mezan Ghee Poly Bag 1kg,569.64,606,29,10,True,2026-09-05 17:13:27
36768267,G3FO87,Naturelle Banaspati 1 Kg Pouch,553.5,615,18,10,True,2026-09-05 17:13:27
7638581,0K75K7,Eva Banaspati 1Kg Pouch,564,600,21,10,True,2026-09-05 17:13:27
139850630,r1vf-120,Eva Banaspati Tin (Easy Open Pack) 1kg,620.4,660,6,10,True,2026-09-05 17:13:27
7653866,KBT8JB,Tullo Banaspati Pouch 1kg,573,578,18,10,True,2026-07-27 06:34:05
7659579,WK71TA,Adams Pure Desi Ghee 500Gm,1450,1450,5,100,True,2026-09-05 17:13:27
7641207,347TY7,Dalda Banaspati Tin 2.5 kg,1570,1580,1,6,True,2026-07-29 05:55:09
36759596,57V4SQ,Adams Pure Desi Ghee 1Kg,2800,2800,1,100,True,2026-09-05 17:13:27
17699562,W0I096,Pak Desi Ghee Standing Pouch 250g,820,820,17,10,True,2026-09-05 17:13:27
7641280,AY7DSL,Dalda Banaspati Fortified Tin 5 kg,3065,3090,1,3,True,2026-07-29 14:12:46
8615659,76X9K3,Haleeb Asli Desi Ghee 1Kg,2600,2600,9,10,True,2026-09-05 17:13:27
7654072,X23HHQ,Soya Supreme Banaspati Pouch 1kg,569.48,619,15,10,True,2026-09-05 17:13:27
17699517,V724Z8,Pak Desi Ghee Tin 500g,1580,1580,20,10,True,2026-09-05 17:13:27
7653869,ML2VDU,Tullo Banaspati 2.5Kg Tin,1495,1495,1,6,True,2026-08-10 10:18:17
17699563,C6NU64,Pak Desi Ghee Standing Pouch 500g,1600,1600,4,10,True,2026-09-05 17:13:27
140390235,r1vf-3062,Daali Earthfoods Desi Ghee 450g,2014,2120,1,8,True,2026-09-05 17:13:27
8012582,UQ6Q4U,Comelle Desi Ghee 800Gm Tin,2700,2700,9,100,True,2026-09-05 17:13:27
8356189,AKW298,Guard Elbow Macaroni 400g,171,180,1,1,True,2026-07-25 08:09:46
141388887,r1vf-3893,KNORR CHATPATTA NOODLES 275G,275,275,158,3,True,2026-09-05 17:14:10
138685065,r1vf-1106,KNORR CHATPATTA NOODLES 110G,99,99,134,3,True,2026-09-05 17:14:10
141705534,JHX844,KNORR BLAZING NOODLES 102G,162.75,175,80,5,True,2026-09-05 17:14:10
8886660,F0TR5Y,Samyang Buldak Carbonara Hot Chicken Flavour Ramen 130g,474.05,499,2,100,True,2026-08-09 06:58:22
18835562,UG8QDM,Samyang Buldak Cream Carbonara Hot Chicken Flavoured Ramen 140g,459.08,499,2,100,True,2026-08-06 14:10:20
141388886,r1vf-3892,KNORR CHICKEN NOODLES 275G,275,275,49,3,True,2026-09-05 17:14:10
43290284,594Q82,Shoop Chattpata Flavour Instant Noodles Packet of 4 x 50g,170,200,20,3,True,2026-09-05 17:14:10
24138186,Y28NH4,Indomie Chicken Chatkara Noodles 120g,90,90,41,100,True,2026-09-05 17:14:10
138685064,r1vf-1105,KNORR CHICKEN NOODLES 110G ,99,99,47,3,True,2026-09-05 17:14:10
58096522,r1vf-504,KNORR CHATPATTA NOODLES 50G,50,50,76,3,True,2026-09-05 17:14:10
17120741,PA9LRY,Shoop Chattpata Flavour Instant Noodles 31.5g,25.5,30,81,3,True,2026-09-05 17:14:10
43290518,4WJOK0,Shoop Korean Noodles Carbonara 140g,255,300,36,3,True,2026-09-05 17:14:10
7653529,E25687,Shoop Chattpata Flavour Instant Noodles 50g,42.5,50,81,3,True,2026-09-05 17:14:10
8886635,WUC91P,Samyang Instant Noodle Hot Chicken Flavour Buldak 140g,474.05,499,1,100,True,2026-08-14 13:06:59
141249331,r1vf-30021,KNORR SPICY BEEF NOODLES 110.5G,166.25,175,14,5,True,2026-09-05 17:14:10
28232049,GO7T6X,Indomie Instant Noodles Meat Masala 120g,90,90,32,100,True,2026-09-05 17:14:10
141388884,r1vf-3890,KNORR CHICKEN NOODLES 180G,185,185,11,4,True,2026-09-05 17:14:10
28232082,7Y9352,Indomie Lemon Tarka Noodles 120g,90,90,22,100,True,2026-09-05 17:14:10
8553631,63Q5AX,Indomie Noodles Chicken Chatkhara Flavour 70Gm,63.7,70,26,100,True,2026-08-19 09:37:02
13547381,HEK4DO,ABC Goreng Fried Instant Noodles Imported 70g,160,160,21,100,True,2026-09-05 17:14:10
8886607,PH9Q79,Samyang Hot Chicken Jjajang Flavor Ramen 140g,499,499,27,100,True,2026-09-05 17:14:10
143449770,XBP0N6,Samyang Buldak Quattro Cheese Hot Chicken Flavor Ramen 145g,474.05,499,1,100,True,2026-08-07 15:59:58
140017162,r1vf-2385,Abc Instant Fried Noodles Spicy Cheese Flavor 85g,190,190,1,8,True,2026-09-05 12:27:43
18835414,4XD9W0,Samyang Habanero Lime Buldak Hot Chicken 135g,474.05,499,3,100,True,2026-08-06 14:10:20
43290292,OIP98D,Shoop Chicken Flavour Instant Noodles Packet of 4 x 50g,170,200,21,3,True,2026-09-05 17:14:10
58096521,r1vf-503,KNORR CHICKEN NOODLES 50G,50,50,75,3,True,2026-09-05 17:14:10
18835422,759Y80,Samyang Stew Hot Chicken Flavor Ramen 145g,499,499,37,100,True,2026-09-05 17:14:10
34453727,418K55,Kolson Kai Mala Wok Instant Ramen Noodles 1 Packet,199,199,1,100,True,2026-05-20 15:27:35
17120739,NJDBW2,Shoop Chicken Flavour Instant Noodles 31.5g,25.5,30,273,3,True,2026-09-05 17:14:10
8553726,3FZ9H6,Indomie Instant Noodles Beef Packet 70g,65,65,10,100,True,2026-09-05 17:14:10
20077554,P155T1,Kai Spicy Korean Flavoured Cup Noodles,300,300,24,100,True,2026-09-05 17:14:10
7653240,20716Q,Shoop Chicken Flavour Instant Noodles 50g,42.5,50,44,3,True,2026-09-05 17:14:10
8553750,56DMEE,Indomie Noodles Lemon Tarka Flavour 70g,65,65,33,100,True,2026-09-05 17:14:10
143699603,PC2BKO,ABC Korean Spicy Chicken Cheese Buldak Noodles 80g,210,210,36,0,True,2026-09-05 17:14:10
8886690,790XF6,Samyang 2X Spicy Hot Chicken Flavor Ramen 140g,499,499,15,100,True,2026-09-05 17:14:10
140017161,r1vf-2384,Abc Instant Fried Noodles Super Spicy 85g,190,190,5,8,True,2026-09-05 17:14:10
20077576,8HQZCZ,Kolson Kai Spicy Mala Instant Cup Noodles,300,300,1,100,True,2026-09-04 07:50:30
13547380,9C42P7,ABC Hot Semur Spicy Chicken Noodles 70g,160,160,13,100,True,2026-09-05 17:14:10
18835418,I7YHBV,Samyang Ramen Spicy Noodles 120g,499,499,37,100,True,2026-09-05 17:14:10
139850715,r1vf-1707,Kolson Instant Noodle Doodle Family Pack (Chatpata),190,190,2,8,True,2026-09-05 17:14:10
68366105,50Y9FD,Shoop Instant Noodles Chatpata 31.5g x12	,313.2,360,21,2,True,2026-08-06 05:51:38
140878041,virtual-413,Nissin Ramen Hot spicy Noodles 109g,420,420,2,12,True,2026-09-02 13:19:59
18835564,2DLE7T,Samyang Instant Noodle Buldak 3x Spicy 140g,499,499,38,100,True,2026-09-05 17:14:10
140878042,virtual-440,Nissin Geki Kara Ramen Premium Hot Chicken 121g,450,450,5,12,True,2026-09-05 17:14:10
140878040,virtual-412,Nissin Geki Kara Ramen Hot Chicken 118g,420,420,4,12,True,2026-09-05 17:14:10
13711274,K9I63Q,Noodi Special Chicken Noodles (Imported) 70g ,110,110,1,100,True,2026-08-08 09:40:42
142267343,N1V8WG,Yopokki Halal Cup Rice Cake Spicy 120g,715,715,1,0,True,2026-09-05 07:29:26
139850714,r1vf-1705,Kolson Instant Noodle Doodle Bag (Chatpata) Rs. 50,50,50,59,8,True,2026-09-05 17:14:10
140878047,4JNJ7M,Gekikara Hot Carbonara Noodles 120g,420,420,2,12,True,2026-08-19 15:33:33
143269946,virtual-1322,Nissin Gekikara Ramen Pas Hot Carbo Flavour Noodles 81g,299,299,1,12,True,2026-08-27 13:52:46
139755155,r1vf-2140,Koka Spicy Stir-fried Instant Noodles (Pouch) 85g,320,320,9,50,True,2026-09-05 17:14:10
13711268,OKU5JN,Noodi Chicken & Onion Noodles (Imported) 70g,117,117,2,100,True,2026-06-19 08:36:03
13711265,0158C4,Noodi Chicken Curry Noodles (Imported) 70g,117,117,1,100,True,2026-05-22 06:55:46
139755157,r1vf-2142,Koka Black Pepper Fried Instant Noodles (Pouch) 85g,224,320,7,50,True,2026-09-05 17:14:10
139755156,r1vf-2141,Koka Tom Yum Instant Noodles (Pouch) 85g,299,299,14,50,True,2026-09-05 17:14:10
139755159,r1vf-2144,Koka Curry Instant Noodles (Pouch) 85g,224,320,21,50,True,2026-09-05 17:14:10
139755158,r1vf-2143,Koka Spicy Singapore Fried Instant Noodles (Pouch) 85g,209.3,299,24,50,True,2026-09-05 17:14:10
68366115,KHT0NR,Shoop Chicken Flavour Instant Noodles 12 Packets x 31.5g,313.2,360,30,2,True,2026-08-06 05:51:38
139755163,r1vf-2151,Koka Tom Yum Instant Cup Noodles 70g,454.3,649,24,50,True,2026-09-05 17:14:10
140618559,r1vf-2145,Koka Beef Instant Noodles (Pouch) 85g,224,320,25,50,True,2026-09-05 17:14:10
140878043,virtual-441,Nissin Cup Noodles Instant Chicken 62g 1 Pcs,430,430,7,8,True,2026-09-05 17:14:10
139755162,r1vf-2149,Koka Chicken Instant Cup Noodles 70g,454.3,649,18,50,True,2026-09-05 17:14:10
139755160,r1vf-2146,Koka Mushroom Instant Noodles (Pouch) 85g,299,299,14,50,True,2026-09-05 17:14:10
139755153,r1vf-2138,Koka Chicken Instant Noodles (Pouch) 85g,299,299,2,50,True,2026-08-18 15:34:52
140618560,r1vf-2148,Koka Tomato Instant Noodles (Pouch) 85g,224,320,2,50,True,2026-09-05 17:14:10
139755165,r1vf-2153,Koka Mushroom Instant Bowl Noodles 90g,539,770,9,50,True,2026-09-05 17:14:10
139755164,r1vf-2152,Koka Chicken Instant Bowl Noodles 90g,539,770,10,50,True,2026-09-05 17:14:10
68366103,JOHP3Y,Shoop Korean Noodles Carbonara 6 Packets x 140g,1620,1800,6,2,True,2026-08-07 07:18:33
68366109,8XEE2M,Shoop Instant Noodles Chatpata 50g (Pack of 4) x4,696,800,20,2,True,2026-08-06 05:51:38
68366113,IYND3T,Shoop Instant Noodles Chicken 50g (Pack of 4) x4,696,800,7,2,True,2026-08-06 05:51:38
141276168,D2HSO6,Samyang Kimchi Ramen Cup 70g,565,565,1,100,True,2026-08-26 09:43:28
7860534,6A0ZVE,National Vermicelli 120g,75.44,82,15,3,True,2026-09-05 17:14:10
7653424,8613P6,Shan Roasted Vermicelli 120g,80.96,88,57,3,True,2026-09-05 17:14:10
13119554,O633R0,Rehmat-e-Shereen Pheni 200g,200,200,5,102,True,2026-09-05 17:14:10
139850636,r1vf-806,Kolson Vermicelli U Shape Rs 40,40,40,43,0,True,2026-09-05 17:14:10
140097808,r1vf-2154,Falak Vermicelli Golden Roasted 100g,57,60,11,6,True,2026-09-05 17:14:10
7875648,IS59QP,United King Pheni 175Gm,212,265,55,0,True,2026-09-05 17:14:10
35133185,PJTELL,Kolson Pasta Vermicelli Pouch Rs. 100,110,110,11,100,True,2026-09-05 17:14:10
35132702,23M0YV,Kolson Pasta Cut Vermicelli Pouch,48,60,10,100,True,2026-09-05 17:14:10
139050613,r1vf-1122,Guard Penne Macaroni 400g,171,180,1,7,True,2026-07-21 05:54:23
7646717,4I35SO,Kolson Lasagne Box ,403,403,4,100,True,2026-08-29 09:48:18
139050616,r1vf-1125,Guard Spaghetti 450g,185.25,195,2,7,True,2026-07-19 05:55:42
7646697,2BJY64,Kolson Macaroni Penne Pouch ,230,230,1,100,True,2026-08-24 09:49:49
7646714,3N49WR,Kolson Chinese Egg Noodles Box,185,185,27,100,True,2026-09-05 17:14:10
7646770,S1H5CF,Kolson Large Elbow Macaroni Pouch,230,230,9,100,True,2026-09-05 17:14:10
7646755,AZV71Q,Kolson Elbow Macaroni Box,210,210,22,100,True,2026-09-05 17:14:10
7634201,UZ62LE,Kolson Spaghetti Pouch 500g,285,285,14,100,True,2026-09-05 17:14:10
7634127,F6B113,Kolson Spaghetti Box,250,250,17,100,True,2026-09-05 17:14:10
18615035,YNHPKZ,Macaroni Creamy Alfredo 250g,150,150,2,100,True,2026-04-25 09:55:37
18615025,08CGND,Fajita Spaghetti,167,167,4,100,True,2026-09-05 17:14:10
139050615,r1vf-1124,Guard Twisted Elbow Macaroni 400g,171,180,2,7,True,2026-07-25 16:07:40
7646688,1M99J2,Kolson Spiral Macaroni Pouch,230,230,14,100,True,2026-09-05 17:14:10
8356120,8LF1AB,Guard Shell Macaroni 400g,171,180,3,7,True,2026-07-20 06:23:29
7634039,40D2T7,Kolson Long Macaroni Box 450g,240,240,1,100,True,2026-06-18 08:10:39
18615060,LZ41SH,Hot & Sour Egg Noodles,150,150,3,100,True,2026-06-30 11:47:48
9066748,V42J7D,Arbella Pasta Penne Rigate 500g,415,415,2,0,True,2026-07-30 08:31:26
7634015,998994,Kolson Macaroni Ridged Elbow Pouch ,230,230,14,100,True,2026-09-05 17:14:10
7646747,9F0TX4,Kolson Twisted Elbow Macaroni,230,230,19,100,True,2026-09-05 17:14:10
139685381,r1vf-2086,Opa Large Elbow Pasta 400g,172,215,1,2,True,2026-06-21 08:04:19
7646750,A04EIN,Kolson Large Shell Pasta Pouch,230,230,1,100,True,2026-08-16 06:42:04
35130770,19W0R3,Macaroni Chicken Ginger 250g,150,150,1,100,True,2026-05-19 17:44:47
9066320,1YXWE0,Arbella Pasta Spaghetti 500 g (Imported),269.75,415,17,0,True,2026-09-05 17:14:10
139850637,r1vf-807,Kolson Khowsuey Spaghetti 4 in 1 (Rs 240) 1 Unit,240,240,2,0,True,2026-08-28 14:58:51
139685383,r1vf-2088,Opa Spiral Pasta 400g,172,215,2,2,True,2026-06-27 10:59:51
9066851,NIEKD1,Arbella Pasta Farfalle (Imported) 500g ,415,415,2,0,True,2026-09-05 17:14:10
16080077,444F00,Italia Penne Pasta 400g (Imported),469,469,5,100,True,2026-09-05 17:14:10
139685384,r1vf-2089,Opa Shell Pasta 400g,172,215,2,6,True,2026-07-30 11:12:12
9066696,71O467,Arbella Pasta Fusilli Rotini (Imported) 500g ,269.75,415,3,0,True,2026-07-22 16:22:34
9066724,G2U9IS,Arbella Pasta Whole Wheat Spaghetti (Imported) 400g ,403,620,13,0,True,2026-09-05 17:14:10
9066825,O8KCSZ,Arbella Pasta Elbow Macaroni (Imported) 500g ,415,415,6,0,True,2026-09-05 17:14:10
9066444,16RI63,Arbella Pasta Big Shell 500 g. (Imported),415,415,4,0,True,2026-09-05 17:14:10
9066258,O820N9,Arbella Pasta Elbow Small 500g (Imported),415,415,18,0,True,2026-09-05 17:14:10
9066867,54XO0A,Arbella Pasta Tripolini (Imported) 500g ,394.25,415,1,0,True,2026-08-11 04:21:39
7653412,7V4DYA,Shan Chicken Tikka Masala 45g,127.5,150,120,3,True,2026-09-05 17:14:30
7653195,538560,Shan Special Bombay Biryani Recipe Masala 120g,246.5,290,26,3,True,2026-09-05 17:14:30
7653648,S2I157,Shan Karahi Ghost Masala 50g,127.5,150,89,3,True,2026-09-05 17:14:30
35134730,0A7X16,Shan Special Chaat Masala Masala 85g,165.6,180,74,3,True,2026-09-05 17:14:30
7653286,3U1XIR,Shan Tandoori Masala 50g,127.5,150,81,3,True,2026-09-05 17:14:30
7653332,49HZ3D,Shan Biryani Recipe Masala 50g,127.5,150,138,3,True,2026-09-05 17:14:30
7653535,FF8B93,Shan Achar Gosht Recipe Masala 50g,127.5,150,126,3,True,2026-09-05 17:14:30
7653209,070GL1,Shan Dahi Bara Mix Masala 150g,97.5,150,45,3,True,2026-09-05 17:14:30
7653716,YRKQF2,Shan  Sindhi Biryani Masala 55g,127.5,150,160,3,True,2026-09-05 17:14:30
7653461,8VY8KK,Shan Pakora Masala Mix 150g,138,150,48,3,True,2026-09-05 17:14:30
7653724,Y8YG9U,Shan Chicken Tikka Masala 90g,246.5,290,20,3,True,2026-09-05 17:14:30
7653548,G340A9,Shan Nihari Masala 60g,127.5,150,129,3,True,2026-09-05 17:14:30
7653608,Q7DSM8,Shan Kofta Masala 50g,138,150,1,8,True,2026-08-21 06:48:55
7653640,RVV95V,Shan Pilau Biryani Masala 45g ,127.5,150,26,3,True,2026-09-05 17:14:30
7862150,GI5I7R,National Biryani Masala 78g,248,310,42,3,True,2026-09-05 17:14:30
7653668,T9VG37,Shan Korma Masala 100g,246.5,290,36,3,True,2026-09-05 17:14:30
7653384,65FWW9,Shan Sindhi Biryani Masala 110g,246.5,290,21,3,True,2026-09-05 17:14:30
7653247,2H2P5L,Shan Punjabi Yakhni Pilau Masala 50g,141,150,137,3,True,2026-09-05 17:14:30
7653600,O6P88A,Shan Shahi Haleem Mix 300g,303.45,357,34,3,True,2026-09-05 17:14:30
36760248,35W5KR,Shan Tandoori Masala 90g,261,290,72,3,True,2026-09-05 17:14:30
7653357,4UQ827,Shan Chicken White Karahi Masala 40g,127.5,150,1,8,True,2026-08-08 06:54:21
36759982,Q82626,Shan Chicken Handi Masala 50g,138,150,3,3,True,2026-09-05 17:14:30
7653308,3O9N9M,Shan Tikka Boti Masala 45g,136.5,150,140,3,True,2026-09-05 17:14:30
7653710,XG3RZ1,Shan Haleem Masala 50g,138,150,137,3,True,2026-09-05 17:14:30
7653688,W22JEP,Shan Chappli Kabab Masala 100g,138,150,2,3,True,2026-09-05 07:29:43
7653694,W8R5TK,Shan Karahi Gosht Masala 90g,246.5,290,52,3,True,2026-09-05 17:14:30
7653227,0J9X0N,Shan Bihari Kabab Recipe Masala 50g,97.5,150,4,3,True,2026-09-05 17:14:30
35130700,8095BD,Shan Fruit Chaat Masala 50g,114,120,3,3,True,2026-09-05 17:14:30
7653420,810YUK,Shan  Achar Gosht Masala 100g,263.9,290,53,3,True,2026-09-05 17:14:30
7653216,0HQGPD,Shan Keema Masala 50g,142.5,150,139,3,True,2026-09-05 17:14:30
35132469,YAE8QQ,Shan  Daal Masala 100g,142.5,150,7,3,True,2026-09-05 17:14:30
7653427,871D48,Shan Nihari Masala 100g,246.5,290,60,3,True,2026-09-05 17:14:30
7653373,5E1O3R,Shan Biryani Recipe Masala 90g,246.5,290,60,3,True,2026-09-05 17:14:30
7653569,M106XP,Shan Seekh Kabab Masala 45g,135,150,146,3,True,2026-09-05 17:14:30
7653368,5C2DK9,Shan Chicken Jalfrezi Masala 50g,142.5,150,146,3,True,2026-09-05 17:14:30
42242717,P62Y49,National Nihari Karachi Khaas 56g,128,160,8,3,True,2026-09-05 17:14:30
7653657,R77F21,Shan Vegetable Masala 100g,142.5,150,141,3,True,2026-09-05 17:14:30
36760090,140I48,Shan Paya Masala 50g,138,150,24,3,True,2026-09-05 17:14:30
7653408,7E0OB8,Shan Pilau Biryani Masala 80g,246.5,290,17,3,True,2026-09-05 17:14:30
7653316,44V8K4,Shan  Shami Kabab Masala 100g,275.5,290,70,3,True,2026-09-05 17:14:30
35133886,Q51E94,Shan  Chicken Masala 50g,142.5,150,19,3,True,2026-09-05 17:14:30
35133952,VE60RE,Shan Chicken Broast Masala 125g,138,150,4,3,True,2026-09-05 17:14:30
7653290,401WDP,Shan Punjabi Biryani Recipe Masala 50g,127.5,150,13,3,True,2026-09-05 17:14:30
36760237,289DIC,Shan Kunna Matka Gosht Masala 50g,97.5,150,10,3,True,2026-09-05 17:14:30
7653578,M8YOR6,Shan  Chicken White Korma Masala 40g,127.5,150,3,3,True,2026-09-05 17:14:30
140398665,r1vf-3855,National Bombay Biryani Pack 280g,472,590,11,3,True,2026-09-05 17:14:30
7653306,3O2PBL,Shan Lahori Fish Masala 100g,97.5,150,1,3,True,2026-09-02 07:44:26
7653447,8OH0L1,Shan Fish Masala 50g,130.5,150,33,3,True,2026-09-05 17:14:30
7653524,DR571A,Shan  Murg Cholay Masala 50g,142.5,150,141,3,True,2026-09-05 17:14:30
7653622,PPJT64,Shan Tikka Seekh Kabab Masala 45g,135,150,3,3,True,2026-09-05 17:14:30
7653563,JB0M45,Shan Kat A Kat Masala 50g,97.5,150,2,3,True,2026-09-05 17:14:30
7653551,IPTQCG,Shan Haleem Masala 100g,275.5,290,15,3,True,2026-09-05 17:14:30
140398667,r1vf-3858,National Pulao Biryani Recipe Mix Masala 50g,128,160,3,3,True,2026-09-05 17:14:30
7653707,WWP9SB,Shan Chinese Egg Fried Rice 35g,142.5,150,1,8,True,2026-08-09 04:20:24
7653595,N4XSYT,Shan Chicken Masala 100g,275.5,290,74,3,True,2026-09-05 17:14:30
7653634,R1S8T7,Shan Tikka Seekh Kabab Masala 100g,275.5,290,3,3,True,2026-09-05 17:14:30
139850699,h1ei-1302,Shan Mutton Biryani Recipe Masala 60g,127.5,150,100,3,True,2026-09-05 17:14:30
35133954,8T5J5C,Shan Fish Masala 100g ,188.5,290,3,3,True,2026-09-01 08:24:06
140398657,r1vf-3856,National Biryani Masala156g,472,590,6,3,True,2026-09-05 17:14:30
140398662,r1vf-3851,National Quorma Masala Saver Pack 200g,472,590,2,3,True,2026-09-05 17:14:30
145138384,r1vf-10774,National White Biryani 60G,102.4,160,9,3,True,2026-09-05 17:14:30
7653468,93250T,Shan Paya Masala 100g,275.5,290,72,3,True,2026-09-05 17:14:30
140398660,r1vf-3848,National Karahi Recipe Saver Pack 188g,377.6,590,3,3,True,2026-09-05 17:14:30
140398659,r1vf-3844,National Haleem Masala Mix 86g,275.9,310,9,3,True,2026-09-05 17:14:30
140398661,r1vf-3849,National Shami Kabab Recipe Mix Masala 90g,279,310,8,3,True,2026-09-05 17:14:30
140398666,r1vf-3857,National Pulao Biryani Recipe Mix Masala 100g,128,160,7,3,True,2026-09-05 17:14:30
140398655,r1vf-3846,National BBQ Recipe Mix Saver Pack 48g,489.5,550,7,3,True,2026-09-05 17:14:30
140398658,r1vf-3843,National Tikka Boti Masala 88g,279,310,9,3,True,2026-09-05 17:14:30
7653519,DFT5D7,Shan Liver Masala 50g,97.5,150,2,3,True,2026-09-01 08:24:06
145138383,r1vf-10773,National Makhni Handi 50G,102.4,160,12,3,True,2026-09-05 17:14:30
140398656,r1vf-3847,National Dawat Recipe Mix Saver Pack 48g,489.5,550,24,3,True,2026-09-05 17:14:30
140398664,r1vf-3854,National (Kaleji) Liver Recipe Mix Masala 50g,135,150,84,3,True,2026-09-05 17:14:30
145138382,r1vf-10772,National Tawa Chicken 50G,102.4,160,11,3,True,2026-09-05 17:14:30
140398663,r1vf-3852,National Achar Gosht Saver Pack 172g,377.6,590,1,3,True,2026-09-05 17:14:30
7640109,182LU3,Whole White Cumin (Safed Zeera Sabut)  100g,147.6,164,5,4,True,2026-05-05 10:49:11
8229078,9H5Z85,KNORR BOUILLONS CHICKEN CUBE 18G,69.75,75,495,3,True,2026-08-21 15:36:34
7653500,C62TVY,Shan Special Bombay Biryani Masala 60g,127.5,150,102,3,True,2026-09-05 17:14:30
7861973,Y9RQ86,National Chaat Masala 45g,108,120,1119,3,True,2026-09-05 17:14:30
10988246,0QX1SW,Shan Special Chaat Masala 50g,110.4,120,184,3,True,2026-09-05 17:14:30
7640147,22UJC5,Black Pepper Powder (Kali Mirch Powder)  100g,352.8,392,6,4,True,2026-05-05 10:49:11
7863081,M2L3E1,National Biryani Masala 39g ,128,160,25,3,True,2026-09-05 17:14:30
7640321,619JG3,Whole Coriander (Dhaniya Sabut)  200g,168.3,187,1,4,True,2026-04-26 09:57:28
55808375,r1vf-373,Turmeric Powder (Haldi Powder)  100g,88.2,98,7,5,True,2026-05-04 16:48:18
7628912,TE74M9,Dashi Chicken Powder 100g,97.5,130,17,6,True,2026-09-05 17:14:30
7653345,4H1YVK,Shan Khushbudar Lehsan Powder 50g,137.75,145,3,3,True,2026-09-05 17:14:30
7628906,T9VG7G,Dashi Chicken Powder Sachet 18g,21,30,62,25,True,2026-09-05 17:14:30
139588255,F1S8I0,Dashi Chicken Cube 20g,31.5,45,51,4,True,2026-08-29 16:20:10
138924888,sta-642,Kalonji 50g,78.3,87,4,8,True,2026-03-30 16:09:57
35131948,A0807L,National  Chicken Tikka Masala 40g,144,160,5,3,True,2026-09-05 17:14:30
7862115,4287TZ,National Black Pepper Powder 50g,294.5,310,20,3,True,2026-09-05 17:14:30
7640478,9I0J66,Dried Plums (Aaloo Bukhara)  100g,248.9,262,12,4,True,2026-09-05 17:14:30
138924879,sta-632,Sonf 100g,81.7,86,13,8,True,2026-09-05 17:14:30
7862130,6RR4X6,National Garam Masala 25g,151.8,165,5,3,True,2026-09-05 17:14:30
7862553,UJ6HRJ,National Pulao Masala 70g,128,160,22,3,True,2026-09-05 17:14:30
42242719,47C46X,National Bombay Biryani Karachi Khaas 70g,128,160,4,3,True,2026-09-05 17:14:30
7862105,213AMU,National Kasuri Methi Powder 25g,76,80,15,3,True,2026-09-05 17:14:30
7862898,YSK7IG,National Garlic Powder 50g,116,145,17,3,True,2026-09-05 17:14:30
8937220,EWT3YW,Bakea Oregano Leaves 35g,190,200,7,100,True,2026-09-05 17:14:30
7640254,4926C0,Crushed Red Chili (Lal Mirch Kutti)  200g,169.1,178,13,0,True,2026-09-05 17:14:30
7653203,019KBT,Shan Zafrani Garam Masala Powder 50g,304,320,140,3,True,2026-09-05 17:14:30
7646638,SQ54OY,Rossmoor Paprika Powder 25g,95,100,18,8,True,2026-09-05 17:14:30
9185921,80Q0E1,Jazaa Paste 330Gm Ginger Garlic,360,400,7,8,True,2026-08-29 16:20:10
8347811,W9SB25,Whole Garam Masala (Garam Masala Sabut)  100g,378.1,398,10,4,True,2026-08-21 15:36:34
7860459,F3070N,National Masala Quorma 50g,128,160,10,3,True,2026-09-05 17:14:30
8229113,AFQQF8,KNORR BOUILLON CUBE PULAO 18G,75,75,294,3,True,2026-09-05 17:14:30
7640174,29CX5M,Fennel Seeds (Saunf)  200g,207.9,231,8,3,True,2026-04-22 16:11:50
7861971,LDN410,National Chilli Powder 100g,190,200,13,3,True,2026-09-05 17:14:30
7640781,MW56E2,Dried Pomegranate Seeds (Anar Dana)  100g,102.6,114,2,6,True,2026-07-20 16:28:27
8347970,K64E15,Garlic Powder (Lehsan Powder)  100g,93.1,98,6,6,True,2026-08-16 15:24:20
7653495,BN387F,Shan Zaiqaydar Adrak Powder 50g,147.25,155,1,8,True,2026-08-20 03:50:29
7653491,BM34PJ,Shan Tez Lal Mirch Powder 90g,190,200,42,3,True,2026-09-05 17:14:30
16135833,35T12B,Carom Seeds (Ajwain) 100g,55.1,58,12,8,True,2026-08-29 16:20:10
139850696,r1vf-1318,Shan Chicken Biryani Masala 55g,127.5,150,144,3,True,2026-09-05 17:14:30
7653445,8N1242,Shan Tez Lal Mirch Powder 180g,361,380,1,3,True,2026-09-05 17:14:30
55808363,r1vf-366,Whole Red Chili (Lal Mirch Sabut)  100g,115.9,122,7,0,True,2026-09-05 17:14:30
7653553,K07T20,Shan Khalis Haldee Powder 50g,133,140,2,3,True,2026-09-05 17:14:30
7861976,3IJ3W8,National Chicken Tikka Masala 80g,279,310,14,3,True,2026-09-05 17:14:30
7860586,7D571Q,National Masala 47Gm Karahi Gosht,128,160,14,3,True,2026-09-05 17:14:30
7653557,K4B2UF,Shan Taaza Dhania Powder 90g,166.25,175,1,3,True,2026-09-01 08:24:06
7862109,DY633Y,National Chilli Powder 50g,82.8,90,17,3,True,2026-09-05 17:14:30
9186005,L04DJF,Jazaa Fried Onion 400 g,342,380,21,8,True,2026-09-05 17:14:30
7641036,ZMCH37,White Cumin Powder (Safed Zeera Powder) 50g,77.9,82,11,6,True,2026-09-05 17:14:30
8347862,S41OJR,Whole Black Pepper (Kali Mirch Sabut)  100g,438.3,487,8,4,True,2026-07-11 15:59:43
7862381,B6318Z,National Quick Haleem Masala 300g,311.5,350,18,3,True,2026-09-05 17:14:30
8937328,18LVJM,Bakea Onion Powder 70 g,406.6,428,19,100,True,2026-09-05 17:14:30
7863236,83R4CM,National Coriander Powder 100g,161,175,15,3,True,2026-09-05 17:14:30
140412464,r1vf-3316,Cinnamon Ceylon 50g,153,170,6,6,True,2026-08-01 16:04:36
7863063,678PZB,National Garam Masala Powder 50g,294.4,320,2,3,True,2026-09-05 17:14:30
138924878,sta-631,White Cumin Seeds (Zeera White)  250g,387.6,408,10,8,True,2026-09-05 17:14:30
138924900,sta-654,Kashmiri Chili Powder (Kashmiri Pisi Mirch)  100g,161.5,170,4,8,True,2026-08-29 16:20:10
7862212,H5988L,National Chicken Tandoori 40g,144,160,3,3,True,2026-09-05 17:14:30
42242713,505H0V,National Bombay Biryani Karachi Khaas 140g,248,310,5,3,True,2026-09-05 17:14:30
35412276,7915T3,National Turmeric Powder 50g,128.8,140,14,3,True,2026-09-05 17:14:30
64890265,r1vf-650,National Masala Malai Boti 50g,144,160,11,3,True,2026-09-05 17:14:30
7653503,C7XNRQ,Shan Taaza Dhania Powder 200g,221,340,46,3,True,2026-09-05 17:14:30
35132466,N0P30T,Shan Teekhi Kali Mirch Powder 50g,294.5,310,131,3,True,2026-09-05 17:14:30
141522796,r1vf-3724,White Pepper Powder 20g,88.2,98,1,8,True,2026-07-24 16:45:22
7640858,QPU221,Star Anise (Badian Phool)  25g,55.1,58,5,4,True,2026-08-22 15:25:17
7862167,HH5E29,National Cumin Powder 50g,224,350,27,3,True,2026-09-05 17:14:30
7862286,3986AC,National Karahi Gosh Masala 94g,246.5,290,10,3,True,2026-08-22 15:25:17
7644947,RGF33A,Falak  Masala Fries  75g,266,280,9,6,True,2026-09-05 17:14:30
138924883,sta-637,Fenugreek Seeds (Methi Dana)  100g,51.3,54,12,8,True,2026-09-05 17:14:30
55808377,r1vf-374,Turmeric Powder (Haldi Powder)  200g,180.5,190,8,5,True,2026-09-05 17:14:30
7653260,2RJL60,Shan Qasuri Methi Leaves 25g,76,80,53,3,True,2026-09-05 17:14:30
35132488,8874XQ,Shan Haldee Powder 100g,175.5,270,7,8,True,2026-08-22 15:25:17
35130549,QWZ7Q1,Bakea Garlic Powder 75g,247.95,261,5,100,True,2026-09-05 17:14:30
7629446,7P040H,Whole Spices Powder (Garam Masala)  100g,407.7,453,3,6,True,2026-06-06 16:09:55
55808371,r1vf-371,Coriander Powder (Dhaniya Powder)  200g,146.3,154,6,5,True,2026-09-05 17:14:30
35129474,75H63A,Shan Meat Tenderizer 40g,123.5,130,2,3,True,2026-09-05 17:14:30
7644807,9TYY19,Falak  Peri Peri Seasoning  80g,332.5,350,7,6,True,2026-09-05 17:14:30
7863192,0Z6S8P,National Broast Masala 97g,135,150,5,3,True,2026-08-29 16:20:10
35132175,YCC7F7,National Sindhi Biryani Masala 41g,128,160,8,3,True,2026-09-05 17:14:30
7644852,D0AQ8P,Falak  Dahi Bara Masala  80g,227.5,350,6,6,True,2026-09-05 17:14:30
7862582,PP2VRT,National Ginger Powder 50g,230,250,11,3,True,2026-08-29 16:20:10
138924890,sta-644,Poppy Seeds (Khash Khash)  50g,88.2,98,5,8,True,2026-07-18 16:00:23
35128866,M45UWP,Falak  Chaat Masala  100g,227.5,350,1,6,True,2026-09-04 18:09:51
28231062,TK26J1,Flax seeds (Alsi) 100gm,80.1,89,5,8,True,2026-05-31 16:13:03
35131542,8B3VNN,National Spice Chili Powder 200g,243.2,380,3,3,True,2026-09-05 17:14:30
139850671,5010GO,Dashi Crispy Fried Chicken Display Box 75g,152,160,31,4,True,2026-09-05 17:14:30
139850695,r1vf-1317,Shan Beef Biryani Masala 55g,127.5,150,5,3,True,2026-09-05 17:14:30
8383828,Q93DVW,Shan Tez Lal Mirch Powder 50g,99.75,105,3,3,True,2026-09-05 17:14:30
35132080,4SG2ED,Bakea White Pepper Powder 70 g,660.25,695,18,100,True,2026-09-05 17:14:30
8937411,FXU232,Bakea Green Cardamom Powder 40 g,570.35,935,22,100,True,2026-09-05 17:14:30
35132197,FP1BHC,National Fish Masala 40g,102.4,160,1,3,True,2026-09-05 17:14:30
7863098,LY86TL,National Mazedar Daal 46g,144,160,4,3,True,2026-09-05 17:14:30
42242707,L6LCQA,National Nihari Karachi Khaas 112g,198.4,310,4,3,True,2026-09-05 17:14:30
35131753,QCV2J6,Whole Garam Masala (Garam Masala Sabut)  200g,661.5,735,1,8,True,2026-05-31 11:03:54
8938157,Z15M85,Bakea Mustard Powder 100 g,66.5,133,1,100,True,2026-09-05 12:28:07
35133891,4G23J8,National Seekh Kabab Masala 46g,102.4,160,7,3,True,2026-09-05 17:14:30
7657624,94238C,Italiano Tarragon Herbs 20Gm,376.65,405,1,100,True,2026-04-30 16:21:29
35132210,T3XM0J,National Murgi Masala 86g,279,310,36,3,True,2026-09-05 17:14:30
143906641,r1vf-2554,Florist Ginger Garlic Paste PET Jar 330g,330.6,348,1,8,True,2026-09-04 07:50:53
143906642,r1vf-2555,Florist Ginger Garlic Paste PET Jar 750g,615.6,648,7,8,True,2026-08-28 23:56:16
7644920,N3X0O4,Falak  Zeera Raita Masala  75G,325,500,4,6,True,2026-09-05 17:14:30
8856376,P6IML3,KNORR TOMATO KETCHUP 400G,250,250,6,3,True,2026-09-05 17:14:30
37274109,3ET139,KNORR CHILLI GARLIC SAUCE 400G,255,255,17,4,True,2026-09-05 17:14:30
7649926,TSEUA3,Shangrila Tomato Ketchup Pouch 400g,187,220,15,4,True,2026-09-05 17:14:30
7649703,1V266I,Shangrila Ketchup Pouch 800g,340,400,2,4,True,2026-09-05 17:14:30
7649688,09RE01,Shangrila Tomato Ketchup Mini Pack 210g,106.25,125,12,4,True,2026-09-05 17:14:30
7862669,R16137,National Chilli Garlic Sauce 400g,192,240,12,3,True,2026-09-05 17:14:30
7649724,2ACYM5,Shangrila Tomato Ketchup Bucket 1.5kg,510,600,4,4,True,2026-09-05 17:14:30
7649932,U19D07,Shangrila Garlic Chili Sauce Pouch 400g,187,220,8,4,True,2026-09-05 17:14:30
8229593,4R86C8,KNORR TOMATO KETCHUP 800G,440,440,20,3,True,2026-09-05 17:14:30
35132335,89FDAY,Dipitt Ketchup Tomato 800 g,326.25,435,8,1,True,2026-09-05 17:14:30
8229441,795FOY,Knorr Chilli Garlic  800g,427.5,450,7,3,True,2026-09-05 17:14:30
7649768,76D787,Shangrila Garlic Chili Sauce Pouch 800g,340,400,8,4,True,2026-09-05 17:14:30
7649860,M18M97,Shangrila Tomato Ketchup 3.25kg,1020,1200,33,4,True,2026-09-05 17:14:30
7862361,IQ30ST,National Chilli Garlic Sauce 210g,108,135,6,3,True,2026-09-05 17:14:30
7649716,222C92,Shangrila Garlic Chilli Sauce Mini Pack 210g,106.25,125,19,4,True,2026-09-05 17:14:30
7649796,AH0578,Shangrila Tomato Ketchup Squeeze Bottle 400g,208,320,2,4,True,2026-09-05 17:14:30
7649740,4205QY,Shangrila Chilli Sauce 700ml,263.5,310,15,4,True,2026-09-05 17:14:30
12932718,4Y0JL2,Dipitt Chilli Garlic Sauce 400g,180,240,16,4,True,2026-09-05 17:14:30
7649794,94VMX5,Shangrila Green Chilli Sauce Mini Pack 210g,114.75,135,8,4,True,2026-09-05 17:14:30
140482187,r1vf-4072,Dipitt Chilli Garlic Sauce 800ml,326.25,435,7,2,True,2026-09-05 17:14:30
7649817,EFK4RS,Shangrila Garlic Chili Sauce Bottle 3.25kg,1020,1200,21,4,True,2026-09-05 17:14:30
24159887,GU2KDK,Dipitt Jalepeno Salsa 300g,345,575,10,4,True,2026-09-05 17:14:30
143786592,r1vf-7565,Dipitt Chilli Sauce Bottle (PET) 800ml,186,310,3,8,True,2026-09-05 17:14:30
35132949,5HHT25,Shangrila Green Chilli Sauce 400g,156,240,1,4,True,2026-09-05 17:14:30
24159891,00NNT5,Dipitt Salsa 300g,488.25,525,12,4,True,2026-09-05 17:14:30
143786594,r1vf-7567,Dipitt Chilli Sauce Bottle (PET) 300ml,96,160,3,8,True,2026-09-05 17:14:30
40720488,UIWH81,Shangrila kidzchup Buddy pack 250gm,91,140,1,4,True,2026-08-12 16:03:43
143786590,r1vf-7563,Dipitt Habanero Ketchup 310g,375,375,5,8,True,2026-09-05 17:14:30
7862315,4WWG98,National Classic Mayo Pouch 900g,579.6,630,11,3,True,2026-09-05 17:14:30
7862073,3IB275,National Classic Mayo 450ml,322,350,6,3,True,2026-09-05 17:14:30
35129488,E3D75M,Youngs Mayonnaise Pouch 1 Litre,650,650,19,100,True,2026-09-05 17:14:30
8989448,1U742Y,Dipitt Classic Mayo 400Ml Pouch,297.6,320,20,24,True,2026-09-05 17:14:30
35130795,3DCPD1,Youngs Mayo Garlic Pouch 200Ml,270,270,27,100,True,2026-09-05 17:14:30
35130407,RO8ENZ,Young's Mayonnaise Creamy 200ml Pouch,170,170,12,100,True,2026-09-05 17:14:30
7659316,CFC210,Young's Mayonnaise Creamy 500ml Pouch,360,360,27,100,True,2026-09-05 17:14:30
28692548,6291DY,HELLMANNS REAL SWEET AND CREAMY MAYONNAISE 475ML,379.05,399,6,3,True,2026-09-05 17:14:30
143786588,r1vf-7561,Dipitt Classic Mayo 800g,354,590,1,8,True,2026-09-05 17:14:30
7659416,S81HP5,Young's Mayonnaise Creamy 1000ml Pouch,650,650,8,100,True,2026-09-05 17:14:30
28692557,I26480,HELLMANNS REAL THICK AND CREAMY MAYONNAISE 900ML,664.05,699,11,3,True,2026-09-05 17:14:30
35129276,GD444F,HELLMANNS REAL MAYONNAISE 475ML,530.1,570,7,3,True,2026-09-05 17:14:30
35134902,YN3JZB,HELLMANNS REAL MAYONNAISE 900ML,871.2,990,11,3,True,2026-09-05 17:14:30
7659379,MWN732,Youngs Mayo Chup 200Ml,200,200,40,100,True,2026-09-05 17:14:30
35133256,LJ530J,Youngs Mayo Red Chilli Pouch 200Ml,255,255,38,100,True,2026-09-05 17:14:30
143577309,r1vf-4278,KNORR THAI SWEET CHILLI SAUCE 400G,379.05,399,30,5,True,2026-09-05 17:14:30
7649815,C66XIV,Shangrila Imli Ginger Sauce Mini Pack 210g,114.75,135,13,4,True,2026-09-05 17:14:30
7649734,3H4A73,Shangrila Seasonings Trio Pack 120ml,204,240,9,4,True,2026-09-04 13:13:40
15018730,WHVI9I,Shangrila Seasonings Trio Pack 275ml,369.75,435,13,4,True,2026-09-05 17:14:30
12932712,O9G71U,Dipitt Dressing Thousand Island  Pouch 400g,409.2,440,1,24,True,2026-08-23 09:30:36
7649710,1ZES8G,Shangrila Synthetic Vinegar 700ml,182.75,215,11,4,True,2026-09-05 17:14:30
15018728,Z82I86,Shangrila Pizza Sauce Mini Pack 210g,306,360,1,4,True,2026-08-27 13:53:11
7649873,N83NYD,Shangrila Seasonings Trio Pack 700ml,658.75,775,10,4,True,2026-09-05 17:14:30
7649901,Q26Y7S,Shangrila Pizza Sauce Pouch 400g,178.5,210,1,4,True,2026-06-28 16:16:45
8989342,EUKEXR,Dipitt Oyster Sauce 300g,465,500,6,4,True,2026-09-05 17:14:30
7649737,3K3939,Shangrila Soya Sauce 275ml,136,160,6,4,True,2026-09-05 17:14:30
7649937,U5IH2Q,Shangrila Soya Sauce 700ml,255,300,6,4,True,2026-09-05 17:14:30
35130773,O652YS,Shangrila Chilli Sauce 275ml,144.5,170,21,4,True,2026-09-05 17:14:30
7649905,QNJF96,Shangrila Lemon Juice 275ml,204,240,2,4,True,2026-09-05 17:14:30
140482190,r1vf-4075,Dipitt Ranch Sauce 400g,455.7,490,17,24,True,2026-09-05 17:14:30
7649841,IML0GP,Shangrila Worcestershire Sauce 275ml,153,180,14,4,True,2026-09-05 17:14:30
35133930,OX6M9R,Rossmoor Mustard Paste 226g,437,460,4,8,True,2026-09-05 17:14:30
35131420,RFLK79,Dipitt Garlic Mayo 400g,367.5,490,2,4,True,2026-09-05 17:14:30
35128238,S1F1M1,Dipitt Sriracha Sauce 490g,469.65,505,10,25,True,2026-09-05 17:14:30
36768249,0X7U2P,Shangrila Classic Yellow Mustard 227g,578,680,8,4,True,2026-09-05 17:14:30
35133004,2AP1VA,Dipitt Sauce Pizza 300Gm Bottle,348.75,375,12,6,True,2026-09-05 17:14:30
7649894,PJ8E89,Shangrila B.B.Q Sauce Pouch 400g,238,280,3,4,True,2026-09-05 17:14:30
35132060,OFFI0W,Shangrila Peri Peri Garlic Sauce 145g,208.25,245,2,4,True,2026-09-05 17:14:30
12932722,FZYT5V,Dipitt Thousand Island Sauce | 290g,395.25,425,10,6,True,2026-09-05 17:14:30
8989385,76F3K1,Dipitt Sauce Pasta 300Gm Bottle,348.75,375,2,4,True,2026-09-05 17:14:30
143786583,r1vf-5596,Dipitt Chocolate Syrup 440ml,465,500,2,8,True,2026-09-05 17:14:30
8989139,8UHFCP,Dipitt Chipotle Sauce 60g,209.25,225,11,6,True,2026-09-05 17:14:30
35130690,MO1858,Dipitt Honey Mustard Sauce 290 g.,345,575,2,4,True,2026-09-05 17:14:30
143786585,r1vf-5598,Dipitt Caramel Syrup 420ml,488.25,525,9,8,True,2026-09-05 17:14:30
7649828,GT9S8S,Shangrila Synthetic Vinegar 275ml,110.5,130,5,4,True,2026-09-05 17:14:30
7653277,36J145,Shan Ginger Garlic Paste Bottle 700g,850,1000,8,3,True,2026-09-05 17:14:30
8989159,5W5J1I,Dipitt Sauce Buffalo Hot 60Ml Bottle,209.25,225,5,6,True,2026-09-05 17:14:30
35130754,XK7463,Dipitt Sauce Hot 60Ml Bottle,209.25,225,14,6,True,2026-09-05 17:14:30
35132307,SN9IR3,Dipitt Sauce BBQ 400g,252,420,13,24,True,2026-09-05 17:14:30
143577308,r1vf-4173,KNORR PIZZA AND PASTA SAUCE 400G,474.3,510,8,5,True,2026-09-05 17:14:30
143786577,r1vf-3783,Dipitt White Vinegar Bottle 800ml,232.5,250,13,8,True,2026-09-05 17:14:30
17646911,6Q6H0B,KNORR GREEN CHUTNEY 400G,371.07,399,21,4,True,2026-09-05 17:14:30
139592948,NIRWBV,Dipitt Bundle 4,1057.5,1410,5,6,True,2026-06-06 16:09:55
140482185,r1vf-4070,Dipitt Nacho Cheese Dip 300g,534.75,575,2,12,True,2026-09-05 17:14:30
7862777,A71F0X,National White Vinegar Bottle 800ml,209,220,8,3,True,2026-09-05 17:14:30
8929951,INW7NM,Shangrila Peri Peri Lemon & Herbs Sauce 145g,159.25,245,21,4,True,2026-09-05 17:14:30
143786586,r1vf-5599,Dipitt Maple Syrup 420ml,488.25,525,11,8,True,2026-09-05 17:14:30
143786580,r1vf-3786,Dipitt Trio Pack Sauces 3 x 300ml,249,415,1,8,True,2026-09-05 17:14:30
35130464,WCAFBM,Shangrila Peri Peri Hot 145g,159.25,245,17,4,True,2026-09-05 17:14:30
35130593,KEO23F,Shangrila Chili Sauce 120ml,72.25,85,6,4,True,2026-09-05 17:14:30
7649775,79ZLD5,Shangrila Soya Sauce 120ml,68,80,57,4,True,2026-09-05 17:14:30
7649805,ASKAV2,Shangrila Vinegar 120ml,63.75,75,8,4,True,2026-09-05 17:14:30
7653663,R930C3,Shan Plum Chutney 400g,282.75,435,10,3,True,2026-09-05 17:14:30
139592945,9X70BP,Dipitt Bundle 2,851.25,1135,3,2,True,2026-06-06 16:09:55
139592949,C2KTBT,Dipitt Bundle 3,712.5,950,4,2,True,2026-06-06 16:09:55
140482188,r1vf-4073,Dipitt Light Mayo 375g,362.7,390,13,24,True,2026-09-05 17:14:30
7653326,3RZI83,Shan Ginger Paste Bottle 310g,570,600,4,3,True,2026-08-29 16:20:10
7649958,XTHJZL,Shangrila Natural Apple Cider Vinegar 485ml,365.5,430,7,4,True,2026-09-05 17:14:30
143786591,r1vf-7564,Dipitt Light Soy Sauce Bottle (PET) 800ml,279,300,15,8,True,2026-08-29 16:20:10
35132516,RSV6KU,Dipitt Sweet Thai Chili 340g,225,375,3,6,True,2026-09-05 17:14:30
35132299,0BCXI8,Dipitt Sauce Bbq 300Gm Bottle,228,380,1,6,True,2026-09-05 17:14:30
7653720,Z16J85,Shan Green Chutney 315g,285,300,12,3,True,2026-09-05 17:14:30
7862653,JPDA51,National Chinese Chilli Sauce Bottle 300ml,168.35,185,3,3,True,2026-09-05 17:14:30
35132339,7O2XMF,Dipitt Sauce Hot Bottle 290g,372,400,5,6,True,2026-08-29 16:20:10
143786587,r1vf-7560,Dipitt Korean Hot Sauce 60ml,348.75,375,15,8,True,2026-09-05 17:14:30
35133946,TKRBD5,National Soya Sauce Bottle 300ml ,118.4,185,2,3,True,2026-09-05 17:14:30
12932714,WSAN33,Dipitt Spicy Mayo 400g,294,490,17,6,True,2026-09-05 17:14:30
143786575,r1vf-3780,Dipitt Peri Peri Garlic 290g,285,475,4,8,True,2026-09-05 17:14:30
143786579,r1vf-3785,Dipitt Worcestershire Sauce 300g,255,425,8,8,True,2026-09-05 17:14:30
143786584,r1vf-5597,Dipitt Strawberry Syrup 410ml,315,525,1,8,True,2026-09-03 18:27:26
35132332,3E45W9,Dipitt Sauce Tobasco 60Ml Bottle,232.5,250,13,6,True,2026-09-05 17:14:30
35132302,C5Q576,Dipitt Sauce Peri Peri 300Gm Hot,285,475,11,6,True,2026-09-05 17:14:30
140482189,r1vf-4074,Dipitt French Dressing 375ml,294,490,20,24,True,2026-09-05 17:14:30
143786576,r1vf-3782,Dipitt Apple Cider vinegar Bottle 800ml,441.75,475,7,8,True,2026-09-05 17:14:30
35129970,V8TO15,Dipitt Buffalo Hot Sauce 300Ml,270,450,2,6,True,2026-09-05 17:14:30
8989422,UT2QE6,Dipitt Sauce Peri Peri 300Gm Medium,285,475,8,6,True,2026-09-05 17:14:30
140482186,r1vf-4071,Dipitt Sriracha Mayo Dip 300g,303,505,1,12,True,2026-09-05 17:14:30
8989404,M7082Y,Dipitt Sauce Peri Peri 300Gm Mild,285,475,12,6,True,2026-09-05 17:14:30
143786595,r1vf-7568,Dipitt Light Soy Bottle (PET) 300ml,160,160,3,8,True,2026-09-05 17:14:30
7651471,B7Y1S1,Al Ameera Tahina Sauce 400g (00001),1360,1360,1,100,True,2026-07-08 11:06:49
7646180,62UI24,American Garden Classic Yellow Mustard Paste Squeezy 227g (Imported),665.26,899,3,100,True,2026-09-05 17:14:30
16078793,50OGL0,Italia Ginger Garlic Paste Jar 330g (Imported),398.86,539,8,100,True,2026-09-05 17:14:30
8930048,D30D31,Shangrila Peri Peri Mild Sauce 285g,416.5,490,11,4,True,2026-09-05 17:14:30
143786589,r1vf-7562,Dipitt BBQ Sauce 300g,303,505,9,8,True,2026-09-05 17:14:30
8929932,14O6Z2,Shangrila Peri Peri Lemon & Herbs Sauce 285g,318.5,490,11,4,True,2026-09-05 17:14:30
143786581,r1vf-3787,Dipitt Soy Sauce 60ml,225,225,15,8,True,2026-08-29 16:20:10
7649961,YL723I,Shangrila Natural Vinegar 485ml,253.5,390,8,4,True,2026-09-05 17:14:30
13303494,1XH101,American Garden Pancake Syrup 355ml,1035.26,1399,3,8,True,2026-09-05 17:14:30
143786593,r1vf-7566,Dipitt White Vinegar Bottle (PET) 300ml,111.6,120,10,8,True,2026-09-05 17:14:30
143786578,r1vf-3784,Dipitt Habanero sauce Bottle 60ml,225,225,14,8,True,2026-09-05 17:14:30
7653480,9I6008,Shan Tamarind Chutney 315g,380,400,10,3,True,2026-09-05 17:14:30
7862066,Y9O3FW,National Mixed Pickle Jar 370g,257.6,322,6,3,True,2026-09-05 07:29:43
7649728,2C47RD,Shangrila Mixed Pickle Mini Pack 130g,85,100,21,4,True,2026-09-05 17:14:30
7862048,46E889,National Crushed Pickle 390g,387.32,421,10,3,True,2026-09-05 17:14:30
7862023,Q15FY0,National Mixed Pickle Jar 900g,522.4,653,27,3,True,2026-09-05 17:14:30
7863011,2K7MO3,National Crushed Pickle 750g,645.84,702,10,3,True,2026-09-05 17:14:30
7862437,9104O7,National Mixed Pickle 320g,263.12,286,15,3,True,2026-09-05 17:14:30
7649866,M8UC52,Shangrila Mixed Pickle Family Pouch 700g,312,480,1,4,True,2026-09-05 17:14:30
7862468,VBM39X,National Hyderabadi Pickle 320g,197.12,308,6,3,True,2026-09-05 17:14:30
7862038,07767P,National Mango Pickle Jar 900g,600.76,653,14,3,True,2026-09-05 17:14:30
7862060,2QY806,National Mango Pickle Bottle 320g,263.12,286,42,3,True,2026-09-05 17:14:30
142448053,r1vf-7001,Shan Crushed Pickle 390g,279.5,430,1,3,True,2026-09-03 18:27:26
35129618,MFK81S,Shan Mango Pickle Bottle 330g,261.25,275,5,3,True,2026-09-05 17:14:30
142448054,r1vf-7002,Shan Crushed Pickle 750g,464.75,715,2,3,True,2026-09-05 17:14:30
145120872,r1vf-11076,Naturelle Jalapeno Achar 330g,460,460,1,8,True,2026-08-18 15:36:11
145120885,r1vf-11088,Naturelle (4 in 1) European Pickles Pack 1320g,1378.5,1838,1,8,True,2026-08-24 07:01:55
145120881,r1vf-11095,Naturelle Mushroom Achar 330g,492.75,657,8,8,True,2026-09-05 17:14:30
139508473,r1vf-2003,Lipton Yellow Label Tea - 170g,380,400,20,10,True,2026-09-05 17:14:50
139508477,r1vf-2005,Lipton Danedar Black Tea - 20% Extra 170g,400,400,1,10,True,2026-06-25 11:44:57
142543640,r1vf-7072,Lipton Yellow Label 85g,190,200,67,8,True,2026-09-05 17:14:50
142112073,r1vf-5090,Lipton Yellow Label 430g,996.55,1049,8,8,True,2026-09-05 17:14:50
142543638,r1vf-7070,Lipton Yellow Label 900g,1899.05,1999,13,2,True,2026-09-05 17:14:50
142112074,r1vf-5091,Lipton Danedar Tea - 430g - Save Rs. 100,1049,1049,1,8,True,2026-07-09 15:26:00
141773047,F1W7IX,Lipton Yellow Label Tea Bag - 25s,285,300,11,10,True,2026-09-05 17:14:50
142543639,r1vf-7071,Lipton Danedar Black Tea (Save Rs.200) 900g,1899.05,1999,1,8,True,2026-06-05 12:13:37
141773048,IZW4JF,Lipton Yellow Label Black Tea Bag (50 Pieces) 100g,570,600,7,10,True,2026-09-05 17:14:50
139977189,r1vf-453,Free Jar with Lipton Tea Bags 100s,1140,1200,1,10,True,2026-09-05 17:14:50
142007645,r1vf-4613,Lipton Herbal Infusion - Hibiscus Tea - 20 Envelope Tea Bags,900,900,1,8,True,2026-05-03 15:50:59
142007641,r1vf-4610,Lipton Herbal Infusion - Chamomile Tea - 20 Envelope Tea Bags,900,900,1,8,True,2026-04-02 07:16:21
141773049,Y3PO2K,Lipton Yellow Label Black Tea Bag (100 Pieces) 200g,1140,1200,40,10,True,2026-09-05 17:14:50
142007644,r1vf-4612,Lipton Herbal Infusion - Mint Tea - 20 Envelope Tea Bags,855,900,6,8,True,2026-09-05 17:14:50
142007646,r1vf-4614,Lipton Herbal Infusion - Anise Tea - 20 Envelope Tea Bags,855,900,11,8,True,2026-09-05 17:14:50
7645726,9CI8FT,Tapal Danedar Black Tea 170g,400,400,1,5,True,2026-08-22 15:25:40
7645709,8Z7HE0,Tapal Danedar Tea Pouch 350g,750,750,1,5,True,2026-08-17 03:53:51
7645766,KI6L65,Tapal Danedar Tea Bags 25 Pieces 50g,250,250,3,100,True,2026-09-04 07:51:16
7645730,9KMD5P,Tapal Danedar Tea Pouch 430g,950,950,1,3,True,2026-08-11 16:04:52
142543642,r1vf-7074,"Brooke Bond Supreme Tea, 85g",171,180,73,8,True,2026-09-05 17:14:50
7645654,18WFSO,Tapal Danedar Tea Pouch 900gm,1850,1850,1,4,True,2026-08-23 06:43:54
7645637,0BF28T,Tapal Danedar Box Elaichi 80g,250,250,1,100,True,2026-08-08 12:49:17
142543641,r1vf-7073,Supreme Brooke Bond Tea (Save Rs.20) 170g,360,360,1,8,True,2026-06-29 13:16:21
7645702,7XU3T2,Tapal Danedar Tea Bags 50 Pieces 100g,465,500,1,100,True,2026-08-25 09:38:43
142543644,r1vf-7076,Supreme Brooke Bond Tea (Save Rs.100) 900g,1700,1700,1,8,True,2026-07-31 11:33:06
7645649,0UD46F,Tapal Tea Danedar Elaichi Box 170g,470,470,5,100,True,2026-09-05 17:14:50
142543643,r1vf-7075,Supreme Brooke Bond Tea (Save Rs.50) 430g,807.5,850,43,8,True,2026-09-05 17:14:50
139434806,r1vf-1700,Everyday 3in1 Vanilla Chai Latte 20g,80,80,2,0,True,2026-08-03 06:27:43
8148836,CB8YD7,Vital Tea 170Gm Box,400,400,40,100,True,2026-09-05 17:14:50
35131008,90OZU5,Tapal Danedar Round Tea Bags 80 Pieces 200g,1100,1100,7,100,True,2026-09-05 17:14:50
7645763,J9M8G1,Tapal Family Mixture Tea Pouch 430g,950,950,7,3,True,2026-09-05 17:14:50
7645743,B83L6F,Tapal Tezdum Tea Pouch 430g,950,950,1,100,True,2026-08-26 16:21:11
7645696,7D5OO5,Tapal Danedar Tea Bags 100 Pieces,900,1000,3,100,True,2026-08-10 10:19:38
144451544,r1vf-10801,Lipton Yellow Label Black Tea Jar of Joy 170g,380,400,11,8,True,2026-09-05 17:14:50
7645768,M8M778,Tapal Family Mixture Tea 170g,400,400,44,100,True,2026-09-05 17:14:50
7645688,637JJE,Tapal Family Mixture Tea Value Pack 900g,1850,1850,8,4,True,2026-09-05 17:14:50
7645663,23DW27,Tapal Danedar Tea Jar 440g,1200,1200,21,5,True,2026-09-05 17:14:50
7645771,Q551C6,Tapal Tezdum Tea 170g,400,400,30,5,True,2026-09-05 17:14:50
43360956,BS67F2,Nestle Everyday Kashmiri Chai 180g,670,670,8,0,True,2026-09-05 17:14:50
8148878,34BPFR,Vital Tea 430Gm Pouch,950,950,8,100,True,2026-09-05 17:14:50
35130458,SA7490,Tapal Danedar Round Tea Bags 16 Pieces 40g,270,270,11,100,True,2026-09-05 17:14:50
35128242,8W86ZZ,Tapal Danedar Tea Enveloped 50Pcs Bags 100Gm,550,550,7,100,True,2026-09-05 17:14:50
139434807,r1vf-1711,Nestlé Everyday Masala Chai Pack 20g Instant Mix,80,80,5,0,True,2026-09-05 17:14:50
8678851,09Z802,Vital Chamomile Tea 30 Pieces 45g,240,240,2,100,True,2026-09-05 17:14:50
8678991,47FR73,Vital Tea Bag 25 Pieces 50g,250,250,7,100,True,2026-09-05 17:14:50
35130009,4Y2ZXF,Tapal Danedar Elaichi Tea Enveloped Bags 50 Pieces 100g,600,600,9,100,True,2026-09-05 17:14:50
44174931,FIM6TD,Brooke Bond Supreme Black Tea Danedar 900g,5000,5000,7,100,True,2026-04-27 11:07:37
8148855,7SOBZR,Vital Tea 900Gm Pouch,1850,1850,7,100,True,2026-09-05 17:14:50
7645806,WF71J6,Tapal Danedar Tea Enveloped Bags 100 Pieces 200g,900,1000,1,100,True,2026-08-22 15:25:40
9027368,1D8J15,Grans Kashmiri Pink Tea,595,595,6,8,True,2026-09-05 17:14:50
56939830,WAG59X,Brooke Bond Supreme Tea - 170g - Save Rs. 20,380,380,1,10,True,2026-07-30 11:13:45
7645721,93S3DI,Tapal Family Mixture Tea Jar 440g,1200,1200,10,100,True,2026-09-05 17:14:50
35129967,PJ0TH8,Mezan Tea Ultra Rich Pouch 170g,380,380,1,5,True,2026-09-05 17:14:50
35132323,K000OA,Grans Karrak Chai,690,690,5,8,True,2026-09-05 17:14:50
140617002,E55QWQ,Grans Quetta Chai From Baluchistan,690,690,4,8,True,2026-09-05 17:14:50
139685596,r1vf-2184,Tapal Danedar Tin Jar 350gm         ,900,900,3,8,True,2026-09-05 17:14:50
35133501,F3HQ4O,Grans Peshawari Kehwa,595,595,1,8,True,2026-09-05 17:14:50
7876634,AJ2PVG,Mezan Tea Hardum Danedar 900Gm Pouch,890,1780,2,5,True,2026-05-06 08:41:50
9027268,0UOX89,Grans Afghani Kehwa,595,595,4,8,True,2026-09-05 17:14:50
140617001,r1vf-4117,Grans Lemongrass Herbal Tea 85g,550,550,1,8,True,2026-09-05 17:14:50
43358813,TO2Z62,Nescafe Classic 1 Sachet 1.5g,27.6,30,172,0,True,2026-09-05 17:14:50
7638664,1T5IT8,Nescafe Classic Coffee Jar 50g,1058,1150,20,0,True,2026-09-05 17:14:50
67661753,r1vf-770,Nescafe Classic 25g,450,450,2,0,True,2026-07-15 16:27:39
19148903,4PN5F3,Organigo Classic Instant Coffee 50 grams,775,775,9,100,True,2026-09-05 17:14:50
143461117,NB2X6S,"Best Day Classic Instant Coffee, 100g",1124.1,1249,15,0,True,2026-09-05 17:14:50
7638710,P05827,Nescafe Coffee Matinal 200Gm,2799,2799,6,100,True,2026-09-05 17:14:50
143800332,ZFH78X,Nescafe Tradicao 200g 200g,2799,2799,3,0,True,2026-09-05 17:14:50
7648956,66O29D,Davidoff Rich Aroma 100g,2850,2850,1,100,True,2026-08-09 09:43:07
142449905,NB4QZI,Nescafe Classic Coffee 200g,2799,2799,3,0,True,2026-09-05 17:14:50
7638717,V42J7T,Nescafe Coffee Gold 47.5Gm Imp,1399,1399,1,100,True,2026-08-06 11:27:12
35131774,92KK7L,Davidoff Fine Aroma Instant 100g,2799,2799,2,100,True,2026-08-18 15:36:29
7638676,6T0T3A,Nescafe Gold Coffee 95g (Imported),2499,2499,15,100,True,2026-09-05 17:14:50
7645778,R2KISL,Tapal Lemon Green Tea Bags 30 Pieces 45g,237.5,250,2,100,True,2026-08-21 09:40:00
35134672,S3Z4C8,Tapal Shades Green Tea Bags 4 In 1 32 Pieces 48g,260,260,1,100,True,2026-09-03 07:54:03
7645796,T9GEOK,Tapal Mint Green Tea Bags 30 Pieces 45g,237.5,250,1,100,True,2026-08-10 10:19:38
7645698,7HNE23,Tapal Tropical Peach Green Tea 45g,250,250,24,100,True,2026-09-05 17:14:50
7645707,8GJ536,Tapal Pure Green Tea Bags 30 Pieces 45g,250,250,9,100,True,2026-09-05 17:14:50
35134923,U0H4SE,Tapal Ginger Honey Green Tea Bags 30 Pieces 45g,250,250,7,100,True,2026-09-05 17:14:50
7645643,0FJ4TW,Tapal Elaichi Green Tea Bags 30 Pieces 45g,250,250,10,100,True,2026-09-05 17:14:50
35129596,62OQ03,Tapal Lemon Green Tea Jar 100g,320,320,12,100,True,2026-09-05 17:14:50
143894611,r1vf-2558,Tapal Green Tea Orange Box 45g,250,250,16,8,True,2026-09-05 17:14:50
143894610,r1vf-2557,"Tapal Pineapple Flavoured Green Tea, 45g",250,250,222,8,True,2026-09-05 17:14:50
7645744,GJ1FGV,Tapal Jasmine Green Tea Jar 100g,320,320,1,100,True,2026-07-30 11:13:45
143789889,r1vf-529,Nescafe Cappuccino PET 210ml,123.25,145,76,8,True,2026-07-06 07:17:51
143789887,r1vf-527,Nestlé Nescafe Latte Ready PET Coffee Bottle 210ml,130.5,145,63,0,True,2026-09-05 17:14:50
143789888,r1vf-528,Nestlé Nescafe Mocha Ready PET Coffee Bottle 210ml,130.5,145,82,0,True,2026-09-05 17:14:50
141856089,4JTMD4,Nescafe Cappuccino Can 220ml,399,399,10,0,True,2026-09-05 17:14:50
145120889,r1vf-11092,Tru Bru Classic Coffee 50g,667.5,890,2,8,True,2026-09-03 18:27:43
145120891,r1vf-11094,"Tru Bru Premium Coffee, 50g",1102.5,1470,21,8,True,2026-09-05 17:14:50
145120879,r1vf-11083,Tru Bru Classic Coffee 200g,2475,3300,1,8,True,2026-09-05 17:14:50
145120890,r1vf-11093,"Tru Bru Bold New Flavor Classic Coffee, 85g",1275,1700,9,8,True,2026-09-05 17:14:50
7825380,K8HTZF,Tea Whitener - NESTLE EVERYDAY Powder 350g Pouch,775,775,16,0,True,2026-09-05 17:14:50
7851923,LA89VE,Nestle Everyday Powder 560g Pouch - Original 560g,1230,1230,6,0,True,2026-09-05 17:14:50
7825495,O7H5F4,Nestle Everyday Tea Whitener - NESTLE EVERYDAY Powder 850g Pouch - Original,1840,1840,4,2,True,2026-09-05 17:14:50
7851968,8QTM9W,Tea Whitener - NESTLE EVERYDAY Powder 230g Pouch,515,515,42,0,True,2026-09-05 17:14:50
140361718,I34DHD,Nestlé Everyday Dairy Whitener Sachet Single Pack 13g,30,30,417,27,True,2026-09-05 17:14:50
7824885,912K04,Nestle Everyday Tea Sachets Kashmiri Chai 18g,80,80,29,0,True,2026-09-05 17:14:50
7824840,65Y589,Nestle Everyday Karak Powder Chai 3in1 20g,80,80,13,0,True,2026-09-05 17:14:50
7824873,J1H131,Nestle Everyday Cardamom Powder Tea 3 in 1 (Chai Life) Sachet 20g,80,80,36,0,True,2026-09-05 17:14:50
8411596,K0YQG3,Tarang Liquid Tea Whitener 170ml,50,50,33,24,True,2026-09-05 17:14:50
7653743,8GE3QY,Tarang Liquid Tea Whitener 220ml,60,60,33,27,True,2026-09-05 17:14:50
7825544,C337E7,Tea Whitener - NESTLE EVERYDAY Powder 1.8kg Pouch,3815,3815,9,1,True,2026-09-05 17:14:50
8012671,2PEPH3,Millac Tea Whitener Powder 850Gm Pouch,1520,1600,10,100,True,2026-09-05 17:14:50
7825535,T29RXB,Everyday Milk Powder Pouch 1200g (1.2kg),2590,2590,9,0,True,2026-09-05 17:14:50
143737860,r1vf-4181,"Dairyland Mann Chai Tea Whitener, 200ml",50,50,21,8,True,2026-06-29 13:16:21
143737859,r1vf-4180,Dairyland Mann Chai Tea Whitener 170ml,45,45,2,8,True,2026-06-28 11:11:04
8012682,47TP54,Millac Tea Whitener Powder 390Gm Pouch,675,750,24,100,True,2026-09-05 17:14:50
144929836,r1vf-10959,"Nestlé EveryDay Original Powder Tea Whitener, 2kg",3975,3975,1,8,True,2026-09-04 07:51:16
138568020,r1vf-943,Lay's Wavy BBQ Rs. 50,50,50,186,30,True,2026-09-05 17:15:09
24137228,2RM32G,Cheetos Crunchy Red Flamin Hot Rs.50,50,50,9,30,True,2026-08-08 12:49:39
7645443,62J9W8,Super Crisp Catty Chins Cheese Rs. 60,60,60,125,100,True,2026-09-05 17:15:09
139425292,r1vf-1735,Lay's Chips French Cheese Rs. 50 (The new and old packaging will be shipped out randomly),50,50,116,30,True,2026-09-05 17:15:09
7634223,ZS03C2,Kolson Slanty Vegetable Rs. 50,50,50,157,100,True,2026-09-05 17:15:09
139547693,r1vf-699,Potato Sticks Pepper & Salt Rs 50,50,50,136,0,True,2026-09-05 17:15:09
7651407,H1K3VK,Cheetos Ocean Safari Cheese Rs. 20,20,20,287,30,True,2026-09-05 17:15:09
139425306,r1vf-1739,Lay's Chips Paprika Rs. 50 (The new and old packaging will be shipped out randomly),50,50,48,30,True,2026-09-05 17:15:09
126849518,SG3681,Lay's Wavy BBQ Rs. 30 ,30,30,124,30,True,2026-09-05 17:15:09
7634076,6BRWEI,Kolson Slanty Jalapeno Rs. 50,50,50,188,100,True,2026-09-05 17:15:09
7662199,27D19F,Kurkure Red Chilli Jhatka Rs. 60 ,60,60,105,10,True,2026-09-05 17:15:09
139425305,r1vf-1738,Lay's Chips Classic Salt Rs. 50 (The new and old packaging will be shipped out randomly),50,50,148,30,True,2026-09-05 17:15:09
8177074,YPBZQR,Cheetos Puffs Ketchup Rs. 20,20,20,180,30,True,2026-09-05 17:15:09
18556717,27C8L7,Cheetos Flamin Hot Rs. 100,100,100,5,30,True,2026-08-12 13:15:32
139547722,r1vf-968,Kolson Twich Rs. 50,50,50,204,8,True,2026-09-05 17:15:09
141845764,r1vf-793,Top Pops Chicken 20g x 6 Pieces,180,180,2,0,True,2026-05-10 10:19:16
139425294,r1vf-1737,Lay's Chips Masala Rs. 50 (The new and old packaging will be shipped out randomly),50,50,179,30,True,2026-09-05 17:15:09
8085323,8779H9,Cheetos Bites Vegetable Rs. 20,20,20,150,30,True,2026-09-05 17:15:09
138568021,r1vf-944,Lay's Wavy BBQ Rs. 70,70,70,121,30,True,2026-09-05 17:15:09
138568026,r1vf-949,Lay's Wavy Flaming Hot Rs. 50 (1 Unit),50,50,6,30,True,2026-03-28 13:01:42
143785150,r1vf-2526,Lay's Maxx Signature Cheese Rs. 70,70,70,6,8,True,2026-09-05 17:15:09
139425293,r1vf-1736,Lay's Chips Yogurt & Herb Rs. 50 (The new and old packaging will be shipped out randomly),50,50,99,30,True,2026-09-05 17:15:09
7646764,K52D83,Kolson Snackers Pizza Rs 20,20,20,151,100,True,2026-09-05 17:15:09
141939485,r1vf-6623,Lay's Wavy Yogurt & Herb Rs. 50,50,50,84,30,True,2026-09-05 17:15:09
7634060,5BRG5M,Slanty Chips Vegetable Rs. 30,30,30,46,100,True,2026-09-05 17:15:09
141845763,r1vf-786,Top Pops Spicy 20g x 6 Pieces,180,180,2,0,True,2026-05-16 10:27:03
138568016,r1vf-939,Lay's Chips Masala Rs. 70 (The new and old packaging will be shipped out randomly),70,70,63,30,True,2026-09-05 17:15:09
141939484,r1vf-6622,Lay's Wavy Yogurt & Herb Rs. 30,30,30,55,30,True,2026-09-05 17:15:09
7645454,6TWB64,Catty Chins Chips Cheese Rs. 30,30,30,54,100,True,2026-08-22 15:26:10
45555752,5SGE8C,Kurkure Red Chilli Rs. 40 ,40,40,61,30,True,2026-09-05 17:15:09
7646725,61VP3L,Kolson Pepper & Salt Potato Sticks Rs 20,20,20,116,100,True,2026-09-05 17:15:09
18615053,Y68500,Kolson Cheese Balls Originals Rs 20,20,20,3,100,True,2026-03-26 16:17:12
140507413,r1vf-2297,Zee Snacks Stack-it Potato Chips Flamin Hot Rs.100,100,100,20,8,True,2026-09-05 17:15:09
37915689,N0TL4M,Machos Nachos Tortilla Sweet Thai Chips Rs. 80,80,80,36,12,True,2026-08-21 15:37:40
138464441,489I51,Noms Nachos Smoky BBQ Rs. 150,150,150,44,100,True,2026-09-05 17:15:09
42946647,K19SG0,Noms Nachos Thai Sweet Chilli Rs. 150,150,150,16,100,True,2026-09-05 17:15:09
42946640,RZX84H,Noms Nachos Cheddar Jalapeno Rs. 150,150,150,3,100,True,2026-09-05 17:15:09
9193545,5207M1,Machos Nachos Tortilla Hotilicious Chips Rs. 80,80,80,26,12,True,2026-09-05 17:15:09
140403156,2R9YCR,Kababjees Potato Slims Spicy Rs. 100,99,99,25,100,True,2026-09-05 17:15:09
140507429,r1vf-2296,Zee Snacks Stack-it Potato Chips Hot & Spicy Rs.100,100,100,19,8,True,2026-08-29 16:20:59
140507427,r1vf-2295,Zee Snacks Stack-it (Salt) Potato Chips Original Rs.100,100,100,34,8,True,2026-08-29 16:20:59
46707014,5T940L,Lay's Chips Yogurt & Herb Rs. 100 (The new and old packaging will be shipped out randomly),100,100,16,10,True,2026-09-05 17:15:09
141540736,r1vf-33257,Macho Nachos Sweet & Corny Rs. 80,80,80,29,8,True,2026-09-02 18:30:48
7875705,8QKX0N,United King Chips Plain 65Gm Salty,175,175,4,100,True,2026-08-29 16:20:59
7645588,L8RB47,Super Crisp Twister Ketchup Rs. 30,30,30,35,100,True,2026-08-16 15:25:03
141102813,r1vf-2708,Pop Angles Hot & Spicy Popped Corn Rs. 50,50,50,28,8,True,2026-08-11 16:05:11
138464442,V891HZ,Noms Nachos Salt and Pepper Rs. 80,80,80,9,100,True,2026-09-05 17:15:09
44825538,UABS5K,Lay's Chips Potato Classic Jumbo Rs. 150 (The new and old packaging will be shipped out randomly),150,150,10,10,True,2026-09-05 17:15:09
7662231,OH369I,Kurkure Red Chilli Jhatka Rs. 20 ,20,20,15,30,True,2026-08-16 06:43:49
44825542,B78TAK,Lay's Chips Potato Masala Jumbo Rs. 150 (The new and old packaging will be shipped out randomly),150,150,12,10,True,2026-09-05 17:15:09
7645633,XIFWAH,Super Crisp Chips Sweet Chilli Rs. 60,60,60,3,100,True,2026-08-05 14:12:28
42946648,INBZIU,Noms Nachos Chilli Lemon Rs. 150,150,150,15,100,True,2026-09-05 17:15:09
141102814,r1vf-2709,Pop Angles Extreme Cheese Popped Corn Rs. 50,50,50,6,8,True,2026-08-21 15:37:40
140507411,r1vf-2259,Cornado Snacks Flamin Hot Flavor Rs.50,50,50,5,8,True,2026-08-21 15:37:40
138464440,R84YE5,Noms Nachos Sour Cream & Herb Rs. 150,150,150,9,100,True,2026-09-05 17:15:09
13093993,B31J4E,Super Crisp Twister Chips Spicy BBQ Rs. 30,30,30,11,100,True,2026-08-31 09:26:21
7645473,7J388Q,Super Crisp Twister Chips Tomato Ketchup Rs. 20,20,20,8,12,True,2026-08-15 12:39:40
143269945,EG9HJ3,Pringles Original 165g,1049,1049,2,0,True,2026-07-28 16:44:39
7654316,852KT9,Pringles Sour Cream & Onion Crisps 165g,1049,1049,2,12,True,2026-07-04 16:08:35
140499131,r1vf-3969,Go Royale Potato Sticks Hot & Spicy (Rs 50) 28g,50,50,20,8,True,2026-07-26 16:06:15
7645619,V939R7,Super Crisp Chips BBQ Rs. 60,60,60,25,100,True,2026-09-05 17:15:09
8339070,KR8D30,Kurkure Chutney Chaska Rs. 20 ,20,20,7,30,True,2026-08-09 15:34:09
17730330,3ZVNZZ,Pringles Chips Barbecue 165g,1049,1049,1,100,True,2026-06-06 06:37:30
7645612,T8LEIG,Super Crisp Chips Sweet Chili Rs. 100,100,100,1,100,True,2026-08-19 12:49:33
7876011,WOVI80,United King Chips Crinkle 65Gm Spicy,175,175,7,100,True,2026-09-05 17:15:09
140499148,r1vf-3986,Go Royale Zooba Cheese Puffs (Rs 50) 25g,50,50,20,8,True,2026-08-29 16:20:59
7645414,4M5V1F,Super Crisp Sweet Chilli Rs. 40,40,40,6,0,True,2026-09-05 17:15:09
7654335,T4H11E,Pringles Salt & Viniger 165g,1049,1049,1,12,True,2026-07-09 15:26:25
138464439,9KF56M,Noms Nachos Salt and Pepper Rs. 150,120,150,7,100,True,2026-09-05 17:15:09
139850722,r1vf-1729,Machos Nachos Cheesome Rs. 200,200,200,17,8,True,2026-09-05 17:15:09
140403161,3BJIO5,Kababjees Chips Crinkle Bbq Rs. 160,160,160,26,100,True,2026-08-29 16:20:59
140507410,r1vf-2258,Cornado Snacks BBQ Flavor Rs.50,50,50,9,8,True,2026-08-29 16:20:59
140403148,4NSJ72,Kababjees Chips Crinkle Spicy Rs. 160,160,160,10,100,True,2026-08-29 16:20:59
140507408,r1vf-2256,Mexi Corn Snacks Cheese Flavor Rs.30,30,30,20,8,True,2026-08-21 15:37:40
7875855,45K1X2,United King Chips Plain 65Gm Spicy,175,175,26,100,True,2026-08-29 16:20:59
141282137,2ABROD,Pringles Chips Paprika Basic 165g,1049,1049,1,0,True,2026-07-07 11:56:44
9078574,7OG4NL,Super Crisp Chips Masala Rs. 60,60,60,1,100,True,2026-08-31 18:54:08
141103514,r1vf-2724,Korneez Choco Corn Chocolate Popcorn Rs. 120,120,120,14,8,True,2026-09-05 17:15:09
7654300,5W3MNQ,Pringles Chips Hot & Spicy 165g,1049,1049,1,12,True,2026-05-31 16:14:32
48395543,r1vf-97,Super Crisp Cheese Rs. 40,40,40,2,0,True,2026-09-04 07:51:36
144494749,0XK0F7,Mister Potato Chips BBQ 40g,320,320,14,0,True,2026-09-05 17:15:09
7645600,P37T0Z,Super Crisp Chips Salted Rs. 40,40,40,22,100,True,2026-09-05 17:15:09
140904600,r1vf-1206,Popnosh Cornups Popcorn Chips Chatpata Achari 26g,50,50,13,8,True,2026-07-18 16:01:51
66562588,r1vf-681,Machos Nachos Salt & Pepper Chips Rs. 80,80,80,3,0,True,2026-08-01 16:05:36
144494741,HFKQZ6,Mister Potato Crisps Hot & Spicy Flavor 100g,466.65,549,3,0,True,2026-08-29 16:20:59
9078564,53J0DK,Super Crisp Chips Masala Rs. 40,40,40,27,100,True,2026-09-05 17:15:09
140403150,LGL59H,Kababjees Chips Plain Salty Rs. 160,160,160,22,100,True,2026-08-29 16:20:59
7645594,P6CJ8Y,Super Crisp Chips Salted Rs. 60,60,60,6,100,True,2026-09-05 17:15:09
144494745,BZ9328,Mister Potato Tomato Can 35 g,320,320,20,0,True,2026-08-16 15:25:03
7875844,2L7E3Y,United King Chips Crinkle 65Gm Salty,175,175,11,100,True,2026-09-05 17:15:09
139850670,CAN34B,Shahi Nimco Chilli Chips (RS-100) 80g,100,100,22,20,True,2026-09-05 17:15:09
144494744,EY082G,Mister Potato Crisps Original 100g,466.65,549,4,0,True,2026-09-05 17:15:09
140403157,Q3FB70,Kababjees Chips Crinkle Salty Rs. 160,160,160,19,100,True,2026-09-05 17:15:09
7654320,86L19E,Pringles Chips Cheesy Cheese 165g,1099,1099,17,100,True,2026-09-05 17:15:09
144494751,K9XVSY,Mister Potato Chips Original 40g,320,320,18,0,True,2026-08-21 15:37:40
144494750,7DNFEL,Mister Potato Chips Hot&Spicy 40g,320,320,37,0,True,2026-08-10 16:05:49
144494746,KCSZRM,Mister Potato Pizza 40g,272,320,12,0,True,2026-09-05 17:15:09
140499141,r1vf-3979,Go Royale Potato Sticks Cheese (Rs 100) 58g,100,100,8,8,True,2026-05-28 18:18:18
140499145,r1vf-3983,Go Royale Potato Sticks Salted (Rs 200) 120g,200,200,7,8,True,2026-09-03 18:28:01
140499146,r1vf-3984,Go Royale Potato Sticks Peri Peri (Rs 200) 120g,200,200,25,8,True,2026-08-29 16:20:59
7645547,G8K5C1,Super Crisp Peanut Salted Rs. 80,80,80,52,100,True,2026-09-05 17:15:09
7645580,KTN20Z,Super Crisp Peanut Salted Rs. 50,50,50,99,100,True,2026-09-05 17:15:09
7645486,8K7CW4,Super Crisp Fried Peanuts Salted Rs. 120,120,120,42,100,True,2026-09-05 17:15:09
139850668,23JMI8,Shahi Ballay Ballay Dal Moth (RS-20) 19g,20,20,30,20,True,2026-09-05 17:15:09
139850667,1O7O2Q,Shahi Ballay Ballay Dal Chaska (RS-20) 17g,20,20,61,20,True,2026-09-05 17:15:09
7645560,GBG045,Super Crisp Nimko Mix Spicy Rs. 80,80,80,41,100,True,2026-09-05 17:15:09
23475881,17U655,Shahi Nimco Savory Mix (RS-100) 100g,100,100,27,20,True,2026-09-05 17:15:09
20012485,WVU1WH,Food Valley Karara Masala Chana Rs. 20,20,20,75,100,True,2026-09-05 17:15:09
13119555,26Z2EL,Rehmat-e-Shereen Masala Papdi 100g,140,140,20,103,True,2026-09-05 17:15:09
141555437,r1vf-3692,Miilee Bhel Puri 110g,150,150,20,8,True,2026-09-05 17:15:09
7645492,8M25AW,Super Crisp Nimko Mix Spicy Rs. 120,120,120,10,100,True,2026-09-05 17:15:09
13119567,8JGD71,United King Phulki 150g,236,295,9,0,True,2026-09-05 17:15:09
7645606,S6J137,Super Crisp Nimko Mix Spicy Rs. 50,50,50,54,100,True,2026-09-05 17:15:09
23475342,HI6C82,Shahi Nimco Dal Moong (RS-50) 45g,50,50,19,20,True,2026-09-05 17:15:09
37914465,729W76,Shahi Nimco Royal Mix (RS-50) 45g,50,50,18,20,True,2026-09-05 17:15:09
20012487,809V22,Food Valley Karara Lahori Chana Rs. 20,20,20,36,100,True,2026-09-05 17:15:09
23475327,4Z7JHD,Shahi Nimco Munchy Mix (RS-100) 100g,100,100,27,20,True,2026-09-05 17:15:09
7875692,L601YO,United King Namkino Chatkhara Papdi 150 g,305,305,18,100,True,2026-09-05 17:15:09
7628919,T5D5V7,Dashi Crackers Party Mix Papad 250g,147,210,13,6,True,2026-09-05 17:15:09
23475340,65J8Q7,Shahi Nimco Dal Moth (RS-100) 100g,100,100,13,20,True,2026-09-05 17:15:09
139850669,DO5493,Shahi Nimco Chilli Chips (RS-50) 40g,50,50,20,20,True,2026-09-05 17:15:09
23475879,89KUK2,Shahi Nimco Dal Moong (RS-100) 100g,100,100,37,20,True,2026-09-05 17:15:09
8383878,V19RKR,Super Crisp Daal Moong Rs. 60,60,60,8,100,True,2026-09-05 17:15:09
7628892,D1H8OP,Dashi Chinese Soup Crackers White 250g,147,210,41,4,True,2026-09-05 17:15:09
7645402,05NM89,Super Crisp Dal Moong Salted Rs. 40,40,40,45,100,True,2026-09-05 17:15:09
143282250,r1vf-80202,United King Soan Papdi Smart Pack 125g,220,275,12,8,True,2026-09-05 17:15:09
13393948,4WSY30,Food Valley Potato Sticks Red Chilli Buddy Packet Rs. 50,50,50,2,100,True,2026-09-05 17:15:09
139588256,r1vf-920,Dashi Crackers Papad Color 250g,199.5,210,109,4,True,2026-09-05 17:15:09
143282251,r1vf-80203,Chipsino Crinkle Salty Potato Chips Budget Pack,90,90,2,8,True,2026-08-23 15:27:52
139850672,6LK8TO,Dashi Papad Pipes 250g,199.5,210,18,4,True,2026-09-05 17:15:09
141555439,r1vf-3691,Miilee Premium Quality Lahori Chana Savory Snacks 35g,30,30,286,8,True,2026-09-05 17:15:09
143282263,r1vf-80215,Chipsino Mayo Garlic Potato Slims Pocket Pack 1 Unit,40,40,45,8,True,2026-09-05 17:15:09
20012494,ZWW8R3,Wah Nimco Mix Rs. 30,30,30,15,100,True,2026-09-05 17:15:09
143282265,r1vf-80217,Chipsino Black Pepper Potato Slims Pocket Pack 1 Unit,40,40,8,8,True,2026-09-05 17:15:09
13119564,VGZL70,United King Phulki 300g,351,585,10,0,True,2026-07-07 06:52:15
7875997,XC025Z,United King Chatkhara Papdi 250 g,545,545,8,0,True,2026-08-04 14:16:32
143282262,r1vf-80214,Chipsino Plain Spicy Potato Chips Pocket Pack 1 Unit,40,40,8,8,True,2026-09-05 17:15:09
143282264,r1vf-80216,Chipsino Paprika Potato Slims Pocket Pack 1 Unit,40,40,22,8,True,2026-09-05 17:15:09
7876249,5B2504,United King Namkino Nimco Mix 80 g,145,145,28,100,True,2026-09-05 17:15:09
143282266,r1vf-80218,Chipsino Crinkle Spicy Potato Chips Budget Pack,90,90,3,8,True,2026-08-14 15:56:52
20012489,8R83WB,Wah Daal Moth Rs. 30,30,30,32,100,True,2026-09-05 17:15:09
140499136,r1vf-3974,Go Royale Mix Nimko Special (Rs 50) 32g,50,50,1,8,True,2026-08-16 15:25:03
7656310,2R0C6S,Food Valley Daal Moth Buddy Packet Rs. 50,50,50,13,100,True,2026-09-05 17:15:09
140403154,5GDB76,Kababjees Peanut Spicy Rs. 320,320,320,16,100,True,2026-09-05 17:15:09
7876232,P0558R,United King Namkino Spicy Peanut 100 g,285,285,12,100,True,2026-09-05 17:15:09
7656327,6AK28U,Food Valley Mix Nimco Buddy Packet Rs. 50,50,50,19,100,True,2026-09-05 17:15:09
7656318,3G08I6,Food Valley Potato Sticks Red Chilli Rs. 250,250,250,12,100,True,2026-09-05 17:15:09
9110439,CL5DC5,Food Valley Wah Potato Sticks Mayo Garlic Rs. 250,250,250,30,100,True,2026-09-05 17:15:09
140499134,r1vf-3972,Go Royale Daal Moong Salted (Rs 50) 28g,50,50,31,8,True,2026-09-05 17:15:09
13393951,I11613,Food Valley Potato Sticks BBQ Rs. 50,43,50,2,100,True,2026-08-29 09:49:25
7656340,7Q6RR4,Food Valley Mix Nimco Rs. 250,250,250,25,100,True,2026-09-05 17:15:09
7876226,26O61J,United King Peannut Salty 100Gm,285,285,2,100,True,2026-08-30 14:24:35
7876247,X7P2VT,United King Namkino Khat Mitha Mix 80 g,120,150,20,100,True,2026-09-05 17:15:09
7875802,8HYO52,United King Namkino Nimco Mix 200 g,285,285,23,100,True,2026-09-05 17:15:09
143241090,r1vf-10515,Bhel Puri 200g,217.8,242,1,8,True,2026-06-24 11:50:22
7875967,38QPXZ,United King Namkino Dal Moongh 75 g,130,130,3,100,True,2026-08-26 09:44:27
139585741,r1vf-2108,Rehmat-e-Shereen Mix Nimco 100g,128.25,135,3,8,True,2026-08-29 16:20:59
7875899,182C35,United King Namkino Chewra Classic 65 g,150,150,20,100,True,2026-09-05 17:15:09
140403163,23A1KL,Kababjees Peanut Salted Rs. 330,330,330,26,100,True,2026-09-05 17:15:09
7875576,6I4624,United King Namkino Khatta Mitha Mix - 200g,285,285,16,100,True,2026-09-05 17:15:09
7656371,L9MMR5,Food Valley Daal Moong Buddy Packet Rs. 50,50,50,21,100,True,2026-09-05 17:15:09
140403164,M0LEY9,Kababjees Nimco Mix Rs. 220,220,220,1,100,True,2026-09-05 17:15:09
140499135,r1vf-3973,Go Royale Daal Moong Salted (Rs 80) 50g,80,80,2,8,True,2026-05-12 17:15:40
7656359,FA96Q0,Food Valley Potato Sticks Black Pepper 150g,250,250,1,100,True,2026-05-29 18:16:26
7875932,204501,United King Namkino Chewra Classic - 200g,365,365,21,100,True,2026-09-05 17:15:09
139755151,r1vf-2132,Miaow Miaow Spicy Garlic Ring 1 Unit,518,518,30,50,True,2026-06-26 07:00:57
139755152,r1vf-2133,Miaow Miaow Flame Korean Spicy Prawn Crackers 1 Unit,449.1,499,45,50,True,2026-09-05 17:15:09
7876045,Y5RVLL,United King Namkino Nimco Mix - 400g,456,570,8,100,True,2026-09-05 17:15:09
7876168,X1MAY5,United King Namkino Dal Moongh 200 g,260,325,14,100,True,2026-09-05 17:15:09
7876141,Q6DC3J,United King Namkino La Jawab Mix 180 g,370,370,22,100,True,2026-09-05 17:15:09
9110414,6Q8F91,Wah Potato Sticks Smoky BBQ,187.5,250,1,100,True,2026-08-07 13:06:08
7875761,25U1HL,United King Namkino Dal Moth Classic 90 g,196,245,8,100,True,2026-09-05 17:15:09
7875815,N915UW,United King Namkino Crunchy Nut Mix - 200g,372,465,43,100,True,2026-09-05 17:15:09
7656375,S0V1GP,Food Valley Daal Moth Rs. 250,250,250,9,100,True,2026-09-05 17:15:09
7876205,G9R2S5,United King Namkino Dal Moth Classic 140 g,345,345,41,100,True,2026-08-24 12:54:27
7875671,RLUPC5,United King Namkino Badshahi Mix - 200g,475,475,16,100,True,2026-09-05 17:15:09
7656379,SZ8T3U,Food Valley Daal Moong Rs. 250,250,250,4,100,True,2026-09-05 17:15:09
7875624,823J7Z,United King Namkino Khata Mitha Mix 400 g,630,630,7,100,True,2026-07-07 14:40:27
7876081,3W6M26,United King Namkino All In One 400 g,704,880,5,100,True,2026-09-05 17:15:09
143347256,r1vf-2134,Miaow Miaow Flame Curry B.B.Q Prawn Crackers 1 Unit,399.2,499,52,50,True,2026-09-05 17:15:09
24364473,06XSZ6,Premium Irani Dates 550/600g,358.2,398,1,4,True,2026-05-16 16:07:58
13119558,5JFYT6,Rehmat-e-Shereen Boondi 100g,135,135,57,104,True,2026-09-05 17:15:09
7665449,XLS0R3,Ideal Sunderkhani Raisins (Sunderkhani Kishmish) 100g,198.55,209,16,10,True,2026-09-05 17:15:09
138924864,sta-607,Till White 100g,100.7,106,7,8,True,2026-09-05 17:15:09
138924867,sta-610,Sagu Dana (Sago Pearls)  250g,131.1,138,14,8,True,2026-09-05 17:15:09
139477755,r1vf-1581,Premium Dry Fruits Chickee Peanut 100g,150.45,177,2,8,True,2026-04-02 16:08:07
138924881,sta-634,Tukhmalanga 50g,58.9,62,6,8,True,2026-09-05 17:15:09
141522397,r1vf-3728,Cashew Roasted 50g,314.45,331,1,8,True,2026-08-10 07:43:41
12853731,99854R,Kalmi Dates 200g,660.6,734,1,0,True,2026-06-10 12:25:23
7665086,167P64,Ideal Mix Dry Fruits (Makhloot Sookha Mewa) 100g,394.25,415,15,10,True,2026-09-05 17:15:09
143241109,r1vf-10548,Khopra Chickee 100g,189.55,223,1,8,True,2026-05-10 15:57:50
143241095,r1vf-10534,Peanut Chana Till Mix Chickee 100g,163.2,192,1,8,True,2026-05-04 16:49:09
12308575,7W2M5Z,Iqra Raisins (Sunderkhani Kishmish) 100g,321.1,338,3,10,True,2026-09-05 17:15:09
139477756,r1vf-1582,Premium Dry Fruits Chowara(dry Date) 100g,78.1,142,1,6,True,2026-08-21 12:49:37
7665417,O927QD,Ideal American Almonds (American Badam) 100g,478.8,504,2,0,True,2026-08-22 12:41:46
139477759,r1vf-1586,Laddoo Till 10 Pieces,150.45,177,1,8,True,2026-04-29 16:31:10
139477725,h1ei-807,Premium Dry Fruits Cashew Roasted 100g,570.35,671,1,6,True,2026-07-30 14:05:01
141522383,r1vf-3696,Chia Seed 100g,243.2,256,6,8,True,2026-09-05 17:15:09
143072043,r1vf-9329,Al Kareem Mix Dry Fruit 250g,980.4,1032,12,10,True,2026-09-05 17:15:09
141522394,r1vf-3720,Pumpkin Seed Long 100g,350.1,389,3,8,True,2026-08-01 16:05:36
139477741,h1ei-823,Premium Dry Fruits Walnut Halves 100g,436.05,513,1,6,True,2026-07-28 11:21:05
139477764,r1vf-1591,Premium Dry Fruits Pistachio Kernels 100g,544.5,990,1,6,True,2026-08-24 09:52:15
139477731,h1ei-813,Peanut Salted 100g,190.8,212,1,6,True,2026-05-13 06:31:05
141522392,r1vf-3718,Pistachio in Shell Plain 50g,369.55,389,1,8,True,2026-08-27 13:53:50
143072033,r1vf-9323,Al Kareem Amber Dates 450g,1658.25,2211,1,10,True,2026-08-12 04:50:50
139477737,h1ei-819,Premium Dry Fruits Raisin Sunderkhani 100g,180.4,328,1,6,True,2026-08-21 09:40:25
141522390,r1vf-3712,Mix Seeds 125g,359.1,399,1,8,True,2026-08-02 08:37:29
7665092,1UNHX4,Ideal Salty Cashew (Kaju Namkeen)  100g,608,640,1,0,True,2026-08-23 12:44:19
141522384,r1vf-3697,Chia Seed 250g,580.45,611,4,8,True,2026-09-05 17:15:09
28231847,40C68M,Iqra Roasted Chickpeas (Chana Bhuna) 200g,241.3,254,12,10,True,2026-09-05 17:15:09
139477723,h1ei-805,Premium Dry Fruits Cashew Kernel 100g,369.6,672,1,6,True,2026-07-26 16:06:15
139477728,h1ei-810,Premium Dry Fruits Chana Roasted 200g,211.65,249,1,6,True,2026-07-21 08:34:33
37915380,40V3U9,Bakea Chia Seed Whole 230 g,671,1100,6,6,True,2026-09-05 17:15:09
143241124,r1vf-10578,Slanty Spicy 70g,72,80,3,8,True,2026-04-05 15:37:00
28231785,V363ZW,Iqra Roasted Pistachio (Pista Bhuna) 100g,843.6,888,4,10,True,2026-09-05 17:15:09
143072047,VU5Z60,Al Kareem Cashew Nut Roasted 250g ,1065.75,1421,6,0,True,2026-09-05 17:15:09
138924906,sta-660,Lotus Seeds (Makhana)  100g,710.6,748,6,8,True,2026-09-05 17:15:09
143241107,r1vf-10546,Daal Moth 50g,47.7,53,2,8,True,2026-03-29 09:41:08
141522395,r1vf-3721,Pumpkin Seed Long 200g,634.5,705,1,8,True,2026-08-01 16:05:36
139477750,r1vf-1576,Premium Dry Fruits Apricot Crystal 100g,481.1,566,1,6,True,2026-07-30 05:46:11
139477751,r1vf-1577,Premium Dry Fruits Chana Bhuna Clean 100g,165.75,195,2,6,True,2026-05-26 06:55:02
139477752,r1vf-1578,Premium Dry Fruits Chana Bhuna Clean 250g,370.8,412,3,6,True,2026-05-17 16:07:46
7665188,5KLD7Y,Ideal Walnut (Akhrot)  100g,333.45,351,1,0,True,2026-08-21 06:50:10
7665368,I7APOD,Ideal Plain Large Cashews (Plain Bara Kaju) 100g,654.55,689,5,10,True,2026-09-05 17:15:09
13119570,G4143O,United King Boondi 350g,340,680,9,0,True,2026-07-07 14:40:27
141689265,r1vf-6008,Dried Cranberry 250g,958.8,1598,1,10,True,2026-09-05 17:15:09
139477762,r1vf-1589,Premium Dry Fruits Pistachio in Shell Roasted 100g,632.04,687,1,6,True,2026-08-26 16:21:29
28231871,98K6H7,Iqra Dried Dates (Chuara) 200g,294.5,310,4,10,True,2026-09-05 17:15:09
143241129,r1vf-10584,The Haddi Sesame (Till) Chickee 100g,136,160,1,8,True,2026-04-21 16:14:23
143072044,r1vf-9330,Al Kareem Walnut (Akhrot) 250g,950,1000,5,10,True,2026-09-05 17:15:09
139477733,h1ei-815,Premium Dry Fruits Peanut Spicy 100g,180.2,212,1,6,True,2026-06-12 17:44:59
141689258,r1vf-6001,Dried Mango 250g,853.8,1423,1,10,True,2026-09-04 18:10:30
139477763,r1vf-1590,Premium Dry Fruits Pistachio in Shell Salted 100g,318.5,637,1,6,True,2026-09-04 18:10:30
143072041,r1vf-9327,Al Kareem Pistachio 250g,1065.75,1421,5,10,True,2026-09-05 17:15:09
141522380,r1vf-3693,Bhuna Chana & Nakal Mix 200g,263.7,293,1,8,True,2026-08-01 16:05:36
143241115,r1vf-10556,Peanut Gur Chickee 100g,163.2,192,1,8,True,2026-04-22 13:31:40
28231845,A37R49,Iqra Pine Nuts (Chilgoza) 100g,2031.1,2138,3,10,True,2026-09-05 17:15:09
139477735,h1ei-817,Premium Dry Fruits Pista Roasted 100g,616.4,670,1,6,True,2026-08-26 09:44:27
143241088,r1vf-10505,Almond Chickee 100g,475.2,528,45,8,True,2026-05-18 07:05:13
141526029,r1vf-3708,Mix Seeds 125g,318.6,354,1,8,True,2026-03-28 04:57:06
139477760,r1vf-1587,Misri 100g,127.8,142,1,6,True,2026-07-14 13:47:48
141526030,r1vf-3709,Mix Seeds 250g,724.85,763,1,8,True,2026-08-05 14:12:28
138924896,sta-650,Mustard Seeds (Rai Dana)  50g,51.3,54,3,8,True,2026-09-05 17:15:09
139477758,r1vf-1585,Khopra Powder 100g,253,275,1,6,True,2026-09-02 13:21:59
28231777,SWKVT2,Iqra Cashew Kernels (Kaju Giri) 100g,720.1,758,4,10,True,2026-09-05 17:15:09
141522393,r1vf-3719,Pista Roasted in Shell 50g,214.5,390,1,8,True,2026-08-16 09:30:34
143241094,r1vf-10533,Chana Dal Masala 50g,47.7,53,1,8,True,2026-04-14 10:19:14
28231865,4VE1N7,Iqra Chickpea Kernels (Chana Giri) 200g,305.9,322,4,10,True,2026-09-05 17:15:09
139477766,r1vf-1593,Premium Dry Fruits Revri 100g,162.84,177,1,6,True,2026-08-26 12:54:48
139477744,r1vf-1569,Ispaghol 100g,402.5,805,1,6,True,2026-09-05 12:28:54
141522382,r1vf-3695,Bhuna Chana & Nakal Mix 250g,369,410,1,8,True,2026-08-03 12:26:22
143072049,RPRALD,Al Kareem Mabrom 450g,2350.3,2474,4,0,True,2026-09-05 17:15:09
141689264,r1vf-6007,Dried Blueberries 250g,1869.6,1968,2,10,True,2026-09-05 17:15:09
143241092,r1vf-10531,Chana Dal Masala 100g,98.1,109,7,8,True,2026-06-13 07:05:07
143072046,r1vf-9332,Al Kareem Sukri Dates 450g,1302.75,1737,1,10,True,2026-09-05 17:15:09
143241091,r1vf-10530,Chana Bhuna Chickee 100g,172.8,192,1,8,True,2026-05-15 06:44:25
28231830,Z1302D,Iqra Almonds (Badam) USA 500g,2876.6,3028,4,10,True,2026-09-05 17:15:09
139477754,r1vf-1580,Premium Dry Fruits Chickee Dry Fruit 100g,498.95,587,11,8,True,2026-05-18 07:05:13
143241133,r1vf-10588,Yellow Gathiya 200g,178.2,198,88,8,True,2026-06-13 07:05:07
143072048,5CLAE0,Al Kareem Safawi (Kalma) 450g,1381.5,1842,3,0,True,2026-09-05 17:15:09
139477765,r1vf-1592,Haadi Pumpkin Seeds 200g,990,1100,1,6,True,2026-06-23 17:22:15
28231797,7ZJ96G,Iqra Roasted Cashew (Kaju Bhuna) 200g,1622.6,1708,4,10,True,2026-09-05 17:15:09
141689259,r1vf-6002,Dried Pineapple 250g,1071.6,1128,2,10,True,2026-09-05 17:15:09
141689261,r1vf-6004,Dried Cherry 250g,622.8,1038,1,10,True,2026-09-05 17:15:09
139477761,r1vf-1588,Nukal Dana 100g,63.8,116,3,6,True,2026-08-11 13:08:45
143241093,r1vf-10532,Chana Dal Masala 200g,178.2,198,26,8,True,2026-06-13 07:05:07
141689262,r1vf-6005,Dried Tomato Cherry 250g,844.8,1408,1,10,True,2026-09-05 17:15:09
28231809,PEDO0Y,Iqra Roasted Chickpeas (Chana Makhana) 200g,336.3,354,2,10,True,2026-09-05 17:15:09
28231803,4M65L8,Iqra Roasted Pistachio (Pista Bhuna) 200g,1708.1,1798,2,10,True,2026-09-05 17:15:09
139477747,r1vf-1572,Haadi Quinoa Seeds 250g,804.6,894,1,6,True,2026-07-05 16:17:24
141522391,r1vf-3714,Nukal Dana Big 250g,218.5,230,1,8,True,2026-09-01 08:25:03
141689266,r1vf-6009,Dried Peach 250g,796.8,1328,3,10,True,2026-09-05 17:15:09
140499132,r1vf-3970,Go Royale Salted Peanuts (Rs 50) 24g,50,50,4,8,True,2026-08-06 14:12:39
139477767,r1vf-1594,Seeds Salted 100g,309.6,344,1,6,True,2026-07-27 06:35:38
139477745,r1vf-1570,Haadi Multi Mix Seed 250g,603.9,671,1,8,True,2026-04-30 16:22:08
143072035,r1vf-9324,Al Kareem Sagai Dates 450g,1460.25,1947,1,10,True,2026-09-05 17:15:09
139477743,r1vf-1568,Haadi Moringa Leaf Powder 125g,874.95,921,1,6,True,2026-08-28 00:18:31
28231730,T8KWQ3,Iqra Pan Masala 200g,359.1,378,4,10,True,2026-09-05 17:15:09
12308570,008H6T,Iqra Whole Almonds (Badam) 200g,891.1,938,3,10,True,2026-09-05 17:15:09
28231770,0C5S0X,Iqra Sweet Plum (Meetha Aloocha) 200g,986.1,1038,3,10,True,2026-09-05 17:15:09
40067059,TOH1ZA,Bisconni Cocomo Triple Choc Small Pouch,50,50,176,100,True,2026-09-05 17:15:09
139255511,h1ei-543,Cadbury Mini Fingers Bar Pack Box (Rs 240) 12 Pieces,218.4,240,202,5,True,2026-08-16 15:25:03
141154815,r1vf-2726,Cadbury Cookies Center Filled Chocolate (Rs.40) 25g,364,400,26,5,True,2026-08-22 15:26:10
139547723,r1vf-969,Kolson Lotte Choco Pie Rs. 30,30,30,206,8,True,2026-09-05 17:15:09
143346500,r1vf-80115,Piper's Gold EBM Chocolate Cup Cookie l 45g,600,600,12,200,True,2026-08-29 16:20:59
7638344,OU4J8C,Peek Freans Cake Up Triple Chocolate Box (Special Edition),276,300,11,5,True,2026-07-22 16:24:18
139543300,r1vf-1835,Innovative Golden Lotus Biscuits Family Pack (Rs 200) 96g,200,200,24,8,True,2026-08-22 15:26:10
7659806,870N24,Tuc Biscuit Family Packet,90,100,66,5,True,2026-09-05 17:15:09
7647656,NS16HG,Lu Wheatable Biscuits Sugar Free (Family Pack),90,100,40,5,True,2026-09-05 17:15:09
143346494,r1vf-80109,Piper's Gold EBM Molten Chocolate Chip Cookie Family Pack 144g,300,300,55,8,True,2026-03-31 13:23:04
7638733,9A675K,Gala Biscuit Family Packet,81.9,90,13,5,True,2026-08-22 15:26:10
139515019,r1vf-1556,Bisconni Chocolatto Original Ticky Pack,300,300,14,8,True,2026-08-09 15:34:09
35768863,X6H6Y4,Prince Choco Jammies Bar 12 Packets,342,360,17,5,True,2026-08-29 16:20:59
8401881,2AB6FM,Bisconni Cocomo�Milk Small Pouch,50,50,19,100,True,2026-09-05 17:15:09
43020489,XJA5S6,LU Candi Biscuits Original 15 Packets,270,300,8,5,True,2026-09-05 17:15:09
33463854,945P0Y,BISCA CHOCOLATE ENROBBED BISCUIT�,20,20,208,100,True,2026-09-05 17:15:09
139542295,r1vf-1547,Bisconni Cocomo Triple Chocolate Snack Pack,320,320,3,8,True,2026-09-05 17:15:09
41122454,NN38Q9,Peek Freans Gluco Cake Up Teddy Chocolate,288,320,15,5,True,2026-07-05 16:17:24
139543807,r1vf-1865,Innovative Haven Coffee Cookies Family Pack (Rs 200) 132g,200,200,16,8,True,2026-08-29 16:20:59
43022419,2XP8CG,LU Gala Egg 10 Packets,270,300,22,5,True,2026-09-05 17:15:09
143346499,r1vf-80114,Piper's Gold EBM Molten Chocolate Chip Cookie 48g,600,600,1,200,True,2026-09-05 17:15:09
139543757,r1vf-1837,Innovative Haven Chocolate Cookies Family Pack (Rs 200) 132g,200,200,18,8,True,2026-09-05 17:15:09
41122416,11TN4S,Peek Freans Chocolicious Double Chocolate Chip Cookies Munch Pack,220.8,240,23,5,True,2026-08-21 15:37:40
7638309,JHMGO1,Peek Freans Butter Puff Family Pack,72,80,1,100,True,2026-07-04 06:23:42
7638268,DIAM74,Peek Freans Peanut Pik Family Pack,82.8,90,1,100,True,2026-08-10 07:43:41
141990819,r1vf-3558,Cocomo Triple Chocolate (Rs. 10) 30 x 16 Pieces,300,300,2,8,True,2026-08-25 12:49:54
139136053,r1vf-1534,Choco Lava Munch Pack 8 Pieces,291.2,320,6,18,True,2026-07-26 16:06:15
143346492,r1vf-80107,Piper's Gold EBM Classic Shortbread Cookie 84.8g,300,300,20,200,True,2026-09-05 17:15:09
26879936,G2172F,Bisconni Cocomo�Milk Family Pouch,100,100,19,100,True,2026-09-05 17:15:09
7638238,A55F4W,Peek Freans Sooper Family Pack.,72,80,15,100,True,2026-06-21 16:50:02
66563471,r1vf-677,Bisconni Day Dream Ticky Pack 10 Packet,300,300,8,0,True,2026-09-05 17:15:09
7638424,YANBF8,Gluco Biscuit Family Pack,73.6,80,2,100,True,2026-08-15 15:26:06
43020499,S22MK1,LU Zeera Plus (8 Snack Packets),278.4,320,1,5,True,2026-07-10 06:54:10
141772845,54CP90,Peek Freans Chocolicious Double Chocolate Chip Snack Pack,208.8,240,1,5,True,2026-07-13 17:17:46
43020497,9B46JR,LU Wheatable Sugar Free Ticky 15 Packets,270,300,27,5,True,2026-09-05 17:15:09
7660322,2ZHAV8,LU Bakeri Biscuits Butter (6 Snack Packets),270,300,16,5,True,2026-09-05 17:15:09
143346493,r1vf-80108,Piper's Gold EBM Coconut Crunch Cookie 81.9g,300,300,14,200,True,2026-09-05 17:15:09
139543743,r1vf-1827,Innovative Fabulous Chocolate Chip Cookies Family Pack (Rs 200) 156g,200,200,3,8,True,2026-06-14 14:08:49
139095049,r1vf-1456,Oreo Original Vanilla Flavored 16 Pieces,288,320,15,5,True,2026-08-10 16:05:49
7657914,C2W8WA,Zeera Plus Biscuit Family Packet,81,90,46,5,True,2026-09-05 17:15:09
7647650,9P5947,Wheatable Biscuit Family Packet,90,100,31,5,True,2026-09-05 17:15:09
139095051,r1vf-1457,Oreo Original Vanilla Flavored 8 Pieces,288,320,10,5,True,2026-09-05 17:15:09
7638294,G9U29Q,Peek Freans Marie Snack Pack,288,320,14,5,True,2026-09-05 17:15:09
41122481,05X2GQ,Peek Freans Sooper Classic Chocolate Half Roll,288,320,1,5,True,2026-07-02 11:39:53
40912330,13UYC2,Peek Freans Sooper Classic Chocolate Family Pack,72.8,80,19,100,True,2026-07-26 16:06:15
7638389,UZY711,Peek Freans Peanut Pik Snack Pack,288,320,16,5,True,2026-09-05 17:15:09
24138096,0TL4CB,Bisconni Chocolate Chip Cookies Ticky Pack,240,240,14,100,True,2026-09-05 17:15:09
141990825,r1vf-3775,Digestive Sugar Free Biscuits (Rs. 250) 24 Pieces,250,250,16,8,True,2026-08-16 15:25:03
40912315,7IYCB9,Peek Freans Rio Strawberry Vanilla Family Pack,73.6,80,3,100,True,2026-08-22 15:26:10
139515006,r1vf-1540,Bisconni Chocolatto Half Roll,360,360,1,8,True,2026-09-05 17:15:09
7638201,8L5YYJ,Peek Freans Original Lemon Sandwich Biscuits Snack Pack,304,320,20,5,True,2026-08-29 16:20:59
139095053,r1vf-1459,Zeera Plus 12 Bar Packets,216,240,17,5,True,2026-09-05 17:15:09
7638299,I8A28J,Peek Freans Sooper Biscuits Snack Packs 16 Pieces,288,320,18,5,True,2026-09-05 17:15:09
7984026,HEC1DO,Innovative Frisky Strawberry Cream Wafers Family Pack (Rs 150) 75g,150,150,19,50,True,2026-09-05 17:15:09
141617100,r1vf-27026,Marie Ticky Pack New 130g,216,240,14,5,True,2026-09-05 17:15:09
66563449,r1vf-672,Bisconni Day Dream Coffee Family Pack,250,250,13,0,True,2026-09-05 17:15:09
143346501,r1vf-80116,Piper's Gold Caramel Delight Cookie 51g,600,600,119,200,True,2026-08-29 16:20:59
139515015,r1vf-1552,Bisconni Novita Chocolate Wafers Snack Pack,320,320,1,8,True,2026-08-29 09:49:25
7638092,1AX0HZ,Peek Freans Marie Half Roll 6's.,288,320,5,5,True,2026-06-15 17:20:52
139095052,r1vf-1458,Bakeri Nankhatai Bar Packs 12 Pieces,216,240,17,5,True,2026-09-05 17:15:09
66563463,r1vf-676,Bisconni Chip Hop Ticky Pack Box,300,300,8,0,True,2026-09-05 17:15:09
7638131,4G335T,Peek Freans Sooper Half Roll 6's.,288,320,1,5,True,2026-07-05 06:48:09
7638168,6W44E3,Peek Freans Whole Wheat Family Pack,78.2,85,5,100,True,2026-07-19 10:33:01
17443514,47ENU4,Bisconni Rite Vanilla Ticky Pack Box,300,300,13,100,True,2026-09-05 17:15:09
7647635,327VC1,LU Wheatable Biscuits High Fibre Digestives Snack Packets,270,300,14,5,True,2026-09-05 17:15:09
8863592,PVE0W5,Peek Freans Saltish Biscuits Snack Packs Pouches 12 Pieces,216,240,18,5,True,2026-09-05 17:15:09
7638404,YN11E4,Peek Freans Whole Wheat Sugar Free Family Pack,85.5,95,14,100,True,2026-09-05 17:15:09
140313198,r1vf-3295,Milcolu Double Milk Sandwich Snack (Box) 6 Packets,211.2,240,5,5,True,2026-04-14 10:19:14
7647667,X7A442,LU Wheatable Biscuits Sugar Free Snack Packets,270,300,13,5,True,2026-09-05 17:15:09
7638116,3RZP5E,Peek Freans Peanut Pik Half Roll 6's,288,320,1,5,True,2026-07-02 14:08:24
141377323,r1vf-30026,Peek Freans Sooper Classic Ticky Pack ,324,360,11,5,True,2026-09-05 17:15:09
139515017,r1vf-1554,Bisconni Flo Chocolate Cake Ticky Pack 30 Pieces,300,300,18,8,True,2026-09-05 17:15:09
139587669,r1vf-2192,Zeera Plus Value Pack (Rs 50) 70.2g,285,300,2,5,True,2026-09-02 18:30:48
41122445,86C55V,Peek Freans Peanut PIK Munch Pack,324,360,13,5,True,2026-09-05 17:15:09
7638332,N0E299,Peek Freans Gluco Half Roll 8 Packets,288,320,1,5,True,2026-07-02 14:08:24
66563457,r1vf-675,Bisconni Divine Original Ticky Pack,320,320,13,0,True,2026-09-05 17:15:09
7638185,7E4WC1,Peek Freans Party Half Roll 6's,288,320,21,5,True,2026-06-21 16:50:02
7638326,NGRZ15,Peek Freans Butter Puff  Snack Pack,304,320,20,5,True,2026-08-29 16:20:59
35924717,V6CU26,Peek Freans Click Family Pack.,72,80,36,100,True,2026-09-05 17:15:09
7638190,7OADVX,Peek Freans Lemon Sandwitch Half Roll 6's.,288,320,1,5,True,2026-07-05 06:48:09
7638348,QU949B,Peek Freans Original Chocolate Sandwich Biscuits Snack Pack,288,320,20,5,True,2026-09-05 17:15:09
139515010,r1vf-1544,Bisconni Divine Premium Chocolate Wafers Family Pack,250,250,10,8,True,2026-08-29 16:20:59
35924719,0I6ZSC,Peanut Pista Biscuit Family Pack,92,100,15,100,True,2026-08-21 15:37:40
66563477,r1vf-678,Bisconni Digestive Original Half Roll,300,300,23,0,True,2026-09-05 17:15:09
140847999,r1vf-4509,Khaas Biscuits Ticky Pack (Rs.10) 24 Pieces,211.2,240,2,5,True,2026-08-01 16:05:36
139515008,r1vf-1543,Bisconni Digestive Sugar Free Half Roll,300,300,6,8,True,2026-09-05 17:15:09
41122459,375K39,Peek Freans Sooper Classic Chocolate Munch Pack,331.2,360,1,5,True,2026-08-11 10:03:52
66563451,r1vf-673,Bisconni Chip Hop Choco Family Pack,250,250,3,0,True,2026-07-20 14:10:37
66563482,r1vf-679,Bisconni Mi Amor Ticky 8 Packets,320,320,19,0,True,2026-09-05 17:15:09
40912319,H4HT57,Peek Freans Sooper Classic Munch Pack,324,360,2,5,True,2026-09-05 17:15:09
17443495,8Y294S,Chocolate Chip Cookies Original Now (Rs. 20) 16 Pieces,288,320,1,8,True,2026-09-05 17:15:09
7638109,44K2G6,Peek Freans Pista Pik Half Roll 6's,294.4,320,1,5,True,2026-07-23 16:31:30
17443504,I53867,Bisconni Chocolate Chip Cookies Half Roll Box,360,360,16,100,True,2026-08-21 15:37:40
66563454,r1vf-674,Bisconni Chip Hop Vanilla Cookies Family Pack,250,250,15,0,True,2026-08-29 16:20:59
143282256,r1vf-80208,United King Nan Khataee Plain 60g,192,240,1,8,True,2026-09-04 07:51:36
143282257,r1vf-80209,United King Nan Khataee Roasted Almond 100g,320,320,1,8,True,2026-07-18 16:01:51
138754808,r1vf-670,Bisconni Digestive Original Family Pack,250,250,4,0,True,2026-09-05 17:15:09
143508376,r1vf-4186,Oreo Crispy Ticky Pack Box (Rs. 15) 16 Pieces,240,240,2,8,True,2026-07-25 10:30:16
7638194,856PRI,Peek Freans Rio Strawberry Vanilla Snack Pack,256,320,4,100,True,2026-07-26 06:10:37
8471709,F85159,Eazu Biscream Strawberry Flavoured Sandwich Biscuits,246,246,1,100,True,2026-06-16 13:33:44
9010081,Q5K502,Peek Freans Smile Donut Cake Chocolate 6 Pieces,261,300,6,5,True,2026-07-11 16:03:24
43020495,0M25M7,LU TUC (8 Snack Packets),281.6,320,4,5,True,2026-06-29 13:16:42
7947830,838H1J,Bread & Beyond Chocolate Chip Muffins,340,340,6,0,True,2026-09-05 17:15:09
7647590,O53A54,Hilal Cup Kake Double Chocolate (12 Pieces),240,240,37,100,True,2026-09-05 17:15:09
24137236,477EP8,Bread & Beyond Fruit Cake Mini.,130,130,6,0,True,2026-09-05 17:15:09
141617093,r1vf-27022,Cake Up Chocolate New 125g,220.8,240,4,5,True,2026-07-17 16:18:33
26272442,4C3490,Hilal Wispy Twin Chocolate (24 Pieces),240,240,20,100,True,2026-09-05 17:15:09
7647620,YPIQ28,Hilal Baketime Marble Cake Slices 6 Pieces,300,300,24,100,True,2026-09-05 17:15:09
7647584,MLF3RN,Hilal Baketime Chocolate Cake Slices (6 Pieces),300,300,17,100,True,2026-09-05 17:15:09
7983971,HZBC1J,Innovative Frisky Rolls Milk Rs. 200 (Family Pack),200,200,39,100,True,2026-09-05 17:15:09
26272461,PW3U35,Hilal Wispy Twin Strawberry (24 Pieces),240,240,7,100,True,2026-09-05 17:15:09
7647533,A6O1XL,Hilal Creamfillz Cake Box,250,250,17,100,True,2026-09-05 17:15:09
141990821,r1vf-3560,Fudge Brownie Cake (Rs. 40) 10 x 18 Pieces,400,400,9,8,True,2026-09-05 17:15:09
7947792,Y3OY09,Bread & Beyond Fruit Cake Small,230,230,1,0,True,2026-09-05 17:15:09
7647556,H36LTH,Hilal Cup Kake Chocolate (12 Pieces),240,240,10,3,True,2026-09-05 17:15:09
141377324,r1vf-30025,Sooper Soft Bakes Classic Choco (New) 12 Pieces,313.2,360,3,5,True,2026-07-08 11:07:33
9010110,WK356N,Peek Freans Smile Donut Cake Strawberry 6 Pieces,261,300,10,5,True,2026-07-13 06:22:46
33411125,2DT737,Eazu Roll Stix (Chocolate) Smart Pack ,179,179,2,100,True,2026-03-31 16:09:21
48403014,r1vf-110,Lu Bakeri Bistiks Bar Pack 15 Pieces,270,300,13,5,True,2026-09-05 17:15:09
141419541,r1vf-3666,Sooper Soft Bakes Plain Cake 12 Pieces,313.2,360,7,5,True,2026-07-08 08:33:11
7983996,F1JEYV,Innovative Frisky Orange Rs. 150 (Family Pack),150,150,14,100,True,2026-09-05 17:15:09
7647593,O6P6ZC,Hilal Cup Kake Strawberry (12 Pieces),240,240,11,100,True,2026-09-05 17:15:09
8828160,M1Q21H,Daffy Olaola Roll Chocolate Box Pack (Rs. 120),120,120,18,100,True,2026-04-03 15:42:42
144091562,r1vf-10618,Kernelpop Wafer Rolls Hazelnut Box,200,200,20,8,True,2026-09-05 17:15:09
141990829,r1vf-3779,Bisconni Cake Rusk Box,320,320,19,8,True,2026-09-05 17:15:09
43020481,H6GW2P,LU Bakeri Nankhatai (Snack 8 Packets),288,320,2,5,True,2026-06-15 09:30:01
139542309,r1vf-1286,Bake Shake Caramel Cupcake 21.5g,20,20,1,8,True,2026-08-05 11:25:51
141617091,r1vf-27021,Cake Up Caramel New 64g,220.8,240,4,5,True,2026-07-23 16:31:30
141617090,r1vf-27020,Cake Up Strawberry New 64g,220.8,240,10,5,True,2026-07-19 16:01:47
139542307,r1vf-1284,Bake Shake Strawberry Cupcake 21.5g,20,20,2,8,True,2026-07-20 16:30:04
140456785,r1vf-3882,Mayfair Delight Chocolate Cream Croissant (Rs 50) 6 Packets,300,300,9,8,True,2026-09-05 17:15:09
7947739,9W0R37,Bread & Beyond Lemon Cake.,350,350,1,100,True,2026-08-08 15:34:18
7654201,E37984,Bisconni Novita Chocolate Ticky Pack,300,300,2,100,True,2026-09-05 17:15:09
143372080,r1vf-3656,Bisconni Chocolate Coated Cake Hazelnut (Rs.50) 120g,320,400,14,8,True,2026-09-05 17:15:09
24138084,7V9X0Y,Innovative Frisky Vanilla Rs. 150 (Family Pack),150,150,48,100,True,2026-09-05 17:15:09
8828177,B91124,Daffy Olaola Roll Strawberry Box Pack (Rs. 120),120,120,24,100,True,2026-09-05 17:15:09
43020487,OJA9J4,LU Wheatable High Fiber Ticky 15 Packets,270,300,15,5,True,2026-09-05 17:15:09
142893986,r1vf-4282,Kake Chocolate Cake 24 Pieces,240,240,2,8,True,2026-08-28 23:57:11
141990826,r1vf-3776,Novita Chocolate Wafers Box,320,320,13,8,True,2026-09-05 17:15:09
8935273,HWV93C,Biscotto Wafer Sticks Chocolate Tin 125g (Imported),579,579,1,100,True,2026-09-05 17:15:09
144091561,r1vf-10617,Kernelpop Wafer Rolls Strawberry Box,200,200,12,8,True,2026-09-05 17:15:09
7654224,SH48K8,Bisconni Novita Orange Ticky Pack,300,300,13,100,True,2026-09-05 17:15:09
144091563,r1vf-10619,Kernelpop Wafer Rolls Choco Banana Box,200,200,13,8,True,2026-09-05 17:15:09
33411131,SPCG1M,Eazu Roll Stix (Strawberry) Smart Packet,132.46,179,1,100,True,2026-06-25 17:18:07
48403028,r1vf-117,LU Wheatable Cardamom Biscuits Half Roll 15 Pieces,270,300,16,5,True,2026-09-05 17:15:09
8828049,SCQK50,Daffy Olaola Pillow Wafers Strawberry Box (Rs.240),240,240,1,100,True,2026-07-15 10:58:48
8027794,25VTJ6,Hilal Creamfillz Strawberry Box,300,300,1,100,True,2026-05-20 15:30:29
141345972,r1vf-2205,Loacker Gardena Hazelnut 38g,310,310,2,8,True,2026-09-05 17:15:09
7647500,60LKJT,Hilal Candy Pan Pasand 70 Pieces Box,175,175,28,100,True,2026-09-05 17:15:09
24137099,E1KNQR,Bread & Beyond Bakery Muffin Chocolate.,380,380,3,0,True,2026-09-05 17:15:09
8827970,W77O2A,Daffy Chokoonies (Rs. 300),195,300,17,100,True,2026-09-05 17:15:09
24137972,5T6443,Bread & Beyond Orange Muffin Small 6 Pieces,250,250,1,0,True,2026-08-28 00:18:31
7636852,L1JO64,Topfer Crunchy Sticks 33Gm Chocolate,144,160,33,100,True,2026-09-05 17:15:09
8828348,AQ2S1N,Daffy Wafer Milk (Rs. 125),125,125,53,100,True,2026-09-05 17:15:09
7636847,4800XH,Topfer Crunchy Sticks 33Gm Hazelnut,128,160,67,100,True,2026-09-05 17:15:09
141990830,r1vf-40011,Bisconni Cake Rusk (Rs. 40) 10 x 18 Pieces,400,400,5,8,True,2026-09-05 17:15:09
141990827,r1vf-3777,Lotus Cake (Rs. 50) 8 x 18 Pieces,340,400,14,8,True,2026-09-04 18:10:30
8027840,QT8T0C,Hilal Panda Kake Chocolate Box,252,300,14,100,True,2026-09-05 17:15:09
141990820,r1vf-3559,Bisconni Coffee Cake (Rs. 50),400,400,9,8,True,2026-08-25 15:46:22
8827947,DN6NRS,Daffy Nutty Loonies Pouch (Rs. 300),300,300,1,100,True,2026-07-26 10:49:05
8828329,4N6E42,Daffy Wafer Strawberry (Rs. 125),125,125,45,100,True,2026-09-05 17:15:09
141990828,r1vf-3778,Bisconni Chocolate Coated Cake (Rs. 50) 8 x 18 Pieces,400,400,17,8,True,2026-09-03 18:28:01
8828031,36451A,Daffy Olaola Pillow Wafers Chocolate Box (Rs.240),240,240,1,100,True,2026-09-02 18:30:48
8935285,79C81S,Biscotto Wafer Sticks Chocolate Hazulnut Tin 125g,434.25,579,15,100,True,2026-09-05 17:15:09
141990834,r1vf-40015,Bisconni Chocolate Chip Classic Cake box,400,400,9,8,True,2026-05-31 16:14:32
37915165,RHNYR0,Frontier Topfer Strawberry Chocolate Crunchy Snack 33g (Imported),144,160,46,100,True,2026-09-05 17:15:09
142265944,r1vf-2208,Loacker Classic Wafer Napolitaner 175g,660,825,12,8,True,2026-09-05 17:15:09
24137119,ME5BZT,Bread & Beyond Strawberry Muffin Small 6 Pieces,250,250,1,0,True,2026-08-28 00:18:31
139550171,r1vf-999,Gluco Teddy Cake Strawberry 8 Pieces,278.4,320,5,5,True,2026-07-08 08:33:11
141990822,r1vf-3772,Novita Orange Wafers (Rs. 40) 8 x 18 Pieces,320,320,8,8,True,2026-09-05 17:15:09
141377250,r1vf-2079,Snakitos Wafer Rolls Hazelnut Flavor 1 Unit,400,400,2,8,True,2026-08-08 15:34:18
143282252,r1vf-80204,United King Cake Rusk 150g,345,345,1,8,True,2026-07-28 16:44:39
7631071,XEDFCZ,Loacker Quadratini Wafer 125Gm Chocolate,815,815,12,100,True,2026-08-29 16:20:59
7998040,3184X4,Dawn Muffin Pineapple Box 210g,250,250,2,100,True,2026-09-05 17:15:09
7631042,459G03,Loacker Classic Napolitaner Wafers (Imported) 45g,310,310,20,100,True,2026-09-05 17:15:09
8827903,970G9F,Daffy Nutty Loonies Box Pack,600,600,24,100,True,2026-08-04 14:16:32
143282248,r1vf-80200,United King Tea Rusk Sugar Free 220g,244,305,1,8,True,2026-09-03 07:54:21
141351270,r1vf-2202,Loacker Quadratini Wafer Double Choc 125ml,795,795,24,8,True,2026-09-05 17:15:09
36759600,TK84IF,Hilal Panda Kake Strawberry Box,300,300,24,100,True,2026-09-05 17:15:09
26272431,VRN1X0,Hilal Wispy Mini Cones Strawberry Box (30 Pieces),504,600,6,100,True,2026-04-28 16:54:42
7970869,48JJ8K,Biscotto Wafer Sticks Chocolate Hazelnut Tin 370g (Imported),824.25,1099,5,100,True,2026-09-05 17:15:09
37915747,8IKN08,Bread & Beyond Almond Gol Biscuit 250g,395,395,1,100,True,2026-08-12 10:09:44
8935315,1964TE,Biscotto Wafer Sticks Cappuccino Tin 125g,434.25,579,14,100,True,2026-09-05 17:15:09
35134028,12L35T,Loacker Classic Vanilla Wafers (Imported) 45g,248,310,17,100,True,2026-09-05 17:15:09
28231116,MK990V,Dawn Mini Muffin Mango Box 240g,260,260,1,6,True,2026-09-05 17:15:09
7970827,45FI69,Biscotto Wafer Sticks Chocolate Tin (Imported) 370g ,824.25,1099,8,100,True,2026-09-05 17:15:09
35132685,G94O25,Loacker Quadratini Wafer 125Gm Napolitaner,652,815,21,100,True,2026-09-04 18:10:30
7970841,Y5931C,Biscotto Wafer Sticks Strawberry Cream Tin 370g,824.25,1099,1,100,True,2026-09-05 17:15:09
8935248,USS441,Biscotto Wafer Sticks Vanilla Tin 125g,434.25,579,7,100,True,2026-09-05 17:15:09
142267313,r1vf-2207,Loacker Classic Wafer Chocolate 175g,660,825,29,8,True,2026-09-05 17:15:09
35132101,JM66XB,Eazu Crunchy Wafers Orange (Imported) 75g ,220,220,1,100,True,2026-06-24 14:35:27
143282249,r1vf-80201,United King Milk Rusk (3 Smart Packs) 335g,310,310,17,8,True,2026-08-29 16:20:59
9088860,32M676,Eazu Chocolate Golden Balls,582,582,6,100,True,2026-09-05 17:15:09
143282254,r1vf-80206,United King Tea Rusk 220g,196,245,6,8,True,2026-09-05 17:15:09
7970818,3P9CK2,Biscotto Wafer Sticks Vanilla Tin 370g,824.25,1099,9,100,True,2026-09-05 17:15:09
142267312,r1vf-2203,Loacker Quadratini Wafer Peanut Butter 125ml,795,795,27,8,True,2026-09-05 17:15:09
13833924,0HA3SO,Eazu Strawberry Wafer Roll Stix 10g ,195.58,254,6,100,True,2026-04-24 05:39:36
8163579,8HURTE,Biscotto Wafer Sticks Cappuccino Tin 370g,824.25,1099,12,100,True,2026-09-05 17:15:09
7636557,203V33,Balocco Wafers Milk 45g (00001),280,280,27,8,True,2026-06-26 07:00:57
35133386,TR718O,Eazu Crunchy Wafers Strawberry (Imported) 75g ,220,220,5,100,True,2026-09-05 17:15:09
40726978,G7KRJO,Candyland Marshmallow Rainbow Puffs Rs. 50,50,50,84,100,True,2026-09-05 17:15:09
25303846,9VWQEG,Candyland Yums Sour Party Packet Rs. 50,50,50,66,100,True,2026-09-05 17:15:09
7636899,M675E7,Chupa Chups Lolli Pops 12g (999),50,50,61,100,True,2026-09-05 17:15:09
66563498,r1vf-296,Cadbury Softmint 60 Pieces,150,150,45,0,True,2026-09-05 17:15:09
140250904,r1vf-3073,Candyland Butter Scotch Creamy Butter Candy Pouch,125,125,5,8,True,2026-09-05 17:15:09
140250898,r1vf-3015,Candyland Buttons Premium Milk Chocolate Rs. 50,50,50,117,8,True,2026-09-05 17:15:09
23365398,885E22,Hilal Candy Choran Chatni Classic (35 Pieces),88,88,41,100,True,2026-09-05 17:15:09
139850627,r1vf-339,CandyLand Yums Sweet Party Pack Rs 50 ,50,50,16,0,True,2026-09-05 17:15:09
23365413,AEFP9U,Hilal Candy Hajmola Imli (35 Pieces),88,88,51,100,True,2026-09-05 17:15:09
23365388,25G0DN,Hilal Candy Super Sour (35 Pieces),88,88,42,100,True,2026-09-05 17:15:09
23365384,UM8V4Q,Hilal Candy Aamrus (35 Pieces),88,88,38,100,True,2026-09-05 17:15:09
141860549,r1vf-4886,Candyland Funny Bunny Pouch,250,250,13,8,True,2026-09-05 17:15:09
46400586,r1vf-54,Hilal Jiggles Fruit Jelly 24 Pieces,240,240,4,0,True,2026-09-05 17:15:09
144720168,S6BLZS,Chupa Chups Lollipop Mini Jar 6gm ( Fresh Cola ),30,30,11,0,True,2026-04-01 10:09:47
46400585,r1vf-57,Hilal Chocolaty Beans 24 Packets,240,240,8,0,True,2026-09-05 17:15:09
8828734,209DOX,Daffy Jammy Black Currant Pouch (Rs. 50),50,50,24,100,True,2026-09-05 17:15:09
139850720,r1vf-1726,Candyland Butter Scotch Creamy Creamy Butter Candy Jar,250,250,8,8,True,2026-09-05 17:15:09
8828782,37OWP1,Daffy Jammy Strawberry Pouch (Rs. 50),50,50,6,100,True,2026-08-05 16:46:56
46400582,r1vf-52,Hilal Jiggles Egg Jelly 24 Pieces,240,240,17,0,True,2026-09-05 17:15:09
141860546,r1vf-4883,Candyland Fanty Gold Pouch,125,125,3,8,True,2026-09-05 07:30:59
140456783,r1vf-3868,Mayfair Creamers Strawberry & Cream Flavour Pouch (Rs 2),200,200,76,8,True,2026-09-05 17:15:09
139850692,r1vf-1191,Jazaa Blueberry Flavored Jelly 80g,135,150,10,8,True,2026-09-05 17:15:09
139850621,r1vf-330,CandyLand Twister Marshmallow Box,240,240,6,0,True,2026-09-05 17:15:09
144720167,KTBTQN,Chupa Chups Lollipop Mini 6gm ( Fruit ) 1piece,30,30,4,0,True,2026-08-29 16:20:59
23365403,9SXC6L,Hilal Candy Khopra (35 Pieces),88,88,20,100,True,2026-09-05 17:15:09
8819994,ELB5O6,Candyland Junior Puffs Rainbow Marshmallow Box,180,180,15,100,True,2026-09-05 17:15:09
46400583,r1vf-55,Hilal Jiggles Teeth Jelly 24 Pieces,240,240,4,0,True,2026-09-05 17:15:09
46400587,r1vf-53,Hilal Jiggles Peach Jelly 24 Pieces,240,240,18,0,True,2026-09-05 17:15:09
140250902,r1vf-3072,Candyland Flip XL Black Currant Candy Mein Gum Pouch,125,125,1,8,True,2026-06-21 08:06:29
140250900,r1vf-3071,Candyland Cola Gold Pouch,125,125,8,8,True,2026-09-05 17:15:09
46400584,r1vf-51,Hilal Jiggles Pizza Jelly 24 Pieces,240,240,1,0,True,2026-09-05 17:15:09
141860543,r1vf-4880,Candyland Eclairs Double Chocolate Box,250,250,9,8,True,2026-09-05 17:15:09
8828765,YADDY8,Daffy Jammy Orange Pouch (Rs. 50),50,50,1,100,True,2026-07-02 16:55:34
7652670,GXY142,Fox's Crystal Clear Fruits Candy Bag 90g,280,280,19,100,True,2026-09-05 17:15:09
9088924,3H5849,Eazu Creamy Fudge Jar 400g (Imported),260.48,352,1,100,True,2026-09-05 17:15:09
141860547,r1vf-4884,Candyland Flip Black Currant XL 50 Pcs Jar,250,250,5,8,True,2026-09-05 17:15:09
7652656,565006,Foxs 90Gm Crystal Clear Berries Pouch,270,270,19,100,True,2026-09-05 17:15:09
140456832,r1vf-3869,Mayfair Fruit Gala Blackcurrant Flavoured Chew Box,200,200,90,8,True,2026-09-05 17:15:09
7647542,AC1857,Hilal Candy Hajmola Imli 70 Pieces Box,175,175,25,100,True,2026-09-05 17:15:09
142265950,r1vf-3610,Hylite U & Me Big Bens 30g,76,76,40,8,True,2026-09-05 17:15:09
8828745,322X38,Daffy Jammy Lemon Pouch (Rs. 50),50,50,20,100,True,2026-09-05 17:15:09
142350396,YKWRZX,Fox's Berries Candy Bag 125g,340,340,3,0,True,2026-09-05 17:15:09
142364729,TWDLOO,Chupa Chups Melody pop lollipops 15gm ( Strawberry ),140,140,25,0,True,2026-09-05 17:15:09
35129589,Y998BW,Daffy Loonies Candy Mix Pouch (Rs.300),300,300,10,100,True,2026-09-05 17:15:09
8828403,MHS6WF,Daffy Loonies Candy Black Currant Pouch (Rs.75),70,70,15,100,True,2026-09-05 17:15:09
35129867,9HV585,Daffy Loonies Candy Chili Imli Pouch (Rs. 75),45.5,70,1,100,True,2026-06-22 18:52:14
140456794,r1vf-3845,Mayfair Fruit Gala Strawberry Flavoured Chew Box,140,200,1,8,True,2026-08-12 07:28:56
143577528,r1vf-9123,Moiz Gurr Saunf Candy Box 220g,184,200,4,18,True,2026-08-24 12:54:27
140456786,r1vf-3881,Mayfair Frooto Amrood Flavoured Candy Box (Rs 1),150,150,11,8,True,2026-07-24 13:50:11
35134208,M4172Q,Eazu Pogy Pogy Lollipop Jar (Imported),389.62,506,1,100,True,2026-04-21 07:54:48
143577529,r1vf-9124,Moiz Gurr Original Candy Box 220g,170,200,17,18,True,2026-06-21 16:50:02
7652088,6CKR45,Foxs 125Gm Crystal Clear Mint Blossom Candy Pouch,340,340,4,100,True,2026-09-05 17:15:09
141345974,r1vf-2212,Haribo Berries Jelly 80g,535,535,1,8,True,2026-05-28 18:18:18
35132132,7D8R49,Daffy Butterscotch Orange Candy Pouch Pack,50,50,1,100,True,2026-06-22 09:02:31
8828381,60TQBN,Daffy Loonies Candy Amrood Pouch (Rs.75),70,70,3,100,True,2026-09-05 17:15:09
8828716,T3Y813,Daffy Beany Beans (Rs. 300),300,300,3,100,True,2026-08-04 14:16:32
143752487,NF4EBQ,Fox's Fruits Oval Flowrap 125g,340,340,11,0,True,2026-09-05 17:15:09
142893992,r1vf-4288,Choco4 Mega Pouch 12 Pieces,240,240,22,8,True,2026-09-05 17:15:09
144720163,r1vf-1308,Mentos incredible chew 45gm ( Strawberry ),249,249,14,5,True,2026-09-05 17:15:09
142893988,r1vf-4284,Choran Chatni Candy Gold Box 50 Pieces,320,320,20,8,True,2026-09-05 17:15:09
143577531,r1vf-9126,Moiz Gurr Coconut Candy Box 220g,184,200,7,18,True,2026-08-20 15:37:23
143752485,66VANA,Fox's Candy Spring Tea Packet 90g,299,299,12,0,True,2026-09-05 17:15:09
143577532,r1vf-9127,Moiz Gurr Paan Candy Box 220g,184,200,7,18,True,2026-08-24 12:54:27
140250899,r1vf-3070,Candyland Punch Center Filled Mango Candy Pouch,125,125,23,8,True,2026-09-05 17:15:09
140456793,r1vf-3880,Mayfair Frooto Peach Flavoured Candy Box (Rs 1),150,150,91,8,True,2026-07-24 13:50:11
141860544,r1vf-4881,Candyland Ooze Black Currant Jar 1 Unit,250,250,1,8,True,2026-04-30 06:10:06
8558300,8W896X,Fox's Coffee World Oval Flowrap 90g,399,399,3,100,True,2026-09-05 17:15:09
8828531,338S55,Daffy Butterscotch Mint Candy Pouch Pack,50,50,1,100,True,2026-08-14 13:09:57
143752492,K94V3W,Fox's Berries Candy Tin 170g,680,680,5,0,True,2026-09-05 17:15:09
8828363,58WHRD,Daffy Loonies Candy Orange Pouch (Rs.75),70,70,48,100,True,2026-05-22 06:59:00
143577530,r1vf-9125,Moiz Gurr Strawberry Candy Box 220g,184,200,18,18,True,2026-08-24 12:54:27
140456834,r1vf-4005,Mayfair Fruit Gala Lychee Flavoured Chew Box,200,200,62,8,True,2026-09-05 17:15:09
35130799,ML5F10,Daffy Loonies Candy Peach Pouch (Rs.75),45.5,70,46,100,True,2026-09-05 17:15:09
141860539,r1vf-4876,Candyland Cola Gold Candy 50 Pieces,250,250,17,8,True,2026-09-05 17:15:09
142267334,r1vf-3609,Hylite Choco Beans Red 38g,76,76,23,8,True,2026-09-05 17:15:09
143752488,virtual-328,Foxs Spring Tea Oval Candy Pouch 125g,399,399,22,8,True,2026-09-05 17:15:09
140456833,r1vf-3870,Mayfair Fruit Gala Blueberry Flavoured Chew Box,200,200,91,8,True,2026-09-05 17:15:09
140619500,r1vf-4159,Mayfair Fruit Gala Green Apple Flavoured Chew Box,200,200,40,8,True,2026-09-05 17:15:09
140456824,r1vf-3866,Mayfair Chaska Amrood Flavoured Candy Box,200,200,6,8,True,2026-07-24 13:50:11
7630930,32TEI9,Milk Flavour Chews 1 Unit,192,192,1,5,True,2026-04-28 06:11:48
140456835,r1vf-3872,Mayfair Fruit Gala Mango Flavoured Chew Box,200,200,53,8,True,2026-09-05 17:15:09
141860548,r1vf-4885,Candyland Funny Bunny Jar 100 Pieces,800,1000,12,8,True,2026-09-05 17:15:09
141860545,r1vf-4882,Candyland Punch Centre Filled Mango Candy 50 Pcs Jar,250,250,8,8,True,2026-09-05 17:15:09
8999860,I6SF0A,Smart Choco Beans 55Gm Pouch,230,230,9,100,True,2026-09-05 17:15:09
142893989,r1vf-4285,Hajmola Imli Candy Box 50 Pieces,288,320,23,8,True,2026-09-05 17:15:09
140456801,r1vf-3873,Mayfair Fruit Gala Strawberry Flavoured Chew Box (Rs 5),250,250,3,8,True,2026-07-17 13:31:19
142893987,r1vf-4283,Aamrus Gold Box 50 Pieces,256,320,35,8,True,2026-09-05 17:15:09
35128185,I6J5T2,Daffy Loonies Candy Lemon Pouch (Rs. 75),70,70,55,100,True,2026-09-05 17:15:09
140456837,r1vf-3876,Mayfair Milko Toffee,450,450,4,8,True,2026-09-05 17:15:09
140456792,r1vf-3863,Mayfair Frooto Amrood Flavoured Candy Box (Rs 2),200,200,9,8,True,2026-08-07 13:06:08
8558324,E5KG99,Foxs 90Gm Crystal Clear Mint Sweets Pouch,280,280,17,100,True,2026-09-05 17:15:09
8558291,W68MVY,Foxs 90Gm Crystal Clear Fruity Mints Sweets Pouch,280,280,14,100,True,2026-09-05 17:15:09
143752486,VUDXIS,Fox's Fruity Mints Candy Bag 125g,340,340,7,0,True,2026-09-05 17:15:09
142267335,r1vf-3627,Hylite Chocoman Chocolate Beans 38g,76,76,17,8,True,2026-09-05 17:15:09
140456825,r1vf-3865,Mayfair Chaska Orange Flavoured Candy Box,140,200,3,8,True,2026-04-08 10:11:35
140456830,r1vf-3874,Mayfair Eclairs Candy Pouch,450,450,43,8,True,2026-09-05 17:15:09
142893991,r1vf-4287,Pan Pasand Candy Box 50 Pieces,320,320,29,8,True,2026-09-05 17:15:09
140456836,r1vf-3871,Mayfair Fruit Gala Orange Flavoured Chew Box,200,200,80,8,True,2026-09-05 17:15:09
142893990,r1vf-4286,Khopra Candy Box 50 Pieces,256,320,42,8,True,2026-09-05 17:15:09
7652104,LI6CN4,Fox's Fruity Mints Candy Tin 180g Indonesia (Imported),999,999,3,100,True,2026-09-05 17:15:09
7634240,A7A5K2,Lotte Spout Bubble Strawberry Rs. 50,50,50,23,100,True,2026-09-05 17:15:09
7657892,X9ZBXG,Lotte Spout Bubble Spearmint Rs. 50,50,50,78,100,True,2026-09-05 17:15:09
7657885,7Q3H33,Lotte Spout Bubble Peppermint Rs. 50,50,50,77,100,True,2026-09-05 17:15:09
8999315,12CJ19,Taste Factory Oxydent Spearmint (21 Pieces) 12.8g,85,85,2,100,True,2026-07-07 11:56:44
141351277,r1vf-2247,Mentos Mono Fruit (Pouch) 26 Pieces,299,299,1,8,True,2026-04-14 10:19:14
8819134,71POY3,Bubble Pop Gum 325 g,250,250,8,100,True,2026-09-05 17:15:09
7647484,5F1J43,Hilal Paanbahar Mouth Freshener Box,240,240,1,100,True,2026-04-08 07:24:17
144720169,2THB2O,Mentos incredible chew 45gm ( Grape ),249,249,2,0,True,2026-05-24 06:44:15
138754806,r1vf-815,Kolson Lotte Spout Strawberry Jumbo (Rs 5) 1 Box,180,180,1,0,True,2026-05-11 12:14:58
35132117,6YK6BQ,Chewels Bubble Gum Red Suger Free,200,200,1,100,True,2026-07-30 08:32:44
138754807,r1vf-816,Kolson Lotte Spout Peppermint Jumbo (Rs 5) 1 Box,180,180,1,0,True,2026-07-13 17:17:46
142265946,r1vf-2246,Mentos Mono Mint (Pouch) 40 Pieces,299,299,1,8,True,2026-03-26 05:11:23
138934635,r1vf-813,Kolson Lotte Spout Strawberry 3 in 1 (Rs 10) 1 Box,240,240,33,0,True,2026-09-05 17:15:09
141351276,r1vf-2245,Mentos Mono Strawberry (Pouch) 26 Pieces,299,299,1,8,True,2026-06-14 11:34:31
35131380,V0O7GH,Chewels Bubble Gum Green Sugar Free,200,200,3,100,True,2026-06-27 13:46:42
138754805,r1vf-814,Kolson Lotte Spout Spearmint Jumbo (Rs 5) 1 Box,135,180,13,0,True,2026-08-07 16:01:45
143255077,TR4559,Mentos Strawberry Apple Rasberry Gum 5 Pieces,195,195,1,0,True,2026-03-29 13:01:05
142267331,r1vf-3629,Fusion Chewing Gum Spearmint Flavour 15g,44.1,63,4,8,True,2026-05-25 12:38:14
36768041,36J0HZ,Taste Factory Chewels Sugar Free Gum Peppermint 22.8g,200,200,1,100,True,2026-06-23 17:22:15
138934634,r1vf-812,Kolson Lotte Spout Spearmint 3 in 1 (Rs 10) 1 Box,180,240,4,0,True,2026-08-15 03:43:47
142267332,r1vf-3631,Fusion Strawberry Chewing Gum 15g,44.1,63,8,8,True,2026-05-25 12:38:14
8999792,IMZ736,Taste Factory Oxydents Peppermint (8 Pieces),85,85,1,100,True,2026-07-18 05:30:31
142267333,r1vf-3628,Hylite Cash Peppermint Gum 22.5g,152,152,30,8,True,2026-09-05 17:15:09
142267330,r1vf-3630,Fusion Chewing Gum Cardamom Flavour 15g,63,63,1,8,True,2026-07-11 07:59:32
139850626,r1vf-338,Candyland Bubble Your Name Rs. 5 Chewing gum Jar,400,500,3,0,True,2026-09-05 17:15:09
35134970,1K3ILA,Oxydents Redberry Bubble Gum,80,80,1,100,True,2026-08-29 09:49:26
144720166,LFZAHC,Mentos incredible chew 45gm ( Green Apple ),249,249,14,0,True,2026-09-05 17:15:09
139547717,r1vf-789,Tulsi Classic Jar 100g,200,200,30,20,True,2026-09-05 17:15:09
139850655,WYP565,Tulsi Classic Box 48 Pieces,240,240,1,20,True,2026-08-22 12:41:46
139850653,r1vf-798,Shalimar Pal Pal Meetha Pan Jar 150g,160,160,24,20,True,2026-09-05 17:15:09
139850650,r1vf-791,Tulsi Zero Jar 100g,200,200,27,20,True,2026-09-05 17:15:09
139850652,r1vf-795,Tulsi Meva Jar,175,175,22,20,True,2026-09-05 17:15:09
139850651,r1vf-792,Tulsi Elaichi Twist Box 48 Pieces,240,240,9,20,True,2026-09-05 17:15:09
139850654,r1vf-799,Shalimar Pal Pal Chocolatey Jar 150g,128,160,21,20,True,2026-09-05 17:15:09
139547718,r1vf-790,Tulsi Zero Box 48 Pieces,240,240,10,20,True,2026-09-05 17:15:09
139850649,r1vf-787,Tulsi Classic King Size Box 24 Pieces,240,240,7,20,True,2026-09-05 17:15:09
8027805,7I31YS,RASILY ELAICHI BOX,192,240,2,20,True,2026-09-05 17:15:09
8819968,77LJA0,Chili Mili Jelly Pouch,50,50,126,100,True,2026-09-05 17:15:09
141860540,r1vf-4877,Candyland Chili Mili Rs. 50,50,50,154,8,True,2026-09-05 17:15:09
25303857,01118N,Abc Jelly Pouch,50,50,53,100,True,2026-09-05 17:15:09
141860541,r1vf-4878,Candyland Bear Premium Jellies Rs. 50,50,50,53,8,True,2026-09-05 17:15:09
142893996,r1vf-4293,Jiggles XL Ding Dong 1 Unit,50,50,17,8,True,2026-09-05 17:15:09
140250912,r1vf-3022,Candyland Mango - Premium Jelly Pouch,50,50,66,8,True,2026-09-05 17:15:09
140250896,r1vf-3074,Candyland Chili Mili  Jelly Box,240,240,23,8,True,2026-09-05 17:15:09
139507924,r1vf-1778,Tiva Sour Rainbow Belts 80g,348.5,410,29,8,True,2026-09-05 17:15:09
8027611,1BT042,Hilal Jiggles Dolphin XI Jelly (36 Pieces),180,180,18,100,True,2026-09-05 17:15:09
7664445,66293V,Abc Jelly Large Box,240,240,24,100,True,2026-09-05 17:15:09
142893995,r1vf-4292,Jiggles XL Pizza Jelly 1 Unit,50,50,62,8,True,2026-09-05 17:15:09
140250908,r1vf-3018,Candyland Dewy Chewy Strawberry Jar,250,250,19,8,True,2026-09-05 17:15:09
139507923,r1vf-1777,Tiva Sour Multicolor Sticks 80g,410,410,14,8,True,2026-09-05 17:15:09
141860542,r1vf-4879,Candyland Bubble Your Name Bubble Gum Box,250,250,19,8,True,2026-09-05 17:15:09
139850717,r1vf-1721,Candyland Watermelon Jelly Rs. 50,50,50,52,8,True,2026-09-05 17:15:09
139850718,r1vf-1722,Candyland Neon Crawlers Jelly Rs. 50,50,50,139,8,True,2026-09-05 17:15:09
7647572,IXRAK7,Hilal Baketime Fruit Cake Slices (6 Pieces),240,240,1,100,True,2026-08-24 09:52:15
140456820,r1vf-3878,Mayfair Wobbly Strawberry Flavoured Jelly (Rs 10) 24 Packets,168,240,2,8,True,2026-09-01 14:03:48
139507919,r1vf-1773,Tiva Fizzy Worms Jelly 80g,348.5,410,14,8,True,2026-09-05 17:15:09
140250914,r1vf-3200,Candyland Yums Sour Chews Box,240,240,6,8,True,2026-09-05 17:15:09
140250913,r1vf-3023,Candyland Yums Fruity Chews Box Pack,240,240,5,8,True,2026-09-05 17:15:09
139850716,r1vf-1720,Candyland Peach Rings Jelly Rs. 50,50,50,63,8,True,2026-09-05 17:15:09
141351274,r1vf-2244,Chupa Chups Crawlers Jellies 90g,470,470,1,8,True,2026-06-11 12:51:51
139507927,r1vf-1781,Tiva Heart Marshmallow 140g,403.75,475,19,8,True,2026-09-05 17:15:09
141351272,r1vf-2242,Chupa Chups Lollies Jellies 90g,470,470,1,8,True,2026-04-28 11:08:58
141860550,r1vf-4875,Candyland Bubble Pop Classic Box,250,250,9,8,True,2026-09-05 17:15:09
139507931,r1vf-1785,Tiva Pink & White Marshmallow 140g,403.75,475,4,8,True,2026-09-05 17:15:09
140250901,r1vf-3076,Candyland Crown Mango Cream Box Pack,240,240,10,8,True,2026-09-05 17:15:09
37916026,CG5750,VANA PopLicks 10 Pieces 130g,100,100,11,100,True,2026-09-05 17:15:09
140250897,r1vf-3075,Candyland Mello Marshmallow Chocolate Strawberry Box,240,240,19,8,True,2026-09-05 17:15:09
35128177,5QW694,Daffy Fruity Chew (Rs. 240),240,240,10,100,True,2026-09-05 17:15:09
7652405,C931P1,Haribo Jelly Happy Cola Imported 80g,560,560,2,100,True,2026-05-09 13:22:54
139507921,r1vf-1775,Tiva Fizzy Strawberry Jelly 80g,348.5,410,24,8,True,2026-09-05 17:15:09
139507922,r1vf-1776,Tiva Mix Fruits Jelly 80g,348.5,410,5,8,True,2026-09-05 17:15:09
35388503,04635K,HARIBO Star Mix 80g,560,560,5,100,True,2026-04-28 11:08:58
140250907,r1vf-3079,Candyland Crown Coconut cream Box,240,240,15,8,True,2026-09-05 17:15:09
139507915,r1vf-1769,Tiva Cola Jelly 80g,348.5,410,19,8,True,2026-09-05 17:15:09
140456815,r1vf-3879,Mayfair Wobbly Peach Flavoured Jelly (Rs 10) 24 Packets,168,240,6,8,True,2026-09-01 18:14:57
8828688,Q2S4ZS,Daffy Fruity Chew (Rs. 300),300,300,43,100,True,2026-09-05 17:15:09
141351279,r1vf-2249,Chupa Chups Crazy Cola Jellies 90g,470,470,1,8,True,2026-06-25 14:36:26
139507917,r1vf-1771,Tiva Sugared Ponpon Jelly 80g,348.5,410,28,8,True,2026-09-05 17:15:09
141351278,r1vf-2248,Chupa Chups Pinkis Jellies 90g,470,470,1,8,True,2026-05-31 13:49:51
139507920,r1vf-1774,Tiva Fizzy Peach Rings Jelly 80g,348.5,410,2,8,True,2026-09-05 17:15:09
7652423,UZQJ20,Haribo Juicy Goldbears 80g,560,560,11,100,True,2026-04-27 13:57:31
7652418,S5QW17,Haribo Jelly Worms Imported 80g,450,450,1,100,True,2026-08-20 15:37:23
139507916,r1vf-1770,Tiva Fizzy Watermelon Jelly 80g,348.5,410,4,8,True,2026-09-05 17:15:09
140456810,r1vf-3877,Mayfair Wobbly Amrood Flavoured Jelly (Rs 10) 24 Packets,240,240,7,8,True,2026-09-05 17:15:09
139507918,r1vf-1772,Tiva Bears Jelly 80g,348.5,410,33,8,True,2026-09-05 17:15:09
139507928,r1vf-1782,Tiva Flower Marshmallow 140g,427.5,475,28,8,True,2026-09-05 17:15:09
36759746,8H8AH7,Haribo Jelly Gold Bears Imported 160g,798.75,1065,17,100,True,2026-06-13 07:05:07
141351281,r1vf-2250,Chupa Chups Panda Bears Jellies 90g,470,470,1,8,True,2026-09-05 17:15:09
8450176,TG2MD9,Korneez Popcorn Salted Rs. 120,120,120,89,100,True,2026-09-05 17:15:09
8537649,37O396,Popnosh Caramel Crunch 26g,70,70,35,100,True,2026-09-05 17:15:09
140412475,r1vf-4015,Popcorn Seed 250gm,98.8,104,41,6,True,2026-09-05 17:15:09
8450154,B757Y3,Korneez Popcorn Salted Rs. 90,90,90,83,100,True,2026-09-05 17:15:09
7641154,RSD4GW,Kernelpop Microwave Popcorn Butter Rs. 170,170,170,57,8,True,2026-09-05 17:15:09
139547716,r1vf-780,Kernelpop Caramel Coated Popcorn Rs. 120,120,120,6,8,True,2026-09-05 17:15:09
139547715,r1vf-774,Kernelpop Microwave Popcorn English Butter Rs. 170,170,170,56,8,True,2026-09-05 17:15:09
8450330,1BAR8B,Korneez Popcorn Caramel Peanut Rs. 120,120,120,48,100,True,2026-09-05 17:15:09
37914835,4H092Q,Kernelpop Microwave Popcorn Cheese Rs. 170,170,170,50,8,True,2026-09-05 17:15:09
7641144,NMRRJF,Kernelpop Microwave Popcorn Natural Rs. 170,170,170,60,8,True,2026-09-05 17:15:09
8450200,E7OD97,Korneez Popcorn Toffee Rs. 120,120,120,29,100,True,2026-09-05 17:15:09
139850686,r1vf-1102,Popnosh Choco Loco 26g,70,70,49,8,True,2026-09-05 17:15:09
8450286,AL1Y6P,Korneez Popcorn BBQ Rs. 120,120,120,11,100,True,2026-09-05 17:15:09
8450254,XUXXD6,Korneez Popcorn Caramel Peanut Rs. 90,90,90,22,100,True,2026-09-05 17:15:09
8537739,GZTN32,Popnosh Movie Theater 40g,150,150,22,100,True,2026-09-05 17:15:09
140554609,r1vf-1103,Popnosh Caramel Crunch 68g,200,200,18,8,True,2026-09-05 17:15:09
27724484,1C4PT2,Popnosh Cinema Popcorn 60g,150,150,18,100,True,2026-09-05 17:15:09
27724509,3E4XX3,Popnosh Chipsticks Masala 26g,50,50,2,100,True,2026-07-16 08:20:14
27724489,YVT96M,Popnosh Cheddar Cheese 18g,50,50,34,100,True,2026-09-05 17:15:09
139850663,r1vf-777,Kernelpop Kettle Corn Butter Rs. 110,110,110,61,8,True,2026-09-05 17:15:09
7641122,9B056X,Kernelpop Microwave Popcorn Salt & Pepper Rs. 170,170,170,58,8,True,2026-09-05 17:15:09
8450132,Q08XAS,Korneez Sweet & Salted Rs. 120,120,120,35,100,True,2026-09-05 17:15:09
27724479,197073,Popnosh Spicy Jalapeno 18g,50,50,4,100,True,2026-09-05 17:15:09
8450343,4J3912,Korneez Popcorn Butter Scotch Rs. 110,110,110,24,100,True,2026-09-05 17:15:09
8450363,5359W1,Korneez Popcorn Cheese Rs. 120,120,120,24,100,True,2026-09-05 17:15:09
139850684,r1vf-1100,Popnosh Screamin' Hot Popcorn 40g,150,150,1,8,True,2026-07-17 16:18:33
139850685,r1vf-1101,Popnosh French Butter 40g,150,150,19,8,True,2026-09-05 17:15:09
27724462,D4GSZ9,Popnosh Gourmet Popcorn Kernels Jar 370g,382.5,450,1,100,True,2026-09-05 17:15:09
7646242,HQ4L13,American Garden Popcorn Butter 273g,851,1150,9,8,True,2026-09-05 17:15:09
27724458,WNS71I,Popnosh Butter Popcorn Salt 450g,450,450,1,100,True,2026-06-29 13:16:42
7999808,K3OMA4,Reload Granola Bar Dark Chocolate & Almonds Rs. 210,210,210,39,100,True,2026-09-05 17:15:09
7636639,8KMO1C,Nutrilov Chocolate Brownie Granola Bar Single Bar,210,210,123,100,True,2026-09-05 17:15:09
7999812,5N3BNI,Reload Granola Bar Peanut Butter & Almonds Rs. 210,210,210,62,100,True,2026-09-05 17:15:09
143595182,r1vf-4155,Nutrilov Protein Granola Choco Almond Cup,370,500,1,8,True,2026-09-05 17:15:09
7636654,IT0YH7,Nutrilov Granola Bars Chocolate Chip & Coconut Single Bar,210,210,110,100,True,2026-09-05 17:15:09
139850660,r1vf-843,Nibl Almond Brownie Protein Bar (1pc),500,500,1,50,True,2026-09-05 17:15:09
7636629,759YHM,Nutrilov  Almond Cappuccino Granola Single Bar,210,210,91,100,True,2026-09-05 17:15:09
16653679,90Z3E4,Reload Coffee & Almonds Granola Bar Rs. 210,210,210,52,100,True,2026-09-05 17:15:09
144693306,r1vf-3012,Nibl Peanut Butter Fudge Protein Bar (1pc),500,500,24,0,True,2026-09-05 17:15:09
10914239,317TTO,Reload Dark Chocolate & Almond Granola Pack of 6 Bars,1260,1260,7,100,True,2026-09-05 17:15:09
19306486,229W0Z,Reload Granola Minis Celebrations Box,860,860,7,100,True,2026-09-05 17:15:09
19306483,G2D437,Reload Cranberry & Almond Granola Bar Rs. 210,210,210,69,100,True,2026-09-05 17:15:09
16653681,3TLYN2,Reload Salted Caramel & Almonds Granola Bar Rs. 210,210,210,30,100,True,2026-09-05 17:15:09
10064655,142OD5,Nutrilov Chocolate Brownie Granola Bar 6 Pieces,888,1200,21,100,True,2026-09-05 17:15:09
7636637,7EBCG2,Nutrilov Granola Bars Peanut Butter & Raisin Single Bar,155.4,210,116,100,True,2026-09-05 17:15:09
143595183,r1vf-4156,Nutrilov Protein Granola Choco Almond Large Box,1850,2500,1,8,True,2026-09-05 17:15:09
26299444,02QZ9F,Reload Granola Bar Celebrations Box,882,1260,2,100,True,2026-09-05 17:15:09
139850661,r1vf-844,Nibl Chocolate & Walnut Granola Bar (1pc),220,220,30,50,True,2026-09-05 17:15:09
142728181,FKIPU7,Reload Granola Bar Honey Cardamom & Almonds Rs. 210,147,210,41,0,True,2026-09-05 17:15:09
35924659,PMXI7B,Nutrilov Peanut Butter & Raisin Granola Bar 6 Pieces,888,1200,109,100,True,2026-09-05 17:15:09
10064709,8Y3E2Z,Nutrilov Chocolate Chip & Coconut Granola Bar 6 Pieces,888,1200,4,100,True,2026-09-05 17:15:09
144381103,r1vf-10696,Nibl Protein Bar White Chocolate Brownie Pack 6 Pieces,1920,3000,1,8,True,2026-09-05 17:15:09
139850662,r1vf-845,Nibl Chocolate & Peanut Butter Granola Bar (1pc),140.8,220,6,50,True,2026-09-05 17:15:09
19306489,FK8M8P,Reload Granola Minis Peanut Butter & Almonds Pack of 12 Minis,602,860,6,100,True,2026-09-05 17:15:09
35131769,2X3484,Reload Coffee & Almonds Granola Pack of 6 Bars,882,1260,12,100,True,2026-09-05 17:15:09
144693305,r1vf-3009,Nibl Coffee Pumpkin Seed Power Granola Bar (1pc),140.8,220,5,0,True,2026-09-05 17:15:09
144381101,r1vf-10694,Nibl Protein Bar Almond Brownie Pack 6 Pieces,1920,3000,6,8,True,2026-09-05 17:15:09
142723661,r1vf-6030,Reload Minis Coffee & Almond Granola Pack of 12 Minis,602,860,2,8,True,2026-09-05 17:15:09
35132098,8XUZ8F,Reload Salted Caramel & Almonds Granola Pack of 6 Bars,882,1260,6,100,True,2026-09-05 17:15:09
35131887,A729C2,Nutrilov Almond Cappuccino Granola Bar 6 Pieces,888,1200,72,100,True,2026-08-24 12:54:27
10914242,229431,Reload Peanut Butter & Almonds Granola Pack of 6 Bars,882,1260,11,100,True,2026-09-05 17:15:09
142723662,r1vf-6031,Reload Minis Salted Caramel & Almond Pack of 12 Minis,602,860,2,8,True,2026-09-05 17:15:09
144381102,r1vf-10695,Nibl Protein Bar Peanut Butter Fudge Pack 6 Pieces,3000,3000,5,8,True,2026-09-05 17:15:09
19306487,W99Y22,Reload Granola Minis Cranberry & Almond Pack of 12 Minis,602,860,7,100,True,2026-09-05 17:15:09
142723663,r1vf-6032,Reload Honey Cardamom & Almond Granola Bar (12 Minis) 120g,740,740,3,8,True,2026-08-19 09:39:49
26299446,6L1E81,Reload Cranberry & Almond Granola Pack of 6 Bars,882,1260,22,100,True,2026-09-05 17:15:09
144381095,r1vf-10690,Cadbury Selections Box 150g,1360,1700,2,8,True,2026-09-05 17:15:57
40473117,5B2133,Cadbury Dairy Milk Rs.100,100,100,229,100,True,2026-09-05 17:15:57
40473111,7396R8,Cadbury Dairy Milk 36g,150,150,99,100,True,2026-09-05 17:15:57
138446269,r1vf-295,Kitkat 2 Finger Milk Chocolate Bar 17.7g,180,180,144,0,True,2026-09-05 17:15:57
139850625,r1vf-337,Buttons Chocolate (Rs 30) 1 Piece,30,30,218,0,True,2026-09-05 17:15:57
139850712,r1vf-1657,Cadbury Perk Double Chocolate Rs. 30,30,30,231,8,True,2026-09-05 17:15:57
138446241,r1vf-297,Nestlé KitKat Chocolate Wafer Four Finger Bar 36.5g,360,360,96,0,True,2026-09-05 17:15:57
40473119,P25CA7,Cadbury Moro 18g (1pc),30,30,2,5,True,2026-08-29 09:49:50
9038725,5K3MP2,Cadbury Dairy Milk Roast Almond 38Gm,250,250,95,100,True,2026-09-05 17:15:57
40226081,QB6WIR,Cadbury Dairy Milk 12.5g (1pc),50,50,94,5,True,2026-09-05 17:15:57
40723547,5E3M66,Candyland Paradise Chocolate Bar 1Pc,50,50,114,100,True,2026-09-05 17:15:57
19421682,812TE3,Cadbury Dairy Milk 52g,250,250,28,100,True,2026-09-05 17:15:57
142234546,r1vf-4615,Cadbury Dairy Milk Bubbly Chocolate 9g,50,50,64,8,True,2026-09-05 17:15:57
9119634,HZV4GT,Cadbury Perk 5.5g Box (24 Pcs),360,360,57,100,True,2026-09-05 17:15:57
40473115,EQ7DG5,Cadbury Dairy Milk 5.2g (1pc),20,20,1,100,True,2026-09-05 12:30:00
9038822,VB9988,Cadbury Dairy Milk Chocolate 90g,450,450,24,100,True,2026-09-05 17:15:57
7657894,49XU6X,Snickers 45g,260,260,2,100,True,2026-04-18 05:10:07
9119550,LDQDTA,Cadbury Eclairs 50 Pieces,150,150,6,100,True,2026-09-05 17:15:57
9119862,XXT02L,Cadbury Dairy Milk Doybag,800,800,32,100,True,2026-09-05 17:15:57
24137699,A39879,Cadbury Dairy Milk Fruit&Nut 38Gm,250,250,29,100,True,2026-09-05 17:15:57
9119736,9Z6Z9C,Cadbury Dairy Milk Bubbly Chocolate 40g,250,250,59,100,True,2026-09-05 17:15:57
9038792,2GJG51,Cadbury Dairy Milk Crackle 21.5g,150,150,53,100,True,2026-09-05 17:15:57
7646672,C951P7,Bounty Chocolate Bar 57g,290,290,69,100,True,2026-07-17 13:31:54
143763572,r1vf-2522,You Dark Chocolate,200,200,1,8,True,2026-04-18 07:12:49
139850620,r1vf-329,Candyland Crown Truffles Hazelnut Box,240,240,26,0,True,2026-09-05 17:15:57
139850628,r1vf-340,CandyLand Sonnet Chocolate Bar Rs.50,50,50,137,0,True,2026-09-05 17:15:57
27625776,2WMZ4C,Candyland You Milk Chocolate Single Piece,100,100,1,8,True,2026-05-30 13:45:19
40726981,7GLI4A,Candyland NOW Chocolate Rs 50 ,50,50,60,100,True,2026-09-05 17:15:57
40473113,22Y705,Cadbury Dairy Milk 8g (1pc),30,30,35,100,True,2026-09-05 17:15:57
9119701,1JMU10,Cadbury Dairy Milk Bubbly Chocolate 13g,80,80,20,100,True,2026-09-05 17:15:57
8819111,G9NF45,Candyland Paradise 15g Chocolate Box,240,240,17,100,True,2026-09-05 17:15:57
143763573,r1vf-2523,Candyland Premium Magic Minis Pouch,650,650,7,8,True,2026-09-05 17:15:57
139547712,r1vf-1656,Cadbury Dairy Milk Roast Almond 90g,500,500,24,8,True,2026-09-05 17:15:57
139547713,r1vf-294,Cadbury Perk Chocolate 11g (24 Pcs),480,480,29,0,True,2026-09-05 17:15:57
7643668,7RKP6T,Mars Chocolate Bar 51g,295,295,1,100,True,2026-06-19 17:28:04
9119772,738HG6,Cadbury Dairy Milk Bubbly 87g,500,500,26,100,True,2026-09-05 17:15:57
144381096,r1vf-10691,Dairy Milk Cream & Nut Delight Ramadan Bar 38g,250,250,1,8,True,2026-05-18 12:41:33
145151568,4VFYHO,Snickers Chocolate 40g,260,260,24,0,True,2026-04-30 14:00:11
141103718,r1vf-2710,Nutrilov ZERO Chocolate Brownie Single Bar (SUGAR FREE),250,250,68,8,True,2026-09-05 17:15:57
8999908,18LA27,Taste Factory Myio Chocolate Balls Pouch 55 g,200,200,1,100,True,2026-07-29 11:31:37
143801049,r1vf-2556,Candyland You Milk Chocolate 15g,50,50,82,8,True,2026-09-05 17:15:57
8999843,3R9F51,Calibar Chocolate 40Gm Bar Dark,250,250,1,100,True,2026-07-20 14:10:59
11069190,J37IQS,You Milk Chocolate 21Gm,30,30,24,100,True,2026-07-27 12:30:30
9038856,626954,Cadbury Dairy Milk Bubbly Chocolate 20g,120,120,11,0,True,2026-09-05 17:15:57
9119793,X83M5V,Cadbury Dairy Milk Bubbly Doy Bag,850,850,6,100,True,2026-09-05 17:15:57
8999232,WKPF1L,Brown Chocolate 40Gm Bar Dark,250,250,4,100,True,2026-07-11 05:47:37
8999272,3K3QW7,Marble Chocolate Coated Biscuit 55Gm Pouch,230,230,1,100,True,2026-07-24 11:09:39
141103719,r1vf-2711,Nutrilov Protein Peanut Butter Chocolate Chip Single Bar (10g Protein),330,330,69,8,True,2026-09-05 17:15:57
139850659,r1vf-584,Nutrilov Kids Chocolate Fudge Brownie Single Bar,100,100,136,8,True,2026-09-05 17:15:57
145151569,9SCOI2,Mars Chocolate Bar 50g,260,260,3,0,True,2026-07-07 06:52:38
20395176,ZP8Y7K,Daffy JackPot Almond Milk Chocolate Pouch (Rs. 550),550,550,2,100,True,2026-08-30 09:01:34
141079696,r1vf-1646,Kitkat 2 Finger 21g,179,179,1,8,True,2026-04-27 13:57:55
144381094,r1vf-10689,Cadbury Occasions Heart Gift Box,1700,1700,1,8,True,2026-04-23 16:32:44
11174624,X77430,Candyland Sonnet Rs. 20 Chocolate Box,240,240,25,100,True,2026-09-05 17:15:57
143910875,Y2EWQE,KitKat 2 Finger Milk Chocolate Bar 20.7g,199,199,1,0,True,2026-09-02 13:22:22
20395171,RMZ41R,Daffy Orange Balls Milk Chocolate Pouch (Rs. 300),300,300,1,100,True,2026-08-08 06:55:52
7664427,39O3SE,Candyland Mello Marshmallow Chocolate Vanilla Box,240,240,18,100,True,2026-09-05 17:15:57
7635672,49C06O,Eazu Tiktak Chocolate,55,55,17,100,True,2026-09-05 17:15:57
11174623,833841,Candyland Now Chocolate 12 Pcs,240,240,25,8,True,2026-09-05 17:15:57
139850658,r1vf-583,Nutrilov Kids Chocolate Chip Cookie Dough Single Bar,100,100,74,8,True,2026-09-05 17:15:57
141103721,r1vf-2713,Nutrilov ZERO Chocolate Brownie 6 Pieces (SUGAR FREE),1420,1420,4,8,True,2026-09-05 17:15:57
20395180,K8AI63,Daffy Minty Balls Milk Chocolate (Rs. 300),300,300,9,100,True,2026-09-05 17:15:57
8558173,ZOJJ7I,Twix Chocolate Bar Egypt 50g,349,349,1,100,True,2026-04-06 10:13:14
36767672,VFRU4P,Candyland Cloud 9 Chocolate Coated Wafer Box,240,240,1,100,True,2026-05-19 12:19:02
141103720,r1vf-2712,Nutrilov Protein Peanut Butter Chocolate Chip Bar (6 Pieces),1870,1870,16,8,True,2026-09-05 17:15:57
143752491,T82A4W,"Hershey's Chocolate Syrup, 680ml",1499,1499,24,0,True,2026-09-05 17:15:57
8999762,LQ1PAF,Taste Factory Calibar Chocolate Milk 40 g,125,250,2,100,True,2026-07-04 11:00:43
7659784,SMCEAF,Galaxy Chocolate Fruit & Nut 36g,449,449,1,100,True,2026-06-03 13:25:27
144337443,PXO2CW,Mr Beast Feastables Almond 60g,1259.1,1399,2,0,True,2026-09-05 17:15:57
36767964,67H28J,Taste Factory Check N Mate Box Chocolate,750,750,9,100,True,2026-09-05 17:15:57
8999733,GI296I,Taste Factory Calibar Chocolate Hazelnut 40g,250,250,6,100,True,2026-09-05 17:15:57
141103722,r1vf-2714,Nutrilov Kids Chocolate Fudgy Brownie Bars (Pack of 12),1200,1200,2,8,True,2026-09-05 17:15:57
141103723,r1vf-2715,Nutrilov Kids Chocolate Chip Cookie Dough Bars (Pack of 12),888,1200,8,8,True,2026-09-05 17:15:57
145094674,I6IA0L,Mitchells Kick Peanut Chocolate Bar,40,40,1,0,True,2026-06-17 17:58:25
145094673,LO7I46,Mitchells Jubilee Milk Chocolate Bar,30,30,1,0,True,2026-06-08 08:15:25
8234104,M7KGTY,RAFHAN STRAWBERRY JELLY 80G,195.3,210,192,4,True,2026-09-05 17:15:57
36760585,1YP664,National  Strawberry Jelly Powder 80g,162,180,30,3,True,2026-09-05 17:15:57
8234066,25X915,RAFHAN BANANA JELLY 80G,176.7,190,68,4,True,2026-09-05 17:15:57
7643018,DW2KY4,Laziza Sheer Khurma 160 g,225.6,240,5,100,True,2026-05-23 06:20:46
8231733,20HWRX,RAFHAN EGG PUDDING 78G,190,190,31,4,True,2026-09-05 17:15:57
7643037,KR241D,Laziza Kheer Rice Pudding Standard 155Gm,155.1,165,7,100,True,2026-04-18 09:53:16
36759975,7RA146,National Vanilla Custard Powder 120g,112.5,125,19,3,True,2026-09-05 17:15:57
36760055,E2ZD3F,RAFHAN MANGO JELLY 80G,190,190,16,4,True,2026-09-05 17:15:57
7653219,0I65V6,Shan Sheer Khurma Dessert Mix 150g,209,220,60,3,True,2026-09-05 17:15:57
7643006,9OI9N0,Laziza Kheer Rice Pudding 310Gm,300.8,320,1,100,True,2026-04-25 13:08:59
7653573,M1123Y,Shan Kheer Mix 150g,184,200,56,3,True,2026-09-05 17:15:57
36759666,3O4D9F,National Strawberry Custard 120g,112.5,125,17,3,True,2026-09-05 17:15:57
36759613,7436PD,RAFHAN MANGO CUSTARD 275G,195.3,210,26,4,True,2026-09-05 17:15:57
36760370,11JO76,Shan Special Badam Kheer 150g,190,200,61,3,True,2026-09-05 17:15:57
7860670,X74UNH,National Mango Custard Powder 120g,112.5,125,17,3,True,2026-09-05 17:15:57
7862825,797BD2,National Mix Fruit Jelly Powder 80g,162,180,7,3,True,2026-09-05 17:15:57
8261300,FB3CA0,RAFHAN STRAWBERRY CUSTARD 275G,204.6,220,14,4,True,2026-09-05 17:15:57
36760463,O4C0FL,National Vanila Custard 275g,184.5,205,12,3,True,2026-09-05 17:15:57
36759693,UZ591S,National Mango Custard 275g,202.5,225,12,3,True,2026-09-05 17:15:57
8938406,D5M29J,Bakea Kheer Mix Original 150 g,103.2,172,4,100,True,2026-09-05 17:15:57
36767919,K02P3I,Bakea Kheer Mix Almond And Safron 150 g,173.85,183,11,100,True,2026-09-05 17:15:57
8938455,67IP03,Bakea Rabri Falooda Mix 200 g,120,200,22,100,True,2026-09-05 17:15:57
8938600,YZ33MA,Bakea Ras Malai Mix 75 g,190,200,20,100,True,2026-09-05 17:15:57
8938507,6A6151,Bakea Gulaab Jamun Mix 85 g,126.6,211,19,100,True,2026-09-05 17:15:57
8231645,17M39T,RAFHAN VANILLA ICE CREAM POWDER 275G,199.5,210,1,5,True,2026-07-13 12:12:26
8938579,81OCHX,Bakea Kulfa Khoya Mix 150 g,120,200,2,100,True,2026-09-05 17:15:57
8938480,I577LZ,Bakea Firni Kewra Mix 150 g,163.4,172,2,100,True,2026-09-05 17:15:57
36767974,9896S2,Bakea Kheer Mix Kajoo 150 g,163.4,172,5,100,True,2026-09-05 17:15:57
35768824,CD0Y4G,Shan Special Gajar Halwa 100Gm,166.4,260,4,3,True,2026-09-05 17:15:57
8938518,BR6500,Bakea Shahi Tukray Mix 180 g,109.8,183,18,100,True,2026-09-05 17:15:57
140637150,TAQX2X,Wall's Chaunsa Mango Cup 100ml,68,80,1,8,True,2026-09-02 13:23:11
139547714,r1vf-760,Walls King Kulfa Cup 100ml,64,80,17,8,True,2026-09-05 17:16:18
7773746,GFEU8F,Wall's Vanilla Cup 60ml,32,40,12,8,True,2026-09-05 17:16:18
7658660,UD96Y1,Omore Mango Cup 100ml,100,100,8,15,True,2026-09-05 17:16:18
7633980,YK49GO,Hico Ice Cream Praline Cup,110,110,21,8,True,2026-09-05 17:16:18
141844484,H100263,Hico Mango Dairy Ice Cream Cup 100ml,110,110,4,8,True,2026-09-05 17:16:18
141844485,H100292,Hico Mini Vanilla Cup 60ml,65,65,22,8,True,2026-09-05 17:16:18
7658563,9553JJ,Omore Vanilla Cup 55ml,40,40,19,15,True,2026-09-05 17:16:18
7658684,Z8J376,Omore Kulfa Cup 100ml,100,100,17,15,True,2026-09-05 17:16:18
141805043,r1vf-4165,Pop Bar Strawberry Raspberry 125ml,419,419,6,8,True,2026-09-05 17:16:18
141805037,r1vf-4163,Pop Bar Honeycomb Ice Cream 125ml,377.1,419,8,8,True,2026-09-05 17:16:18
141805041,r1vf-4164,Pop Bar Mango Ice Cream 125ml,419,419,3,8,True,2026-09-05 17:16:18
141805031,r1vf-4162,Pop Bar Blueberry Ice Cream 125 ml,419,419,1,8,True,2026-09-03 07:55:11
141805026,r1vf-4161,Pop Bar Chocolate Brownie Ice Cream 125ml,584,584,2,8,True,2026-08-26 16:22:22
141805017,r1vf-4160,Pop Bar Coffee Ice Cream 125ml,537,537,1,8,True,2026-08-30 09:01:55
7773697,1K325E,Wall's Moo Strawberry & Vanilla 55ml,32,40,64,8,True,2026-09-05 17:16:18
7773476,FUNRJC,Wall's Choc Bar 50ml,40,50,3,8,True,2026-09-03 18:28:56
7773572,3FIZNV,Wall's Jet Sport 50ml,24,30,130,8,True,2026-09-05 17:16:18
144421122,r1vf-10814,Wall's Paddlepop Watermelon 48ml,24,30,20,36,True,2026-09-05 17:16:18
28230987,U12646,Hico Ice Cream Sticks Mango 50 ml,70,70,63,100,True,2026-09-05 17:16:18
28232097,HP8L3S,Hico Ice Cream Creamy Pop Chocolate,70,70,64,100,True,2026-09-05 17:16:18
7658656,UBHLI6,Omore Lick-A-Flavor Stick 50ml,40,40,19,15,True,2026-09-05 17:16:18
139725744,H100217,Hico Ice Cream Creamy Pop Strawberry 1 Unit,70,70,46,0,True,2026-09-05 17:16:18
7658522,7237V8,Omore Cookie Mania Stick 50ml,50,50,12,15,True,2026-09-05 17:16:18
140637148,5QWJXA,Wall's Donut Ice Cream 85ml,72,90,50,8,True,2026-09-05 17:16:18
7658628,LCK546,Omore Fun2 Stick 35ml,20,20,2,0,True,2026-09-05 17:16:18
36427066,41C660,Omore Candy Pop 35ml,30,30,32,15,True,2026-09-05 17:16:18
7658635,MH4TG2,Omore Orange Pop Stick 45ml,40,40,35,15,True,2026-09-05 17:16:18
139725745,H100218,Hico Ice Cream Creamy Pop Vanilla 1 Unit,70,70,48,0,True,2026-09-05 17:16:18
139752740,r1vf-2357,Wall's Choc Bar Toffee 50ml,40,50,5,8,True,2026-09-05 17:16:18
141844486,H100302,Hico Indulge Double Chocolate Ice Cream Bar,310,310,19,8,True,2026-09-05 17:16:18
7658595,HE633V,Omore Love Omoji Stick 50ml,60,60,17,15,True,2026-09-05 17:16:18
7658482,38CE19,Omore Choc Stick 25ml,30,30,11,15,True,2026-09-05 17:16:18
7658699,ZM2647,Omore Caramel Chocbar Stick 45ml,50,50,1,15,True,2026-09-03 13:21:16
43370632,LN6144,Hico Indulge Classic Bar,310,310,6,100,True,2026-09-05 17:16:18
7658583,EQ242J,Omore Choc-O Stick (Donut) 65ml,99,99,24,15,True,2026-09-05 17:16:18
7658448,1RJ00N,Omore Vvroom Stick 55ml,50,50,19,15,True,2026-09-05 17:16:18
7658451,1G0PP8,Omore Cool Omoji Stick 50ml,60,60,12,15,True,2026-09-05 17:16:18
7658639,P28Z0E,Omore Chocbar Stick 45ml,50,50,12,15,True,2026-09-05 17:16:18
7658676,X8917H,Omore Candi stick 50ml,60,60,25,15,True,2026-09-05 17:16:18
7658498,6A8UTW,Omore Jumbo Chochead Stick 40ml,40,40,2,15,True,2026-09-01 18:15:56
7658426,013R9H,Omore Vanilla & Hazelnut 80ml,400,400,2,15,True,2026-09-04 07:52:41
141804949,r1vf-2365,Pop Bar Strawberry Blueberry 80g,289,289,11,8,True,2026-09-05 17:16:18
141804967,virtual-259,Pop Bar Mixed Berries 80g,289,289,11,8,True,2026-09-05 17:16:18
141804959,r1vf-2367,Pop Bar Strawberry Lime Pineapple Mint 80g,289,289,14,8,True,2026-09-05 17:16:18
141804972,virtual-260,Pop Bar Pomegranate 80g,289,289,3,8,True,2026-09-05 17:16:18
141804928,r1vf-2360,Pop Bar Belgian Chocolate 90g,513,513,1,8,True,2026-08-21 12:50:15
141804953,r1vf-2366,Pop Bar Strawberry Lime 80g,289,289,12,8,True,2026-09-05 17:16:18
141804978,r1vf-2169,Pop Bar Falsa 80g,289,289,7,8,True,2026-09-05 17:16:18
141805010,virtual-402,Pop Bar Blueberry 80g,398.7,443,12,8,True,2026-09-05 17:16:18
141804997,r1vf-3948,Pop Bar Mango Ice Cream 70g,261,290,1,8,True,2026-09-05 17:16:18
141804936,r1vf-2361,Pop Bar Blackberry Raspberry 80g,289,289,13,8,True,2026-09-05 17:16:18
141804984,r1vf-3945,Pop Bar Mocha-PB Ice Cream 70g,461.7,513,12,8,True,2026-09-05 17:16:18
141805004,r1vf-3949,Pop Bar Orange-PB Ice Cream 80g,290,290,5,8,True,2026-09-05 17:16:18
141804991,r1vf-3947,Pop Bar Mango Ice Cream 80g,345.6,384,9,8,True,2026-09-05 17:16:18
49169048,r1vf-104,Walls Classic Vanilla 375ml,144,180,13,8,True,2026-09-05 17:16:18
7774008,368O3Z,Wall's Chaunsa Mango 375ml,192,240,18,8,True,2026-09-05 17:16:18
139719282,r1vf-2302,Wall's King Kulfa 375ml,192,240,17,8,True,2026-09-05 17:16:18
49169049,r1vf-105,Walls Strawberry 375ml,192,240,17,8,True,2026-09-05 17:16:18
7773957,EI8PAU,Wall's Classic Vanilla 775ml,360,450,1,8,True,2026-06-11 12:52:34
140637147,R38P4S,Wall's King Kulfa 800ml,399.2,499,5,8,True,2026-09-05 17:16:18
66563436,H100286,Hico Ice Cream Cookies & Cream Bar Pack 700ml,605,605,3,0,True,2026-09-05 17:16:18
66563432,H100284,Hico Ice Cream Chocolate Chip Bar Pack 700ml,605,605,3,0,True,2026-09-05 17:16:18
7658435,04KGZC,Omore Kulfa Half Brick 400ml,240,240,17,15,True,2026-09-05 17:16:18
7658665,VEE31O,Omore Chocolate Brick 725ml,423,470,3,15,True,2026-09-05 17:16:18
7633831,1BJ7O6,HICO Tutti Frutti bar pack 700ML,605,605,1,100,True,2026-04-24 16:09:19
66563443,H100289,Hico Ice Cream Vanilla Bar Pack 700ml,585,585,4,0,True,2026-09-05 17:16:18
66563439,H100287,Hico Ice Cream Mango Bar Pack 700ml,585,585,3,0,True,2026-09-05 17:16:18
66563434,H100285,Hico Ice Cream Kulfa Bar Pack 700ml,562.5,625,2,0,True,2026-09-05 17:16:18
7658527,73BCFK,Omore Vanilla Brick 725ml,423,470,8,15,True,2026-09-05 17:16:18
7658637,MRT73E,Omore Kulfa Brick 725ml,468,520,1,15,True,2026-09-05 17:16:18
7658531,83R248,Omore Strawberry Brick 725ml,423,470,7,15,True,2026-09-05 17:16:18
7658693,Y6B3I1,Omore Chocolate Crispies Cone 100ml,150,150,17,15,True,2026-09-05 17:16:18
66563426,H100249,Hico Cone Swirls Chocolate Chip 1 Unit,150,150,17,0,True,2026-09-05 17:16:18
43370629,W46H26,Hico Indulge Belgian Chocolate Family Pack,1295,1295,6,100,True,2026-09-05 17:16:18
7633906,B530Y5,Hico Ice cream Tub Cookies & Cream 1.5 ltr,1215,1215,8,100,True,2026-09-05 17:16:18
7633840,2MM9WY,Hico Ice Cream Praline 1.5 ltr,1215,1215,4,100,True,2026-09-05 17:16:18
141844487,H100282,Hico Ice Cream Indulge Arabica Coffee & Cookies 1 Unit,1295,1295,4,8,True,2026-09-05 17:16:18
7633985,YNMQW8,Hico Ice cream Tub Chocolate Chip 1.5 ltr,1215,1215,4,100,True,2026-09-05 17:16:18
141844488,H100283,Hico Indulge Hazelnut Delight Purple,1295,1295,3,8,True,2026-09-05 17:16:18
141844489,H100293,Hico Indulge Fudge Brownie Ice Cream 500ml,1295,1295,1,8,True,2026-09-05 17:16:18
43370623,U6ITZW,Hico Indulge Caramel Almond Crunch Family Pack,1295,1295,4,100,True,2026-09-05 17:16:18
141844491,H100295,Hico Indulge Chocolate Chip Cookie Dough,1295,1295,1,8,True,2026-09-05 17:16:18
7633857,3O32EF,Hico Ice Cream Tub Vanilla 1.5L,1165,1165,3,0,True,2026-09-05 17:16:18
7658671,W7287Y,Omore Cookie Mania Tub 1400ml,900,900,1,15,True,2026-09-05 17:16:18
7658495,5O6Q2Y,Omore Strawberry & Vanilla Tub 1400ml,850,850,2,15,True,2026-09-05 17:16:18
43370626,379T2Z,Hico Indulge Cookie Crumble,1295,1295,3,100,True,2026-09-05 17:16:18
7633859,50UB32,Hico Ice Cream Tub Strawberry 1.5L,1165,1165,3,0,True,2026-09-05 17:16:18
7658567,95MAL6,Omore Mango & Vanilla Tub 1400ml,850,850,1,15,True,2026-09-04 07:52:41
7658615,L25S0O,Omore Kulfa Tub 1400ml,810,900,1,15,True,2026-09-05 17:16:18
7658622,M0P1YL,Omore Strawberry Half Brick 375ml,220,220,9,15,True,2026-09-05 17:16:18
7658643,S13455,Omore Mango Brick 725ml,423,470,9,15,True,2026-09-05 17:16:18
7658646,SLV75A,Omore Pista Brick 725ml,449.1,499,7,15,True,2026-09-05 17:16:18
8343081,WO3P43,K&N's Tender Pops 260 g.,542,542,28,100,True,2026-09-05 17:16:35
8343074,O28J2I,K&N Food Chicken Nuggets Ep 1 kg,1424,1424,19,100,True,2026-09-05 17:16:35
7654739,GKFPVC,Sabroso Nuggets 270g,505,505,3,0,True,2026-09-05 17:16:35
142355756,r1vf-4520,Sabroso Arabian Fillet Nuggets 750g,1175,1175,5,0,True,2026-09-05 17:16:35
13333955,KDEO76,K&N's Food Chicken Nuggets 270g,527,527,18,100,True,2026-09-05 17:16:35
7654630,892DFD,Sabroso Nuggets 820g,1115,1115,3,0,True,2026-09-05 17:16:35
9137622,84O0AH,K&N's Fiery Fingers 780g,1451,1451,16,100,True,2026-09-05 17:16:35
7637098,5KV05V,Mon Salwa Chicken Nuggets 260g,499,499,1,0,True,2026-08-31 18:55:40
7654742,KI5EF3,Sabroso Zesty Fillet 550g,1150,1150,4,0,True,2026-09-05 17:16:35
9137558,56W3J4,K&N's Food Chicken Tikka Chunks Ep 700g,1337,1337,6,100,True,2026-09-05 17:16:35
9137616,78K324,K&N's Combo Wings Large,1353,1353,6,100,True,2026-09-05 17:16:35
13333958,6IVIVL,K&N's Food Fun Nuggets 265g,520,520,1,100,True,2026-07-10 17:02:49
9137596,KB13QC,K&N's Croquettes 1kg,1446,1446,6,100,True,2026-09-05 17:16:35
142355758,r1vf-4524,Sabroso Nuggets Mega Pack 1640g,2095,2095,1,0,True,2026-09-04 13:16:13
139563465,r1vf-1980,Sabroso Spicy Chicken Donut 20 Pieces,1125,1125,4,0,True,2026-09-05 17:16:35
13237582,7S7V05,Sabroso Tempura Nuggets (Large) 500g,1025,1025,3,0,True,2026-09-05 17:16:35
9137601,G9N1KH,K&N's Fun Nuggets Large,1250,1250,15,100,True,2026-09-05 17:16:35
9137570,254887,K&N's Mortadella Slices 616g,1299,1299,3,100,True,2026-09-05 17:16:35
36760164,U9560M,Menu Chicken Nuggets 270g,505,505,1,100,True,2026-08-16 12:43:35
9137574,U62N99,K&NS Food Bologna Slices 616g,1299,1299,4,100,True,2026-09-05 17:16:35
36760108,CD8H6V,Menu Chicken Nuggets 1000g,1360,1360,1,100,True,2026-08-19 12:50:36
7654703,E05GK5,Sabroso Aqua Buddies 33 Pieces 780g,1170,1170,1,0,True,2026-09-05 17:16:35
139585731,r1vf-2095,Mon Salwa Samosa Leaves,215,215,1,0,True,2026-08-25 12:51:43
139584883,r1vf-1754,Mon Salwa Spring Roll Leaves,285,285,1,0,True,2026-08-23 12:46:31
143898139,r1vf-2243,Heaven Foods Samosa Patti 400g,290,290,2,8,True,2026-08-06 14:15:03
143898138,r1vf-2183,Heaven Foods Roll Patti 400g,246.5,290,2,8,True,2026-09-04 13:16:13
139585730,r1vf-2092,Menu Spring Roll Pastry Patti 400g,290,290,35,8,True,2026-09-05 17:16:35
13333960,E1CP28,K&N Food Samosa EP 420g,973,973,2,100,True,2026-09-05 17:16:35
7654667,9KA13Y,Sabroso Chicken Samosa 500 gm,1060,1060,1,0,True,2026-08-29 09:51:12
8343087,0P1A69,K&N's Spring Rolls 18`s 630g,1152,1152,4,100,True,2026-09-05 12:30:39
7637143,805YI4,Mon Salwa Chicken Samosas 30`S,990,990,1,0,True,2026-08-31 09:27:37
36760385,35FV19,Menu Chicken Spring Roll 320 gm,565,565,1,100,True,2026-08-28 15:01:28
7642642,RS481D,Menu Chicken Samosa 12`S,520,520,2,100,True,2026-08-31 09:27:37
36760495,W805BZ,Menu Chicken Vegetable Samosa 240 gm,430,430,1,100,True,2026-08-26 09:46:01
36760541,QYTU2V,Menu Chicken Samosa 24`S,980,980,1,100,True,2026-09-05 07:32:20
139593548,r1vf-2226,Menu Lahori Chicken Samosa 480g 12'Pcs,645,645,1,8,True,2026-08-24 09:53:38
7642725,X1HY23,Menu Chicken Vegetable Samosa 480 gm,880,880,1,100,True,2026-09-05 17:16:35
7637078,4AIIX7,Mon Salwa Juicy Chicken Seek Kabab Poly Pack 18 Pieces 540g,780,780,5,0,True,2026-09-05 12:30:39
13333959,C719U5,K&N's Food Shami Kabab 252 g,522,522,12,100,True,2026-09-05 17:16:35
8344656,9UFEEZ,K&N Food Seekh Kabab 540 g,1245,1245,14,100,True,2026-09-05 17:16:35
13333956,0O2AC4,K&N's Food Chapli Kabab 300g,549,549,9,100,True,2026-09-05 17:16:35
7654578,471XAQ,Sabroso Gola Kabab 515gm,1190,1190,1,0,True,2026-09-04 18:12:26
8344710,TUSUDA,K&N Food Shami Kabab Ep 648 g.,1207,1207,5,100,True,2026-09-05 17:16:35
139099837,rtc-423,K&N's Kofta 12 Pieces 340g,630,630,13,6,True,2026-09-05 17:16:35
7637019,847665,Mon Salwa Chicken Seekh Kabab 12`S,760,760,1,0,True,2026-09-02 07:47:04
139099838,rtc-424,K&N Kofta Economy Pack 30 Pieces 850g,1495,1495,8,6,True,2026-09-05 17:16:35
7637197,NR7LWN,Mon Salwa Chicken Shami Kabab 288gm,580,580,2,0,True,2026-08-31 09:27:37
7642542,9X68BZ,Menu Seekh Kabab 245 gm,630,630,1,100,True,2026-08-25 09:40:27
7654568,301HDC,Sabroso Chicken Chapli Kabab 10 Pieces 740g,1090,1090,1,0,True,2026-09-05 12:30:39
7666711,7250E3,Sabroso Seekh Kabab 18 Pieces 540g,1190,1190,4,0,True,2026-09-05 17:16:35
7654714,E2TA5R,Sabroso Chicken Kofta 27 Pieces 800g,1350,1350,3,0,True,2026-09-05 17:16:35
8344692,8J4DDZ,K&N Food Chapli Kabab 888 g,1386,1386,3,100,True,2026-09-05 17:16:35
36760048,4M92AJ,Mon Salwa Chicken Shami Kabab 576gm,999,999,1,0,True,2026-08-30 09:02:17
7642577,H849T0,Menu Kofta 500g,845,845,2,100,True,2026-09-05 17:16:35
36760208,7F32BH,Menu Shami Kabab 400 gm,735,735,1,100,True,2026-08-29 09:51:12
36760477,MGC77F,Menu Gola Kabab 360 gm,790,790,2,100,True,2026-08-28 23:58:30
7642602,J3Z1CC,Menu Chapli Kabab 296 gm,525,525,1,100,True,2026-08-26 09:46:01
36760217,309T0V,Menu Seekh Kabab 540 gm,1190,1190,1,100,True,2026-08-24 15:46:08
7642608,LJLVSD,Menu Chapli Kabab 888 gm,1325,1325,1,100,True,2026-08-25 03:53:30
36760646,697983,Mon Salwa Chicken Fries 425 gm,690,690,2,0,True,2026-08-31 09:27:37
36760099,6T70KM,OPA Crinkle 900g,965,965,1,100,True,2026-08-12 04:54:04
7956510,845NA8,OPA Crinkle 1.8kg,1850,1850,1,3,True,2026-08-14 10:07:50
36760202,643686,Opa Chunky Fries 900g,965,965,1,100,True,2026-08-06 08:39:28
7956524,N8NBHU,Opa Super Chunky Fries 900g,965,965,1,100,True,2026-08-13 16:04:15
139027472,r1vf-1170,Opa Hash Browns 9 Pieces,960,960,1,8,True,2026-08-27 13:55:14
139027474,r1vf-1172,Opa Potato Cheese Croquettes 750g,1220,1220,1,8,True,2026-08-20 06:50:01
7637204,O6423P,Mon Salwa French Fries 750gm,449,449,2,0,True,2026-08-31 09:27:37
7956512,86W7P7,OPA Chunky 1.8kg,1850,1850,2,100,True,2026-08-11 13:09:45
36760212,31525P,Opa Super Chunky Fries 1.8kg,1850,1850,1,100,True,2026-08-15 09:30:31
139027473,r1vf-1171,Opa Wedges 1000g,1035,1035,1,8,True,2026-08-21 15:40:28
13463332,JWU454,Opa Potato Bites 750g,925,925,1,8,True,2026-08-19 15:37:12
13333954,5F53J1,K&N's Food Food Burger Patties 400 g.,614,614,9,100,True,2026-09-05 17:16:35
7654566,2XUC7X,Sabroso Chicken Burger Patty 6 Pieces 370g,540,540,3,0,True,2026-09-05 17:16:35
9137606,3RUU37,K&N's Burger Patty Economy Pack 1070 g 16 Pieces.,1516,1516,4,100,True,2026-09-05 17:16:35
7654588,55LG54,Sabroso Crispy Chicken Burger Patty 6 Pieces 500g,695,695,3,0,True,2026-09-05 17:16:35
7642427,2B9911,Menu Burger Patties 355 gm,525,525,2,100,True,2026-08-28 00:20:15
7642712,VB1137,Menu Burger Patties 1075 gm,1450,1450,1,100,True,2026-08-30 09:02:17
7637240,Z04U18,Mon Salwa Lachaydar Paratha 5`S,199,199,1,0,True,2026-09-02 07:47:04
138672477,sab-606,Sabroso Chik N' Cheese Paratha 560g,570,570,3,0,True,2026-09-05 17:16:35
7637052,3JHEAU,Mon Salwa Plain Paratha 5`S,250,250,7,0,True,2026-09-01 18:16:13
7637107,62PBNB,Mon Salwa Lachaydar Paratha 20 Pieces,749,749,1,0,True,2026-08-19 15:37:12
7654609,69I26X,Sabroso Plain Paratha 20`S 1600 gm,940,940,1,0,True,2026-09-05 07:32:20
7637140,7YLLT9,Mon Salwa Plain Paratha Family Pack 20 Pieces,975,975,1,0,True,2026-08-25 12:51:43
7637147,8COW48,Mon Salwa Aloo Paratha 400g,275,275,1,0,True,2026-09-05 12:30:39
7637064,48KP0U,Mon Salwa Plain Paratha Super Family Pack 30`S,1399,1399,1,0,True,2026-08-22 12:43:09
7642558,D566L4,Menu Plain Paratha 5`S,250,250,1,100,True,2026-08-29 09:51:12
36760265,0TU2IW,Mon Salwa Whole Wheat Paratha (20 Pieces) 1600 gs,999,999,1,0,True,2026-09-01 18:16:13
36760492,RY1S8Y,Menu Plain Paratha 20`S,980,980,1,100,True,2026-08-30 14:26:03
7642496,707W1C,Menu Plain Paratha 30`S,1400,1400,1,100,True,2026-08-30 09:02:17
139364082,85M77T,Blueband Breakfast Bundle,598,598,1,0,True,2026-09-02 07:47:04
7654768,Q31ZSC,Sabroso Crispy Poppers 250gm,500,500,4,0,True,2026-09-05 17:16:35
7654543,0I11B1,Sabroso Crispy Poppers 630g,1015,1015,8,0,True,2026-09-05 17:16:35
138672476,sab-605,Sabroso Crispy Chicken Strips 600g,1070,1070,11,0,True,2026-09-05 17:16:35
9137611,ID20XT,K&N's Food Thunder Fillet 550 g,1201,1201,15,100,True,2026-09-05 17:16:35
142355759,r1vf-4525,Sabroso Crispy Chicken Strips 1kg,1695,1695,13,0,True,2026-09-05 17:16:35
13469193,7LZO7T,Kolson Tikka Macaroni,167,167,2,100,True,2026-09-03 18:29:17
7654755,L9GMTK,Sabroso Wingers 600g,945,945,4,0,True,2026-09-05 17:16:35
142355757,r1vf-4523,Sabroso Crispy Poppers Mega Pack 1260g,1960,1960,6,0,True,2026-09-05 17:16:35
9137564,M65GVS,K&N's Chicken Tempura Large 1 Packet,1348,1348,7,100,True,2026-09-05 17:16:35
7654721,F328X2,Sabroso Chunky Bites Large 500g,915,915,2,0,True,2026-09-05 17:16:35
13237583,1V596C,Sabroso Chicken Kachori 480g,825,825,1,0,True,2026-08-29 09:51:12
7654745,LK7G2T,Sabroso Chicken Pakora 400g,665,665,1,0,True,2026-09-04 18:12:26
7642569,EUO336,Menu Popcorn Chicken 260 gm,520,520,1,100,True,2026-08-29 16:22:05
36768014,2X803Z,K&N's Food Mughlai Tikka 515g,1266,1266,5,100,True,2026-09-05 17:16:35
46664629,Q0XK39,Kolson Green Tikka Macaroni 250g,123,150,4,100,True,2026-04-23 05:35:06
7642547,C584K4,Menu Premium Crispy Fillet 565 gm,1175,1175,2,100,True,2026-08-30 09:02:17
7642466,57HLK0,Menu Chicken Pakora 400 gm,665,665,1,100,True,2026-09-01 08:26:04
9137548,0270HW,K&N's Pepperoni Slices 588g,1315,1315,1,100,True,2026-09-04 07:53:29
140576229,r1vf-4233,Menu Chicken Frankfurter Sausage 630g,1110,1110,1,100,True,2026-08-26 09:46:01
7642630,Q9EO59,Menu Popcorn Chicken 780 gm,1260,1260,1,100,True,2026-08-31 09:27:37
139584881,r1vf-1751,Menu Chicken Kachori 480g,825,825,3,8,True,2026-09-05 17:16:35
139584882,r1vf-1752,Menu Chicken Fries 600g,845,845,1,8,True,2026-08-31 09:27:37
145094890,r1vf-2808,Velo Freezing Peppermint (10mg) 1 Unit,250,250,7,8,True,2026-09-05 17:16:52
145120869,r1vf-11007,Velo Peppermint Storm Nicotine Pouches (14mg) 1 Unit,280,280,6,8,True,2026-09-05 17:16:52
18436566,6Z6731,VELO Polar Mint 10mg,250,250,43,10,True,2026-09-05 17:16:52
142494029,r1vf-7097,Velo Purple Grape (17mg) 1 Unit,300,300,16,8,True,2026-09-05 17:16:52
18436590,6EZ124,VELO Polar Mint 14mg,280,280,14,10,True,2026-09-05 17:16:52
142494028,r1vf-7096,Velo Polar Mint (17mg) 1 Unit,300,300,16,8,True,2026-09-05 17:16:52
42605535,I19E17,VELO Polar Mint Mini 6mg,180,180,46,10,True,2026-09-05 17:16:52
139155458,r1vf-1150,VELO Mango Flame 14mg,280,280,18,50,True,2026-09-05 17:16:52
66563406,r1vf-149,VELO Wintry Watermelon 10mg,250,250,13,10,True,2026-09-05 17:16:52
18436597,TYU7JS,VELO Berry Frost 14mg,280,280,39,10,True,2026-09-05 17:16:52
42605536,V7G503,VELO Berry Frost Mini 6mg,180,180,21,10,True,2026-09-05 17:16:52
18436575,5T5IW2,VELO Berry Frost 10mg,250,250,16,10,True,2026-09-05 17:16:52
141617976,r1vf-27037,Velo Purple Grape (10mg) 1 Unit,250,250,10,8,True,2026-09-05 17:16:52
37580725,964L44,VELO Tropical Ice 10 mg,250,250,7,10,True,2026-09-05 17:16:52
37580728,A4SE07,VELO Rich Elaichi 10mg,250,250,10,10,True,2026-09-05 17:16:52
66563424,r1vf-663,VELO Frosty Lemon 10mg,250,250,5,10,True,2026-09-05 17:16:52
40341666,15TMU6,ZYN Cool Mint 6mg (2 Dot) Medium Nicotine Pouches 1 Can,150,150,6,5,True,2026-09-05 17:16:52
40341648,W6701W,ZYN Cool Mint 11mg (3 Dot) Strong Nicotine Pouches 1 Can,200,200,38,5,True,2026-09-05 17:16:52
138555947,r1vf-484,ZYN Cool Watermelon 11mg (3 Dot) Strong Nicotine Pouches 1 Can,200,200,23,5,True,2026-09-05 17:16:52
139260896,r1vf-1351,ZYN Fresh Mint 11mg (3 Dot) Strong Nicotine Pouches 1 Can,200,200,40,5,True,2026-09-05 17:16:52
143785543,r1vf-9001,ZYN Menthol Ice 11mg (3 Dot) Strong Nicotine Pouches 1 Can,220,220,3,10,True,2026-06-28 11:14:51
139850700,r1vf-1350,ZYN Fresh Mint 6mg (2 Dot) Medium Nicotine Pouches 1 Can,150,150,24,5,True,2026-09-05 17:16:52
142007352,r1vf-40016,ZYN Cool Mint 16.5mg (6 Dot) Max Nicotine Pouches 1 Can,250,250,10,8,True,2026-09-05 17:16:52
57781399,r1vf-501,ZYN Cool Mint 13.5mg (5 Dot) XX-Strong Nicotine Pouches 1 Can,250,250,8,5,True,2026-09-05 17:16:52
138688636,r1vf-483,ZYN Cool Watermelon 6mg (2 Dot) Medium Nicotine Pouches 1 Can,150,150,11,5,True,2026-09-05 17:16:52
40341660,I3G6NY,ZYN Cool Blueberry 11mg (3 Dot) Strong Nicotine Pouches 1 Can,200,200,13,5,True,2026-09-05 17:16:52
40341656,74H34L,ZYN Cool Blueberry 6mg (2 Dot) Medium Nicotine Pouches 1 Can,150,150,9,5,True,2026-09-05 17:16:52
40341662,7D6X27,ZYN Sour Ruby 6mg (2 Dot) Medium Nicotine Pouches 1 Can,150,150,11,5,True,2026-09-05 17:16:52
40341652,C8QR08,ZYN Sour Ruby 11mg (3 Dot) Strong Nicotine Pouches 1 Can,200,200,9,5,True,2026-09-05 17:16:52
143785544,r1vf-9002,ZYN Menthol Ice 13.5mg (5 Dot) XX-Strong Nicotine Pouches 1 Can,250,250,3,10,True,2026-08-04 14:18:29
18436561,SAEWY6,Dunhill Lights,600,600,82,5,True,2026-09-05 17:16:52
18436600,8T7059,John Player Gold Leaf Classic,500,500,56,5,True,2026-09-05 17:16:52
18436583,HT9J59,Capstan by Pall Mall,250,250,56,5,True,2026-09-05 17:16:52
7772826,6M83A0,Marlboro Gold,550,550,40,5,True,2026-09-05 17:16:52
18436571,9103B0,Benson & Hedges Special Filter,300,300,66,5,True,2026-09-05 17:16:52
18436550,YLAHO3,Dunhill Switch,650,650,54,5,True,2026-09-05 17:16:52
18436539,S6225J,Dunhill Special,600,600,49,5,True,2026-09-05 17:16:52
18436555,7H7TI0,John Player Cigarettes,250,250,32,5,True,2026-09-05 17:16:52
140281844,r1vf-3068,Capstan by Pall Mall Elite 1 Unit,270,270,37,5,True,2026-09-05 17:16:52
37557127,46T6XH,Crafted by Marlboro,185,185,36,5,True,2026-09-05 17:16:52
142713557,r1vf-3398,Lucky Strike Berry 1 Unit,250,250,3,5,True,2026-06-13 16:23:04
7772817,Q56TO9,Marlboro Red,550,550,11,10,True,2026-09-05 17:16:52
35129480,5O282H,Red & White Special,260,260,10,5,True,2026-09-05 17:16:52
142713558,r1vf-3399,Lucky Strike Mint 1 Unit,250,250,2,5,True,2026-06-22 18:54:32
18436595,PN5L3U,Capstan Filter 20HL,250,250,15,5,True,2026-09-05 17:16:52
35131566,70V2NG,Goldflake by Rothmans,250,250,1176,5,True,2026-09-05 17:16:52
35133417,1CDU97,Red & White (Firm Filter),200,200,19,5,True,2026-09-05 17:16:52
7773331,6TBI6O,Parliament Night Blue,220,220,9,5,True,2026-09-05 17:16:52
35130140,4U97O6,Morven Classic,190,190,22,5,True,2026-09-05 17:16:52
7772726,4003J1,Diplomat,190,190,3,5,True,2026-09-05 17:16:52
18436592,HJX4ON,Embassy Filter-20SS,250,250,32,5,True,2026-09-05 17:16:52
38326363,Z8326A,IVG Regal Berry Lemonade Ice 1 Piece 6000 Puffs 50mg,3199,3499,1,100,True,2026-07-04 13:34:16
141345983,r1vf-1425,Infinity Disposable Watermelon Bubblegum Ice 8000 Puffs (55mg) 1 Unit,3399,3800,2,8,True,2026-09-05 17:16:52
142267309,r1vf-1250,IVG Recharge Base Device 4 in 1 (Black) 1 Unit,1599,1800,1,8,True,2026-09-05 17:16:52
141351283,r1vf-1427,Infinity Disposable Pineapple Ice 8000 Puffs (55mg) 1 Unit,2774,3800,8,8,True,2026-09-05 17:16:52
143826093,ays9-127,Infinity Bar Triple Berries Ice 5000 Puffs 1 Piece 35mg,3199,3500,1,3,True,2026-08-15 15:28:52
142265943,zj7v-525,IVG Regal Mesh Disposable 6000 Puffs Strawberry Watermelon Ice 2% 1 Piece,3199,3499,1,3,True,2026-05-23 16:12:34
143826246,MK3EMU,INFINITY CLASSIC WATERMELON STRAWBERRY BUBBLEGUM ICE 30ML 55MG,2549,2799,2,0,True,2026-08-02 16:05:39
19517551,QLF642,Drip Down Grape Ice (Imported) 25mg 10ml ,920,1050,1,100,True,2026-07-10 17:04:11
38326325,IIZAAT,IVG Regal Aloe Grape Ice 1 Piece 6000 Puffs 50mg,3199,3499,3,100,True,2026-09-05 17:16:52
139755081,zj7v-519,IVG Regal Mesh Disposable 6000 Puffs Blue Raspberry Peach Ice 2% 1 Piece,3199,3499,1,3,True,2026-05-26 18:03:29
141345984,r1vf-1426,Infinity Disposable Spearmint Ice 8000 Puffs (55mg) 1 Unit,2774,3800,4,8,True,2026-09-05 17:16:52
139755088,ays9-124,Infinity Bar Blueberry Blackcurrant Grape Ice 5000 Puffs 1 Piece 35mg,2555,3500,1,3,True,2026-07-26 06:12:54
142265948,r1vf-1453,Infinity Disposable Baby Bear Ice 8000 Puffs (55mg) 1 Unit,2774,3800,10,8,True,2026-09-05 17:16:52
142543931,UHK1SC,Skipper Powerplay (Only) Battery (800 mAh) 1 Unit,1899,1999,9,0,True,2026-09-05 17:16:52
139755092,idf-202,Infinity Disposable 8000 Puffs Mango Passion Fruit Ice (55mg) 1 Unit,2774,3800,6,3,True,2026-09-05 17:16:52
142267300,zj7v-520,IVG Regal Mesh Disposable 6000 Puffs Blue Raspberry Ice 2% 1 Piece,3199,3499,1,3,True,2026-05-14 14:23:38
141345970,idf-204,Infinity Disposable 8000 Puffs Lemon Mint Ice (55mg) 1 Unit,2774,3800,9,3,True,2026-09-05 17:16:52
141345982,r1vf-3423,Fusion Strawberry Watermelon Strawberry Ice 15k Puffs 1 Unit,2919.27,3999,4,8,True,2026-09-05 17:16:52
35129133,9Q8105,Drip Down Peach Ice (Imported) 25mg 10ml ,777,1050,1,100,True,2026-04-30 06:11:37
142267302,zj7v-522,IVG Regal Mesh Disposable 6000 Puffs Passion Fruit Ice 2% 1 Piece,3199,3499,1,3,True,2026-06-01 08:46:13
35131877,RCKU3I,Drip Down Lychee Ice (Imported) 25mg 10ml,920,1050,1,100,True,2026-07-13 12:13:54
19516894,T1N8EK,Drip Down Mango Ice (Imported) 25mg 10ml,920,1050,1,100,True,2026-07-15 16:29:26
143826099,LODJ5U,Infinity Disposable 8000 Puffs Mango Blackcurrant Guava Ice (55mg) 1 Unit,3399,3800,6,0,True,2026-09-05 17:16:52
142267303,zj7v-526,IVG Regal Watermelon Ice 6000 Puffs 1 Piece (20mg),3199,3499,1,3,True,2026-05-15 17:02:13
139755091,idf-201,Infinity Disposable 8000 Puffs Strawberry Slushies Ice (55mg) 1 Unit,2774,3800,9,3,True,2026-09-05 17:16:52
9510642,M1186Y,RELX Pod Pro 2-1 Pod Pack-Lemon Mint-50mg/g-STD-M,1199,1199,3,100,True,2026-09-05 17:16:52
142267311,r1vf-1179,IVG Recharge Prefilled Pro Pod Watermelon Ice 1 Unit,750,850,1,8,True,2026-09-05 17:16:52
19517126,31PD9B,Drip Down Creamy Tobacco 25mg 10ml,920,1050,1,100,True,2026-06-16 13:38:07
139755086,r1vf-1253,IVG Recharge Prefilled Pro Pod Strawberry Watermelon Ice 1 Unit,750,850,1,8,True,2026-09-05 17:16:52
142267298,zj7v-516,IVG Regal Mesh Disposable 6000 Puffs Mango Lychee Ice 5% 1 Piece,3199,3499,1,3,True,2026-08-12 04:54:56
139755087,r1vf-1360,IVG Recharge Prefilled Pro Pod Blue Raspberry Ice (2ml) 1 Unit,750,850,1,6,True,2026-09-05 17:16:52
142543926,BEWF2N,Skipper Intense Series Pineapple Ice Powerplay 16k Puffs 1 Unit (Only Pod),2599,2799,2,0,True,2026-09-05 17:16:52
9511461,F95N35,RELX Pod Pro 2-1 Pod Pack-Dark Sparkle-30mg/g-STD-M,1199,1199,3,100,True,2026-09-05 17:16:52
142267323,r1vf-3418,Fusion Cherry Raspberry Ice Fizzy Cherry 15k Puffs 1 Unit,2919.27,3999,4,8,True,2026-09-05 17:16:52
143826105,VBS9NR,Infinity Ultra Disposable Pineapple Coconut Ice 8K Puffs (55mg) 1 Piece,3499,3800,10,0,True,2026-09-05 17:16:52
143826095,L86213,Swift Pre Filled Pod Strawberry (30mg) 1 Piece,595,850,3,0,True,2026-09-05 17:16:52
143826243,L5G74L,INFINITY CLASSIC TROPICAL PEACH ICE 30ML 55MG,2549,2799,8,0,True,2026-09-05 17:16:52
143826249,9TGHMF,INFINITY BRAIN FREEZE PINA PEACH MANGO SALTNIC ICE 30ML 55MG,1959.3,2799,1,0,True,2026-05-29 18:19:44
142267324,r1vf-3419,Fusion Strawberry Pink Apple Forest Berry Ice 15k Puffs 1 Unit,2919.27,3999,2,8,True,2026-09-05 17:16:52
16751959,BAGG40,IVG Classic Tobacco (Imported) 3000 Puffs 50mg ,2199,2499,4,100,True,2026-08-29 16:22:49
142267304,zj7v-528,IVG 8K Red Apple Ice (35mg) 1 Piece,3599,3999,1,3,True,2026-03-31 16:10:59
142267329,r1vf-3425,Fusion Watermelon Ice Kiwi Melon 15k Puffs 1 Unit,2919.27,3999,4,8,True,2026-09-05 17:16:52
142267299,zj7v-517,IVG Regal Mesh Disposable 6000 Puffs Aloe Grape Ice 2% 1 Piece,3199,3499,1,3,True,2026-06-29 13:19:48
142543922,ZGN6FX,Skipper Intense Series Grape Bubblegum Ice Powerplay 16k Puffs 1 Unit (Only Pod),2599,2799,5,0,True,2026-09-05 17:16:52
143826102,KGJ28F,Al Fakher Crown Bar 15K Hypermax Mint (6ml) 1 Unit,4199,4499,9,0,True,2026-09-05 17:16:52
142267325,r1vf-3420,Fusion Double Apple Shisha Grape Ice Shisha 15k Puffs 1 Unit,2919.27,3999,1,8,True,2026-09-05 17:16:52
142543924,J135ZU,Skipper Intense Series Guava Passionfruit Ice Powerplay 16k Puffs 1 Unit (Only Pod),2519.1,2799,11,0,True,2026-09-05 17:16:52
142267327,r1vf-3422,Fusion Mango Ice Pineapple 15k Puffs 1 Unit,2919.27,3999,5,8,True,2026-09-05 17:16:52
142267308,zj7v-535,IVG 8K Watermelon Bubblegum Ice (35mg) 1 Piece,3599,3999,1,3,True,2026-05-10 15:59:25
142543921,W7EQI6,Skipper Intense Series Blueberry Watermelon Ice Powerplay 16k Puffs 1 Unit (Only Pod),2519.1,2799,9,0,True,2026-09-05 17:16:52
142543929,QSPK9M,Skipper Intense Series Watermelon Ice Powerplay 16k Puffs 1 Unit (Only Pod),2599,2799,1,0,True,2026-09-05 17:16:52
142267306,zj7v-533,IVG 8K Watermelon Cotton Candy Ice (35mg) 1 Piece,3599,3999,1,3,True,2026-03-25 16:15:57
142267328,r1vf-3424,Fusion Grape Ice Shisha Grape Ice 15k Puffs 1 Unit,2919.27,3999,1,8,True,2026-09-05 17:16:52
141345968,ays9-126,Infinity Bar Guava Mango Ice 5000 Puffs 1 Piece 35mg,3099,3500,2,3,True,2026-09-05 17:16:52
142543928,C5OSV2,Skipper Intense Series Triple Mango Ice Powerplay 16k Puffs 1 Unit (Only Pod),2599,2799,1,0,True,2026-06-18 12:38:51
143826101,5G8GRQ,Al Fakher Crown Bar 15K Hypermax Orange Mint 1 Unit,4199,4499,7,0,True,2026-09-05 17:16:52
143826096,15GEYN,Swift Pre Filled Pod Rich Tobacco (50mg) 1 Piece,595,850,6,0,True,2026-09-05 17:16:52
139755084,r1vf-1174,IVG Recharge Prefilled Pro Pod Grape Ice 1 Unit,750,850,2,8,True,2026-09-05 17:16:52
142267322,r1vf-3417,Fusion Blueberry Cherry Cranberry Blueberry Bubblegum 15k Puffs 1 Unit,2919.27,3999,1,8,True,2026-09-05 17:16:52
142267326,r1vf-3421,Fusion Lemon Passion Fruit Lemon & Lime 15k Puffs 1 Unit,2919.27,3999,2,8,True,2026-09-05 17:16:52
142543930,IC7DVA,Skipper Intense Series Watermelon Strawberry Kiwi Ice Powerplay 16k Puffs 1 Unit (Only Pod),2599,2799,9,0,True,2026-09-05 17:16:52
139755085,r1vf-1175,IVG Recharge Prefilled Pro Pod Pineapple Ice 1 Unit,750,850,1,8,True,2026-09-05 17:16:52
143826240,WH6M5E,AL FAKHER CROWN BAR DISPOSABLES GUM MINT 8000 PUFF 5MG,3799,3999,6,0,True,2026-09-05 17:16:52
142543933,3Z5K75,Skipper Powerplay Mint Lemonade 16k Ice Puffs 1 Unit (Only Pod),2599,2799,4,0,True,2026-09-05 17:16:52
142543923,WPCR1N,Skipper Intense Series Grape Watermelon Ice Powerplay 16k Puffs 1 Unit (Only Pod),2519.1,2799,1,0,True,2026-09-05 17:16:52
142543935,M1UP9I,Skipper Powerplay Pineapple Grapefruit Ice 16k Puffs 1 Unit (Only Pod),2599,2799,3,0,True,2026-09-05 17:16:52
143826100,3DAW9H,Al Fakher Crown Bar Disposables Hypermax Two Apple Ice 15K Puffs (6mg) 1 Unit,4199,4499,5,0,True,2026-09-05 17:16:52
142543932,5YFD3J,Skipper Powerplay Jasmine Peach Apple Ice 16k Puffs 1 Unit (Only Pod),2599,2799,2,0,True,2026-09-05 17:16:52
142267301,zj7v-521,IVG Regal Mesh Disposable 6000 Puffs Kiwi Passion Fruit Guava Ice 2% 1 Piece,3199,3499,1,3,True,2026-08-08 15:35:57
142267321,r1vf-3416,Fusion Blue Raspberry Plum Blue Raspberry Ice 15k Puffs 1 Unit,2919.27,3999,1,8,True,2026-09-05 17:16:52
142543934,4I9ZY8,Skipper Powerplay Peach Grapefruit Raspberry Ice 16k Puffs 1 Unit (Only Pod),2599,2799,3,0,True,2026-09-05 17:16:52
143826103,UE0RL3,Al Fakher Crown Bar Disposables Hypermax Lemon Mint Ice 15K Puffs (6mg) 1 Unit,4199,4499,9,0,True,2026-09-05 17:16:52
142543927,CGSPSC,Skipper Intense Series Strawberry Ice Powerplay 16k Puffs 1 Unit (Only Pod),2599,2799,2,0,True,2026-09-05 17:16:52
19516859,0AJY22,Drip Down Cola Ice (Imported) 25mg 10ml ,920,1050,1,100,True,2026-07-02 06:48:48
142543925,Q652IC,Skipper Intense Series Love 66 Ice Powerplay 16k Puffs 1 Unit (Only Pod),2599,2799,3,0,True,2026-09-05 17:16:52
143826098,TDPZUA,Swift Pre Filled Pod Menthol Extra (50mg) 1 Piece,595,850,3,0,True,2026-09-05 17:16:52
9511485,44ZCAK,RELX Pod Pro 2-1 Pod Pack-Menthol Xtra-50mg/g-STD-M,1199,1199,4,100,True,2026-09-05 17:16:52
143826097,SFG3PW,Swift Pre Filled Pod Pineapple (30mg) 1 Piece,595,850,4,0,True,2026-09-05 17:16:52
143826255,SSKTO2,Infinity Tornado Disposable Spearmint Ice 20000 Puffs (3mg) 1 Unit,3199,3500,6,0,True,2026-09-05 17:16:52
144013978,r1vf-2590,ZYN Apple Mint 11mg (3 Dot) Strong Nicotine Pouches 1 Can,200,200,19,10,True,2026-09-05 17:16:52
142160566,r1vf-3485,TEREA Amber 1 Packet (20 Smartcore sticks),500,500,12,5,True,2026-09-05 17:16:52
142160567,r1vf-3486,TEREA Silver 1 Packet (20 Smartcore sticks),500,500,28,5,True,2026-09-05 17:16:52
142160565,r1vf-3484,TEREA Turquoise 1 Packet (20 Smartcore sticks),500,500,12,5,True,2026-09-05 17:16:52
139850688,r1vf-1165,L'Oreal Paris Revitalift Hyaluronic Acid Hydrating Gel-cleanser Facewash 100ml,1079.1,1199,1,8,True,2026-08-13 16:05:10
36760337,Z7MV5A,Garnier Skin Active Hydra Bomb Sakura Tissue Face Mask For Hydrating and Glow Boosting 32g,629.1,699,6,10,True,2026-08-16 15:27:26
36760373,0J15DR,Garnier Skin Active Hydra Bomb Green Tea Tissue Face Mask For Hydrating And Rebalancing 32g,629.1,699,19,10,True,2026-09-05 17:17:12
8261193,W8WSEV,POND'S BRIGHT BEAUTY FACEWASH 100G,468,520,9,5,True,2026-09-05 17:17:12
8231238,4E72K4,POND'S BRIGHT BEAUTY FACEWASH 50G,322,350,15,5,True,2026-09-05 17:17:12
18528379,A4Z89B,POND'S SUPER LIGHT GEL 50ML,849.15,999,6,7,True,2026-09-05 17:17:12
18528388,Z33A8Y,Pond's Light Moisturiser Cream 75ml,449.1,499,4,7,True,2026-09-05 17:17:12
36759618,41176A,POND'S MOISTURISING BODY LOTION 100ML,329,350,10,5,True,2026-09-05 17:17:12
139850647,r1vf-490,L'Oreal Glycolic Face Wash 100ml,999,999,1,100,True,2026-08-03 06:30:37
35132930,MT78RW,POND'S PURE DETOX FACEWASH 100G,468,520,8,5,True,2026-09-05 17:17:12
28692564,9URSCM,GLOW AND LOVELY HYDRAGLOW 60G,467.5,550,17,5,True,2026-08-22 15:28:30
139541608,r1vf-2029,Palmolive Naturals Hydrating Glow Bar Soap 130g,141,150,2,8,True,2026-08-04 05:54:11
7661403,6A579O,Hashmi Arq-e-Gulab Rose Water Spray 100ml,200,200,5,0,True,2026-08-22 15:28:30
8233992,9RHM33,POND'S PURE DETOX FACEWASH 50G,276,300,6,5,True,2026-09-05 17:17:12
36760081,FZ789L,POND'S HONEY AND ALMOND LOTION 65ML,225.6,240,8,5,True,2026-09-05 17:17:12
35134205,4B8K62,Garnier Skin Active Bright Complete Vitamin C Face Wash 50ml,332.1,369,1,100,True,2026-08-14 15:59:56
139850706,r1vf-1402,Garnier Salicylic Micellar Cleansing Water for Acne Prone Skin 125ml,764.15,899,2,10,True,2026-07-26 16:08:33
140876759,r1vf-4504,L'Oreal Paris Revitalift Hyaluronic Acid Oil Control Face Wash 100ml,899.1,999,1,8,True,2026-08-09 15:35:55
36767848,9DP6MG,GLOW AND HANDSOME MEN FACEWASH 50G,209,220,7,5,True,2026-09-05 17:17:12
37557819,496ZRZ,Ponds Body Lotion 65ml,225.6,240,13,100,True,2026-09-05 17:17:12
35132961,3S2P7O,Garnier Fairness Face Wash Light Complete 100ml,619,619,1,100,True,2026-08-05 14:15:11
36312922,088XJJ,POND'S BRIGHT BEAUTY DAY CREAM 50G,418.5,450,7,5,True,2026-09-05 17:17:12
35128168,83R7PJ,POND'S MOISTURISING BODY LOTION 200ML,564,600,2,5,True,2026-09-05 17:17:12
139850687,r1vf-1157,Garnier Fast Clear Face Wash for Acne-prone Skin 50ml,332.1,369,1,8,True,2026-08-10 16:08:23
37557814,VY4XC5,POND'S ACNE CONTROL FACEWASH 50G,276,300,8,100,True,2026-09-05 17:17:12
41821059,XMX2VW,GLOW AND LOVELY INSTA GLOW FACEWASH 50G,209,220,8,12,True,2026-09-05 17:17:12
36767678,I78JPH,The Lotion By Kure - Cocoa & Shea Glow 125ML,390,390,1,100,True,2026-09-05 17:17:12
142112180,65247926,GLOW AND LOVELY SUNSCREEN 25G,212.5,250,9,3,True,2026-09-05 17:17:12
35133280,K8NZ6G,Himalaya Purifying Neem Face Wash 100 ml,590,590,27,100,True,2026-09-05 17:17:12
38212567,808YJR,Qarshi Arq-e-Gulab Rose Water Khalis 800ml,215,215,1,2,True,2026-09-05 17:17:12
36760512,89K69K,Garnier Skin Active Pure Active Neem Purifying Face Wash For Normal To Oily Skin 50ml,291.27,399,1,100,True,2026-08-21 03:59:48
8228604,DHTKPZ,GLOW AND LOVELY MULTI VITAMIN CREAM 25G,199,199,3,5,True,2026-09-05 17:17:12
20054850,HT7P1H,The Lotion By Kure - Body Milk 125ML,390,390,1,100,True,2026-09-05 17:17:12
36767726,N6REND,The Lotion By Kure - UV Daily Brightening 125ML,273,390,2,100,True,2026-08-29 16:23:11
142701351,EJ2JA4,Vaseline Blueseal Vitamin E 50g,280,280,8,0,True,2026-08-10 16:08:23
7637916,J68X19,Himalaya Aloe Vera Face Wash 50ml,350,350,7,100,True,2026-08-29 16:23:11
8457415,Z1SLN3,Ponds Facial Scrub 100Gm Clear Solution,466.4,530,1,100,True,2026-06-10 07:16:43
142701344,virtual-342,Vaseline Healthy White Lotion 100ml,311.22,399,1,8,True,2026-09-05 17:17:12
36767772,4U54O8,The Lotion By Kure - Cocoa & Shea Glow 225ML,600,600,5,100,True,2026-09-05 17:17:12
9094355,F53104,Hemani Neem Anti Acne Foaming Face Wash 150ml,487.5,625,4,100,True,2026-09-05 17:17:12
7637863,533ZN3,Himalaya Neem Face Wash 50ml ,360,360,12,100,True,2026-09-05 17:17:12
10929331,2568CM,Vaseline Intensive Care Dry Skin Repair Lotion,1091.22,1399,1,100,True,2026-09-05 17:17:12
35134638,803S25,Garnier Men Acno Fight Anti-Pimple Face Wash 50ml,467.1,519,1,100,True,2026-08-13 13:17:29
35132279,4V8585,Glow & Lovely Advanced Multi Vitamin Serum in Cream,294.4,320,4,5,True,2026-08-15 15:29:17
9972219,JWC54J,Posch Petroleum Jelly 100 g,201.24,258,3,100,True,2026-09-05 17:17:12
36759631,718W72,Garnier Skin Active Pure Active 3 In 1 Clay Facewash + Scrub +Mask 100ml,889,889,1,100,True,2026-06-10 12:28:06
7663044,3HQB98,Garnier Men Power White Face Wash 50ml,441.15,519,4,100,True,2026-07-25 16:12:08
11396018,HRK876,Vaseline Lotion Intensive Strength Advanced Strength 100ml,331.5,425,4,100,True,2026-09-05 17:17:12
37557863,FD1HQ5,Pond's Acne Control Control Face Wash 100g,540,600,1,100,True,2026-08-29 16:23:11
35129422,326T50,The Lotion By Kure - UV Daily Brightening 225ML,600,600,10,100,True,2026-09-05 17:17:12
11501672,3WQC7Q,Vaseline Gentle Baby Jelly 100ml,425,425,6,100,True,2026-09-05 17:17:12
35134627,I5Q3TI,GLOW AND LOVELY INSTA GLOW FACEWASH 80G,361,380,3,5,True,2026-09-05 17:17:12
36759771,9M4QNE,"Garnier Skin Active Pure Active Neem Purifying Face Wash, For Normal to Oily Skin 100ml",620.1,689,1,100,True,2026-07-30 16:32:46
143761698,r1vf-525,Pond's Bright Beauty Gel 50g,850,1000,2,3,True,2026-09-05 17:17:12
35128857,3HV70V,The Lotion By Kure - Body Milk 225ML,600,600,10,100,True,2026-09-02 18:34:02
8814139,50YQ0W,Hemani Saffron Whitening Foaming Face Wash 150 ml,625,625,5,100,True,2026-09-05 17:17:12
7637866,82UN1M,Himalaya Face Wash Purifying Neem 150 ml,720,720,21,100,True,2026-09-05 17:17:12
7637887,ABFI66,Himalaya Face Wash Clear Complexion Whitening 50ml,410,410,20,100,True,2026-09-05 17:17:12
10009637,L48EMA,Hemani Advance Whitening Face Wash 100ml ,330,330,2,100,True,2026-09-05 17:17:12
7830813,ZGVK7O,Hemani Rose Water Facial Spray 120 Ml,263.5,310,3,100,True,2026-08-21 15:41:22
7639625,75G7KF,Vaseline Intensive Care Aloe Sooth Restores And Soothes Dry Skin 100 ml,399,399,3,100,True,2026-09-05 17:17:12
10929322,9FEQ0D,Vaseline Body Lotion South  Aloe Vera 400ml (Imported),1399,1399,3,100,True,2026-09-05 17:17:12
15309839,RBYAA1,Posch Care Vitamin C Face Mist 100ml,750,750,2,100,True,2026-09-05 17:17:12
39473287,6D04WX,POND'S BRIGHT BEAUTY SERUM 30ML,1255.5,1350,10,8,True,2026-09-05 17:17:12
8456725,5509KP,Ponds Men White Boost Facial Scrub 100 g,700,700,1,100,True,2026-07-30 08:36:25
9648133,5A1CU5,Vaseline Lip Therapy 7G Imp,428.22,549,11,100,True,2026-09-05 17:17:12
142701345,FH5WVT,Vaseline Blueseal Body Balm Vitamin E 100ml,382.5,425,6,0,True,2026-09-05 17:17:12
9648623,Y626J7,Vaseline Blueseal Petroleum Jelly Sa Pure Original 100 ml,425,425,9,100,True,2026-08-21 15:41:22
36767765,G18568,The Lotion By Kure - Ultra-Rich 225ML,600,600,21,100,True,2026-09-05 17:17:12
7639627,H18JLD,Veseline Petroleum Jelly Aloe Fresh 50ml,252,280,5,100,True,2026-09-05 17:17:12
13611956,V7C22J,Tag Mosquito Repellent Lotion,156,195,31,100,True,2026-08-09 15:35:55
36767669,3X8C6C,Posch Vitamin C Facewash 100ml,650,650,10,100,True,2026-08-29 16:23:11
36759718,NXTTUG,Garnier Men Face Wash Oil Clear 100ml,764.1,849,1,100,True,2026-08-13 13:17:29
9054971,WWZHD0,Nivea Shower Gel 250Ml Fesh Powerfruit,679.15,799,1,100,True,2026-04-02 07:18:28
8456706,8GF85Z,Ponds Face Wash Men 100Gm Power Clear,700,700,1,100,True,2026-08-10 16:08:23
46466872,r1vf-12,Posch Hyaluronic Acid Face Wash 100ml,650,650,11,0,True,2026-09-05 17:17:12
8456758,XE4PTA,Pond's Pure Bright Pollution Detox Facial Foam 100g,799,799,7,100,True,2026-09-05 17:17:12
9648439,DS1667,Vaseline B.S Aloe Fresh Hydrating Jelly 100 ml South ,331.5,425,7,100,True,2026-09-05 17:17:12
143761699,r1vf-526,Pond's Super Light Gel 25g,595,700,49,3,True,2026-09-05 17:17:12
9648333,FD7W03,Vaseline B.S Cocoa Butter Jelly South  100 ml,327.6,420,4,100,True,2026-09-05 17:17:12
142112179,65247924,GLOW AND LOVELY SUNSCREEN 50G,425,500,3,3,True,2026-09-05 17:17:12
142701346,IT1GPF,Dove (Avocado/Calendula) Moisturizing Secret Invigorating Moisturizer 400ml,1799,1799,22,0,True,2026-09-05 17:17:12
141419177,virtual-430,Off! Familycare Lotion 50ml,470,550,26,8,True,2026-09-05 17:17:12
10929339,B0L9M0,Vaseline Blue Seal Original 250g,809.1,899,1,100,True,2026-09-05 17:17:12
11501680,2C0677,Vaseline Petroleum Jelly 250Ml Imp,741,950,14,100,True,2026-09-05 17:17:12
8456679,BN6IH3,Ponds Men Facewash Energy Charge 100g,700,700,1,100,True,2026-08-17 09:46:56
36767608,95Y5JD,The Lotion By Kure - Ultra-Rich 125ML,390,390,14,100,True,2026-09-05 17:17:12
143761697,r1vf-524,Glow & Lovely Winter Bright Jar 62ml,399,399,71,3,True,2026-09-05 17:17:12
7637946,O32JG3,Himalaya Face Wash 100Ml Fruity Oil Clear Strawberry,680,680,35,100,True,2026-09-05 17:17:12
11669159,C8TEP0,Saniderm Facial Moisturizing Cream 50g,600,600,1,100,True,2026-09-05 17:17:12
9648412,DV2B6E,Vaseline Blueseal Petroleum Jelly Sa Vitamin E 250 ml,701.22,899,23,100,True,2026-09-05 17:17:12
9648494,03KI0C,Vaseline Blueseal Petroleum Jelly Sa Gentle Protective Baby 250 ml,809.1,899,7,100,True,2026-09-05 17:17:12
9094328,908I50,Hemani Facial Scrub 150Ml Whitening,569.4,730,1,100,True,2026-07-19 16:05:20
9648519,9E045G,Vaseline Blue Seal Petroleum Jelly Sa Cocoa Butter 250 ml,809.1,899,22,100,True,2026-09-05 17:17:12
12653632,98WTY0,Garnier Skin Active Bright Complete Vitamin C Booster Serum 15ml,1099,1099,1,100,True,2026-08-05 11:29:05
36767826,CDF1Q0,Garnier Color Naturals Deer Brown Hair Color 7.7 Enriched With 3 Essential Oils,799.2,999,2,100,True,2026-05-25 17:15:58
36768216,BEI87E,L'Oreal Paris Innovation Revitalift Hyaluronic Acid 1.5% Hyaluron Serum 30ml,2999,2999,1,100,True,2026-08-04 14:18:48
12585219,W6Z08M,L'Oreal Paris Revitalift 1.5% Hyaluronic Acid Face Serum 15ml,1499.25,1999,2,100,True,2026-09-05 17:17:12
141249327,r1vf-2739,DOVE ALL DAY NOURISH HAIR SERUM 100ML,1480,1850,8,5,True,2026-09-05 17:17:12
41348335,YG7EC4,"L'Oreal Paris Glycolic Bright Instant Glowing Serum 30ml - Anti-Dark, Spot Brightening Face Serum
",1799.25,2399,2,100,True,2026-05-26 06:58:08
12653633,0OLYQ5,Garnier Skin Active Bright Complete Vitamin C Booster Serum 30ml,1599.2,1999,1,100,True,2026-07-08 08:35:24
13121959,GLASS9,Swansi Vitamin C Serum 30ml,920,920,5,100,True,2026-09-05 17:17:12
25726227,5WP409,Color Studio Hyaluronic Acid (ZM Opened & Checked),2850,2850,9,100,True,2026-06-12 17:48:58
25726033,26122M,Color Studio Dragon's Blood (ZM Opened & Checked),1475,2950,5,100,True,2026-06-12 17:48:58
25726182,Z6T697,Color Studio Squalane (ZM Opened & Checked),2500,2500,14,100,True,2026-06-12 17:48:58
139541610,r1vf-2031,Colgate Extra Clean Toothbrush Triple Pack (Soft) 1 Packet,202.4,220,4,5,True,2026-09-05 17:17:12
140107495,r1vf-2432,Colgate Anticavity Bubble Fruit Flavor Kids Toothpaste (2 to 6 Years) 60g,153,170,6,5,True,2026-09-05 17:17:12
7646437,4QE85B,Colgate Max Blue Local Toothpaste 75g,220.8,230,16,5,True,2026-09-05 17:17:12
7834306,8C9323,Colgate MaxFresh Cooling Crystals Peppermint Ice Toothpaste 125g,312.8,340,3,5,True,2026-09-02 07:48:00
7834293,8S6NGZ,Colgate Toothpaste Regular 100g,220.8,240,1,5,True,2026-08-23 15:30:25
14285966,6ZSI0G,English Toothbrush Pro- Whitening Expert Soft 1 Packet,140,140,9,100,True,2026-09-05 17:17:12
7834299,YD7IVX,Colgate ToothPaste Herbal 45g,75,75,1,5,True,2026-09-03 13:22:21
7834291,I17628,Colgate Maximum Cavity Protection Toothpaste 40g,75,75,6,5,True,2026-09-05 17:17:12
8033818,0E1EDS,Colgate Slim Soft Charcoal Toothbrush 1 Piece,161.5,190,6,5,True,2026-09-05 17:17:12
7834302,18PGOI,Colgate Max Red Local Toothpaste 75g,220.8,230,1,5,True,2026-09-05 17:17:12
140482367,r1vf-469,Sensodyne Toothbrush Gum Care Soft,182.75,215,8,4,True,2026-08-21 03:59:48
41831892,GJEV1L,Colgate Optic White Mint Plus Mineral 100g,360,400,4,5,True,2026-09-05 17:17:12
36759844,60GU51,Gorey Tooth Brush Zoom,85,85,209,100,True,2026-09-05 17:17:12
36759696,0238O4,Colgate Slimsoft Toothbrush ,161.5,190,3,5,True,2026-09-05 17:17:12
35129026,92C7Y6,Colgate Herbal Toothpaste 150g,308.2,335,2,5,True,2026-08-30 18:32:55
139541609,r1vf-2032,Colgate Extra Clean Toothbrush Triple Pack (Medium) 1 Packet,202.4,220,7,5,True,2026-09-05 17:17:12
7659134,I3O71L,Sensodyne Toothpaste Rapid Action 70g,391,460,1,4,True,2026-08-25 15:49:51
140482366,r1vf-468,Sensodyne Toothbrush Gum Care Extra Soft,182.75,215,6,4,True,2026-08-21 03:59:48
35130760,XG6GKN,Colgate Total Charcoal Toothpaste 100g,360,400,6,5,True,2026-09-05 17:17:12
36760285,4J257F,Colgate MaxFresh Spicy Fresh Toothpaste 125g,312.8,340,2,5,True,2026-09-03 18:30:21
140107496,r1vf-2433,Colgate Anticavity Strawberry Kids Toothpaste (2 to 6 Years) 60g,153,170,7,5,True,2026-09-05 17:17:12
139541591,r1vf-2017,Colgate Premier Clean Toothbrush Twin Pack (Soft) 1 Packet,138,150,1,5,True,2026-08-30 18:32:55
44228600,F8PE1J,Sensodyne Toothbrush Multicare Medium,182.75,215,1,4,True,2026-08-30 14:26:44
139541586,r1vf-2015,Colgate Premier Clean Toothbrush Triple Pack (Medium) 1 Packet,184,200,3,5,True,2026-09-05 17:17:12
36354178,5D9T7V,Sensodyne Toothpaste Deep Clean 100g,480.25,565,1,4,True,2026-09-03 13:22:21
14285970,234M16,English Toothbrush Pro- Whitening Expert Medium 1 Packet,140,140,13,100,True,2026-09-05 17:17:12
35130107,M7G21N,Soda White Toothpaste Large,220,220,68,100,True,2026-09-05 17:17:12
140482368,r1vf-1041,Sensodyne Toothbrush Multicare Soft,182.75,215,1,4,True,2026-09-03 13:22:21
14285977,PUU273,KURE Toothbrush 2x Whitening Action Medium,160,160,64,100,True,2026-09-05 17:17:12
142644837,r1vf-4835,Sensodyne Toothpaste Cavity + Sensitivity 100g,369.75,435,2,4,True,2026-09-05 12:31:21
8034093,8E82C3,Colgate Peppermint Fresh Mouth Wash Plax 500ml ,748,850,4,5,True,2026-09-05 17:17:12
7635540,84GT1V,Parodontax Toothpaste Extra Fresh 100g,340,400,1,4,True,2026-08-30 14:26:44
36760058,QWL52Q,Colgate Toothpaste Regular 150g,322,350,7,5,True,2026-09-05 17:17:12
35133480,G7PKW8,Colgate Maximum Cavity Protection Toothpaste Regular 200g,404.8,440,1,5,True,2026-08-22 03:47:57
35134428,K5LK09,Colgate Max Green Local Toothpaste 75g,220.8,230,6,5,True,2026-09-05 17:17:12
35128422,E171UI,Gorey's Smokerz Toothbrush (Extra Hard),120,120,313,100,True,2026-09-05 17:17:12
139541589,r1vf-2016,Colgate Premier Clean Toothbrush Triple Pack (Soft) 1 Packet,184,200,1,5,True,2026-09-05 17:17:12
36760036,4Y2MW6,Colgate Tooth Brush 360 Degree,212.5,250,13,5,True,2026-09-05 17:17:12
11125189,F44U90,Colgate Herbal Toothpaste 200g,381.8,415,1,5,True,2026-08-26 16:23:29
36354186,2SQL55,Sensodyne Toothpaste Rapid Action 100g,510,600,1,4,True,2026-08-26 16:23:29
142644836,r1vf-4831,Sensodyne Toothbrush Gum Care Soft Twin Pack,276.25,325,3,4,True,2026-09-05 17:17:12
8034111,2AWVJH,Colgate Freshmint Splash Mouth Wash Plax 500ml,748,850,3,5,True,2026-09-05 17:17:12
35128845,W0PD8J,Colgate Total Advanced Health Toothpaste 150g - Regular,440,500,6,5,True,2026-09-05 17:17:12
139360606,N2EPTZ,Colgate ToothPaste Herbal 45g Pack of 2,150,150,1,0,True,2026-09-03 07:56:36
36767705,08031T,English Regularmint Toothpaste Large 1 Piece,140,140,1,100,True,2026-09-05 17:17:12
41831883,J8B8EC,Colgate Sensitive Pro-Relief Original Toothpaste 100g,405,450,6,5,True,2026-09-05 17:17:12
18640429,BLACW3,Sensodyne Toothpaste Complete Protection+ 100g,510,600,1,4,True,2026-09-02 13:24:34
139541600,r1vf-2020,Colgate Zig Zag Toothbrush Twin Pack (Soft) 1 Packet,179.4,195,3,5,True,2026-09-05 17:17:12
139850682,r1vf-1001,Sensodyne Toothpaste Original 70g,339.15,399,2,4,True,2026-09-05 12:31:21
139850683,r1vf-1019,Sensodyne Toothpaste Deep Clean 70g,365.5,430,8,4,True,2026-09-05 17:17:12
142644835,r1vf-4830,Sensodyne Toothbrush Multicare Medium Twin Pack,276.25,325,1,4,True,2026-08-21 06:53:11
35134459,R64242,Sensodyne Toothpaste Original 100g,442,520,3,4,True,2026-09-05 12:31:21
14285986,AU76UF,KURE Toothbrush 4X Deep Reach Soft,140,140,80,100,True,2026-09-05 17:17:12
139541599,r1vf-2019,Colgate Zig Zag Toothbrush Triple Pack (Soft) 1 Packet,239.2,260,6,5,True,2026-09-05 17:17:12
36354155,K27403,Sensodyne Toothpaste Repair & Protect Extra Fresh 70g,467.5,550,1,4,True,2026-09-05 17:17:12
35133915,Q6561F,KURE Toothbrush 2x Whitening Action Soft,160,160,100,100,True,2026-09-05 17:17:12
143763432,r1vf-80100,Sensodyne Toothpaste Extra Whitening 70g,365.5,430,1,4,True,2026-09-05 17:17:12
18640427,C95I1C,Sensodyne Toothpaste Complete Protection+ 70g,391,460,1,4,True,2026-09-05 17:17:12
35132922,PIR7QK,Colgate Maximum Cavity Protection Toothpaste 300g,625.6,680,7,5,True,2026-09-05 17:17:12
139541584,r1vf-2014,Colgate Extra Clean Toothbrush Twin Pack (Soft) 1 Packet,151.8,165,4,5,True,2026-09-05 17:17:12
55866941,r1vf-278,Sensodyne Toothpaste Pronamel Kids 6-12 Years 50g,280.5,330,1,4,True,2026-08-29 16:23:11
36354172,B2PZ3D,Sensodyne Toothpaste Repair & Protect Extra Fresh 100g,595,700,4,4,True,2026-09-05 17:17:12
140023883,r1vf-2606,Parodontax Toothpaste Extra Fresh Complete Protection 100g,433.5,510,3,4,True,2026-09-05 17:17:12
35132186,73B19Y,Colgate Tooth Brush 360 Degree Sensitive,221,260,3,5,True,2026-09-05 17:17:12
139541598,r1vf-2018,Colgate Zig Zag Toothbrush Triple Pack (Medium) 1 Packet,239.2,260,4,5,True,2026-09-05 17:17:12
36767882,MZ7001,Soda White Toothpaste Brush Pack,268.8,280,128,100,True,2026-09-05 17:17:12
55866940,r1vf-277,Sensodyne Toothpaste Pronamel Kids 3-5 Years 50g,280.5,330,1,4,True,2026-08-24 15:47:00
7659132,CG2WSD,Sensodyne Toothpaste Fluoride 100g,442,520,1,4,True,2026-09-05 17:17:12
35133014,D64065,Gorey's All Rounder Toothbrush (Soft),150,150,5,100,True,2026-09-05 17:17:12
139360607,Q49UFQ,Colgate Maximum Cavity Protection Toothpaste 40g Combo Pack of 2,150,150,3,0,True,2026-09-05 17:17:12
14285974,BRUPUL,English Toohbrush Sensitive Pro-Healthy Clean Soft 1 Packet,116.8,160,113,100,True,2026-09-05 17:17:12
139360604,4JUS8W,Colgate Max Red Local Toothpaste 75g Combo Pack of 2,460,460,1,0,True,2026-09-05 12:31:21
139360603,QHBE0J,Colgate Max Blue Local Toothpaste 75g Combo Pack of 2,460,460,8,0,True,2026-09-05 17:17:12
7630584,K0N519,Gorey's Reflex Toothbrush (Soft),60,60,311,100,True,2026-09-05 17:17:12
143763433,r1vf-80101,Sensodyne Toothpaste Extra Whitening 100g,480.25,565,1,4,True,2026-09-05 17:17:12
139053684,98VXNE,Colgate Total Protection Bundle,690,690,3,0,True,2026-09-05 17:17:12
139541602,r1vf-2023,Colgate Navigator Plus Toothbrush 1 Unit,202.4,230,15,5,True,2026-09-05 17:17:12
14285979,SX8O8I,English Tooth Paste 135Gm,197.1,270,13,100,True,2026-09-05 17:17:12
139360608,2KMG1X,Colgate Slim Soft Charcoal Toothbrush 1 Piece Combo Pack of 2,380,380,3,0,True,2026-09-05 17:17:12
7659091,0E57L4,Sensodyne Toothpaste Herbal 100g,420.75,495,9,4,True,2026-09-05 17:17:12
139360611,ECW4K0,Colgate Toothpaste Regular 100g Pack of 2,480,480,1,0,True,2026-08-23 09:33:22
139053686,RVVMJL,Colgate Total Charcoal Protection Bundle,590,590,6,0,True,2026-09-05 17:17:12
8457721,ULH6W7,CloseUp Icy White Winter Blast Toothpaste 160g,499,499,7,8,True,2026-09-05 17:17:12
35134664,9L11Z4,Gorey's Morning Fresh (Hard),90,90,141,100,True,2026-09-05 17:17:12
139360610,EZ2JX7,Colgate MaxFresh Cooling Crystals Peppermint Ice Toothpaste 125g Combo Pack of 2,680,680,1,0,True,2026-09-02 07:48:00
139360613,XI81LY,Colgate Total Charcoal Toothpaste 100g Combo Pack of 2,800,800,3,0,True,2026-09-05 17:17:12
35133394,J87WPZ,Dettol Soap Skincare 160g,167.16,199,3,5,True,2026-09-05 17:17:12
35412270,S39IAK,Palmolive Refreshing Glow Naturals Bar Soap Saver Pack 3 Pieces x 98g,353.08,364,17,12,True,2026-09-05 17:17:12
139850703,r1vf-1270,LUX ORCHID BODYWASH BOTTLE 250ML,413.6,470,12,5,True,2026-09-05 17:17:12
139850704,r1vf-1271,LUX ROSE BODYWASH BOTTLE 250ML,413.6,470,7,5,True,2026-09-05 17:17:12
37557842,8XWBJ7,LUX VELVET TOUCH WHITE SOAP BAR 130G TRIO,436.5,450,9,5,True,2026-09-05 17:17:12
37557827,M9YB1D,LUX ROSE PINK SOAP BAR 125G TRIO,436.5,450,5,5,True,2026-09-05 17:17:12
35133943,XIBKTN,Palmolive Naturals Refreshing Glow Bar Soap Saver Packet 5 Pieces x 98g,601.4,620,4,100,True,2026-09-05 17:17:12
7834259,J5V2W7,Palmolive Naturals Hydrating Glow Bar Soap 98g,122.88,128,13,24,True,2026-09-05 17:17:12
36768094,B92Z0Q,LUX VELVET TOUCH WHITE SOAP BAR 100G TRIO,358.9,370,8,5,True,2026-09-05 17:17:12
36760303,MWWBGZ,Palmolive Naturals Radiant Glow Bar Soap 130g,152,160,2,100,True,2026-08-31 09:28:59
35130574,F0E25D,Dettol Antibacterial Soap Original 160g,173.13,199,10,5,True,2026-09-04 13:17:41
8230825,2508F1,LUX LOTUS PURPLE SOAP BAR 128G,160,160,8,5,True,2026-09-05 17:17:12
7631908,9782P0,Palmolive Naturals Refreshing Glow Bar Soap 130g�,152,160,1,100,True,2026-08-26 12:58:00
139850702,r1vf-1268,LUX ORCHID BODYWASH BOTTLE 520ML,748,850,7,5,True,2026-09-05 17:17:12
35132871,H285CI,Dettol Antibacterial Soap Original 90g - Pack of 3,351.5,370,6,3,True,2026-09-05 17:17:12
7651223,OL0628,Dettol Soap Skincare 90g - Pack of 3,333,370,10,5,True,2026-09-05 17:17:12
8856463,WZ5T59,LUX VELVET TOUCH WHITE SOAP BAR 49G,65.1,70,1,5,True,2026-07-20 06:29:25
35130304,G64892,LIFEBUOY MILD CARE SOAP BAR TRIO 125G,368.6,380,2,5,True,2026-08-31 09:28:59
7834263,J1F0BZ,Palmolive Naturals Moisturizing Glow Bar Soap 130g,152,160,6,100,True,2026-09-05 17:17:12
139850705,r1vf-1272,LUX ALOE VERA BODYWASH BOTTLE 250ML,413.6,470,7,5,True,2026-09-05 17:17:12
7834255,2896A1,Palmolive Naturals Moisturizing Glow Bar Soap 98g,122.88,128,9,100,True,2026-09-05 17:17:12
35130389,XX6416,LUX FRESH SPLASH GREEN 125G,160,160,17,5,True,2026-09-05 17:17:12
35134444,5Q2MSH,Dettol Antibacterial Soap Original 120g,147.25,155,6,5,True,2026-09-05 17:17:12
7651105,6316WM,Dettol Antibacterial Soap Original  120g - Pack of 4,522,580,9,3,True,2026-09-05 17:17:12
7651173,F445H3,Dettol Soap Skincare 120g - Pack of 4,510.4,580,5,5,True,2026-09-05 17:17:12
36760276,BGV5EG,Palmolive Naturals Refreshing Glow Bar Soap 98g,122.88,128,3,100,True,2026-09-05 17:17:12
35134631,9XLRM8,LUX VELVET TOUCH WHITE SOAP BAR 170G,184.3,190,5,5,True,2026-09-05 17:17:12
35133392,KJ5Q4U,Dettol Cool Soap 120g,147.25,155,3,5,True,2026-09-05 17:17:12
7693907,B10BU7,Dettol Soap Fresh 120g,139.5,155,6,5,True,2026-09-05 17:17:12
7651092,5JT7P7,Dettol Soap Soothe 110g,135,150,5,5,True,2026-09-05 17:17:12
35132896,2581U7,Dettol Soap Soothe 160g,167.16,199,2,5,True,2026-08-30 09:03:20
8231055,6D5S9V,LUX VELVET TOUCH WHITE SOAP BAR 130G,160,160,8,5,True,2026-09-05 17:17:12
7651169,DIA5DE,Dettol Soap Cool 120g - Pack of 4,522,580,4,3,True,2026-09-05 17:17:12
35132874,1YJ02P,Dettol Antibacterial Soap Original 90g,130,130,6,5,True,2026-09-05 17:17:12
139360784,GIITFL,Palmolive Naturals Hydrating Glow Bar Soap 98g Pack of 6,768,768,2,0,True,2026-09-05 17:17:12
37557860,GCK9AT,LIFEBUOY TOTAL SOAP BAR TRIO 125G,380,380,8,5,True,2026-09-05 17:17:12
8230345,8EA30B,LIFEBUOY TOTAL SOAP BAR 125G,130,130,8,5,True,2026-09-05 17:17:12
8261036,4O1D19,LIFEBUOY MILD CARE SOAP BAR 70G,75,75,11,5,True,2026-09-05 17:17:12
35130779,1KZHN6,Protex Aloe Bar Soap Saver Pack 3 Pieces x 130g,423.2,460,1,100,True,2026-07-18 10:26:12
36767883,LL4478,Dettol Cool Soap 160g,173.13,199,2,5,True,2026-09-05 17:17:12
8230883,413SPH,LUX ROSE PINK SOAP BAR 128G,160,160,51,5,True,2026-09-05 17:17:12
35132914,IVD509,Safeguard Pure White Soap 103g,130,130,1,9,True,2026-05-12 14:31:42
35134200,97E1S1,Dettol Soap Fresh 120g - Pack of 4,510.4,580,7,5,True,2026-09-05 17:17:12
35134635,5A35J7,LUX VELVET TOUCH WHITE SOAP BAR 64G,99,99,33,5,True,2026-09-05 17:17:12
35130391,46062D,LIFEBUOY NATURE SOAP BAR 70G,75,75,36,5,True,2026-09-05 17:17:12
35412228,829RM1,LUX ROSE PINK SOAP BAR 100G,130,130,3,5,True,2026-09-05 17:17:12
35134213,YSMSEI,Dettol Soap Cool 90g - Pack of 3,351.5,370,6,3,True,2026-09-05 17:17:12
28665726,ZFI0C0,Power Plus Liquid Soap Olive 500ml,198.56,272,6,100,True,2026-09-05 17:17:12
141551162,virtual-964,Dove Deeply Nourshing Body Wash Pump 550ml,1299,1299,1,8,True,2026-09-05 17:17:12
36432665,2WPTT0,Safeguard Body Soap Lemon Fresh 103g,130,130,1,9,True,2026-05-25 07:22:35
36760592,18I9D6,Lux Allure Bar Soap Velvet Glow 100g,130,130,6,5,True,2026-09-05 17:17:12
35131011,P8PYRR,LIFEBUOY TOTAL SOAP BAR 70G,75,75,11,12,True,2026-09-05 17:17:12
34629834,YZQ8QE,Dettol Soap Skincare 120g,139.5,155,8,5,True,2026-09-05 17:17:12
35130294,X56IQI,LIFEBUOY LEMON FRESH SOAP BAR 125G,130,130,21,5,True,2026-09-05 17:17:12
141551161,553Y3N,Dove Go Fresh Revive Body Wash Nutrium Moisture 550ml,1299,1299,4,0,True,2026-09-05 17:17:12
35412267,151L19,Dettol Soap Skincare 80g,130,130,3,5,True,2026-09-05 17:17:12
35130313,J1PF42,LIFEBUOY MILD CARE SOAP BAR 125G,130,130,31,5,True,2026-09-05 17:17:12
36759965,33VK39,Dettol Soap Cool 90g,130,130,4,5,True,2026-09-05 17:17:12
35132677,F54J1D,Safeguard Floral Scent Body Soap (Bundle Of 3) 103g,375,375,1,3,True,2026-06-09 07:00:40
9735760,P5PZ15,English Neem Soap 95g,250,250,6,100,True,2026-09-05 17:17:12
7651197,K00U20,Dettol Soap Soothe 80g,130,130,5,5,True,2026-09-05 17:17:12
36759968,0UEQ76,Dettol Soap Fresh 80g,101.4,130,2,5,True,2026-09-05 12:31:21
28665086,67BBTD,Power Plus Liquid Soap Peach 500ml,272,272,14,100,True,2026-09-05 17:17:12
139755067,r1vf-1018,Nivea Cashmere & Cotton Seed Oil Caring Shower Cream 250ml,623.22,799,5,6,True,2026-09-05 17:17:12
8176686,7212BG,Axe Shower Gel Alaska 400 ml,1019.15,1199,1,100,True,2026-05-27 07:15:45
139360783,ZKQA66,Palmolive Naturals Liquid Handwash Milk & Honey Bottle 225ml Pack of 2,680,680,3,0,True,2026-09-05 17:17:12
35129418,R4O2FV,Safeguard Body Soap Pure White 125g,175,175,1,12,True,2026-04-04 07:07:18
13516590,460U6P,Nivea Men Shower Gel Sensitive (Imported) 250ml ,585,750,41,6,True,2026-09-05 17:17:12
64866630,QB2CYL,Safeguard Lemon Fresh Soap 103g x2,260,260,1,3,True,2026-05-23 06:22:29
8988787,4084H6,LIFEBUOY TOTAL SOAP BAR 100G,110,110,6,5,True,2026-09-05 17:17:12
36759843,61C5F0,Nivea Shower Gel 250Ml Lemongrass&Oil,679.15,799,1,100,True,2026-04-05 07:13:03
139360782,A84T8N,Palmolive Naturals Moisturizing Glow Bar Soap 98g Pack of 6,768,768,1,0,True,2026-09-05 17:17:12
139360780,ARGBD2,Palmolive Refreshing Glow Naturals Bar Soap Saver Pack 3 Pieces x 98g Pack of 2,728,728,8,0,True,2026-09-05 17:17:12
63693239,SB0MKT,Lux Hand Wash Aloe Vera Pouch 450ml x2,1020,1020,53,0,True,2026-04-09 10:19:06
63693227,VRSLP3,Lux Hand Wash Aloe Vera Pouch 450ml x3,1530,1530,35,0,True,2026-04-09 10:19:06
35134612,5G7KGP,Safeguard Body Soap Floral Scent 125g (Bundle of 3),510,510,2,3,True,2026-06-05 17:26:05
64866613,IVET06,Safeguard Pure White Soap 103g x6,780,780,1,3,True,2026-05-03 13:17:49
64866627,99K5FQ,Safeguard Floral Scent 3 Pieces x 135g - Pack of 2,1020,1020,1,3,True,2026-06-05 17:26:05
36767892,EC90U2,Oasis Liquid Hand Wash Aloe Vera & Cucumber 500ml,264,300,7,5,True,2026-09-05 17:17:12
36760245,48R18O,LIFEBUOY MILD CARE HANDWASH 900ML,807.5,850,2,5,True,2026-09-05 17:17:12
7646814,62HBRU,Oasis Liquid Hand Wash Green Apple 500ml,264,300,13,5,True,2026-09-05 17:17:12
35131019,XZJ710,LIFEBUOY MILD CARE HANDWASH 200ML,266,280,12,5,True,2026-09-05 17:17:12
7651226,P7188L,Dettol Handwash Skincare Pump 150ml,350,350,5,5,True,2026-09-05 17:17:12
41831870,ECUH40,Palmolive Naturals Liquid Handwash Milk & Honey Bottle 225ml,323,340,7,0,True,2026-09-05 17:17:12
35130587,J8K51B,LIFEBUOY TOTAL HANDWASH 200ML,266,280,6,5,True,2026-09-05 17:17:12
35128386,2J6XV8,LIFEBUOY ACTIVE FRESH HANDWASH 900ML,790.5,850,19,5,True,2026-09-05 17:17:12
41831865,64IR07,Palmolive Naturals Liquid Handwash Aloe & Chamomile Bottle 225ml,323,340,13,100,True,2026-09-05 17:17:12
35128553,51XF81,Dettol Liquid Hand Wash Skincare Refill 750ml,889.11,999,5,5,True,2026-09-05 17:17:12
36759677,KBKLN2,Oasis Hand Wash Berrylicious 500 ml,264,300,4,0,True,2026-09-05 17:17:12
34629719,619598,Dettol Liquid Hand Wash Pump Skincare 250ml,550,550,3,5,True,2026-09-05 17:17:12
36767730,EM5IUQ,Oasis Hand Wash Silky Rose 500 ml,264,300,7,0,True,2026-09-05 17:17:12
41831862,1H42E3,Palmolive Naturals Liquid Handwash Aloe & Chamomile Refill Pouch 450ml,437,475,4,100,True,2026-09-05 17:17:12
41831867,4WZS5I,Palmolive Naturals Liquid Handwash Milk & Honey Refill Pouch 450ml,437,475,7,100,True,2026-09-05 17:17:12
140616692,r1vf-4261,LUX TANGERINE ORANGE SOAP BAR 130G,160,160,4,5,True,2026-09-05 17:17:12
35133369,Z2M4Q2,Dettol Hand Wash Refill Skincare 150ml,275,275,5,5,True,2026-09-05 17:17:12
7646841,F30U9F,Oasis Liquid Hand Wash Royal Grapes 500ml,264,300,13,0,True,2026-09-05 17:17:12
35133448,35B881,Hemani Hand Wash Arabian Nights Anti Bacterial 500ml,375,375,6,100,True,2026-09-05 17:17:12
35132508,CZW0G0,LIFEBUOY MILD CARE HANDWASH POUCH 400ML,427.5,450,5,5,True,2026-09-05 17:17:12
35128497,BS81QX,Dettol Hand Wash Original Refill 150ml,275,275,8,5,True,2026-09-05 17:17:12
41831876,C4COS8,Palmolive Hand Wash 225Ml White Tea,323,340,12,100,True,2026-09-05 17:17:12
35134489,7Q35R2,LIFEBUOY TOTAL HANDWASH 900ML,807.5,850,3,5,True,2026-09-05 17:17:12
35132892,VET222,Dettol Hand Wash Original Refill 750ml,889.11,999,12,5,True,2026-09-05 17:17:12
140616691,r1vf-4260,LUX TANGERINE ORANGE SOAP BAR 100G,130,130,18,5,True,2026-09-05 17:17:12
36767921,2QQN74,Oasis Hand Wash Lemonade 500 ml,264,300,9,0,True,2026-09-05 17:17:12
142351804,r1vf-36997,LIFEBUOY ALOE VERA HANDWASH 200ML,257.6,280,1,8,True,2026-08-12 07:31:43
35128481,26QP14,Dettol Hand Wash Original Pump 150ml,273,350,10,5,True,2026-09-05 17:17:12
9972205,G54546,Swansi Blueberry Handwash 500ml,325.5,350,5,100,True,2026-09-05 17:17:12
18245540,KZEBWZ,Dettol Hand Wash Skincare Refill 375ml,429,550,10,5,True,2026-09-05 17:17:12
37557835,Y1J17Q,LUX ALOE VERA HANDWASH POUCH 450ML,484,550,86,5,True,2026-09-05 17:17:12
35128405,30W0IF,Caresse Naturals Sunset Escape Hand Wash (Antibacterial) 450ml,255,300,6,100,True,2026-09-05 17:17:12
35133276,1U8ZE1,Dettol Hand Wash Fresh Pump 250ml,495,550,8,5,True,2026-09-05 17:17:12
36767966,FLWN4Y,Dettol Hand Wash Pump Soothe 250ml,429,550,11,5,True,2026-09-05 17:17:12
35132898,BDMQ32,Dettol Hand Wash Original Pump 250ml,429,550,10,5,True,2026-09-05 17:17:12
9972194,97C6EJ,Swansi Lemon Handwash 500ml,325.5,350,1,100,True,2026-09-05 17:17:12
142351805,r1vf-36998,LIFEBUOY ALOE VERA HANDWASH 900ML,807.5,850,2,8,True,2026-09-05 17:17:12
36767904,8M6ZJL,Oasis Hand Wash Silky Creamy Peach 500 ml,264,300,5,0,True,2026-09-05 17:17:12
29720737,218TV5,Lifebuoy Hand wash Total 10 14ml,5000,5000,6200,100,True,2026-09-05 17:17:12
139850711,h1ei-382,Sunsilk Onion & Jojoba Oil Shampoo 380ml,765,850,6,10,True,2026-09-05 17:17:12
139850710,h1ei-381,SUNSILK ROSEMARY AND ARGAN OIL SHAMPOO 380ML,790.5,850,12,10,True,2026-09-05 17:17:12
139850709,h1ei-380,SUNSILK COCONUT AND ALOE VERA SHAMPOO 380ML,790.5,850,12,10,True,2026-09-05 17:17:12
8233052,9HK2E2,TRESEMME KERATIN SMOOTH AND STRAIGHT SHAMPOO 170ML,484,550,42,5,True,2026-09-05 17:17:12
140876758,r1vf-4503,L'Oreal Paris Hyaluron Pure Conditioner  (For Oily Scalp)  175ml,620,620,1,8,True,2026-08-01 08:28:00
8228148,HE20AB,DOVE INTENSE REPAIR CONDITIONER 180ML,510,600,91,5,True,2026-09-05 17:17:12
140876756,r1vf-4501,L'Oreal Paris Hyaluron Pure Shampoo (For Oily Scalp) 175ml,599,599,1,8,True,2026-08-01 08:28:00
7645973,H18K5P,L'Oreal Conditioner Oil Nourish 175ml,495,550,1,100,True,2026-08-22 12:44:09
41348338,2839Q8,"L'Oreal Paris Elvive Hyaluron Moisture Shampoo, 175 ml",599,599,1,100,True,2026-08-05 16:50:11
8232916,WNU3DH,TRESEMME KERATIN SMOOTH AND STRAIGHT CONDITIONER 160ML,492.8,560,6,5,True,2026-09-05 17:17:12
7645906,7K33OA,L'Oreal Shampoo Oil Nourish 175ml,477,530,1,100,True,2026-08-12 16:08:00
35131957,4DD57O,TRESEMME KERATIN SMOOTH AND STRAIGHT SHAMPOO 360ML,836,950,20,5,True,2026-09-05 17:17:12
8856432,IE9V00,SUNSILK THICK AND LONG CONDITIONER 180ML,477,530,10,5,True,2026-09-05 17:17:12
35133130,2LWG9Z,DOVE NOURISHING OIL CARE SHAMPOO 175ML,467.5,550,35,5,True,2026-09-05 17:17:12
37484060,1A7FM1,DOVE INTENSE REPAIR SHAMPOO 175ML,495,550,148,5,True,2026-09-05 17:17:12
140876757,r1vf-4502,L'Oreal Paris Hyaluron Pure Shampoo (For Oily Scalp) 360ml,945,1050,1,8,True,2026-08-13 10:15:17
35132652,5WCS91,Pantene Smooth & Strong Shampoo 75ml,190,190,1,12,True,2026-08-12 10:11:43
8232476,0E0N04,SUNSILK THICK AND LONG SHAMPOO 185ML,379.05,399,3,5,True,2026-08-29 16:23:11
35129358,V1381T,Head & Shoulders Classic Clean Shampoo 360ml,800,800,1,3,True,2026-05-08 07:49:33
8228078,EKC0U2,DOVE HAIRFALL RESCUE CONDITIONER 180ML ,540,600,7,5,True,2026-09-05 17:17:12
35128489,D4IY41,LIFEBUOY NATURALLY LONG SHAMPOO 375ML,636.5,670,10,5,True,2026-09-05 17:17:12
35131423,SVS2M9,DOVE HAIRFALL RESCUE SHAMPOO 175ML,495,550,265,5,True,2026-09-05 17:17:12
7645850,3C4WZ4,L'Oreal Keratin Straight Conditioner 175ml,495,550,1,100,True,2026-08-15 15:29:17
35132938,M5W79M,DOVE DRYNESS CARE SHAMPOO 175ML,467.5,550,6,5,True,2026-09-05 17:17:12
37557845,LU9389,LIFEBUOY ONION SHAMPOO 175ML,370,370,8,7,True,2026-09-05 17:17:12
8232513,47S525,Sunsilk Shampoo Thick & Long 660ml,1030.5,1145,17,5,True,2026-08-02 06:06:56
35129887,O218K3,TRESEMME BOTANIQUE NOURISH AND REPLENISH SHAMPOO 360ML,818.4,930,11,5,True,2026-09-05 17:17:12
8232405,BSB48C,SUNSILK LONG AND HEALTHY SHAMPOO 185ML,474.05,499,19,5,True,2026-09-05 17:17:12
36767813,H782C8,SUNSILK BLACK SHINE SHAMPOO 80ML,190,190,8,5,True,2026-09-05 17:17:12
34629905,ZV9EU1,Dove Shampoo Intense Repair 650ml,1232.5,1450,12,5,True,2026-08-30 09:03:20
35131548,3IVYIN,SUNSILK BLACK SHINE SHAMPOO 650ML,1170,1300,5,5,True,2026-08-12 04:55:53
8232281,5G0295,SUNSILK HAIRFALL SOLUTION SHAMPOO 185ML,379.05,399,6,7,True,2026-09-01 08:26:41
35412280,H1UE1Q,LIFEBUOY HERBAL SHAMPOO 90ML,200,200,6,5,True,2026-09-05 17:17:12
35134733,4P417T,SUNSILK BLACK SHINE CONDITIONER 180ML,477,530,10,7,True,2026-09-05 17:17:12
36759597,58W766,LIFEBUOY NATURALLY LONG SHAMPOO 175ML,351.5,370,8,5,True,2026-09-05 17:17:12
36759641,36T330,L'Oreal Total Repair Shampoo 175ml,477,530,1,100,True,2026-08-13 13:17:29
35131232,D7OV53,LIFEBUOY HERBAL SHAMPOO 650ML,1069.5,1150,10,5,True,2026-09-05 17:17:12
36760064,ATV3GW,SUNSILK HAIRFALL SOLUTION SHAMPOO 660ML,1170,1300,3,5,True,2026-08-15 03:45:54
37557857,40Q09L,LIFEBUOY ONION SHAMPOO 370ML,670,670,11,7,True,2026-09-05 17:17:12
35134659,Y3FM4H,L'Oreal Paris Shampoo Fall Resist 3X 175ml,468,520,1,100,True,2026-07-22 11:19:18
8229868,357FF9,LIFEBUOY HERBAL SHAMPOO 370ML,670,670,2,7,True,2026-09-05 17:17:12
9736032,8YR62X,English Anti Lice Shampoo Large,240,240,4,100,True,2026-09-05 17:17:12
7646054,QQQPA6,L'Oreal Paris Elvive Dream Long Straight 72Hrs Straightening Keratin Shampoo 360ml,837,930,1,100,True,2026-08-12 16:08:00
35128749,Y2I075,L'Oreal Paris Elvive Fall Resist Conditioner 175ml,486,540,3,100,True,2026-08-21 03:59:48
35129197,V5473R,Head & Shoulders Classic Clean Shampoo 185ml,470,470,1,6,True,2026-08-11 13:10:30
35134418,BWJ80E,Palmolive Naturals  Healthy & Smooth Shampoo 180ml,396,440,6,100,True,2026-09-05 17:17:12
35134737,M98515,SUNSILK THICK AND LONG SHAMPOO 360ML,664.05,699,109,7,True,2026-09-05 17:17:12
13611898,DS528U,English Anti Lice Shampoo Medium,170,170,1,100,True,2026-09-04 18:13:27
35132742,8H6ZS1,DOVE HAIRFALL RESCUE SHAMPOO 650ML ,1305,1450,1,5,True,2026-09-05 12:31:21
139541606,r1vf-2027,Palmolive Naturals Silky Straight Shampoo 180ml,404.8,440,6,8,True,2026-09-05 17:17:12
139541607,r1vf-2028,Palmolive Naturals Silky Straight Shampoo 375ml,657,730,12,8,True,2026-09-05 17:17:12
35134912,D784V4,SUNSILK BLACK SHINE SHAMPOO 185ML,499,499,8,7,True,2026-09-05 17:17:12
35129413,6DV725,TRESEMME KERATIN SMOOTH AND STRAIGHT SHAMPOO 650ML,1408,1600,8,5,True,2026-09-05 17:17:12
35133236,X8H1DB,Palmolive Shampoo Intensive Moisture 180ml,396,440,4,100,True,2026-09-05 17:17:12
35130565,GE0836,Pantene Smooth & Strong Shampoo 185ml,450,450,1,3,True,2026-05-30 13:48:27
7656942,ZF5NU6,Head & Shoulders Dry Scalp Care Shampoo 185ml,470,470,2,6,True,2026-06-27 06:40:34
35132445,6D5KK2,DOVE INTENSE REPAIR SHAMPOO 360ML,765.6,870,18,5,True,2026-09-05 17:17:12
37557831,9B6925,LIFEBUOY ONION SHAMPOO 90ML,200,200,18,100,True,2026-09-05 17:17:12
43867054,9LUC27,LIFEBUOY NATURALLY LONG SHAMPOO 650ML,1069.5,1150,7,5,True,2026-09-05 17:17:12
35131624,X9RQDF,Garnier Color Naturals 1 Noir Black Hair Color Enriched With 3 Essential Oils,899.1,999,1,100,True,2026-08-27 13:55:56
139850689,r1vf-1109,TRESEMME BONDPLEX SLEEK AND REPAIR CONDITIONER 160ML,492.8,560,5,7,True,2026-09-05 17:17:12
36433446,X050YJ,Pantene Milky Extra Treatment Conditioner 180ml,355.5,450,2,6,True,2026-05-02 15:51:45
7665657,8X242H,Pantene Smooth & Strong Shampoo 360ml,750,750,1,4,True,2026-05-27 07:15:45
35132223,3J5856,Pantene Conditioner Anti Frizz 360ml,760,760,1,100,True,2026-08-13 10:15:17
35134749,SXKPQ7,Pantene Shampoo 360Ml Anti Frizz,637.5,750,2,6,True,2026-04-15 05:30:17
37484059,459S1X,L'Oreal Paris Elvive Fall Resist Shampoo 360ml,819,910,1,100,True,2026-07-29 05:59:15
36432663,LPN897,Pantene Anti-Hair Fall Conditioner 180ml,450,450,1,6,True,2026-05-13 06:32:59
8232386,70T1GB,SUNSILK HAIRFALL SOLUTION SHAMPOO 360ML,759.05,799,104,7,True,2026-09-05 17:17:12
35129351,3U6093,Pantene Milky Extra Treatment Shampoo 1000ml,1950,1950,1,100,True,2026-05-30 10:58:05
36760098,ON70FW,SUNSILK BLACK SHINE SHAMPOO 360ML,799,799,8,7,True,2026-09-05 17:17:12
35132657,HHA0T0,Pantene Anti Hairfall  Shampoo 185ml,450,450,1,3,True,2026-06-04 15:23:17
35133133,1N89RJ,DOVE NOURISHING OIL CARE SHAMPOO 360ML,782,920,11,5,True,2026-08-31 09:28:59
36346532,5Z2478,Head & Shoulders Anti Hairfall Shampoo 185ml,470,470,1,6,True,2026-06-02 12:49:59
35412236,28ZH15,LIFEBUOY HERBAL SHAMPOO 175ML,370,370,9,7,True,2026-09-05 17:17:12
35134608,3A8683,Head & Shoulders Shampoo Classic Clean 75ml,220,220,1,12,True,2026-08-01 16:09:23
35132282,T38W15,DOVE HAIRFALL RESCUE SHAMPOO 360ML,809.6,920,189,5,True,2026-09-05 17:17:12
36432648,J0J14A,Pantene Shampoo Anti Frizz 185ml,450,450,1,3,True,2026-05-21 17:42:53
35132665,RZ13UU,SUNSILK LONG AND HEALTHY SHAMPOO 360ML,759.05,799,4,7,True,2026-09-05 17:17:12
35924672,H1E8P8,Palmolive Naturals Healthy & Smooth Shampoo 375 ml,642.4,730,11,100,True,2026-09-05 17:17:12
7656834,8406HD,Head & Shoulders  Smooth & Silky Shampoo + Conditioner 190ml,600,600,1,6,True,2026-08-19 03:52:45
35132290,1I27J3,Head & Shoulders Silky Black Shampoo 185ml,470,470,2,6,True,2026-05-13 17:24:04
35132450,9UQV86,CLEAR BLACK SHINE SHAMPOO 380ML,800,800,1,5,True,2026-03-26 07:16:55
8228185,O674ME,DOVE DRYNESS CARE SHAMPOO 360ML,783,870,10,5,True,2026-09-05 17:17:12
140616697,r1vf-4266,TRESEMME LAMELLAR GLOSS SHAMPOO 170ML,511.5,550,6,5,True,2026-09-05 17:17:12
35132461,FM868L,Pantene Smooth & Strong Conditioner 180ml,450,450,2,6,True,2026-07-17 16:23:45
36346422,5IP0M8,Head & Shoulders Shampoo Black 75ml,220,220,1,12,True,2026-05-23 16:12:52
144091786,r1vf-10601,Dove Anti Dandruff Care Shampoo 175ml,541.5,570,1,3,True,2026-09-05 17:17:12
35131902,46KU2Y,Head & Shoulders Dry Scalp Care Shampoo 360ml,800,800,1,3,True,2026-06-28 07:12:12
7656914,N70991,Head & Shoulders Black Shampoo 360ml,800,800,1,3,True,2026-05-17 13:31:03
140616696,r1vf-4265,TRESEMME LAMELLAR GLOSS SHAMPOO 360ML,970,970,8,5,True,2026-09-05 17:17:12
37557848,NIO72B,TRESEMME COLOR VIBRANCE SHAMPOO 360ML,950,950,5,100,True,2026-09-05 17:17:12
35135073,A69EAZ,Head&Shoulder Shampoo 185Ml Neem,470,470,1,3,True,2026-06-01 15:32:49
35132946,1E050J,Head & Shoulders Menthol Refresh Shampoo 185ml,470,470,1,6,True,2026-05-19 12:22:33
36346496,W59470,Head&Shoulder Shampoo + Conditioner 190Ml Silky Black 2In1,600,600,2,100,True,2026-06-20 16:26:12
141804832,r1vf-4140,Head & Shoulders Sub Zero Plastic Bottle 360ml,800,800,2,8,True,2026-04-20 16:15:10
144091787,r1vf-10602,Dove Anti Dandruff Care Shampoo 360ml,902.5,950,6,3,True,2026-09-05 17:17:12
142798393,r1vf-9321,LIFEBUOY NATURALLY SILKY SHAMPOO 90ML,200,200,24,3,True,2026-09-05 17:17:12
142798394,r1vf-9322,LIFEBUOY NATURALLY SILKY SHAMPOO 370ML,620,620,12,3,True,2026-09-05 17:17:12
35134102,YZ8093,Garnier Color Naturals 3 Dark Brown Hair Color Enriched With 3 Essential Oils,899.1,999,1,100,True,2026-08-10 07:45:26
140616693,r1vf-4262,DOVE DEEP REPAIR HAIR MASK 250ML ,1890,2100,14,5,True,2026-09-05 17:17:12
142351802,r1vf-36995,SUNSILK SUPER SHINE HAIR SERUM 92ML,1080,1200,9,8,True,2026-09-05 17:17:12
35129189,2F022H,Garnier Color Naturals 6.1 Ashy Light Brown Hair Color Enriched With 3 Essential Oils,899.1,999,1,100,True,2026-07-22 16:27:02
142351601,r1vf-2500,TRESEMME KERATIN SMOOTH HAIR MASK 250ML,1098,1220,7,8,True,2026-09-05 17:17:12
36759911,K30G89,Garnier Color Naturals Creme # 4.3 Natural Golden Brown 112ml,899.1,999,1,100,True,2026-08-14 10:08:39
35132319,5Y0D26,"Garnier Color Naturals 6.34 Chocolate Hair Color, Enriched With 3 Essential Oils",849.15,999,1,100,True,2026-07-25 16:12:08
35128722,OHNKAY,Garnier Hair Colour 7.3 Hazel Blonde 1 Box,899.1,999,1,100,True,2026-09-05 17:17:12
7830757,4OWPAH,Hemani Coconut Oil 200 ml,490,490,2,100,True,2026-09-05 17:17:12
36759741,Z04YVH,Garnier Color Naturals 5.5 Creamy Coffee Enriched With 3 Essential Oils,899.1,999,1,100,True,2026-07-29 05:59:15
35132259,5IXA1M,Garnier Color Naturals Hair Color # 4.6 Intense Dark Red Enriched With 3 Essential Oils,899.1,999,1,100,True,2026-08-17 03:57:26
142351803,r1vf-36996,TRESEMME KERATIN SMOOTH SERUM 100ML,1557.6,1770,11,8,True,2026-09-05 17:17:12
36760066,16XH5V,Garnier Hair Colour 6.66 Intense Red Rouge Intense 1 Box,799.2,999,1,100,True,2026-07-13 06:25:27
36759793,0ZW01E,Garnier Color Naturals Hair Color # 3.6 Deep Red Brown 1 Box,849.15,999,33,100,True,2026-09-05 17:17:12
35133222,QCY9UL,L'Oreal Paris Excellence Creme 7.1 Dark Ash Blonde 172ml,2384.25,3179,2,100,True,2026-09-05 17:17:12
36760219,Y54RU9,L'Oreal Paris Excellence Creme 4 Natural Natural Brown 172ml,2249.25,2999,1,100,True,2026-09-05 07:33:04
7646081,UI8OW5,L'Oreal Hair Colour 6.1 Dark Ash Blonde 1 Box,2384.25,3179,1,100,True,2026-08-23 06:47:34
7830721,O69N42,Hemani Hair Oil 200Ml Almond,565,565,6,100,True,2026-09-05 17:17:12
36760203,0LJ48R,Garnier Color Naturals Creme Frosty Dark Mahogany #4.15 112ml,899.1,999,1,100,True,2026-08-21 09:42:06
36760352,0C0SGW,L'Oreal Paris Excellence Creme 5.3 Light Golden Brown 172ml,2384.25,3179,1,100,True,2026-08-15 15:29:17
36759750,7B7L2V,L'Oreal Hair Colour 3 Dark Brown 1 Packet,2861.1,3179,1,100,True,2026-08-07 16:04:19
36760086,8C1GOP,L'Oreal Hair Colour 5 Light Brown 1 Box,2384.25,3179,3,100,True,2026-07-23 08:37:00
36760188,8O0VX6,L'Oreal Hair Colour 7 Blonde 1 Box,2702.15,3179,1,100,True,2026-07-27 06:38:27
7830872,JCUJBP,Hemani Hair Oil 200Ml Black Seeds,440.7,565,1,100,True,2026-09-05 07:33:04
35128516,4B51EH,Italia Olive Hair Oil 125ml,663.57,909,19,100,True,2026-09-05 17:17:12
7651763,8KT7CC,Keune Hair Lotion Keratin Curl #0 (ZM Opened & Checked),3335,3335,1,100,True,2026-09-05 17:17:12
7651737,64S153,Keune Care Satin Treatment 95 ml (ZM Opened & Checked),6830,6830,3,100,True,2026-09-05 17:17:12
36767856,7D158T,Phillips Heated Straightening Brush (BHH880) (ZM Opened & Checked),22000,22000,1,100,True,2026-07-02 11:45:31
36759778,6Z5DVO,Keune Hair Lotion Keratin Curl #01. (ZM Opened & Checked),3335,3335,1,100,True,2026-09-05 17:17:12
7651649,1O76S4,Keune Tinta Ultimate Blonde Hair Color #3025 Ultra Pearl Mahogany Blonde Ub Tube 60ml (ZM Opened & Checked),3175,3175,2,100,True,2026-04-02 13:20:25
142798395,4QYMBZ,LIFEBUOY NATURALLY SILKY SHAMPOO 175ML,441.75,465,10,0,True,2026-09-05 17:17:12
8176546,7SHQ3S,Gatsby Water Gloss 150Gm Soft White,599,599,2,100,True,2026-09-05 17:17:12
7645354,6SVI12,Durex Play Very Cherry Lube 50ml,1080,1200,6,100,True,2026-09-05 17:21:00
7645343,2V2UV8,Durex Play Tingle Lube 50ml,1080,1200,11,100,True,2026-09-05 17:21:00
7645336,11NJDY,Durex Condoms Extended Pleasure 3 Pcs,552.5,650,4,100,True,2026-09-05 17:21:00
7645393,T04298,Durex Condoms Invisible 3 Pieces,552.5,650,5,100,True,2026-09-05 17:21:00
7645382,NEKC10,Durex Condoms Extended Pleasure 12 Pieces,1657.5,1950,8,100,True,2026-09-05 17:21:00
27210932,HZU8Y6,Josh Condoms Delay Imported Pocket Pack 3 Pieces,120,160,1,100,True,2026-08-01 16:09:23
27210915,B6M643,Josh Condoms Strawberry Imported Pocket Pack 3 Pieces,120,160,1,100,True,2026-08-02 06:06:56
141617033,S27QB8,Durex Mutual Pleasure Condom 3 Pieces,552.5,650,3,0,True,2026-09-05 17:21:00
9125769,ERP2W3,Happy Life Condoms Collection 3 Pieces,130,130,15,100,True,2026-09-05 17:21:00
66563031,r1vf-99,Lifestyle Endurance Delay Long Lasting Condoms 3 Pieces,395,395,3,0,True,2026-09-05 17:17:12
7645374,I0UGEV,Durex Condoms Extra Safe 3 Pieces,572,650,8,100,True,2026-09-05 17:21:00
7645362,96T309,Durex Condoms Invisible 12 Pieces,1657.5,1950,5,100,True,2026-09-05 17:21:00
140404226,r1vf-3538,Durex Thin Feel Condom 3 Pieces,448.5,650,3,8,True,2026-09-05 17:21:00
35129297,KFS9U1,Rough Rider Studded Condoms 3 Pieces,395,395,7,100,True,2026-09-05 17:17:12
27210911,852Y35,Josh Condoms Dotted Imported Pocket Pack 3 Pieces,120,160,3,100,True,2026-08-07 16:04:19
35129295,XE138X,Bareback Ultra Thin Condoms 3 Pieces,395,395,8,100,True,2026-09-05 17:17:12
66563033,r1vf-100,Lifestyle Wet N Wild Extra Lubricated Condoms 3 Pieces,395,395,12,0,True,2026-09-05 17:17:12
9125752,497977,Happy Life Condoms Intense Delay 3 Pieces,350,350,2,100,True,2026-09-05 17:21:00
9125783,5R03B5,Happy Life Condoms Dotted 2 Pieces,100,100,6,100,True,2026-09-05 17:21:00
140404227,r1vf-3539,Durex Thin Feel Condom 12 Pieces,1755,1950,8,8,True,2026-09-05 17:21:00
7999171,ZDC6F7,Pulse Condoms Ribbed Dotted Delay 3 Pcs,410,410,1,100,True,2026-09-01 18:20:33
23977912,CBO0UL,Skyn Original Non-Latex Condoms 3 Pieces,650,650,6,100,True,2026-09-05 17:17:12
7999179,C5H91O,Pulse Condums Dotted Premium 3S,350,350,4,100,True,2026-09-05 17:21:00
26027695,4M99S5,Durex Condoms Extra Safe 12 Pieces,1755,1950,5,100,True,2026-09-05 17:21:00
7999175,5F8UEI,Pulse Condoms Delay 3 Pieces,350,350,1,100,True,2026-09-05 12:34:49
35131194,ECE8B6,Pulse Extra Sensitive Premium Condom 3 Pieces,410,410,2,100,True,2026-09-05 17:17:12
35133641,0132X2,Happy Life Condoms Rough & Tough 3 Pieces,300,300,3,100,True,2026-09-05 17:21:00
36432640,I76769,Gillette Blue 2 Disposable Razor 1 Piece,150,150,2,100,True,2026-04-23 07:59:17
139850701,r1vf-1363,Fit Classic Razor 1 Unit,34,40,1,10,True,2026-05-20 12:00:55
7661247,6IZJNX,Veet Face Wax Strips for Sensitive Skin 8 Pieces,405,450,11,12,True,2026-09-05 17:17:12
35412264,B20772,Veet Hair Removal Lotion for Dry Skin 40g,276,300,9,12,True,2026-09-05 17:17:12
143461321,r1vf-4145,Veet Pure Hair Removal Cream for Sensitive Skin 32g,250,250,5,6,True,2026-09-05 17:17:12
7661318,FWB504,Veet Body Wax Strips for Normal Skin 12 Pieces,652.5,750,11,6,True,2026-09-05 17:17:12
7661347,Q0J819,Veet Body Wax Strips for Dry Skin 12 Pieces,652.5,750,7,6,True,2026-09-05 17:17:12
35412244,71N8RT,Veet Hair Removal Lotion for Normal Skin 40g,276,300,9,12,True,2026-09-05 17:17:12
7637582,A5GRR4,EU Safe & Smooth Hair Remover Cream 75ml,320,320,16,100,True,2026-09-05 17:17:12
36760253,2Q7CP0,EU Cream Supreme Jar 100ml,350,350,5,100,True,2026-09-05 17:17:12
143067491,r1vf-3524,Treet Tidy Body Razor Disposable 3 Pieces,200,200,1,8,True,2026-03-26 05:13:37
36760311,44L690,Eu Cream Normal 30ml,160,160,1,100,True,2026-09-05 12:31:21
143461329,r1vf-4148,Veet Pure Hair Removal Cream for Sensitive Skin 63g,445.5,495,9,6,True,2026-09-05 17:17:12
7661208,0KIFW2,Veet Hair Removal Lotion for Sensitive Skin 80g,523.6,595,3,6,True,2026-09-05 17:17:12
36760435,38PI7B,EU Cream Wax Nose Strips 1 Piece,400,400,2,100,True,2026-08-14 04:55:51
7637515,04516Y,Eu Body Wax Strips 10S Lavender,550,550,6,100,True,2026-09-05 17:17:12
7661282,975OR1,Veet Face Wax Strips for Normal Skin 8 Pieces,405,450,6,12,True,2026-09-05 17:17:12
35768862,5D4932,Veet Hair Removal Lotion for Dry Skin 80g,523.6,595,9,6,True,2026-09-05 17:17:12
7637576,5M6TN8,EU Normal Skin Cream 100g,450,450,4,100,True,2026-09-05 17:17:12
35412273,8N2412,Veet Hair Removal Lotion for Normal Skin 80g,523.6,595,9,6,True,2026-09-05 17:17:12
35412256,1YG51I,Eu Body Wax Strips 10S Lily,550,550,2,100,True,2026-09-05 17:17:12
7661292,A3S9JS,Veet Hair Removal Lotion for Normal Skin 120g,743.75,875,3,6,True,2026-09-05 17:17:12
143067495,r1vf-3564,Treet (Swift III) Triple Blade Razor 1 Piece,130,130,3,8,True,2026-06-17 17:59:58
143067500,r1vf-3571,Treet Tidy Body Razor Disposable Razor 4+1 Pieces,300,300,1,8,True,2026-03-29 07:10:15
143067496,r1vf-3565,Treet (Swift III) Triple Blade Razor 4+1 Pieces,530,530,1,8,True,2026-03-28 13:04:12
143461336,r1vf-4151,Veet Pure Hair Removal Cream for Sensitive Skin 125g,833,980,4,6,True,2026-09-05 17:17:12
142279181,r1vf-4309,Veet Body Wax Strips for Sensitive skin 12 Pieces,652.5,750,10,8,True,2026-09-05 17:17:12
143067501,r1vf-3572,Treet Platinum Super Stainless Blade Box New Pack (TPS) 20 Pieces,220,220,8,8,True,2026-09-05 17:17:12
143461318,r1vf-4143,Veet Pure Hair Removal Cream for Normal Skin 32g,250,250,32,6,True,2026-09-05 17:17:12
143067505,r1vf-3578,Treet (Swift ll) Grip Twin Blade Razor 4+1 Pieces,530,530,1,8,True,2026-04-25 07:23:06
143461320,r1vf-4144,Veet Pure Hair Removal Cream for Dry Skin 32g,250,250,73,6,True,2026-09-05 17:17:12
35412260,KT14CJ,Eu Body Wax Strips 10S Cucumber,550,550,2,100,True,2026-09-05 17:17:12
35924733,708534,Veet Hair Removal Lotion for Dry Skin 120g,743.75,875,7,100,True,2026-09-05 17:17:12
143067497,r1vf-3566,Treet (Swift II) Twin Blade Razor 4+1 Pieces,410,410,1,8,True,2026-04-14 05:29:05
143067499,r1vf-3570,Treet (Swift ll) Twin Blade Razor 1 Piece,100,100,1,8,True,2026-04-06 15:52:47
141617034,0HPE04,Veet Pure Cucumber Extract Dry Skin Hair Removal Cream 200g,1748,1900,1,0,True,2026-04-02 07:18:28
143461341,r1vf-4154,Veet Pure Hair Removal Cream for Sensitive Skin 200g,1596,1900,4,6,True,2026-09-05 17:17:12
143461324,r1vf-4146,Veet Pure Hair Removal Cream for Normal Skin 63g,445.5,495,40,6,True,2026-09-05 17:17:12
143461331,r1vf-4149,Veet Pure Hair Removal Cream for Normal Skin 125g,833,980,25,6,True,2026-09-05 17:17:12
143461334,r1vf-4150,Veet Pure Hair Removal Cream for Dry Skin 125g,833,980,29,6,True,2026-09-05 17:17:12
143461326,r1vf-4147,Veet Pure Hair Removal Cream for Dry Skin 63g,445.5,495,59,6,True,2026-09-05 17:17:12
143461340,r1vf-4153,Veet Pure Hair Removal Cream for Dry Skin 200g,1596,1900,17,6,True,2026-09-05 17:17:12
143461338,r1vf-4152,Veet Pure Hair Removal Cream for Normal Skin 200g,1596,1900,14,6,True,2026-09-05 17:17:12
7641716,550N70,Always Sanitary Pads Thicks Extra Long 16 Pieces,830,830,1,6,True,2026-07-09 06:58:29
9573683,06P45Y,Butterfly Pads Ultra Xxl 16,450,450,62,3,True,2026-09-05 17:17:12
8010781,5YLIN5,Butterfly Pads Maxi Thick Extra Large 16 Pieces,650,650,32,6,True,2026-09-05 17:17:12
8010834,Z9DMUS,Butterfly Pads Ultra Long 8Pcs,230,230,42,6,True,2026-09-05 17:17:12
139850677,r1vf-1973,Butterfly Maxi Thick Cottony Value Long Pads (Pack Extra) 16 Pieces,650,650,29,15,True,2026-09-05 17:17:12
8020737,149L79,Butterfly Breathables Pads 8Pcs Maxi Extra Long,350,350,9,3,True,2026-09-05 17:17:12
8010861,2F85T6,Butterfly Pads Ultra Extra Large 7Pcs,230,230,44,6,True,2026-09-05 17:17:12
9573715,57ZRW9,Butterfly Breathables Pads XL 10 Pieces,450,450,8,3,True,2026-09-05 17:17:12
138364533,r1vf-740,Daisy Super Plus Maxi Thick Pads 10 Pieces,160,160,68,100,True,2026-09-05 17:17:12
7641703,24BG77,Always Sanitary Pads Cotton Soft Extra Long 6 Pieces,220,220,1,6,True,2026-07-13 17:20:32
8010770,2Z22X6,Butterfly Breathables Panty Liners 20 Pieces,400,400,15,6,True,2026-09-05 17:17:12
8010885,2Y2651,Butterfly Pads Maxi Thick Large 9Pcs,350,350,18,6,True,2026-09-05 17:17:12
139850680,r1vf-1976,Butterfly Dreamy Nights Maxi Thick Cottony Soft Extra Long Pads 8 Pieces,380,380,9,15,True,2026-09-05 17:17:12
139850633,emb608,Embrace Maxi Sensitives  Value Pack Extra Long 16 Pads,544.5,605,12,6,True,2026-09-05 17:17:12
7641799,PUABOJ,Always Maxi Thick Extra Long 8 + 2 Pads,420,420,1,6,True,2026-08-02 08:40:06
7641726,623XGQ,Always Maxi Thick Long 18 Pieces,830,830,1,6,True,2026-05-20 12:00:55
8010810,250976,Butterfly Breathables Maxi Thick Sanitary Pads long 9 Pieces,350,350,9,8,True,2026-09-05 17:17:12
8010953,JQNWPX,Butterfly Long Ultra Big Saver Sanitary Pads Long 32 Pieces,880,880,20,4,True,2026-09-05 17:17:12
38518768,5K22L8,Nofea Regular Maxi Thick LONG 9 Pads,219,219,6,100,True,2026-09-05 17:17:12
8010962,0698ST,Butterfly Pads Maxi Thick Large 18 Pieces,650,650,12,6,True,2026-09-05 17:17:12
139850681,r1vf-1977,Butterfly Dreamy Nights Maxi Thick Fabric Soft Extra Long Pads 8 Pieces,380,380,16,15,True,2026-09-05 17:17:12
8010747,320252,Butterfly Pads Maxi Thick Extra Large 8Pcs,350,350,42,8,True,2026-09-05 17:17:12
139850632,emb607,Embrace Maxi Essentials Value Pack Extra Long 16 Pads,504,560,20,6,True,2026-09-05 17:17:12
7989485,H53CPB,Molped Maxi Thick Hygiene Shield XL 8 Pcs,315,350,6,100,True,2026-09-05 17:17:12
36426931,N12L0R,Butterfly Breathables Maxi Thick Sanitary Pads Extra Long Trio Pack 26 Pieces,1000,1000,8,100,True,2026-09-05 17:17:12
139850679,r1vf-1975,Butterfly Maxi Thick Cottony Trio Extra Long Pads 26 Pieces,1000,1000,14,15,True,2026-09-05 17:17:12
7989662,V1A757,Molped Maxi Thick Hygiene Shield Value Pack XL 16 Pcs,650,650,1,100,True,2026-09-03 18:30:21
139850676,r1vf-1972,Butterfly Maxi Thick Cottony Long Pads (Value Pack) 18 Pieces,650,650,15,15,True,2026-09-05 17:17:12
8010906,T4OII6,Butterfly Breathables Pads Large 8Pcs Super Soft,350,350,7,6,True,2026-09-05 17:17:12
38518762,09KDK3,Nofea Regular Maxi Thick EXTRA LONG 8 Pads,219,219,3,100,True,2026-09-05 17:17:12
138364534,r1vf-743,Trust Regular Long Stick Ons Pads 16 Pieces,320,320,12,100,True,2026-09-05 17:17:12
18827683,Z5302B,Embrace Essentials Maxi Extra Long 8 Pads,270,300,17,100,True,2026-09-05 17:17:12
7641795,Q4U28V,Always T5 Trio New Maxi Thick Extra Long 26 Pads,1150,1150,8,8,True,2026-09-05 17:17:12
18827666,Z54965,Embrace Sensitives Maxi Extra Long 8 Pads,288,320,36,100,True,2026-09-05 17:17:12
7641760,I91JL8,Always Maxi Thick Long 9 Pieces,420,420,1,6,True,2026-05-30 16:16:36
139850634,emb609,Embrace Maxi Sensitives  Trio Pack Extra Long 26 Pads,790.5,930,3,6,True,2026-09-05 17:17:12
139850635,emb610,Embrace Maxi Essentials Trio Pack Extra Long 26 Pads,735.25,865,13,6,True,2026-09-05 17:17:12
7641808,SA3QN1,Always Sanitary Pads Cotton Soft Long 6 Pieces,220,220,2,6,True,2026-08-05 16:50:11
142007092,r1vf-4746,Embrace Essential Maxi Large Pad Value Pack 18 Pieces,560,560,21,8,True,2026-09-05 17:17:12
38518752,TV9PC0,Nofea Maxi Thick Regular Pack Day&Night 7 L +3 XL Pads,251.16,322,2,100,True,2026-09-05 17:17:12
139850678,r1vf-1974,Butterfly Maxi Thick Cottony Trio Long Pads 30 Pieces,1000,1000,11,15,True,2026-09-05 17:17:12
18827671,OAD4LO,Embrace Sensitives Ultra-Thin Extra Long 8 Pads,320,320,19,100,True,2026-09-05 17:17:12
138364536,r1vf-744,Trust Wings Long Stick Ons Pads 16 Pieces,380,380,31,100,True,2026-09-05 17:17:12
8010928,5U0T9X,Butterfly Breathables Pads Xl 7Pcs Super Soft,350,350,21,6,True,2026-09-05 17:17:12
7641814,WOMOJ7,Always T3 Trio New Maxi Thick Long 30 Pads,1150,1150,1,8,True,2026-07-19 16:05:20
13825168,38NB6E,Freedom Sanitary Pads Ultra Thin Extra Long 7 Pieces,187.5,250,18,100,True,2026-09-05 17:17:12
36426932,ZQ488S,Butterfly Breathables Maxi Thick Sanitary Pads Long Trio Pack 30 Pieces,1000,1000,10,100,True,2026-09-05 17:17:12
139850645,r1vf-752,Trust Maxi Thick Extra Long Pads 16 Pieces,480,480,5,100,True,2026-09-05 17:17:12
7980339,492UBS,Nofea Regular Ultra Thin EXTRA LONG 7 Pads,225,225,3,100,True,2026-09-05 17:17:12
18827687,B2VAMH,Embrace Essentials Maxi Long 9 Pads,300,300,6,100,True,2026-09-05 17:17:12
139850707,r1vf-1355,Parwaz 100% Organic Cotton Top Sheet Maxi Thick Long Pads 10 Pieces,550,550,7,10,True,2026-09-05 17:17:12
138364538,r1vf-751,Trust Maxi Thick Extra Long Pads 8 Pieces,240,240,23,100,True,2026-09-05 17:17:12
139850708,r1vf-1357,Parwaz 100% Organic Cotton Top Sheet Overnight Maxi Thick Pads 8 Pieces,550,550,4,10,True,2026-09-05 17:17:12
36760146,L16D5S,Butterfly Breathables Pads Xl 7Pcs Dry Mesh,350,350,13,100,True,2026-09-05 17:17:12
36768186,E4K22Z,Puffin Tampons Normal 16 Pieces,960,960,1,100,True,2026-09-05 17:17:12
18827676,LQ95V0,Embrace Essentials Ultra-Thin Extra Long 8 Ppads,300,300,20,100,True,2026-09-05 17:17:12
13825162,21VJ69,Freedom Sanitary Pads Ultra Thin Long 8 Pieces,160,250,28,100,True,2026-09-05 17:17:12
139850675,r1vf-1970,Butterfly Teens Pads 8 Pieces,350,350,23,15,True,2026-09-05 17:17:12
142007094,r1vf-4748,Embrace Sensitives Ultra Thin Pads 14 Pieces,525,525,10,8,True,2026-09-05 17:17:12
38518774,1W29PQ,Nofea Ultha Thin Regular Pack Day&Night 7 Long + 3 XL Pads,272.8,341,1,100,True,2026-07-29 05:59:15
142007091,AFP-000515433,Embrace Sensitive Maxi Pads Large 18 Pieces,605,605,1,8,True,2026-09-05 17:17:12
142007095,r1vf-4749,Embrace Sensitive Maxi Pads Large Pad 28 Pieces,890,890,8,8,True,2026-09-05 17:17:12
18827695,2V9L80,Embrace Sensitives Maxi Long 9 Pads,320,320,9,100,True,2026-09-05 17:17:12
36768273,2M66Q9,Embrace Essentials Ultra-Thin Long 9 Pads,300,300,8,100,True,2026-09-05 17:17:12
8010688,42B12E,Butterfly Breathables Pads Large 8Pcs Dry Mesh,350,350,17,100,True,2026-09-05 17:17:12
142007093,r1vf-4747,Embrace Essentials Ultra Thin Value Pack Pad 14 Pieces,490,490,9,8,True,2026-09-05 17:17:12
7641733,66DPWT,Always Sanitary Pads Ultra Long 32 Pieces,1630,1630,1,6,True,2026-04-01 10:11:28
35414271,6O8604,Embrace Sensitives Ultra-Thin Long 9 Pads,320,320,4,100,True,2026-09-02 13:24:34
8903780,DG2J09,Sincere Sanitary Pads Ultra Thin Long Regular Pack 8 Pieces,295.62,379,14,100,True,2026-09-05 17:17:12
36768155,0K4HL8,Puffin Panty Liners Normal 30 Pieces,630,630,1,100,True,2026-09-05 17:17:12
8903789,KWU9AE,Sincere Sanitary Pads Ultra Thin Xl Value Pack 14 Pieces,725,725,3,100,True,2026-09-05 17:17:12
8903768,35NESL,Sincere Sanitary Pads Ultra Thin Long Value Pack 16 Pieces,565.5,725,1,100,True,2026-08-11 16:07:36
20211879,RSIV90,Embrace Sensitives Ultra-Thin Extra long - NOT FOR SALE,5000,5000,275,100,True,2026-09-05 17:17:12
20211876,7A3NN7,Embrace Essentials Maxi Extra long - NOT FOR SALE,5000,5000,657,100,True,2026-09-05 17:17:12
13825057,VPE96L,Hankies Premium Facial Tissue Box,368,460,30,100,True,2026-09-05 17:17:12
7662888,N03WW5,Rose Petal Tissue Box Pop Up,243,270,35,8,True,2026-09-05 17:17:12
7636049,FWLJ2B,Rose Petal Toilet Tissue Roll 3+1,405,450,39,100,True,2026-09-05 17:17:12
7636101,UY9J3R,Rose Petal Paper Towel Twin Pack,585,650,56,8,True,2026-09-05 17:17:12
7636023,5M0092,Rose Petal Maxob Toilet Roll Family Pack 8's+2s Free,1080,1200,78,100,True,2026-09-05 17:17:12
7655027,3NM91H,Prime - Bachat Toilet Roll (White),85,100,5,100,True,2026-09-05 17:17:12
139850617,r1vf-7,Tux Soft Pack (550 Sheets) 1pc,374,440,9,0,True,2026-09-05 17:17:12
7655050,8JM700,Prime - Family Pack Toilet Roll (10s),595,700,4,100,True,2026-09-05 17:17:12
36767930,G9568E,Rose Petal Tissue Roll Single Pack Maxob,144,160,41,100,True,2026-09-05 17:17:12
7636046,8PTO17,Rose Petal Tissue Party Pack White,270,300,15,100,True,2026-09-05 17:17:12
7636058,H81UO7,Rose Petal Tissue Roll Kitchen Single,315,350,4,100,True,2026-09-05 17:17:12
7655023,41WM42,Prime - Pop Up (300 Sheets),207,230,7,100,True,2026-09-05 17:17:12
7655063,BOTFM4,Prime - Klar Toilet Roll 10s,433.5,510,12,100,True,2026-09-05 17:17:12
40370692,0PQ47V,Rose Petal Essential Ultra Soft Facial Tissues 140 Sheets,171,190,29,100,True,2026-09-05 17:17:12
35132315,1QMU0I,Tux Premium Tissue Pop Up 150X2 Ply,212.5,250,7,100,True,2026-09-05 17:17:12
13825096,M682D3,Hankies Toilet Roll Magic Economy Pack 10 Pieces,960,1200,3,100,True,2026-09-05 17:17:12
36760325,703CW2,Prime - Kitchen roll ,280.5,330,2,100,True,2026-09-05 17:17:12
13245042,3J268B,Rose Petal Regular Soft Pack 275 Pieces,414,460,5,100,True,2026-09-05 17:17:12
13245044,S21U6B,Rose Petal Perfumed Soft Pack 550 Pieces,432,480,44,100,True,2026-09-05 17:17:12
8671729,377RR3,Rose Petal Tissue Hi-Jeen 75S,198,220,71,100,True,2026-09-05 17:17:12
13825007,RN87E2,Hankies Twin Pack Kitchen Roll Luxury Size,520,650,10,100,True,2026-09-05 17:17:12
13825067,O8C44H,Hankies Toilet Roll  Mini,80,100,17,100,True,2026-09-05 17:17:12
13825018,T3SF76,Hankies Mini Hop Up Tissue Box,160,200,25,100,True,2026-09-05 17:17:12
13825032,S3CS6K,Hankies Soft Pack Tissue Box,120,150,89,100,True,2026-09-05 17:17:12
7636056,G7QIR5,Rose Petal Tissue Box Multi Colour,378,420,16,100,True,2026-09-05 17:17:12
7655085,G5427T,Prime - Twin Kitchen roll ,510,600,3,100,True,2026-09-05 17:17:12
141897051,BP0JLM,Rose Petal Serviette Party Pack White - 300 Sheets,300,300,1,0,True,2026-06-29 13:20:19
36767953,8RV6C9,Hankies Onetime Tissue Box,96,120,63,100,True,2026-09-05 17:17:12
13825027,77KP24,Hankies Facial Tissue Box,120,150,35,100,True,2026-09-05 17:17:12
7655103,PM61S9,Prime - Economy Toilet Roll ,76.5,90,10,100,True,2026-09-05 17:17:12
36767806,E9T309,Hankies Hop Up Tissue Box,250,250,18,100,True,2026-09-05 17:17:12
36760162,F570R8,Tux Mini Pop Up Tissue 1 Pack,152,160,2,100,True,2026-09-05 17:17:12
13825077,7TD108,Hankies Multi Rolls Twin Pack,224,280,59,100,True,2026-09-05 17:17:12
13825072,88K24L,Hankies Toilet Roll Magic,120,150,20,100,True,2026-09-05 17:17:12
7636026,7R50MB,Rose Petal Napkins Table,243,270,35,100,True,2026-09-05 17:17:12
13825062,46497B,Hankies Premium Facial Perfume Tissue,384,480,8,100,True,2026-09-05 17:17:12
35131939,BK10KG,Tux Premium Tissue Paper Towel (1 Roll),288,320,5,100,True,2026-09-05 17:17:12
7798990,874261,Tux Toilet Roll 2 R Tissue,228,240,30,100,True,2026-09-05 17:17:12
36767671,5LAF3W,Rose Petal Zzoop Kitchen Roll Tissue 1 Roll,945,1050,12,100,True,2026-09-05 17:17:12
13825091,69L47V,Hankies Jumbo Kitchen Towel,560,700,3,100,True,2026-09-05 17:17:12
13446247,624AE2,Tux Kitchen Paper Towel Pack 2pcs,531,590,4,100,True,2026-09-05 17:17:12
35130590,K25817,Rose Petal Tissue Hi-Jeen White,279,310,14,100,True,2026-09-05 17:17:12
54691915,r1vf-403,Rose Petal Deluxe Ultrasoft Facial Tissue - 200s,432,480,7,100,True,2026-09-05 17:17:12
7662880,K3K00I,Rose Petal Tissue Box Luxury,378,420,2,100,True,2026-09-05 17:17:12
13432240,WJNS37,Familia Plus Kitchen Towel 1 Piece,315,315,18,100,True,2026-09-05 17:17:12
13825081,IYH57H,Hankies Super Kitchen Hand Towel,350,350,3,100,True,2026-09-05 17:17:12
7655092,HNU397,Prime - Bigger Toilet Roll,102,120,21,100,True,2026-09-05 17:17:12
7644546,T67A85,Fay Tissue Toilet Double 2 Rolls,269.7,290,26,5,True,2026-09-05 17:17:12
139850618,r1vf-4,Tux Dawat Pack (300 Sheets) 1pc,247.5,275,2,8,True,2026-09-05 17:17:12
35128543,IZRJST,Hankies THE 4 X BIG ONES,400,500,23,100,True,2026-09-05 17:17:12
142894314,r1vf-13022,Tux Hand Towel 150 Pieces,250,250,20,8,True,2026-09-05 17:20:12
13825112,62H09G,Hankies Hygiene Tissue 100 Sheets,240,300,11,100,True,2026-09-05 17:17:12
40370691,57JK28,Rose Petal Limited Edition Perfumed Oud 1 Pack,405,450,14,100,True,2026-09-05 17:17:12
13825023,1I4YZ5,Hankies Compacta Tissue Box,120,150,72,100,True,2026-09-05 17:17:12
142894317,r1vf-13025,Tux Table Napkin 50 Sheets,270,270,18,8,True,2026-09-05 17:17:12
7655075,G4AQ29,Prime - Maxi Kitchen roll ,977.5,1150,12,100,True,2026-09-05 17:17:12
41515552,QMDEQA,Tulip Toilet Roll White (8+2 Offer),792,880,5,0,True,2026-09-05 17:17:12
142894313,r1vf-13021,Tux Toilet Paper Promotion Pack 10 Pieces,936,1040,8,8,True,2026-09-05 17:17:12
35130724,GV29P4,Hankies Toilet Tissues Small,96,120,117,100,True,2026-09-05 17:17:12
13825037,432601,Hankies Flora Tissue Box,160,200,1,100,True,2026-09-05 12:31:21
13825117,QXD7HA,Hankies Hygiene Tissue 200 Sheets,440,550,5,100,True,2026-09-05 17:17:12
144381126,r1vf-10722,My Wrap Kitchen Towel (Twin Pack) 2 Rolls,462,660,20,8,True,2026-09-05 17:17:12
7644418,7L49UK,Fay Tissue Biggest Toilet 4 Rolls,511.5,550,8,5,True,2026-09-05 17:17:12
142894316,r1vf-13024,Tux Perfumed Tissue 200 Pieces,350,350,14,8,True,2026-09-05 17:17:12
7790747,H36Z4W,Tux Premium Tissue Grande 100X2 Ply,234,260,33,100,True,2026-09-05 17:17:12
7644399,6S6914,Fay Miss Tissue Box 100 Pieces,251.1,270,32,5,True,2026-09-05 17:17:12
144381125,r1vf-10721,My Wrap Kitchen Towel (Single Pack) 1 Roll,259,370,45,8,True,2026-09-05 17:17:12
35132551,7OI5E3,Fay Kitchen Single Tissue 1 Roll ,160,320,1,5,True,2026-07-18 07:57:22
13825127,Z7R567,Hankies Dispenser Tissue 24 Packets,384,480,4,100,True,2026-09-05 17:17:12
8720822,76423B,Hi Jeen Tissue Dispenser Large,5500,5500,23,100,True,2026-09-04 07:54:20
7644489,IX753Z,Fay Kitchen Twin Packet Tissue 2 Rolls ,604.5,650,29,5,True,2026-09-05 17:17:12
141706426,virtual-529,Masafi Facial Tissue White (2 Ply) 200 Pieces (00001),600,600,18,0,True,2026-09-05 17:17:12
13825052,3F16Y4,Hankies Garden Tissue Box,300,300,12,100,True,2026-09-05 17:17:12
7644384,555BZ7,Fay Mini Pop Up 50 Pieces,120.9,130,133,5,True,2026-09-05 17:17:12
139850616,r1vf-8,Deluxe Tissue Roll 1pc,130,130,9,0,True,2026-09-05 17:17:12
7655037,7I1G6D,Prime - Hand Towel Nature (150 Sheets),212.5,250,3,100,True,2026-09-05 17:17:12
142894315,r1vf-13023,Tux Royal Gold Tissue 1 Box,450,450,19,8,True,2026-09-05 17:17:12
13432241,CI237W,Familia Plus Toilet Paper 1 Piece,130,130,1,100,True,2026-09-01 08:26:41
35128761,3A4P7C,Fay Elegant 80 Pieces,167.4,180,31,5,True,2026-09-05 17:17:12
7644339,2673HP,Fay Hygiene Fine Tissues 75 Pieces,204.6,220,37,5,True,2026-09-05 17:17:12
7644523,OIX621,Fay Tissue International 100 Pieces,213.9,230,51,3,True,2026-09-05 17:17:12
7644377,545RZA,Fay Kitchen Bigger Tissue 1 Roll ,651,700,31,5,True,2026-09-05 17:17:12
35132492,V7G8C6,Fay Gardenia Tissue Box 100 Pieces,297.6,320,133,5,True,2026-09-05 17:17:12
13825047,JT16DK,Hankies Luxury Tissue Box,240,300,12,100,True,2026-09-05 17:17:12
143345858,BGLG16,Masafi Tissue Pure S Care 1 Packet,550,550,36,0,True,2026-09-05 17:17:12
15396192,GZP727,Fine Tissue Box 150S Classic,375,375,19,12,True,2026-09-05 17:17:12
7644325,1893F8,Fay Tissue Bigger Maxi 1 Roll ,1209,1300,10,5,True,2026-09-05 17:17:12
7644498,J2MT6L,Fay Cotton Buds 100 Pieces,167.4,180,12,5,True,2026-09-05 17:17:12
7644467,C2WS1L,Fay Cotton Round Pads 50 Pieces,344.1,370,7,5,True,2026-09-05 17:17:12
7644440,8HG7G7,Fay Cotton Round Pads 80 Pieces,437.1,470,6,5,True,2026-09-05 17:17:12
36760453,Y6RVL1,Fay Cotton Balls 50 Pieces,204.6,220,4,5,True,2026-09-05 17:17:12
7644390,5D3734,Fay Cotton Balls 100 Pieces,344.1,370,89,5,True,2026-09-05 17:17:12
141617032,7WTDDX,Durex Mutual Pleasure Condom 10 Pieces,1430,1625,11,0,True,2026-09-05 17:21:00
12637817,MH1TTN,RIVAJ HD #4 HIGH FLAWLESS FACE POWDER (ZM Opened & Checked),2425,2425,10,100,True,2026-09-05 17:17:31
13122228,1GWY64,Luscious Sparkling Face Shimmer - Star Light (ZM Opened & Checked),1521,1521,4,100,True,2026-09-05 17:17:31
12637826,YTKD9C,RIVAJ HD #2 WET&DRY RADIANT PRESSED POWDER (ZM Opened & Checked),2425,2425,16,100,True,2026-08-04 14:19:08
12637837,PNL84J,RIVAJ HD #3 WET&DRY RADIANT PRESSED POWDER (ZM Opened & Checked),2425,2425,9,100,True,2026-08-07 13:10:03
7663488,80J904,Maybelline Fit Me Matte Poreless Liquid Foundation SPF 22 (No128) Warm Nude 18ml,1599.2,1999,2,100,True,2026-08-02 08:40:36
36767664,2147S2,Maybelline Fit Me Matte Classic Ivory No120 Poreless Liquid Foundation (SPF 22) 18ml,1259.37,1999,1,100,True,2026-07-18 07:57:44
36767991,V367S9,Maybelline Fit Me Matte + Poreless Liquid Foundation (110 Porcelain) 30ml,2204.37,3499,3,100,True,2026-09-05 17:17:31
9968126,UH7DQT,Revolution Conceal & Define Foundation F7 (ZM Opened & Checked),4350,4350,1,100,True,2026-09-04 13:17:57
7633618,065H4W,Bourjois Healthy Mix Antifatigue Foundation Beige #54 (ZM Opened & Checked),5880,5880,13,100,True,2026-09-05 17:17:31
7633497,D60D3W,Rimmel London Lasting Finish Matte Foundation Buff #305 (ZM Opened & Checked),1500,3000,5,100,True,2026-09-05 17:17:31
8754722,4GGX18,Maybelline New York Instant Age Rewind Concealer #100 Ivory 6 ml,2393.37,3799,1,100,True,2026-09-05 17:17:31
36759678,QOI41N,Maybelline Instant Age Rewind Concealer No.130 Medium 6ml,2393.37,3799,1,100,True,2026-09-05 17:17:31
41348327,IH3165,Maybelline New York Fit Me Fresh Tint 02,2399,2399,1,100,True,2026-09-02 07:48:18
8977216,WT7YF1,Mua Shimmer Highlight Powder Iridescent Gold (ZM Opened & Checked),1760,1760,5,100,True,2026-09-05 17:17:31
10142416,1B4RD7,Mua Shimmer Highlight Powder Pink Shimmer (ZM Opened & Checked),1760,1760,2,100,True,2026-09-05 17:17:31
10682431,519681,Revlon Powder Blush- Bronze Beauty (ZM Opened & Checked),5100,5100,2,100,True,2026-09-05 17:17:31
10142417,932SU0,Mua Shimmer Highlight Powder Radiant Cashmere (ZM Opened & Checked),1760,1760,11,100,True,2026-09-05 17:17:31
12638068,A9NPYX,A'MRIJ #01 SELFIE READY LIQUID HIGHLIGHT (ZM Opened & Checked),2560,2560,7,100,True,2026-08-04 14:19:08
12852185,Y0G938,Revolution Matte Lipstick Cutie 139,1850,1850,2,100,True,2026-09-05 17:17:31
10682187,0O89OE,Revlon Super Lustrous Lipstick -616-wink for pink (ZM Opened & Checked),3369,3369,3,100,True,2026-09-05 17:17:31
12638084,23EVQT,A'MRIJ #07 DIVA MATTE LIPSTICK (ZM Opened & Checked),1015,1450,5,100,True,2026-04-02 13:20:48
10682340,63T317,Revlon Super Lustrous Lipstick-014-Sultry (ZM Opened & Checked),3369,3369,4,100,True,2026-09-05 17:17:31
12638076,2NPNVM,A'MRIJ #03 DIVA MATTE LIPSTICK (ZM Opened & Checked),725,1450,5,100,True,2026-04-02 13:20:48
7658901,RGZPOM,St London Sensual Liquid Lip Color Ruby Red,1340,1340,3,100,True,2026-09-05 17:17:31
7633584,55G139,Max Factor Lipfinity Lip Color Velvet Matte # 030 Cool Coral,2680,2680,2,100,True,2026-09-05 17:17:31
10682273,J78303,Revlon Super Lustrous Lipstick- 654-Ravish me red (ZM Opened & Checked),3369,3369,3,100,True,2026-09-05 17:17:31
12637892,MQ3O9X,RIVAJ HD 4.2G #1 COLOR CRUSH MATTE LIPSTICK (ZM Opened & Checked),1705,1705,14,100,True,2026-08-04 14:19:08
10682285,QM43HV,Revlon Super Lustrous Lipstick- 740-Certainly Red (ZM Opened & Checked),3369,3369,2,100,True,2026-09-05 17:17:31
12852178,Q3X0G9,Revolution Matte Lipstick Cherry 132 (ZM Opened & Checked),2040,2040,6,100,True,2026-09-05 17:17:31
12637904,GV9DNT,RIVAJ HD 4.2G #2 COLOR CRUSH MATTE LIPSTICK (ZM Opened & Checked),1705,1705,14,100,True,2026-08-04 14:19:08
7658778,76A5XX,St London Sensual Liquid Lip Color Ferrari Red,1340,1340,3,100,True,2026-09-05 17:17:31
12637914,2D61E7,RIVAJ HD 4.2G #13 COLOR CRUSH MATTE LIPSTICK (ZM Opened & Checked),1705,1705,5,100,True,2026-08-04 14:19:08
9969385,2JY49D,Revolution Ruby 134 Matte Lipstick (ZM Opened & Checked),2040,2040,1,100,True,2026-09-05 17:17:31
8976898,JF6512,Mua Eyeshadow Palette 20 Shade Flame Thrower (ZM Opened & Checked),3080,3080,4,100,True,2026-09-05 17:17:31
10142413,U3750D,Mua Pro Eyeshadow Palette Color Burst (ZM Opened & Checked),1750,1750,4,100,True,2026-09-05 17:17:31
8977137,0PMR27,MUA Pro 20 Shade Eyeshadow Palette - Tropical Oceana (ZM Opened & Checked),3080,3080,3,100,True,2026-09-05 17:17:31
8976792,C22D82,Mua 20 Shade Eyeshadow Palette Peacock Plumage (ZM Opened & Checked),3080,3080,1,100,True,2026-09-05 17:17:31
7663507,DVEB7A,Maybelline New York Colossal Volume Express 100% Black Mascara 10.7ml,1486.65,1749,36,100,True,2026-09-05 17:17:31
18952545,29P3FK,Maybelline New York Lash Sensational Sky High Very Black,2267.37,3599,1,100,True,2026-08-22 03:48:36
25726097,J677W8,Color Studio Wow Eyeliner Felt Tip (ZM Opened & Checked),912.5,1250,6,100,True,2026-09-05 17:17:31
10647996,T0Z527,Color Studio Eye Pencil Kohl Addict White 107 (ZM Opened & Checked),1200,1200,2,100,True,2026-09-05 17:17:31
36767877,SYYP7V,Color Studio Eye Pencil Kohl Addict Gold 106 (ZM Opened & Checked),1200,1200,8,100,True,2026-09-05 17:17:31
25725937,5Z7DN1,Color Studio Micellar Water Aloe Vera 100ml,653.35,895,2,100,True,2026-09-05 17:17:31
25726047,B4R1RR,Color Studio Micellar Water Cucumber 100ml,620.5,850,6,100,True,2026-09-05 17:17:31
35133511,19R5AS,Krone Attitude Vogue Body Spray 150ml,339.5,485,11,5,True,2026-09-05 17:17:31
35128757,X9KAXJ,Krone Attitude Rise Body Spray 150ml,436.5,485,11,5,True,2026-09-05 17:17:31
7636472,GZFV54,Fogg Marco Fragrance Body Spray 120ml,807.5,950,1,10,True,2026-05-24 16:09:48
35133736,H83AP1,Fogg Paradise Fragrance Body Spray 120ml,950,950,13,10,True,2026-09-05 17:17:31
8176387,R1X996,Fa Roll On Dry Protect 50ml (Imported),499,499,3,3,True,2026-08-15 15:29:50
142367699,r1vf-3087,Markhor Zann Gulabo (Non-gas) Body Spray 120ml,629.3,899,10,8,True,2026-08-29 16:23:36
8176390,85RZS5,Fa Roll On Soft & Control 50ml (Imported),499,499,5,3,True,2026-09-05 17:17:31
8176421,BW7M9J,Fa Roll On Men Sports Recharge 50ml (Imported),389.22,499,2,3,True,2026-09-05 17:17:31
8176407,H09E29,Fa Deodorant Roll On Men Attraction Force 50ml,389.22,499,1,3,True,2026-09-04 13:17:57
142367703,r1vf-3091,Markhor Royale Nova (Non-gas) Body Spray 120ml,656.27,899,20,8,True,2026-09-05 17:17:31
46664670,6N494U,Nivea Deodorant Roll On Women Dry Comfort 50ml,549,549,18,100,True,2026-09-05 17:17:31
35128874,2312XE,Markhor Body Spray Noir (Non-gas) 120ml,899,899,5,100,True,2026-09-05 17:17:31
142367708,r1vf-3112,Markhor Noir Mystic (Non-gas) Body Spray 120ml,656.27,899,16,8,True,2026-09-05 17:17:31
141612197,r1vf-988,Dove Deodorant Stick Invisible Dry Anti-perspirant 40ml,899,899,5,3,True,2026-09-05 17:17:31
35133648,1GMB62,Nivea Pearl & Beauty Anti Perspirant  50 ml,1170,1500,7,100,True,2026-09-05 17:17:31
8013859,A7DGHC,Fa Roll On Sport For Men 50ml (Imported),499,499,1,3,True,2026-09-05 17:17:31
142367705,r1vf-3093,Markhor Royale Apex (Non-gas) Body Spray 120ml,899,899,10,8,True,2026-09-05 17:17:31
9094303,V5EZ51,Hemani Wb Intense Secrets Deodorant Body Spray 200 ml,585,585,3,100,True,2026-09-05 17:17:31
8017862,FJ0AA4,Fa Roll On Aqua Fresh (Imported) 50ml ,499,499,2,100,True,2026-08-22 15:28:49
8008918,FM6NC7,"Nivea Men Deep Black Carbon, Antiperspirant For Men, Antibacterial, Roll On 50 ml",1170,1500,6,100,True,2026-09-05 17:17:31
143730496,UISOKL,Fa Body Spray Seductive Scent 200ml,1099,1099,1,0,True,2026-07-17 05:54:41
142367709,r1vf-3114,Markhor Noir Zest (Non-gas) Body Spray 120ml,656.27,899,21,8,True,2026-09-05 17:17:31
35134470,MUA3UY,"Nivea Men Fresh Active, Segar Tahan Lama, deodorant 50 ml",467.22,599,1,100,True,2026-09-02 18:34:23
139755064,r1vf-983,Axe Deodorant & Bodyspray Dark Temptation 150ml,825,825,8,3,True,2026-09-05 17:17:31
142367700,r1vf-3088,Markhor Monster (Non-gas) Body Spray 120ml,875,875,24,8,True,2026-09-05 17:17:31
7641515,96SYDU,Axe Deodorant & Bodyspray Apollo 150ml,825,825,5,3,True,2026-09-05 17:17:31
35131190,E7N37N,Markhor Body Sprayt Voyage (Non-gas) 120ml,656.27,899,3,100,True,2026-09-05 17:17:31
142367698,r1vf-3086,Markhor Saien (Non-gas) Body Spray 120ml,875,875,19,8,True,2026-09-05 17:17:31
142367702,r1vf-3090,Markhor Blanc Frostnight (Non-gas) Body Spray 120ml,875,875,17,8,True,2026-09-05 17:17:31
141611240,r1vf-989,Dove Deodorant Stick Original Anti-perspirant 40g,850,850,4,3,True,2026-09-05 17:17:31
7641547,T1MBRZ,Axe Body Spray Musk 150 ml,825,825,10,100,True,2026-09-05 17:17:31
142367707,r1vf-3111,Markhor Noir Blaze (Non-gas) Body Spray 120ml,656.27,899,22,8,True,2026-09-05 17:17:31
142367697,r1vf-3085,Markhor Noir Flare (Non-gas) Body Spray 120ml,656.27,899,22,8,True,2026-09-05 17:17:31
143730495,DZ3A8D,Fa Body Spray Pink Passion UAE 200ml,857.22,1099,2,0,True,2026-09-05 17:17:31
142367704,r1vf-3092,Markhor Royale Titan (Non-gas) Body Spray 120ml,656.27,899,23,8,True,2026-09-05 17:17:31
13121764,98G3GU,Fa Deodorant Roll on Freshly Free Cucumber & Melon 50ml,389.22,499,5,3,True,2026-09-05 17:17:31
7641501,50B60B,Axe Gold Dark Body Spray 150ml,750,750,16,3,True,2026-08-22 15:28:49
142367706,r1vf-3110,Markhor Noir Spark (Non-gas) Body Spray 120ml,656.27,899,21,8,True,2026-09-05 17:17:31
13465773,YS501E,Nivea Roll On 50Ml Clean Protect,1185,1500,1,100,True,2026-04-27 11:10:29
14285984,R84X07,Markhor Body Spray Icon (Non-gas) 120 ml,656.27,899,23,100,True,2026-09-05 17:17:31
142367701,r1vf-3089,Markhor Moto Cross (Non-gas) Body Spray 120ml,875,875,23,8,True,2026-09-05 17:17:31
35130945,7G4PLI,MarkhorBody Spray Desire (Non-gas) 120ml,656.27,899,5,100,True,2026-09-05 17:17:31
8008725,KPQ9EH,Nivea Aqua Cool Roll On 50ml,1170,1500,2,100,True,2026-09-05 17:17:31
8009108,GB0R32,"Nivea Powder Touch, Antiperspirant For Women, Roll On 50 ml",1170,1500,4,100,True,2026-09-05 17:17:31
35129615,E683BV,MarkhorBody Spray Code  (Non - gas) 120 ml,656.27,899,24,100,True,2026-09-05 17:17:31
9094273,2XIAH8,Hemani Wb Coral Blush Deodorant Body Spray 200ml,585,585,3,100,True,2026-09-05 17:17:31
7825009,D51MDG,Cerelac Rice Baby Food 175g,450,450,3,100,True,2026-05-08 10:33:28
7825021,LN9197,Nestle Cerelac Baby Food (3 Fruits & Wheat) 175gm,450,450,10,0,True,2026-09-05 17:17:52
7959178,KLCGU3,Nestle Cerelac Nature's Selection Multigrain Dates & Bananalicious 175g 175g,650,650,4,0,True,2026-09-05 17:17:52
7824998,6MT8C7,Cerelac Wheat Baby Food 175g,450,450,10,0,True,2026-09-05 17:17:52
140607578,r1vf-4272,Cerelac Vitamin B1 & Iron (3 Fruits) 100g,250,250,3,0,True,2026-09-05 17:17:52
7825123,09R702,Cerelac Red Fruits Baby Food 175g,560,560,3,0,True,2026-09-05 17:17:52
35134098,3I4HD4,Cerelac Yellow Fruits Baby Food 175g,560,560,4,0,True,2026-09-05 17:17:52
7825458,5F6FA0,Cerelac 3 Fruits & Wheat Baby Food 350g,870,870,4,0,True,2026-09-05 17:17:52
7825158,1Z58R2,"Cerelac Nature Oats,Rice&Apples Soft Pack 175Gm",620,620,1,100,True,2026-06-18 12:40:13
24138030,ZG4U4Q,"Cerelac Apple, Strawberry and Pear Baby Food 175g",560,560,5,0,True,2026-09-05 17:17:52
23992803,AS657U,Nestle Cerelac Nature's Selection (Pineapple) 175g,650,650,3,0,True,2026-09-05 12:32:06
24138078,2DG9BX,"Nestle Cerelac Nature's Selection Multigrain, Pomegranate 350gm",1280,1280,1,0,True,2026-09-05 17:17:52
7825286,T421S3,Baby Food - NESTLE CERELAC - Wheat 350 g,870,870,1,0,True,2026-09-01 18:18:07
142807538,6VX99Q,Morinaga BF-1 Milk Powder (Soft Pack) 200g,800,800,3,0,True,2026-09-05 07:34:28
7919797,GWP64C,Nestle Lactogen 1 Baby Food Infant Formula 200g,750,750,2,0,True,2026-09-03 13:23:44
7825463,XV1HI5,Nestle Lactogen Nestle Lactogen 1 400G - Infant Formula,1500,1500,2,0,True,2026-09-02 18:34:45
7649681,UHDMI5,Morinaga Powder Milk Bf 1 400g,2790,2790,2,100,True,2026-09-04 07:55:02
7825466,5UFQYW,Nestle Lactogen 2 Follow-up Formula Powder 400g,1500,1500,1,0,True,2026-09-05 17:17:52
7825507,QD7FD6,Lactogen 1 Milk Powder Soft Pack 800g,3000,3000,1,0,True,2026-09-05 17:17:52
35130224,747Z5L,Morinaga Powder Milk BF-1 900g,6030,6030,2,100,True,2026-09-04 07:55:02
7825134,5HW26V,Nestle Lactogen 2 Follow-up Formula Powder 200g,750,750,1,0,True,2026-09-04 07:55:02
7649645,78D72B,Morinaga Powder Milk BF-2 900g,6030,6030,1,100,True,2026-09-04 13:18:23
35134668,9LAHAJ,Lactogen 2 Milk Powder Soft Pack 800Gm Dha,3000,3000,2,0,True,2026-09-05 17:17:52
140346889,r1vf-3325,Nan Supremepro 1 Powder (Tin) 850g,6150,6150,1,2,True,2026-09-05 17:17:52
140346888,r1vf-3324,Nan Supremepro 1 Powder (Tin) 400g,2950,2950,1,2,True,2026-09-05 17:17:52
140346891,r1vf-3327,Nan Supremepro 2 Powder (Tin) 900g,6150,6150,1,8,True,2026-08-15 03:46:36
140346890,r1vf-3326,Nan Supremepro 2 Powder (Tin) 400g,2950,2950,1,0,True,2026-09-05 17:17:52
35129612,5N21FG,Similac Formula Total Comfort 2 360g,3250,3250,2,1,True,2026-09-05 17:17:52
7825527,622MD8,Nestle Nido Growing up Formula 1+ Powder 900g,2538,2700,4,2,True,2026-09-04 13:18:23
7825436,6L23H8,Nestle Nido NESTLE NIDO Growing up Formula 1+ Powder 375g,1062.2,1130,2,0,True,2026-09-05 17:17:52
7851943,XE960U,Nestle Nido Growing Up Formula 1+ Powder 150g,423,450,4,0,True,2026-09-05 17:17:52
36760458,B39773,Nestle Nangrow 3 Growing-up Formula 300g,1175,1250,3,0,True,2026-09-05 17:17:52
7825503,8MTZ89,Nestle Nido NESTLE NIDO Growing up Formula 3+ Powder 800g,2256,2400,3,0,True,2026-09-04 13:18:23
7825474,EBUPEN,NESTLE LACTOGROW 3 Growing-up Formula Powder Milk 400g,1410,1500,3,2,True,2026-09-05 17:17:52
7649660,B28QT2,Morinaga Powder Milk BF Grow 3 Vanilla 900g,3600,3600,7,100,True,2026-09-05 17:17:52
7649677,P26O24,Morinaga Powder Milk Nl 33 350 g,2660,2660,3,100,True,2026-09-05 17:17:52
35134310,OYWI77,Nestle Lactogrow 3 Growing-up Formula Powder Milk 800g,2820,3000,2,2,True,2026-09-05 17:17:52
35915693,88340C,Nestle Nido Growing up Formula 3+ Powder 375g,1062.2,1130,1,0,True,2026-09-05 12:32:06
7649652,82K5DW,Morinaga Bf 3 Soft Pack 300Gm,1220,1220,5,100,True,2026-09-05 17:17:52
7649636,31T754,Morinaga Bf 3 Soft Pack 600Gm,2400,2400,2,100,True,2026-09-05 17:17:52
34264117,FGM1HM,Nestle Nido Growing up Formula 3+ Powder 150g,376,400,6,0,True,2026-09-05 17:17:52
7646893,5824C4,PediaSure Nutritional Powder Vanilla 400g,3304.1,3515,1,1,True,2026-08-31 09:30:07
35133968,L60IRG,Morinaga Bf Grow 3 Vanilla 1 Year 400g,2790,2790,2,100,True,2026-09-04 13:18:23
140346892,r1vf-3328,Nan Supremepro 3 (Tin) 850g,6150,6150,3,2,True,2026-09-05 17:17:52
140360018,r1vf-3329,Nangrow Supremepro 3 (Tin) 400g,2950,2950,15,0,True,2026-09-05 17:17:52
142807543,XBXAC0,Morinaga Bf Chil School Growing-up Formula Chocolate Stage 4 300g,1310,1310,20,0,True,2026-09-05 17:17:52
142807545,X4H3RB,Morinaga Bf-Chill School Stage 4 900g,3820,3820,1,0,True,2026-09-05 17:17:52
142807542,O8XPD6,Morinaga Cs 4 Vanilla Growing Up Formula 600g,2570,2570,2,0,True,2026-09-05 17:17:52
142807544,UUD6EX,Morinaga Bf-4 Chil Chocolate Above 3 Year 600g,2570,2570,5,0,True,2026-09-05 17:17:52
7657996,SDUI96,Momse Regular Wipes 66 Pieces,370.62,426,18,100,True,2026-09-05 17:17:52
8768378,U33JZ4,Mothercare Baby Wipes Tea Tree Oil White Large 70 Pcs,329.3,370,23,5,True,2026-09-05 17:17:52
7650198,5TZ5M5,NaNa Premium Wipes 72 Pieces,302.76,348,7,100,True,2026-09-05 17:17:52
38518754,E4K50L,Bona Papa Super Baby Diapers Large Size 4  50 Pieces,1690,1690,3,12,True,2026-09-05 17:17:52
38518764,8794VW,Bona Papa Super Baby Diapers  XL Size 5 50 Pieces,1816,1816,2,12,True,2026-09-05 17:17:52
38518772,I384Q9,Bona Papa Super Baby Diapers Medium Size 3 50 Pieces,1359.81,1563,1,12,True,2026-09-04 13:18:23
58734300,mol368,Molfix Diaper Mega Pack Extra Large Size 6 (15kg+) 54 Pcs,4150,4150,4,3,True,2026-09-05 17:17:52
9745319,5O12WL,Pampers Pants Baby Diapers Size 6 Junior Plus 38 Count,2800,2800,1,12,True,2026-05-09 10:10:55
14311764,5B15EC,Pampers Taped Baby Diapers Size 5 Junior 44 Count,2800,2800,1,12,True,2026-05-23 06:24:15
7642354,35NV0H,Canbebe Baby Diaper Jumbo Extra Large Size 6 (16+ Kg) 38 Pieces,2590,3372,5,12,True,2026-09-05 17:17:52
38518784,325K8V,Bona Papa Super Baby Diapers XXL Size 6 50 Pieces,2006,2006,1,12,True,2026-09-05 17:17:52
8768638,ZO8406,Mothercare Baby Wipes Pink Large 80 Pieces,329.3,370,9,10,True,2026-09-05 17:17:52
58758787,r1vf-545,Molfix Diaper Extra Large Twin Pack Size 6 (15+kg) 19 Pcs,1750,1750,9,100,True,2026-09-05 17:17:52
7989715,I6Z6H2,Molfix Diaper Pants Extra Large Jumbo Pack Size 6 (15+kg) 38 Pcs,2850,2850,1,3,True,2026-09-03 07:57:30
35128702,2SM871,Canbebe Baby Diaper Jumbo Junior Size 5 (11-25 Kg) 44 Pieces,2590,3372,1,12,True,2026-09-05 17:17:52
58758805,r1vf-540,Molfix Diaper Junior Jumbo Pack Size 5 (11-18kg) 44 Pcs,3150,3150,9,100,True,2026-09-05 17:17:52
9745300,R8984U,Pampers Pants Baby Diapers Size 6 Junior Plus 19 Pieces,1600,1600,1,12,True,2026-04-23 13:50:00
58734295,mol369,Molfix Diaper Jumbo Pack Extra Large Size 6 (15kg+) 38 Pcs,2599,3150,3,3,True,2026-08-30 18:33:45
38518760,26QX28,Bona Papa Magic Baby Diapers Jumbo XL Size 5 48 Pieces,2323,2323,1,12,True,2026-09-05 17:17:52
58758803,r1vf-552,Molfix Diaper Pants Junior Jumbo Pack Size 5 (12-17kg) 44 Pcs,2830,2830,9,100,True,2026-09-05 17:17:52
38518782,L034RM,Bona Papa Super Baby Diapers Newborn 50 Pieces,1215,1215,1,12,True,2026-09-05 17:17:52
13825132,3X05O8,Hankies Wettish Wipe 6 Pieces,80,100,446,100,True,2026-09-05 17:17:52
7642390,I86W5C,Canbebe Baby Diaper Midi Jumbo Size 3 56 Pieces (4-9 kg),2590,3372,21,12,True,2026-09-05 17:17:52
7658010,Y0SO5D,Momse Jumbo Diaper Size 5 Ex-Large 44 Pieces,3047,3047,1,12,True,2026-09-05 17:17:52
58758795,r1vf-534,Molfix Diaper Maxi Mega Pack Size 4 (7-14kg) 72 Pcs,4150,4150,6,100,True,2026-09-05 17:17:52
38518766,IW5N6B,Bona Papa Super Baby Diapers Small Size 2 50 Pieces,1310,1310,1,12,True,2026-09-05 17:17:52
58758811,r1vf-549,Molfix Diaper Pants Extra Large Twin Pack Size 6 (15+kg) 19 Pcs,1630,1630,2,100,True,2026-09-05 17:17:52
58758791,r1vf-539,Molfix Diaper Maxi Jumbo Pack Size 4 (7-14kg) 50 Pcs,3150,3150,5,100,True,2026-09-05 17:17:52
9745250,53LGT0,Pampers Pants Baby Diapers Size 5 Junior 44 Pieces,2800,2800,1,12,True,2026-05-27 18:08:42
58758768,r1vf-548,Molfix Diaper Pants Junior Twin Pack Size 5 (12-17kg) 22 Pcs,1630,1630,2,100,True,2026-09-05 17:17:52
141255218,BU75X3,Pampers MP S4 Skin Comfort (Size 4) 50 Pieces,2800,2800,2,0,True,2026-06-12 12:29:47
35131632,MAUBMM,Canbebe Baby Diaper Maxi Jumbo Size 4 (7-18 Kg) 50 Pieces,2590,3372,1,12,True,2026-09-05 17:17:52
58758774,r1vf-535,Molfix Diaper Junior Mega Pack Size 5 (11-18kg) 62 Pcs,3699,4150,1,100,True,2026-08-31 09:30:07
7642362,44S3S1,Canbebe Baby Diapers Extra Large Economy Size 6 (16Kg +) 19 Pieces,1768,1768,1,12,True,2026-09-05 17:17:52
9745375,W20413,Pampers Taped Baby Diapers Size 4 Large 25 Pieces,1600,1600,1,12,True,2026-04-28 11:11:39
58734305,mol370,Molfix Diaper Junior Twin Pack Size 5 (11-18kg) 22 Pcs,1800,1800,10,6,True,2026-09-05 17:17:52
58758758,r1vf-544,Molfix Diaper Maxi Twin Pack Size 4 (7-14kg) 25 Pcs,1750,1750,12,100,True,2026-09-05 17:17:52
7642410,X815OH,Canbebe Baby Diapers Junior Economy Size 5 (11 - 25Kg) 22 Pieces,1768,1768,10,12,True,2026-09-05 17:17:52
38518770,947C48,Bona Papa Magic Baby Diapers Jumbo XXL Size 6 42 Pieces,2323,2323,1,12,True,2026-09-05 17:17:52
9745397,5UEVUS,Pampers Taped Baby Diapers Size 3 Medium 28 Pieces,1600,1600,1,12,True,2026-06-23 17:26:37
7642337,0943DU,Canbebe Baby Diapers New Born Jumbo  (2 - 5Kg) 84 Pieces,2850,3164,6,12,True,2026-09-05 17:17:52
58758783,r1vf-551,Molfix Diaper Pants Maxi Jumbo Pack Size 4 (9-14kg) 50 Pcs,2830,2830,7,100,True,2026-09-05 17:17:52
58758807,r1vf-538,Molfix Diaper Midi Jumbo Pack Size 3 (4-9kg) 56 Pcs,3150,3150,2,100,True,2026-09-05 17:17:52
141255217,CXDH1X,Pampers Baby Diapers Skin Comfort Medium (Size 3) 56 Pieces,2800,2800,1,0,True,2026-06-17 18:00:52
35133949,72VHMX,Canbebe Baby Diapers New Born Economy  (2 - 5Kg) 42 Pieces,1685,1685,1,12,True,2026-08-27 13:57:20
58758765,r1vf-541,Molfix Diaper Newborn Twin Pack Size 1 (2-5kg) 42 Pcs,1750,1750,3,100,True,2026-09-05 17:17:52
35128870,PB665I,Canbebe Baby Diapers Maxi Economy Size 4 (7 - 18Kg) 25 Pieces,1768,1768,2,12,True,2026-09-05 17:17:52
58758780,r1vf-533,Molfix Diaper Midi Mega Pack Size 3 (4-9kg) 80 Pcs,4150,4150,4,100,True,2026-09-05 17:17:52
58758798,r1vf-547,Molfix Diaper Pants Maxi Twin Pack Size 4 (9-14kg) 25 Pcs,1630,1630,5,100,True,2026-09-05 17:17:52
8768860,31M0H4,Mothercare Anit Bacterial Alcohol Free Adult Wipes 40 Pieces,300,300,7,5,True,2026-09-05 17:17:52
9745208,04132R,Pampers Taped Baby Diapers Size 2 Small 62 Pieces,2800,2800,2,12,True,2026-04-12 15:41:53
9745223,T27ODU,Pampers Pants Baby Diapers Size 4 Large 50 Pieces,2800,2800,1,12,True,2026-06-12 07:36:54
58758809,r1vf-543,Molfix Diaper Midi Twin Pack Size 3 (4-9kg) 28 Pcs,1750,1750,1,100,True,2026-08-07 16:05:37
141706425,virtual-786,Masafi Antibacterial Wipes 80 Pieces (00001),799,799,1,0,True,2026-04-28 11:11:39
58758801,r1vf-537,Molfix Diaper Mini Jumbo Pack Size 2 (3-6kg) 70 Pcs,2677.5,3150,15,100,True,2026-09-05 17:17:52
7642392,M1X0Z6,Canbebe Baby Diapers Mini Economy Size 2 (3 - 6Kg) 34 Pieces,1768,1768,5,12,True,2026-09-05 17:17:52
7642377,9C79I6,Canbebe Baby Diapers Midi Economy Size 3 (4 - 9Kg) 28 Pieces,1768,1768,1,12,True,2026-09-05 17:17:52
58758777,r1vf-542,Molfix Diaper Mini Twin Pack Size 2 (3-6kg) 35 Pcs,1750,1750,2,100,True,2026-09-05 17:17:52
58758762,r1vf-532,Molfix Diaper Mini Mega Pack Size 2 (3-6kg) 100 Pcs,3527.5,4150,6,100,True,2026-09-05 17:17:52
58758771,r1vf-546,Molfix Diaper Pants Midi Twin Pack Size 3 (6-11kg) 28 Pcs,1630,1630,1,100,True,2026-08-26 12:59:13
9745336,TZ1W89,Pampers Taped Baby Diapers Size 2 Small 31 Pieces,1600,1600,1,12,True,2026-04-25 10:00:15
58758815,r1vf-550,Molfix Diaper Pants Extra Large Midi Jumbo Pack Size 3 (6-11kg) 56 Pcs,2405.5,2830,6,100,True,2026-09-05 17:17:52
12095944,5PO767,Bebem Baby Diapers Twin Midi Size 3 (4-9 kg) 28 Pieces,1295,1295,1,12,True,2026-05-14 17:20:50
12095939,76V994,Bebem Baby Diapers Twin Mini Size 2 (3-6 kg) 36 Pieces,1295,1295,3,12,True,2026-09-05 17:17:52
35133646,4Q38C4,Bebem Baby Diapers Jumbo Midi Size 3 (4-9 kg) 62 Pieces,2590,2590,4,12,True,2026-09-05 17:17:52
10748166,1MC25W,Nexton Baby Shampoo 125ml,460,460,4,100,True,2026-09-05 17:17:52
36767817,246M2O,Nexton Baby Hair & Body Wash 3 in 1 250ml,975,975,2,100,True,2026-09-05 17:17:52
35131206,WCVAH2,Mothercare Baby Powder 215Gm,450,450,20,5,True,2026-09-05 17:17:52
10748072,O230R2,Nexton Pink Baby Oil 65ml,425,425,2,100,True,2026-09-05 17:17:52
35128228,SE8FO6,Nexton Baby Lotion 125ml,599,599,3,100,True,2026-09-05 17:17:52
35130402,3V4QR4,Nexton Pink Baby Oil 125ml,625,625,2,100,True,2026-09-05 17:17:52
35129170,IX06OH,Nexton Baby Soap Aloe Vera 100g,299,299,14,100,True,2026-09-05 17:17:52
35130554,3R3Q35,Nexton White Baby Powder 100g,325,325,3,100,True,2026-09-05 17:17:52
35129310,TDJ41G,Nexton Pink Baby Powder 200g,424,530,5,100,True,2026-09-05 17:17:52
8768772,81L2X4,Mothercare Baby Soap 80Gm,225,225,7,5,True,2026-09-05 17:17:52
35134204,PB6K3V,Mothercare Go Rash Nappy Cream Large,375,375,4,5,True,2026-09-05 17:17:52
10748138,62VJQ5,Nexton Baby Powder Rash 200g,530,530,2,100,True,2026-09-05 17:17:52
10748204,X50004,Nexton Baby Powder Rash 100g,325,325,2,100,True,2026-09-05 17:17:52
35129174,0H842Y,Nexton Baby Jelly Mild Fragrance 100ml,593.75,625,6,100,True,2026-09-05 17:17:52
35129038,D4C8L5,Mothercare Baby Lotion Soap 80g,225,225,6,5,True,2026-09-05 17:17:52
8769073,55X970,Mothercare Baby Lotion With Lanolin And Vitamin E 215 ml,644,700,40,5,True,2026-09-05 17:17:52
8768268,1FYW95,Mothercare Baby Oil Lavender And Mineral 200 ml,585,750,11,100,True,2026-09-05 17:17:52
8769065,143Q22,Mothercare Baby Lotion 300Ml,850,850,6,5,True,2026-09-05 17:17:52
35130250,72UP79,Mothercare Baby Powder Natural & Mild Large 385 g,487.5,625,15,5,True,2026-09-05 17:17:52
8769014,62L630,Mothercare Baby Shampoo Natural & Mild 200 ml,538.2,690,4,5,True,2026-09-05 17:17:52
35129757,GT9GZV,Mothercare Baby Powder French Berries Medium 215 g,351,450,4,100,True,2026-09-05 17:17:52
35131387,UAF131,Mothercare Baby Lotion French Berries 215 ml,700,700,13,100,True,2026-09-05 17:17:52
35131569,9V459E,Mothercare Baby Shampoo 300Ml,694.2,890,3,100,True,2026-09-05 17:17:52
35128706,A4E56D,Mothercare Baby Powder French Berries 385Gm,487.5,625,2,100,True,2026-09-05 17:17:52
8768346,UK6YOZ,Mothercare Baby Shampoo Tear Free 200 ml,538.2,690,3,100,True,2026-09-05 17:17:52
35129773,0VJHT5,Mothercare Baby Shampoo 200Ml Grape Extract,538.2,690,4,100,True,2026-09-05 17:17:52
35131208,WS4F69,Mothercare Baby Shampoo 300Ml Tear Free,694.2,890,4,100,True,2026-09-05 17:17:52
8768405,O70Q68,Mothercare Baby Shampoo 300Ml Grape Extract,694.2,890,23,100,True,2026-09-05 17:17:52
35128549,VD3NQ4,Mothercare Baby Shampoo Apple Extract 200 ml,538.2,690,6,100,True,2026-09-05 17:17:52
35128547,WM7OHC,Shield Feeder Bottle Crystal 180 ml,700,700,19,100,True,2026-09-05 17:17:52
35130957,74D48P,Mumta Super Feeder Plus 150ml,220,220,261,100,True,2026-09-05 17:17:52
11653960,46UD3R,NUK Baby First Choice Silicone Medium Feed Hole (0-6 months),482,482,2,100,True,2026-09-05 17:17:52
11653995,9Q97B5,NUK Baby Nature Sense Softer Teat Small 2 Pieces,1358,1358,1,100,True,2026-06-29 13:22:04
13065956,ZSA4ND,NUK Baby Bottle First Choice Plus Temperature Control 300ml,2191,2191,12,100,True,2026-09-05 17:17:52
15024853,38IDUE,Potato Baby Feeder Without Handle 180 ml,556,556,1,100,True,2026-05-07 06:18:50
11654056,0TKXN3,NUK baby Bottle Classic Medium Flow (0-6 months) 240ml,1840,1840,1,100,True,2026-09-05 17:17:52
35131943,0DC72S,NUK Baby Bottle Nature Sense Temperature Control 260ml,2191,2191,10,100,True,2026-09-05 17:17:52
11653972,971852,NUK Baby First Choice Silicone Small Feed Hole (0-6 months) 2 Pieces,745,745,4,100,True,2026-09-05 17:17:52
13065947,7F1C36,NUK Baby Bottle Nature Sense Temperature Control 150ml,2015,2015,6,100,True,2026-09-05 17:17:52
13065955,C97377,NUK Baby Bottle First Choice Plus Temperature Control 150ml,2103,2103,10,100,True,2026-09-05 17:17:52
13065954,F1NILD,NUK Baby Bottle First Choice Plus Glass 120ml,1994,1994,10,100,True,2026-09-05 17:17:52
13295721,VBCVEL,Pigeon SN PP Bottle Cow 50ml,864,864,1,100,True,2026-09-05 17:17:52
15076934,18956X,Tigex Smart Cup (ZM Opened & Checked),2268,2268,1,100,True,2026-09-05 17:17:52
13295823,T63CF2,Pigeon Baby Feeder 160Ml A312,2822,2822,3,100,True,2026-09-05 17:17:52
11653863,ONJ1BP,NUK Baby Potty Multi-colored,2335,2335,6,100,True,2026-09-05 17:17:52
11654027,2N0GN9,NUK Baby Fist Choice Cleft Lip Teat without Feed Hole,1595,1595,12,100,True,2026-09-05 17:17:52
13295956,S217ZB,Peristaltic Plus Bottle 160Ml A423,1830,1830,1,100,True,2026-08-17 15:34:33
11653845,08VCCO,NUK Baby Easy Learning Snack Box (ZM Opened & Checked),2498,2498,1,100,True,2026-09-05 17:17:52
11653871,4Q2TI9,NUK Baby Toilet Potty Trainer Gray Neutral,2498,2498,2,100,True,2026-09-05 17:17:52
13065953,UEO49M,NUK Evolution Magic Cup,2191,2191,18,100,True,2026-09-05 17:17:52
15024849,4SOG66,Potato Baby Feeder With Handle 180 ml,669,669,1,100,True,2026-05-02 10:04:51
7647801,B85KI8,Bonus Tristar Detergent Washing Powder 1000g,267.3,270,30,24,True,2026-09-05 17:18:37
8232722,H8CV6T,SURF EXCEL WASHING POWDER 1KG,620,620,26,3,True,2026-09-05 17:18:37
7834313,7H6601,Brite Maximum Power Washing Powder 1kg,589,620,23,5,True,2026-09-05 17:18:37
7834312,N4J6J7,Brite Maximum Power Washing Powder 500g,297.6,310,25,5,True,2026-09-05 17:18:37
36760124,38Y8G9,Express Power Detergent Washing Powder 1kg,494,520,9,12,True,2026-09-05 17:18:37
139850643,r1vf-800,Surf Excel Detergent Liquid Pouch 900 ml,650.07,699,18,3,True,2026-09-05 17:18:37
8232874,Z3339Y,SURF EXCEL MATIC WASHING POWDER TOP LOAD 1KG ,674.1,749,10,3,True,2026-09-05 17:18:37
141249329,r1vf-2741,SURF EXCEL WHITE WASHING POWDER 475G,294.5,310,17,3,True,2026-09-05 17:18:37
8034454,G251OE,Express Detergent Power 500g,252.2,260,10,24,True,2026-09-05 17:18:37
8231858,I0NI4Y,SUNLIGHT PINK JASMINE FRESH WASHING POWDER 365G,99,99,14,2,True,2026-09-05 17:18:37
41821057,JJN59Y,SUNLIGHT PINK JASMINE FRESH WASHING POWDER 2KG,521.55,549,9,3,True,2026-09-05 17:18:37
8261506,7PX307,SURF EXCEL WASHING POWDER 500G,310,310,16,2,True,2026-09-05 17:18:37
8856422,XT4G7A,SURF EXCEL LIQUID DETERGENT BOTTLE 900ML,572,650,39,3,True,2026-09-05 17:18:37
7834311,V58JR3,Bonus Tristar Detergent Washing Powder 2000g,499.2,520,6,100,True,2026-09-05 17:18:37
7647809,LZ1HAD,Bonus Tristar Detergent Washing Powder 180g,50,50,39,24,True,2026-09-05 17:18:37
8232795,285VBE,SURF EXCEL WASHING POWDER 3KG,1627.5,1750,8,3,True,2026-09-05 17:18:37
8034457,20ODSP,Bonus Active Detergent Washing Powder 750g,279.3,285,12,100,True,2026-09-05 17:18:37
7639316,GS3H99,Ariel Detergent Washing Powder Downy 500g,290,290,1,3,True,2026-05-19 07:06:31
141249330,r1vf-30020,SURF EXCEL WHITE WASHING POWDER 950G,589,620,9,3,True,2026-09-05 17:18:37
7647796,24BZG0,Bonus Active Detergent Washing Powder 500g,190,190,8,100,True,2026-09-05 17:18:37
8034173,919541,Brite Antibacterial Washing Powder 500g,316.8,330,8,5,True,2026-09-05 17:18:37
36768255,PA88W6,SURF EXCEL LIQUID DETERGENT BOTTLE 450ML,332.5,350,5,3,True,2026-09-05 17:18:37
36760542,SGQ535,Brite Antibacterial Washing Powder 1kg,620.4,660,15,5,True,2026-09-05 17:18:37
8034134,7372PQ,Express Detergent Power 2kg,921.2,980,3,100,True,2026-09-05 17:18:37
41821053,WCK5BR,SUNLIGHT GREEN CLEAN AND FRESH WASHING POWDER 1KG,299,299,6,2,True,2026-09-05 17:18:37
41821055,DM0TZQ,SUNLIGHT GREEN CLEAN AND FRESH WASHING POWDER 365G,99,99,4,2,True,2026-09-05 17:18:37
36760230,15X9IZ,Brite Maximum Power Washing Powder 2kg,1094.8,1190,6,5,True,2026-09-05 17:18:37
8232811,A1WGL1,SURF EXCEL WASHING POWDER 4.5KG,2419.6,2630,3,3,True,2026-09-05 17:18:37
141249328,r1vf-2740,SURF EXCEL WHITE WASHING POWDER 1900G,1130.5,1190,5,3,True,2026-09-05 17:18:37
7639334,U9CCBM,Ariel Detergent Washing Powder Original 500g,300,300,1,6,True,2026-07-04 06:31:32
143893689,r1vf-2575,Twin Detergent Powder Economy Pack 1 kg,234,260,12,8,True,2026-09-05 17:18:37
143893688,r1vf-2574,Twin Detergent Powder Economy Pack 400g,89.1,99,10,8,True,2026-09-05 17:18:37
142216317,65241767,SURF EXCEL LIQUID DETERGENT POUCH 240ML,199,199,6,3,True,2026-09-05 17:18:37
7639344,X04SOX,Ariel Detergent Washing Powder Downy 1kg,580,580,1,4,True,2026-06-21 16:53:46
41821415,U97V95,SUNLIGHT GREEN CLEAN AND FRESH WASHING POWDER 730G,199,199,12,2,True,2026-09-05 17:18:37
40258748,8VPHSJ,RIN WASHING POWDER 500G,189.05,199,3,3,True,2026-09-05 17:18:37
7639292,80671K,Ariel Detergent Washing Powder Original 1kg,600,600,2,4,True,2026-07-02 14:15:35
36759633,3Y84T6,Bonus Active Detergent Washing Powder 2kg,667.4,710,2,100,True,2026-09-05 17:18:37
139541601,r1vf-2021,Brite Machine Washing Powder 1kg,607.2,660,3,5,True,2026-09-05 17:18:37
7834277,82K472,Express Detergent Power 1500g,724.8,755,8,100,True,2026-09-05 17:18:37
17489453,YOO457,WIN Power Detergent Powder - Rs. 50,50,50,3,100,True,2026-09-05 17:18:37
17489429,EAA8SP,WIN Power Detergent Powder- Rs. 99,99,99,3,100,True,2026-09-05 17:18:37
139360612,L0XRKJ,Bonus Tristar Detergent Washing Powder 1000g Combo Pack of 2,540,540,15,0,True,2026-09-05 17:18:37
41821052,IFZAX7,SUNLIGHT PINK JASMINE FRESH WASHING POWDER 390G,99,99,8,2,True,2026-09-05 17:18:37
7661798,4W92Z7,Klear Liquid Laundry Detergent 1 liter,585,650,9,100,True,2026-09-05 17:18:37
8261359,7B69C7,RIN WASHING POWDER 1KG,379.05,399,6,3,True,2026-09-05 17:18:37
8232754,73BC6J,Surf Excel Detergent Powder 2 kg,1094.8,1190,1,3,True,2026-09-02 18:35:22
143893694,r1vf-2582,Sufi Super Detergent Powder 500g,270,300,2,8,True,2026-09-05 17:18:37
41839011,5789G6,Surf Excel Washing Powder 1kg x3,1740,1740,4,3,True,2026-04-14 10:22:46
36760261,81B33F,Ariel Detergent Washing Powder Downy 2Kg,1150,1150,1,4,True,2026-06-24 07:00:25
24137242,ZB346H,SUNLIGHT YELLOW CLEAN AND ROSE FRESH WASHING POWDER 730G,199,199,5,2,True,2026-09-05 17:18:37
7639350,YBVNQ7,Ariel Detergent Washing Powder Machine Expert 1kg,940,940,1,4,True,2026-06-09 12:17:46
143893695,r1vf-2583,Sufi Super Detergent Powder 1kg,540,600,9,8,True,2026-09-05 17:18:37
36673471,17Y779,Ariel Detergent Washing Powder Original 2kg,1150,1150,1,6,True,2026-07-05 06:55:38
143893696,r1vf-2584,Sufi Super Detergent Powder 2kg,1035,1150,4,8,True,2026-09-05 17:18:37
7639268,2H1FO5,Ariel Detergent Washing Powder Original 3kg,1690,1690,1,6,True,2026-06-20 11:28:23
139360609,YJ70GR,Brite Maximum Power Washing Powder 1kg Combo Pack of 2,1240,1240,11,0,True,2026-09-05 17:18:37
139360605,DF22QI,Express Power Detergent Washing Powder 1kg Combo Pack of 2,1040,1040,4,0,True,2026-09-05 17:18:37
40258750,ND2175,Surf Excel FOC NOT FOR SALE,5000,5000,959,100,True,2026-09-05 17:18:37
14190012,8PB48X,Ariel Detergent Washing Powder Downy 3Kg,1690,1690,1,6,True,2026-05-31 11:07:52
7639320,LGH1F9,Ariel Detergent Washing Powder Original 4kg,2235,2235,2,4,True,2026-07-13 12:16:14
63693224,MI007X,Ariel Detergent Regular 4kg - Pack of 2,4470,4470,1,0,True,2026-07-13 12:16:14
36760519,ZN3KGB,COMFORT BLUE MORNING FRESH  FABRIC SOFTENER BOTTLE 200ML,234,260,7,3,True,2026-09-05 17:18:37
36760559,SO91NI,COMFORT PINK LILY FRESH  FABRIC SOFTENER BOTTLE 200ML,234,260,10,3,True,2026-09-05 17:18:37
36759811,0S0TX1,COMFORT BLUE MORNING FRESH  FABRIC SOFTENER POUCH 400ML,387,430,4,3,True,2026-09-05 17:18:37
11125264,SM3HV4,Softlan Floral Fantasy Fabric Conditioner (Pouch) 1000ml,463.5,515,7,8,True,2026-09-05 17:18:37
11125271,CS995Z,Softlan Spring Fresh Fabric Conditioner (Pouch) 1000ml,463.5,515,5,8,True,2026-09-05 17:18:37
36760425,22F7N4,COMFORT BLUE MORNING FRESH  FABRIC SOFTENER BOTTLE 400ML,423,470,3,3,True,2026-09-05 17:18:37
7663988,G49C15,Stiff On Original Starch Spray 567g,450,500,6,0,True,2026-09-05 17:18:37
36760019,AXNDS0,COMFORT PINK LILY FRESH  FABRIC SOFTENER BOTTLE 400ML,423,470,12,3,True,2026-09-05 17:18:37
8227778,9218WY,COMFORT PINK LILY FRESH  FABRIC SOFTENER BOTTLE 800ML,703.12,799,3,3,True,2026-09-05 17:18:37
36760102,Q7A063,COMFORT BLUE MORNING FRESH  FABRIC SOFTENER BOTTLE 800ML,679.15,799,7,3,True,2026-09-05 17:18:37
8034024,GOLQ6I,Softlan 2 Liter Spring Fresh Fabric Conditioner,1008,1120,1,100,True,2026-09-05 17:18:37
36760003,29R1WC,Softlan 2 Liter Floral Fantasy - Fabric Conditioner,1008,1120,6,100,True,2026-09-05 17:18:37
36760621,RH62Q8,Dettol Multi Purpose Floor Cleaner Lavendar 1000ml,1424,1600,1,6,True,2026-08-26 09:48:10
35128564,474W86,Dettol Floor Cleaner Citrus 1000ml,1424,1600,1,6,True,2026-08-24 15:48:45
7651130,7XML0C,Dettol Multi Purpose Floor Cleaner Floral 1000ml,1248,1600,5,6,True,2026-09-05 17:18:37
35133189,HFB486,Dettol Multi Purpose Floor Cleaner Aqua 1000ml,1424,1600,6,6,True,2026-09-05 17:18:37
7650954,X695N7,Klear Glass Cleaner Spray 500ml,277.2,315,7,100,True,2026-09-05 17:18:37
7660967,74N011,Finis Daily Mop 2.75l,550,650,16,6,True,2026-09-05 17:18:37
36760279,Q96L02,Dettol Multi Purpose Floor Cleaner Lavendar 500ml,775.5,825,1,6,True,2026-09-02 13:25:58
35128559,QN7EJ6,Robin Bleach Original 450ml,650,650,3,100,True,2026-09-05 17:18:37
7651234,T5VRUF,Dettol Multi Purpose Floor Cleaner Floral 500ml,775.5,825,1,6,True,2026-09-05 17:18:37
35131412,6YSH85,Dettol Multi Purpose Floor Cleaner Citrus 500ml,775.5,825,2,6,True,2026-09-05 17:18:37
28665648,2S43JG,Power Plus Blue Liquid 100ml,60,60,10,100,True,2026-09-05 17:18:37
7661011,S0WYB0,Finis Daily Mop Phenyl Concentrate Bottle 425ml,995,1045,20,3,True,2026-09-05 17:18:37
28666009,26IKCB,Power Plus Blue Liquid 75ml,36.5,50,6,100,True,2026-09-05 17:18:37
141419178,ZNAR9U,Mr Muscle Multi Purpose Cleaner (3in1) Lavender Scent 500ml,610,660,4,0,True,2026-09-05 17:18:37
7665039,9DTG7U,Robin Liquid Blue 75ml,300,300,3,100,True,2026-09-05 17:18:37
7651142,AW1CR0,Dettol Multi Purpose Floor Cleaner Aqua 500ml,775.5,825,5,6,True,2026-09-05 17:18:37
141419179,3KM5E1,Mr. Muscle APC Floral 500ml,610,660,19,0,True,2026-09-05 17:18:37
139588254,51668Y,Klear Dishwashing Liquid 500ml,233.2,265,3,5,True,2026-09-05 17:18:37
36768023,B045U4,VIM LEMON AND SALT DISHWASHING BAR 460G,171,180,6,3,True,2026-09-05 17:18:37
8233413,SYVM17,VIM LEMON AND SALT DISHWASHING BAR 230G,85.5,90,12,3,True,2026-09-05 17:18:37
7631890,23R995,Lemon Max Dishwash Long Bar 265g,100,100,38,12,True,2026-09-05 17:18:37
7631884,1248ZM,Max Dish Washing Soap Long Bar Bachat Pack (270gx 2 Pieces),200,200,30,12,True,2026-09-05 17:18:37
7834249,4P0Q43,Lemon Max Dishwash Bar 165g,60,60,44,24,True,2026-09-05 17:18:37
139541605,r1vf-2026,MaxScrub SP with Sponge -Single (L),94,100,41,8,True,2026-09-05 17:18:37
43290754,A159RN,Lemon Max Lemon Dishwash Liquid 450ml,211.5,225,11,12,True,2026-09-05 17:18:37
142998905,r1vf-8500,Prime Stainless Steel Scrubber Twin 2 Pieces,110,110,16,8,True,2026-09-05 17:18:37
139541603,r1vf-2024,MaxScrub SP with Sponge -Multi (2 in 1),128.8,140,3,8,True,2026-07-26 16:10:31
7643635,9BK91V,Max Lemon Dishwash Liquid 275ml,180,180,16,12,True,2026-09-05 17:18:37
8034399,46MGW5,Lemon Max Yellow Paste 400g,249.1,265,18,100,True,2026-09-05 17:18:37
139541604,r1vf-2025,MaxScrub SP with Sponge -Multi (L 3in1),262.2,285,15,8,True,2026-09-05 17:18:37
139235249,h1ei-383,VIM LEMON AND PUDINA DISHWASHING BAR 260G,76,80,7,3,True,2026-09-05 17:18:37
7631893,80IC5D,Max Dishwash Liquid Lemon 475ml,267.9,285,10,100,True,2026-09-05 17:18:37
43290751,SQY8IJ,Lemon Max Anti-Bacterial Dishwash Liquid 450ml Pouch,277.3,295,7,100,True,2026-09-05 17:18:37
142998909,r1vf-8504,Prime Stainless Steel Scrubber Single 1 Piece,60,60,185,8,True,2026-09-05 17:18:37
139235250,h1ei-384,VIM LEMON AND PUDINA DISHWASHING BAR 520G,147.2,160,7,3,True,2026-09-05 17:18:37
8261731,FKY625,VIM LEMON AND SALT DISHWASHING POWDER 400G ,85.5,90,7,3,True,2026-09-05 17:18:37
8034330,J8OWMY,Lemon Max Dishwash Liquid Bottle 750 ml,395.6,430,8,12,True,2026-09-05 17:18:37
35134337,7YD873,Lemon Max Green Paste 400g,249.1,265,7,100,True,2026-09-05 17:18:37
7650296,349879,Spontex Spiral Blister 2 Pieces,169.2,188,17,8,True,2026-09-05 17:18:37
36759989,75S9G0,VIM LEMON AND SALT DISHWASHING POWDER 750G,156.4,170,13,3,True,2026-09-05 17:18:37
141939722,r1vf-3835,Vim Vinegar & Lime Dishwash Liquid 250ml,150,150,9,3,True,2026-09-05 17:18:37
7650352,374Z98,Spontex Sponge Cloth 3 Pieces,704.7,783,25,8,True,2026-09-05 17:18:37
7834253,H8E5V3,Max Dish Washing Liquid 170ml,120,120,10,100,True,2026-09-05 17:18:37
35133981,P09222,MaxScrub Scouring Pad - Multi (M 2in1),84.6,90,5,5,True,2026-09-05 17:18:37
41831873,28HRE1,Lemon Max Dishwash Powder Bag 790g,180,180,5,0,True,2026-09-05 17:18:37
35132919,1ZAU4Q,Lemon Max Dishwash Anti-Bacterial Liquid Bottle 750ml,460,500,13,100,True,2026-09-05 17:18:37
142998906,r1vf-8501,Prime Stainless Steel Scrubber Single 1 Piece,100,100,121,8,True,2026-09-05 17:18:37
35133141,89TJIW,VIM LIME AND VINEGAR DISHWASHING LIQUID REFILL 450ML,250,250,1,2,True,2026-08-20 12:57:35
41831879,1J170M,Lemon Max Dishwash Powder Bag 400g,95,100,7,100,True,2026-09-05 17:18:37
142275502,SP-000045,Spontex Sensitive Reusable Flexible Gloves Large 2 Pieces,499.66,581,47,8,True,2026-09-05 17:18:37
142275503,SP-000046,Spontex Sensitive Reusable Flexible Gloves Medium 2 Pieces,499.66,581,34,8,True,2026-09-05 17:18:37
35134008,41F74I,VIM LEMON DISHWASHING GEL 250ML,247,260,5,3,True,2026-09-05 17:18:37
142998907,r1vf-8502,Prime Power Classic Sponge Large 1 Piece,80,80,210,0,True,2026-09-05 17:18:37
7650351,2QN0JC,Spontex Megamax Sponge 5 Pieces,594.9,661,8,8,True,2026-09-05 17:18:37
35131244,GY54A5,MaxScrub Scouring Pad - Multi (L 3in1),207,225,5,5,True,2026-09-05 17:18:37
141939723,r1vf-3836,VIM LIME AND VINEGAR DISHWASHING LIQUID REFILL 750ML,362.7,390,12,3,True,2026-09-05 17:18:37
142275497,SP-000169,Spontex Scouring Sponge 2 Pieces,164.56,187,18,8,True,2026-09-05 17:18:37
7650408,825NHS,Spontex Scouring Sponge Handy Grip 3 Pieces,317,317,52,8,True,2026-09-05 17:18:37
7650478,F409C8,Spontex Scouring Pad Large 1 Piece,78.3,87,13,8,True,2026-09-05 17:18:37
35131406,2Q3UO2,Spontex Microfibre Multipurpose 1 Unit,655.2,728,33,8,True,2026-09-05 17:18:37
141939724,r1vf-3837,VIM LIME AND VINEGAR DISHWASHING LIQUID 170ML,99,99,1,3,True,2026-09-02 18:35:22
142998910,r1vf-8505,Prime Power Clean Scrub Pad Large 1 Piece,80,80,357,0,True,2026-09-05 17:18:37
141939725,r1vf-3838,VIM LEMON AND PUDINA DISHWASHING BAR 290G,95,95,9,3,True,2026-09-05 17:18:37
8233280,U76908,VIM GEL LEMON 500ML,417.57,449,3,3,True,2026-09-05 17:18:37
144113567,r1vf-10635,Klear Dishwashing Liquid Refill Pouch 450ml,198,220,8,0,True,2026-09-05 17:18:37
28666000,2XAXW8,Power Plus Dish Wash 500ml,204.4,280,8,100,True,2026-09-05 17:18:37
64866637,3DKJWZ,Vim Active Dishwashing Gel Lime 500g x2,420,420,1,0,True,2026-08-17 15:35:07
8233300,7794BO,VIM LEMON DISHWASHING LIQUID REFILL POUCH 750ML,494.1,549,1,3,True,2026-09-05 17:18:37
36760440,7MS0AN,Spontex Combined Scouring Sponge Large 5 Pieces,399.6,444,5,8,True,2026-09-05 17:18:37
142275504,SP-000141,Spontex Spiral Stainless Steel Scourers 6 Pieces,895.84,1018,28,8,True,2026-09-05 17:18:37
144113566,r1vf-10637,Klear Anti Bacterial Dishwashing Liquid 500ml,247.5,275,10,0,True,2026-09-05 17:18:37
142275501,SP-000059,Spontex Large Scouring Pad (3 in 1) 1 Pieces,204.16,232,6,8,True,2026-09-05 17:18:37
142998908,r1vf-8503,Prime Power Clean Scrub Pad  Large (3 in 1) 1 Piece,210,210,123,0,True,2026-09-05 17:18:37
144113568,r1vf-10636,Klear Dishwashing Liquid Refill Pouch 750ml,346.5,385,3,0,True,2026-09-05 17:18:37
144381113,r1vf-10739,Triox Stainless Steel Spiral Large 1 Piece,139.5,155,78,8,True,2026-09-05 17:18:37
144381112,r1vf-10738,Triox Power Scourer Green Pad Large 1 Piece,81,90,382,8,True,2026-09-05 17:18:37
42212756,J2GMK2,Vim Active Dishwashing Gel Lime 500ml x3,750,750,1,3,True,2026-08-01 10:51:28
144381111,r1vf-10737,Triox Power Scourer 2 in 1 Green Pad Regular 1 Unit,85.5,95,339,8,True,2026-09-05 17:18:37
144381114,r1vf-10740,Triox Stainless Steel Spiral Regular 1 Piece,85.5,95,107,8,True,2026-09-05 17:18:37
144381110,r1vf-10736,Triox Power Scourer 2 in 1 Green Pad Large 1 Unit,130.5,145,192,8,True,2026-09-05 17:18:37
7650902,H44271,King Sweepy Phenyl 2.75ltr,308,350,11,100,True,2026-09-05 17:18:37
7650832,095VT2,King Sweepy Toilet Cleaner 600ml,149.6,170,1,100,True,2026-07-22 06:03:44
139313817,r1vf-1679,Harpic Toilet Cleaner 225ml Promo,200,200,11,6,True,2026-09-05 17:18:37
36767879,D43PQ1,Harpic Toilet Cleaner Lavender 450ml,470,500,10,5,True,2026-09-05 17:18:37
35412252,PAW2ZM,Harpic Bathroom Cleaner Floral 225ml,300,300,3,6,True,2026-09-05 17:18:37
28665980,6E379I,Power Plus Super Bleach 500ml,165,165,7,100,True,2026-09-05 17:18:37
8227986,5YR5XC,DOMEX BLUE BATHROOM CLEANER 250ML,198,220,12,3,True,2026-09-05 17:18:37
8228040,5ZAD0W,DOMEX BLUE BATHROOM CLEANER 750ML,527.12,599,7,3,True,2026-09-05 17:18:37
18753905,01FQI3,Max All Purpose Lavender Fresh Surface Cleaner 500ml,495,550,2,100,True,2026-09-05 17:18:37
35132944,4ROW69,DOMEX BLUE BATHROOM CLEANER 500ML,449,449,6,3,True,2026-09-05 17:18:37
7665536,18U7P1,Harpic Toilet Cleaner Original 900ml,1044,1200,7,5,True,2026-09-05 17:18:37
35412233,3UMZPO,Harpic Toilet Cleaner Original 125ml,150,150,9,6,True,2026-09-05 17:18:37
139313816,r1vf-1678,Harpic Toilet Cleaner Original 450ml,475,500,15,6,True,2026-09-05 17:18:37
28665633,AQV7UC,Power Plus Super Bleach 250ml,120,120,4,100,True,2026-09-05 17:18:37
24137502,6LCX3H,Harpic Bathroom Cleaner Floral 125ml,140,140,8,6,True,2026-09-05 17:18:37
141986995,r1vf-6561,Glint Glass Cleaner Superactive 500ml,700,700,5,8,True,2026-09-05 17:18:37
28665301,OXK54Z,Power Plus Toilet Bowl Cleaner 500ml,355,355,13,100,True,2026-09-05 17:18:37
7650743,I8C5XE,Astonish Grease Lift Cleaner 750ml,735.08,799,2,8,True,2026-09-05 17:18:37
28665468,116YHU,Power Plus Toilet Bowl Cleaner 800ml,550,550,6,100,True,2026-09-05 17:18:37
35130961,73M6AN,Max All Purpose Lavender Fresh Surface Cleaner 1Ltr,760,950,5,100,True,2026-09-05 17:18:37
35133958,T9KCRB,Harpic Bathroom Cleaner Floral 450ml,558,600,13,5,True,2026-09-05 17:18:37
35128178,8N6509,Harpic Bathroom Cleaner Lemon 900ml,1104,1200,7,5,True,2026-09-05 17:18:37
7665566,C7083U,Harpic Toilet Cleaner Original 900ml - Pack of 2,1958,2200,6,5,True,2026-09-05 17:18:37
7650758,L2UDK8,Astonish Multi Surface Cleaner (Orange Grove) 750 ml,743.07,799,5,8,True,2026-09-05 17:18:37
18753911,24CQGO,Max All Purpose Rose Fresh Surface Cleaner 500ml,495,550,7,100,True,2026-09-05 17:18:37
142275498,r1vf-3796,Astonish Bathroom Cleaner 750ml,791.12,899,10,8,True,2026-09-05 17:18:37
8901791,N49ZPR,Glint Glass Cleaner Lavendar 500ml,700,700,6,8,True,2026-09-05 17:18:37
24137021,0A76W2,King Sweepy Toilet Bowl Cleaner 500ml,310.5,345,13,0,True,2026-09-05 17:18:37
24137174,Y7874J,Astonish Kitchen Cleaner 750ml,719.1,799,9,8,True,2026-09-05 17:18:37
7665607,VJ5P51,Harpic Bathroom Cleaner Lemon 450ml,558,600,9,5,True,2026-09-05 17:18:37
28665817,HDV923,Power Plus Bathroom Cleaner 500ml,355,355,12,100,True,2026-09-05 17:18:37
18753906,V22S4O,Max All Purpose Lemon Fresh Surface Cleaner 500ml,495,550,3,100,True,2026-09-05 17:18:37
28665485,BM1971,Power Plus Toilet Bowl Cleaner 250ml,205,205,2,100,True,2026-09-05 17:18:37
141987000,W92C01,Glint Daily Cleaning White Phenyl 2.75 Ltr,550,550,2,8,True,2026-09-05 17:18:37
8698955,Q61Q66,Harpic Toilet Cleaner Lavender 900ml,1080,1200,2,5,True,2026-09-05 17:18:37
35133973,D4TQP9,Harpic Toilet Cleaner Original 700ml,826.5,950,7,5,True,2026-09-05 17:18:37
8698984,N4IQ7M,Harpic Toilet Cleaner Lavender 700ml,826.5,950,2,5,True,2026-09-05 17:18:37
7774842,2O9DKI,Scotch Brite Butterfly Mop Refill,1550,1550,5,100,True,2026-09-05 17:18:37
141986997,r1vf-6567,Glint White Phenyle 450ml,720,800,5,8,True,2026-09-05 17:18:37
7650679,6X8J22,Astonish Window & Glass Cleaner 750 ml,714.84,777,5,8,True,2026-09-05 17:18:37
7650128,RKZOVO,Frey Air Freshener Cool Summer 300ml,272.8,310,10,5,True,2026-09-05 17:18:37
7650123,N35H49,Frey Air Freshener Rose 300ml,279,310,5,5,True,2026-09-05 17:18:37
7650022,973516,Frey Air Freshener Jasmine 300ml,279,310,6,100,True,2026-09-05 17:18:37
28665860,Y7Q33N,Paradise Lilac Air Freshener 300ml,290,290,3,100,True,2026-09-05 17:18:37
7666702,010099,Frey Air Freshener Berrylicious 300ml,310,310,10,100,True,2026-09-05 17:18:37
28665889,ZPCF39,Power Plus Charm Air Freshener 300ml,211.7,290,2,100,True,2026-09-05 17:18:37
28666029,KX524C,Power Plus Luxury Air Freshener 300ml,290,290,6,100,True,2026-09-05 17:18:37
28665693,364DPM,Paradise Lavender Air Freshener 300ml,290,290,6,100,True,2026-09-05 17:18:37
28665241,14BU8V,Power Plus Extreme Air Freshener 300ml,290,290,13,100,True,2026-09-05 17:18:37
28665287,4KG7XI,Power Plus Passion Air Freshener 300ml,211.7,290,12,100,True,2026-09-05 17:18:37
28665901,5HCX2P,Power Plus Blue Artistic Air Freshener 300ml,290,290,11,100,True,2026-09-05 17:18:37
28665540,873119,Power Plus Blue Moon Air Freshener 300ml,211.7,290,7,100,True,2026-09-05 17:18:37
28665316,473SL1,Power Plus Blue Elegent Air Freshener 300ml,290,290,11,100,True,2026-09-05 17:18:37
28665588,B36969,Power Plus Blue Monarch Air Freshener 300ml,211.7,290,20,100,True,2026-09-05 17:18:37
28665176,C5K39G,Power Plus Dazzel Air Freshener 300ml,211.7,290,1,100,True,2026-09-05 17:18:37
28665434,D023B8,Power Plus Aroma Air Freshener 300ml,211.7,290,14,100,True,2026-09-05 17:18:37
7654507,EVKTZL,Tideaz Garbage Bags 30 X 38 10S Large,439,439,7,100,True,2026-09-05 17:18:37
35132722,C099B2,TidEaz Garbage 21 Bags Small  (Imported),361,361,3,100,True,2026-09-05 17:18:37
35133921,8J0806,Tideaz Garbage Bags 29 X 38 8S Large,406,406,8,100,True,2026-09-05 17:18:37
7654519,J1QEUK,Tid Eaz Garbage Bag Medium 28S (Imported),746,746,3,100,True,2026-09-05 17:18:37
7654531,TPAW5T,Tid Eaz Garbage Bag Small (Imported) 25 Pieces ,414,414,3,100,True,2026-09-05 17:18:37
35131266,HHI0Y2,Tideaz Garbage Bags 30 x 36 Large 15 Pieces,665,665,3,100,True,2026-09-05 17:18:37
7654521,L9O8OM,Tid Eaz Garbage Bag Medium (Imported) 31 Pieces,844,844,3,100,True,2026-09-05 17:18:37
7654525,R10V1T,Tid Eaz Garbage Bag Small (Imported) 30 Pieces,611,611,15,100,True,2026-09-05 17:18:37
7649087,149N3D,Mortein Xtra Power Coils 10 Pieces,180,200,11,5,True,2026-09-05 17:18:37
35132327,ID4Y01,Kingtox Rat Killing Glue Trap,154,175,9,100,True,2026-09-05 17:18:37
7643402,8C7A9P,Kingtox All Insect Killer Spray 300ml,472.5,525,8,6,True,2026-09-05 17:18:37
28665558,L73OL9,Power Plus Refill 45ml,240,240,4,100,True,2026-09-05 17:18:37
35130005,Z0P9J8,Kingtox All Insect Killer Spray 600ml,783,870,13,100,True,2026-09-05 17:18:37
35132263,5N02P8,Kingtox Black Coil 10 Pieces,101.2,115,8,100,True,2026-09-05 17:18:37
144092029,r1vf-10621,OverKill Mosquito Repellent Vaporizer Refill 1 Unit,175.5,195,10,8,True,2026-09-05 17:18:37
7643434,QH97AI,Kingtox Flying Insect Killer Spray Odorless 300ml,472.5,525,10,100,True,2026-09-05 17:18:37
28665510,2U9TKU,Power Plus Mosquito Repellent + Refill 1 Packet,520,520,3,100,True,2026-09-05 17:18:37
144092028,r1vf-10620,OverKill Mosquito Coils Extra Strength Black 10 Pieces,87.3,97,4,8,True,2026-09-05 17:18:37
139850631,mor-545,Mortein Odorless 25ml Mosquito Repellent Refill 30 Nights,275,275,7,6,True,2026-09-05 17:18:37
35132358,P56G81,Kingtox Coil Green 10s,101.2,115,7,100,True,2026-09-05 17:18:37
35132903,7556JT,Mortein Mosquito Repellent Refill 180 Nights - Odourless,1107,1350,4,5,True,2026-09-05 17:18:37
35416982,4555UQ,Kingtox All Insect Killer Spray 400ml,585,650,12,100,True,2026-09-05 17:18:37
28665679,44N28B,Power Plus Iinsect Powder 100g,100,100,8,100,True,2026-09-05 17:18:37
7643363,0HC3OW,Kingtox Flying Insect Killer Spray Odorless 400ml,507,650,11,100,True,2026-09-05 17:18:37
36767858,23DB02,Power Plus Refill 30ml,132.86,182,1,100,True,2026-09-04 13:19:08
7650900,G3O7ND,Kingtox Mosquito Repellent Kit 45ml,507,650,9,100,True,2026-09-05 17:18:37
144092031,r1vf-10623,OverKill Multi Insect Quickly Killer Odourless Spray 300ml,371.7,413,15,8,True,2026-09-05 17:18:37
7649175,TM0307,Mortein LED Machine with FREE Mosquito Repellent Refill 30 Nights,552.5,650,7,5,True,2026-09-05 17:18:37
29285130,NQ695P,Mospel Fliptop 45ml,303,303,1,100,True,2026-05-17 16:14:17
28665008,BPL47U,Power Plus Fast Kill Aerosol 300ml,372.3,510,15,100,True,2026-09-05 17:18:37
36760289,DKBGD5,Mortein Flying Insect Killer Spray 375ml,722.5,850,4,5,True,2026-09-05 17:18:37
28665756,32T7S4,Power Plus Super Aerosol 300ml,475,475,10,100,True,2026-09-05 17:18:37
7650924,J2I504,King Liquid Electic Refill 60 Nights 45ml,283.5,315,3,100,True,2026-09-05 17:18:37
28665930,5165L5,Power Plus Mosquito Jumbo 10 Coils,96.36,132,23,100,True,2026-09-05 17:18:37
7649180,V96549,Mortein Flying Insect Killer Spray Peaceful Nights 375ml,738,900,6,5,True,2026-09-05 17:18:37
35132767,K857U4,Mortein Mosquito Repellent Refill 120 Nights - Odourless,820,1000,6,5,True,2026-09-05 17:18:37
7649136,BFB41A,Mortein Coopex Powder 100g,399.5,470,4,5,True,2026-09-05 17:18:37
144092030,r1vf-10622,OverKill (2 in 1 ) Mosquito Repellent Vaporizer 1 Unit,350.1,389,10,8,True,2026-09-05 17:18:37
28665347,2P97Z8,Power Plus Jumbo Max Coil 1 Packet,145,145,33,100,True,2026-09-05 17:18:37
35133203,O34I1Z,Mortein Mosquito Repellent Refill 180 Nights - Fragrant,1107,1350,6,5,True,2026-09-05 17:18:37
7649114,51B5LD,Mortein Mosquito Repellent Refill 60 Nights - Odourless,467.5,550,8,5,True,2026-09-05 17:18:37
35132864,3C75O7,Mortein All Insect Killer Spray 375ml,722.5,850,5,5,True,2026-09-05 17:18:37
144092034,r1vf-10625,OverKill Multi Insect Quickly Killer Odourless Spray 450ml,488.7,543,8,8,True,2026-09-05 17:18:37
36760134,6711J3,Kingtox Zeroach Roach Killing Gel 10gm,126,140,10,100,True,2026-09-05 17:18:37
7643385,4NM48O,Kingtox Flying Insect Killer Spray Odorless 600ml,678.6,870,4,100,True,2026-09-05 17:18:37
7649157,RY5971,Mortein All Insect Killer Spray 550ml,1005.48,1197,7,5,True,2026-09-05 17:18:37
7649182,Z04WC7,Mortein Crawling Insect Killer Spray 550ml,1041.39,1197,11,5,True,2026-09-05 17:18:37
35133976,R13SKG,Kingtox Crawling Insect Killer Spray 300ml,472.5,525,2,100,True,2026-09-05 17:18:37
7649163,S0B123,Mortein Mosquito Repellent Refill 60 Nights - Fragrant,467.5,550,7,5,True,2026-09-05 17:18:37
7649178,UV3T5Y,Mortein Flying Insect Killer Spray 750ml,1350,1500,1,5,True,2026-05-31 13:55:20
8901583,5O3VX8,Inseguard Insect Killing Powder Bottle,410,410,12,8,True,2026-09-05 17:18:37
8901964,J09J2Y,Inseguard Coil Jumbo 1 Packet,150,150,18,8,True,2026-09-05 17:18:37
7639973,0V0S5T,OFF Overtime Lotion 50ml,550,550,3,100,True,2026-09-05 17:18:37
28666031,84HC33,Power Plus Fast Kill Green 500ml,546.04,748,2,100,True,2026-09-05 17:18:37
28665148,Y27BGE,Power Plus Fast Kill Aerosol 500ml,533.63,731,21,100,True,2026-09-05 17:18:37
36760121,5X45OI,Mortein Crawling Insect Killer Spray 375ml,722.5,850,3,5,True,2026-09-05 17:18:37
9735561,K0946W,English Mos Guard Lotion,195,195,67,100,True,2026-09-05 17:18:37
28665770,100T63,Power Plus Fast Kill Aerosol 600ml,645.32,884,1,100,True,2026-08-23 12:49:15
7639980,6284EU,Off Kids Lotion 50ml,470,550,39,100,True,2026-09-05 17:18:37
144092036,r1vf-10626,OverKill Multi Insect Quickly Killer Odourless Spray 600ml,578.7,643,6,8,True,2026-09-05 17:18:37
7638530,ZD70V9,Baygon M.I.K Aerosol 600ml,1240,1400,22,100,True,2026-09-05 17:18:37
35132879,1Y4XA0,Mortein Flying Insect Killer Spray Peaceful Nights 550ml,1020,1275,12,5,True,2026-09-05 17:18:37
9010597,999920,Baygon Aerosol 400 ml Mik Ncp,850,950,24,100,True,2026-09-05 17:18:37
7649127,7V95LQ,Mortein Flying Insect Killer Spray 550ml,1005.48,1197,11,5,True,2026-09-05 17:18:37
7660987,DT43XK,Finis Mik Liquid Bottle Purple 400ml,765,850,1,100,True,2026-08-09 12:58:39
36760411,HFI0K2,Baygon Liquid Electric Refill 60 Nights 1 Piece,575,650,43,100,True,2026-09-05 17:18:37
7643394,6FT5CF,Kingtox Crawling Insect Killer Spray 400ml,507,650,4,100,True,2026-09-05 17:18:37
144092032,r1vf-10624,OverKill Crawling Insect Quickly Killer Odourless Spray 300ml,371.7,413,32,8,True,2026-09-05 17:18:37
9735896,Z24CGM,Tag Coil 10 Coils,130,130,57,100,True,2026-09-05 17:18:37
35128877,R64NJ9,Tag Insecticides 325 ml,545,545,45,100,True,2026-09-05 17:18:37
139686138,gift-001,Foodpanda Gift Card Rs. 2000,2000,2000,1,8,True,2026-05-25 07:26:44
139689676,r1vf-2241,Foodpanda Gift Card Rs. 500,500,500,34,5,True,2026-09-05 17:19:23
139686141,gift-006,Foodpanda Gift Card Rs. 5000,5000,5000,1,8,True,2026-05-25 07:26:44
141345979,r1vf-2308,Stickoo Glue (For Arts and Craft Work) 7ml,55,55,9,8,True,2026-09-05 17:19:23
141345978,r1vf-2306,Samad Bond Economy Pack Multipurpose Bond 19g,110,110,4,8,True,2026-09-05 17:19:23
141345980,r1vf-2309,Stickoo Glue Stick (For Arts and Crafts Work) 10g,80,80,7,8,True,2026-09-05 17:19:23
141345981,r1vf-2375,Stickoo Ultra Strong Power Glue for Instant Bonding 2g,45,45,8,8,True,2026-09-05 17:19:23
138923458,foc-806,Nest FOC 1 – Not For Sale,5000,5000,100,3,True,2026-04-27 11:11:49
36760525,WDYA0A,Dollar Staples No. 10,69,69,62,100,True,2026-09-05 17:19:23
18920110,7Q25L2,Binder Clip 51  mm,49,49,46,100,True,2026-09-05 17:19:23
8011947,84ZGM7,Paperwork File Folder Craft Card,413,413,7,100,True,2026-09-05 17:19:23
9191770,E57W55,Pelikan Fountain Pen Ink Royal Blue 62 ml (ZM Opened & Checked),1083,1083,13,100,True,2026-09-05 17:19:23
8830307,BL57OZ,Paper Punching Machine,469,469,1,100,True,2026-05-09 16:00:11
9228350,TLTT13,Faber-Castell Water Solube 24pcs,1753,1753,1,100,True,2026-07-30 05:49:41
8490974,7PBGGX,Deli Modern Calculator (E1589) White 12 Digit (ZM Opened & Checked),2959,2959,9,100,True,2026-09-05 17:19:23
8490618,QE020O,Deli Magnifier (9095) Golden pcs (ZM Opened & Checked),1149,1149,9,100,True,2026-09-05 17:19:23
8490481,1040CO,Deli Magnifier (9096) Golden Pieces,1296,1296,5,100,True,2026-09-05 17:19:23
20311714,4ZMOZP,Magic Candles x 10 Pieces,84,84,5,100,True,2026-09-05 17:19:23
20311725,UZ3V8L,Happy birthday balloon 25 Pieces,218,218,8,100,True,2026-09-05 17:19:23
20311740,89C5C6,Number candle,61,61,14,100,True,2026-09-05 17:19:23
20311730,A7K4E5,Happy birthday balloon 10 Pieces,117,117,2,100,True,2026-09-05 17:19:23
20311700,SS9E87,Cake Topper 1 Piece,173,173,2,100,True,2026-09-05 17:19:23
36768221,I44WU0,latex balloon 25 Pieces,240,240,10,100,True,2026-09-05 17:19:23
20311580,UON66A,latex balloon 10 Pieces,129,129,4,100,True,2026-09-05 17:19:23
20311656,620645,Character Foil 1 Piece,391,391,5,100,True,2026-09-05 17:19:23
20311570,APYQO6,Happy Birthday Foil Balloon 1 Piece,458,458,2,100,True,2026-09-05 17:19:23
20311746,BN4QV6,Party popper small 20cm,135,135,3,100,True,2026-09-05 17:19:23
20311735,9W0499,Happy Birthday Glitter Chain 1 Piece,339,339,1,100,True,2026-09-05 17:19:23
20311549,RWYT5W,Snow Spray Small 1 Piece,236,236,7,100,True,2026-09-05 17:19:23
36768108,H59P50,Lightning Balloon 1 Set,370,370,1,100,True,2026-09-05 17:19:23
20311528,3G00Q3,Sparkle candle 12 cm (1 Piece),184,184,4,100,True,2026-09-05 17:19:23
144381104,r1vf-10713,My Wrap Artistic Straw 40 Pieces,154.8,172,12,8,True,2026-09-05 17:19:23
20311463,FW407I,Three Star Smoke Color 1 Packet,177,177,5,100,True,2026-09-05 17:19:23
20311389,UJY9UZ,Props Card 1 Piece,436,436,1,100,True,2026-09-05 17:19:23
36768215,0XMTL0,Birthday Slash 1 Piece,234,234,3,100,True,2026-09-05 17:19:23
20311356,7XG8H0,Happy Birthday Fancy Chain 1 Piece,310,310,1,100,True,2026-09-03 07:58:13
20311685,Z15S9W,Love Foil Balloon 1 Piece,370,370,2,100,True,2026-09-05 17:19:23
20311538,A07MHW,Acrylic Cake Topper 1 Piece,296,296,1,100,True,2026-09-05 17:19:23
20311640,U9GZCO,Simple cap dzn,51,51,12,100,True,2026-09-05 17:19:23
20311650,28Z08R,Snow Spray Large 1 Piece,283,283,3,100,True,2026-09-05 17:19:23
20311720,75J642,Glitter Cap 1 Piece,139,139,11,100,True,2026-09-05 17:19:23
20311633,350W5Z,Number Topper 1 Piece,117,117,5,100,True,2026-09-05 17:19:23
36768142,38IQ4G,Party popper large 40cm,234,234,3,100,True,2026-09-05 17:19:23
20311561,LS3F52,Sparkle Candle 15cm 1 Piece,236,236,6,100,True,2026-09-05 17:19:23
20311366,1TR1BO,Party Balloons 1 Piece,343,343,7,100,True,2026-09-05 17:19:23
20311663,3UDJOL,Birtday Girl Hair Band 1 Piece,551,551,4,100,True,2026-09-05 17:19:23
20311502,BUHK7M,Ball Cap 1 Piece,182,182,1,100,True,2026-09-05 17:19:23
20311671,F89X45,Jhallar Fancy Cap 1 Piece,178,178,25,100,True,2026-09-05 17:19:23
20311400,7A4823,Flower candle,303,303,1,100,True,2026-09-05 17:19:23
20311450,74J167,Happy Birthday Paper Plates 1 Piece,222,222,6,100,True,2026-09-05 17:19:23
20311614,I7K3Y6,Happy Birthday Party Candle 1 Piece,299,299,2,100,True,2026-09-05 17:19:23
20311707,5YG776,Jhallar cap,163,163,22,100,True,2026-09-05 17:19:23
140873945,EGC6KR,Felix Adult Kitten Chicken 85g,320,320,3,0,True,2026-08-12 10:15:02
140873950,1W058W,Felix Adult Tuna 85g,290,290,2,0,True,2026-05-15 14:27:31
140873947,I4TXIZ,Felix Adult Salmon 85g,290,290,3,0,True,2026-06-21 08:13:07
145166286,TD433M,Wanpy Creamy Treat Chicken 70g,599,599,9,100,True,2026-09-05 17:19:46
8517479,GLPKPT,Target Adult Cat Food- Chicken Flavor 450g,752,752,7,100,True,2026-09-05 17:19:46
140873946,RHZTT4,Felix Kitten Tuna 85g,320,320,2,0,True,2026-08-13 16:07:17
145166292,virtual-536,Wanpy Creamy Treat Tuna & Salmon 70g,599,599,9,100,True,2026-09-05 17:19:46
145166290,virtual-537,Wanpy Creamy Treat Tuna/Codfish,599,599,24,100,True,2026-09-05 17:19:46
8517289,E2XZ83,Target Cat Food Chicken & Vegetable 450gm,752,752,3,100,True,2026-09-05 17:19:46
140873948,WTSLO1,Felix Adult Chicken 85g,290,290,4,0,True,2026-07-02 14:16:46
9185283,U7W04T,Target Cat Food Beef 450g,741,741,1,100,True,2026-07-05 11:17:25
140873939,FD7MZM,Felix Party Mix Cat Treats Classic Mix 60g,549,549,1,0,True,2026-06-15 17:26:22
9185074,837R6P,Target Chicken Cat Food 1.2kg,1748,1748,1,100,True,2026-07-01 07:27:58
140873951,FX0WBD,Felix Party Mix Cat Treats Seafood Mix 60g,549,549,1,0,True,2026-06-15 17:26:22
9185109,KK5IT7,Target  Ocean Fish Cat Food 450g,783,783,3,100,True,2026-09-05 17:19:46
9185154,361XCA,Target Chicken & Vegetable Cat Food 1.2kg ,1748,1748,1,100,True,2026-07-16 16:34:11
140873949,GD3X5S,Felix Adult Sardine 85g,350,350,2,0,True,2026-05-23 06:26:38
8517634,45QJV5,Target Cat Food 1.2Kg Tuna,1800,1800,6,100,True,2026-09-05 17:19:46
8517613,WN7M1O,Target Cat Food 1.2Kg Beef,1748,1748,1,100,True,2026-09-05 17:19:46
145166291,virtual-534,Wanpy Creamy Tuna & Shrimp 70g,599,599,30,100,True,2026-09-05 17:19:46
13054691,884S6F,Meaoon Cat Food Chicken & Tuna 400g (Imported),499,499,16,100,True,2026-09-05 17:19:46
9185254,FI88A1,Target Adult Tuna Cat Food 450g,783,783,3,100,True,2026-09-05 17:19:46
13054697,9734JN,Meaoon Cat Food Chicken & Fish (Imported) 400g ,499,499,1,100,True,2026-09-05 17:19:46
10666553,48213P,Friskies Kitten Discoveries 400g,1399,1399,1,100,True,2026-05-31 07:16:21
13054693,5IE292,Meaoon Cat Food 400Gm Chicken & Sea Food,499,499,9,100,True,2026-09-05 17:19:46
13054701,6FI3RT,Meaoon Cat Food Chicken & Tuna (Imported) 1000g ,950,950,2,100,True,2026-09-05 17:19:46
10666609,OGGVLN,Friskies Indoor Delights 1kg,2699,2699,1,100,True,2026-04-15 05:32:20
13054703,M7BWFY,Meaoon Cat Food Chicken & Sea Food (Imported) 1000g,950,950,6,100,True,2026-09-05 17:19:46
10666583,8D517K,Friskies Meaty Grills Adult 400g,1399,1399,1,100,True,2026-06-16 09:00:20
10666527,QG6UFL,Friskies Seafood Sensations Adult 400g,1399,1399,1,100,True,2026-06-25 14:43:13
36767972,2IIB6G,Target Cat Food 1.2Kg Ocean Fish,1800,1800,6,100,True,2026-09-05 17:19:46
10666544,3OAY06,Friskies Surfin Favourites 400g,1399,1399,1,100,True,2026-05-31 16:21:37
13054699,7G44CD,Meaoon Cat Food Chicken & Vegetable (Imported) 1000g ,950,950,10,100,True,2026-09-05 17:19:46
13054695,1Y66GH,Meaoon Cat Food 400Gm Chicken & Salmon,499,499,5,100,True,2026-09-05 17:19:46
36425817,C326P3,Target Cat Food Beef 3kg,3856,3856,3,100,True,2026-09-05 17:19:46
10666570,TE7OLS,Friskies Kitten Discoveries 1kg,2699,2699,1,100,True,2026-07-03 14:15:31
140873938,WO4AKL,One Indoor Advantage Chicken 380g,2250,2250,8,0,True,2026-04-02 13:22:00
36425814,F3V9DL,Target Cat Food Ocean Fish 3kg,4236,4236,4,100,True,2026-09-05 17:19:46
140873942,3ZH1LH,One Active Healthy Kitten Chicken 380g,2260,2260,3,0,True,2026-05-22 07:04:21
36425815,8KLW63,Target Cat Food Chicken & Vegetable 3kg,4025,4025,3,100,True,2026-09-05 17:19:46
36425816,LJBI6K,Target Cat Food Tuna 3kg,4236,4236,1,100,True,2026-09-05 17:19:46
13054689,2M9513,Meaoon Cat Food 400Gm Chicken & Vegetable,499,499,22,100,True,2026-09-05 17:19:46
142267317,r1vf-2223,Target Chicken & Egg Adult Dog Food 1kg,1399,1399,8,8,True,2026-09-05 17:19:46
141345977,r1vf-2221,Target Beef Steak Adult Dog Food 1kg,1399,1399,4,8,True,2026-09-05 17:19:46
142267315,r1vf-2220,Target Roasted Beef Adult Dog Food 1kg,1399,1399,3,8,True,2026-09-05 17:19:46
142267316,r1vf-2222,Target Smoked Liver Adult Dog Food 1kg,1399,1399,5,8,True,2026-09-05 17:19:46
35924628,1N93MU,Target Dog Food 3Kg Roasted Beef,4502,4502,5,100,True,2026-08-04 14:21:51
18244385,957A7G,Meosy Cat Litter Unscented 5kg (Imported),650,650,14,100,True,2026-09-05 17:19:46
13548589,ZLV43Z,Meosy Cat Litter Bag 5kg,700,700,9,100,True,2026-09-05 17:19:46
18244378,3XY42M,Meosy Cat Litter Charcoal Activated 11 Lb (Imported),1199,1199,11,100,True,2026-09-05 17:19:46
7632263,00OQ51,Karlie Flamingo Nail Scissors Black (5.5 cmx8 Pieces) (Imported) (ZM Opened & Checked),533.5,1067,4,100,True,2026-09-05 17:19:46
7632405,Q8Y072,Karlie Flamingo Collar Leather Dotted Puppy Assorted (Imported) (ZM Opened & Checked),583.5,1167,3,100,True,2026-09-05 17:19:46
36767869,I107T6,The Animal Family Cat/Dog Conditioner 190ml (Imported),322.5,430,25,100,True,2026-05-22 07:04:21
13548592,7947N8,The Animal Family Cat Care Hair Conditioning Shampoo(Egg) 500ml (Imported),456,608,10,100,True,2026-05-22 07:04:21
7632332,59DQM1,Karlie Flamingo Leash Nylon Stuff Hard Assorted Colors (Imported) (ZM Opened & Checked),862.5,1725,1,100,True,2026-09-05 17:19:46
7632320,3QBF0X,Karlie Flamingo Bone With Bull Pizzle Gluten Free (25 cm) (Imported) (ZM Opened & Checked),1050,2100,6,100,True,2026-09-05 17:19:46
36767923,BD7I2Q,The Animal Family Cat Care Hair Conditioning Shampoo(Lavender) 500ml (Imported),456,608,3,100,True,2026-05-22 07:04:21
7632347,81AWIL,Karlie Flamingo Leash Round Shape With Rubber Stuff (Imported) (ZM Opened & Checked),836.5,1673,1,100,True,2026-03-31 16:13:32
36767735,SKTJ3O,The Animal Family Dog Care Hair Conditioning Shampoo Almond 500ml (Imported),486,608,1,100,True,2026-03-25 13:20:22
7632414,RZ68UT,Karlie Flamingo Collar Leather Soft Assorted Brown (Imported) (ZM Opened & Checked),501,1002,1,100,True,2026-05-02 07:51:17
13548594,21S20U,The Animal Family Cat Care Hair Conditioning Shampoo(Almond) 500ml (Imported) (ZM Opened & Checked),456,608,21,100,True,2026-05-22 07:04:21
7632306,3T289H,Karlie Flamingo Collar Easy Resizing (Imported) (ZM Opened & Checked),882,1764,5,100,True,2026-09-05 17:19:46
36767849,49H2C5,The Animal Family Cat Care Hair Conditioning Shampoo(Aqua) 500ml (Imported),456,608,15,100,True,2026-05-22 07:04:21
7632312,3V51DW,Karlie Flamingo Bone with Bull Pizzle - Gluten Free (15cm) (Imported) (ZM Opened & Checked),855.5,1711,5,100,True,2026-09-05 17:19:46
7632350,859ZIX,Karlie Flamingo Collar Waterproof Ame Rubber Small (Imported) (ZM Opened & Checked),682,1364,4,100,True,2026-09-05 17:19:46
13548590,3Y867R,The Animal Family Cat Care Hair Conditioning Shampoo(Apple) 500ml (Imported),456,608,24,100,True,2026-05-22 07:04:21
7632292,396D7A,Karlie Flamingo Collar Double Choke Chain (55 cmx1.5 mm) (Imported) (ZM Opened & Checked),1043,2086,2,100,True,2026-09-05 17:19:46
7632353,8G7G66,Karlie Flamingo Leash Leather Small (Imported) (ZM Opened & Checked),1804.5,3609,4,100,True,2026-09-05 17:19:46
7632318,3Z0X72,Karlie Flamingo Leash Soft Grip With Collar Multi Color (Imported) (ZM Opened & Checked),1111,2222,7,100,True,2026-09-05 17:19:46
13548595,F5RTT2,The Animal Family Dog Care Hair Conditioning Shampoo(Egg) 500ml (Imported),456,608,13,100,True,2026-05-22 07:04:21
7632270,1E5UJ3,Karlie Flamingo Collar Leather Dotted Designed Assorted (Xl) (Imported) (ZM Opened & Checked),1243.5,2487,5,100,True,2026-09-05 17:19:46
7632309,3I24Z3,Karlie Flamingo Collar Leather Vip Double Row Assorted (Xl) (Imported) (ZM Opened & Checked),1322.5,2645,11,100,True,2026-09-05 17:19:46
7632298,3FBW48,Karlie Flamingo Collar Double Choke Chain (45 cmx1.5 mm) (Imported) (ZM Opened & Checked),962.5,1925,5,100,True,2026-09-05 17:19:46
7632259,145730,Karlie Flamingo Collar Leather Soft Assorted Black (M) (Imported) (ZM Opened & Checked),1002,1002,6,100,True,2026-09-05 17:19:46
142160570,r1vf-3489,IQOS Iluma Prime - Bronze Taupe 1 Device,25000,25000,1,5,True,2026-09-05 17:20:12
142160569,r1vf-3488,IQOS Iluma Prime - Jade Green 1 Device,25000,25000,1,5,True,2026-09-05 17:20:12
142160568,r1vf-3487,IQOS Iluma Prime - Obsidian Black 1 Device,25000,25000,2,5,True,2026-09-05 17:20:12
28665916,0V8015,Power Plus Heavy Duty AA Battery Cell 4 Pieces,160,160,4,100,True,2026-09-05 17:20:12
28665663,D868Z3,Power Plus Original Equipment AA Battery Cell 4 Pieces,137,137,15,100,True,2026-09-05 17:20:12
28665741,F1L7Y3,Power Plus Premium Gold AAA Battery Cell 4 Pieces,108,108,6,100,True,2026-09-05 17:20:12
36767643,CB2SMV,Power Plus Heavy Duty AAA Battery Cell 4 Pieces,110,110,5,100,True,2026-09-05 17:20:12
28665332,M9JY0J,Power Plus Premium Gold PG-AA 4 Pieces,143,143,9,100,True,2026-09-05 17:20:12
28665708,J49611,Power Plus Original Equipment AAA Battery Cell 4 Pieces,89,89,6,100,True,2026-09-05 17:20:12
28665875,H4BA33,Power Plus Premium Gold D Size Battery Cell 2 Pieces,310,310,8,100,True,2026-09-05 17:20:12
145067637,YB4RXL,Toshiba Cell C 2 Pieces,240,240,1,0,True,2026-09-01 08:29:01
142275500,EN-000121,Everyday AAA 4 Pieces,299.2,340,5,8,True,2026-09-05 17:20:12
28665257,GAMYRW,Power Plus Super Heavy Duty AA Card Battery Cell 2 Pieces,120,120,2,100,True,2026-05-02 13:20:00
36760010,T8LG0E,Osaka Led Bulb 12W (White) (Screw Type),269,269,47,100,True,2026-09-05 17:20:12
142275499,EN-000120,Everyday AA 4 Pieces,299.2,340,1,8,True,2026-09-05 17:20:12
9370364,FYS6W1,Toshiba Green Cell 2Aaa 2 Pieces,180,180,3,100,True,2026-09-05 17:20:12
7945660,965X5T,Osaka Led Bulb Eco 28W (White) (Screw Type),629,629,54,100,True,2026-09-05 17:20:12
36767982,E6YBP2,Power Plus Super Heavy Duty AAA Card Battery Cell 2 Pieces,120,120,1,100,True,2026-09-05 17:20:12
28665403,UP50OT,Power Plus Heavy Duty-9V 1 Piece,78.11,107,28,100,True,2026-09-05 17:20:12
36760222,HE26Y5,Energizer Max Battery White No E91 AA 4 Pieces,1318.5,1465,9,8,True,2026-09-05 17:20:12
36767633,NM4X8H,Infrared Sensor Automatic Hand Foam Liquid Soap Dispenser,1539,1539,40,100,True,2026-09-05 17:20:12
7664898,A0LK9B,Energizer E92 Battery Max AAA White Batteries 4 Pieces,1318.5,1465,7,8,True,2026-09-05 17:20:12
9370346,G91OJP,Toshiba Super Heavy Duty Green AA Battery 4 Pieces,180,180,3,100,True,2026-07-03 16:37:18
9374232,RZAX0Z,Boya Wired Mic,1419,1419,1,100,True,2026-09-05 17:20:12
141961697,r1vf-5590,Super Hockey Match Box 10 Pieces,60,60,27,8,True,2026-09-05 17:20:12
7919395,2VOA4E,Diamond Aluminum Foil 37.5ft (Imported),731.5,1045,5,100,True,2026-09-05 17:20:12
144381123,r1vf-10719,My Wrap Cling Film House Hold (100 SQ Feet x 30cm) 100 Sheets,409.5,455,4,8,True,2026-09-05 17:20:12
7644371,5148B9,Fay Aluminium Foil 25sqft 1 Roll,651,700,5,5,True,2026-09-05 17:20:12
7632636,62SF0W,Diamond Zipper Medium Bags 25 Pieces (20.3cm x 17.7cm) (Imported),769.3,1099,11,100,True,2026-09-05 17:20:12
12991904,0H0C93,Maxware Household Spoon Rest (5 Packets) (ZM Opened & Checked),105,210,1,100,True,2026-07-30 08:39:36
35131032,4W116M,Diamond Aluminum Foil 75 sqft (Imported) (ZM Opened & Checked),1050,2100,6,100,True,2026-09-05 17:20:12
36760614,98Z9UP,Veggie Basket,249,249,2,100,True,2026-04-14 16:16:25
8901737,4W2P71,Glint Kitchen Cleaner Multi Purpose,640,800,5,8,True,2026-09-05 17:20:12
8058466,NEAY90,Lock&Lock Twist Container 640 ml (ZM Opened & Checked),369,738,3,100,True,2026-04-06 13:18:46
144381118,r1vf-10744,My Wrap Aluminum Foil Lite Use for Wrapping Small Pack (30cm) 1 Unit,351,390,3,8,True,2026-09-05 17:20:12
8487977,857VV6,"Measuring Spoon 7.5 \""es (Im-He) (ZM Opened & Checked)",107.5,215,1,100,True,2026-05-03 13:20:12
7644530,OQ95T8,Fay Cling Film 45cm x 60m 1 Roll,976.5,1050,26,5,True,2026-09-05 17:20:12
8044025,3X91RR,Handy Jnr. Small 1000ml,199,199,2,100,True,2026-04-06 13:18:46
35130979,4J63VQ,Puffin Aluminium Foil 25 Sq.Ft. (Imported),496,620,1,1,True,2026-09-05 17:20:12
12991905,QHXV36,Maxware Household FS Glass Stand 2 (ZM Opened & Checked),274.5,549,14,100,True,2026-09-05 17:20:12
8488116,0JLQM9,"Stainless Steel Can Opener 4.5 \""es x 1.5 \""es (IM-AFE Size) (ZM Opened & Checked)",195,390,1,100,True,2026-07-31 06:24:20
8032883,1ZO92O,Ss Cookie Mould Multi Design (ZM Opened & Checked),294.5,589,7,100,True,2026-09-05 17:20:12
7632653,ZY89OC,Diamond Zipper Large Bags 15 Pieces (27.9 cmx26.8 cm) (Imported),979.3,1399,9,100,True,2026-09-05 17:20:12
7632626,58TMX7,Diamond Sandwich Zipper Bags 50 Pieces 14.9cm x 16.5cm (Imported),769.3,1099,8,100,True,2026-09-05 17:20:12
7919406,XHD4L1,Diamond Cling Plastic Wrap 100ft (Imported),594.3,849,7,100,True,2026-09-05 17:20:12
8059661,4GV489,Lock&Lock Interlock Food Container 700ml (ZM Opened & Checked),343.5,687,1,100,True,2026-04-06 13:18:46
7644348,36J364,Fay Aluminum Foil 37.5sqft 1 Roll,657,900,18,5,True,2026-09-05 17:20:12
8043984,IO8201,Bento Lunch Box,299,299,2,100,True,2026-07-09 12:12:27
8032845,6N7W41,Ss Cookie Cutter Flower Design (ZM Opened & Checked),124.5,249,8,100,True,2026-09-05 17:20:12
8032835,P9K6GU,Ss Cookie Cutter Star Design (ZM Opened & Checked),124.5,249,3,100,True,2026-09-05 17:20:12
12991914,D8XK04,Appollo Candy Acrylic Jar Small (ZM Opened & Checked),209.5,419,26,100,True,2026-09-05 17:20:12
8059680,Q358P5,Lock&Lock Interlock Food Container 180ml (ZM Opened & Checked),280.5,561,13,100,True,2026-09-05 17:20:12
8032854,43S8BQ,Ss Cookie Cutter Heart Design (ZM Opened & Checked),124.5,249,14,100,True,2026-09-05 17:20:12
7649466,3P3X57,Orinex Disposable Instant BBQ Grill 1200 g (Imported) (ZM Opened & Checked),1134,2268,2,100,True,2026-09-05 17:20:12
7630597,5A6RL7,Abbey Oven Gloves Pair (ZM Opened & Checked),250,250,25,100,True,2026-09-05 17:20:12
36760603,55225P,Apollo Crown Cutlery Spoon Holder,229,229,81,100,True,2026-09-05 17:20:12
8487791,CW9MTY,"Manual Multi Functional Chopper 6.5 ""es (IM-DH0)",1299,1299,6,100,True,2026-09-05 17:20:12
12991915,0798TE,Appollo Candy Acrylic Jar Medium (ZM Opened & Checked),259.5,519,3,100,True,2026-04-08 16:23:30
144381124,r1vf-10720,My Wrap Cling Film House Hold (150 SQ Feet x 45cm) 100 Sheets,532,760,21,8,True,2026-09-05 17:20:12
8488209,3305FE,"Meat Tenderizer 7.5 ""es (ZC -AH0)",529,529,1,100,True,2026-05-31 13:56:52
7919388,T2P1PI,Diamond Aluminum Foil 25Sqft (Imported),799,799,13,100,True,2026-09-05 17:20:12
144381122,r1vf-10718,My Wrap Cling Film Box with Slide Blade Cutter (30cm) 100 Sheets,581,830,9,8,True,2026-09-05 17:20:12
7646791,XWRMLZ,Box Professional Aluminum Foil Food Grade Economy Pack 450mm (ZM Opened & Checked),3750,3750,1,100,True,2026-09-05 17:20:12
144381117,r1vf-10743,My Wrap Aluminum Foil Lite Use for Wrapping Regular Pack (45cm) 1 Unit,406,580,19,8,True,2026-09-05 17:20:12
13374780,B248DV,Glo-Flo Fruit & Veggie Cleaner (Imported) 500ml (ZM Opened & Checked),539,539,23,100,True,2026-06-26 07:08:24
8043920,R5RIHR,Fashion Acrylic Bottle,669,669,42,100,True,2026-09-05 17:20:12
8488303,98R94R,"Knife Sharpener 12 ""es IM-AHO)",519,519,37,100,True,2026-09-05 17:20:12
35131931,T89VKT,3M Aluminum Foil 37.5 Sq.ft,1050,1050,37,100,True,2026-09-05 17:20:12
13122346,78S7KI,"Plastic Cutting Board 15x9.5 ""es (Design BT-BI0)",989,989,39,24,True,2026-09-05 17:20:12
8488279,2BD130,"Plastic Cutting Board 15x12 ""es (Design BT-B00)",699,699,1,100,True,2026-09-05 17:20:12
7919402,ND2Q24,Diamond Aluminum Foil Giant 200Ft (Imported) (ZM Opened & Checked),3999,3999,12,100,True,2026-09-05 17:20:12
10641104,6XWDVY,Silicon Chair Legs Protector 4 Pieces (ZM Opened & Checked),169,169,15,100,True,2026-09-05 17:20:12
10641100,4T0D04,Adhesive Black Kitchen Hook 360 'C Rotation,339,339,1,100,True,2026-05-19 12:26:28
36767750,EL72SC,3 In 1 Shoe Holder Foldable Wall Mounted Self (ZM Opened & Checked),619,619,8,100,True,2026-09-05 17:20:12
28665206,S42527,Power Plus Shoe Polish Black 44ml,230,230,100,100,True,2026-09-05 17:20:12
141987001,virtual-340,Kiwi Shoe Sponge Express Shiner 1 Unit,370,370,2,8,True,2026-09-05 17:20:12
28665100,DWBSAU,Power Plus Tin Shoe Polish Brown 44ml,230,230,7,100,True,2026-09-05 17:20:12
28666027,6X8NZR,Power Plus Whito Polish 100ml,109.5,150,14,100,True,2026-09-05 17:20:12
28665115,Q02597,Power Plus Express Shiner Neutral 1 Packet 1 Piece,175.2,240,25,100,True,2026-09-05 17:20:12
28665847,XLALRV,Power Plus Regular Shiner Neutral,200,200,5,100,True,2026-09-05 17:20:12
28665042,SVV29S,Power Plus Liquid Polish Brown 75ml,280,280,14,100,True,2026-09-05 17:20:12
35133924,G7E00O,Cherry Blossom Insta Shoe Shiner Sponge,650,650,7,100,True,2026-09-05 17:20:12
8519648,8KGIA2,Wipes Forceflex X-Large Trash Bags Rolls (28 x 37) 10 Bags ,238,280,10,100,True,2026-09-05 17:20:12
8519503,B82347,Wipes Forceflex Large Trash Bags Rolls (24x36) 20 Bags,323,380,2,100,True,2026-09-05 17:20:12
8519449,J608W9,Wipes Forceflex Small Trash Bags Rolls (18X24) 50 Bags,323,380,10,100,True,2026-09-05 17:20:12
8519520,SVU08F,Wipes Forceflex Mini Trash Bags Rolls (18 x 20) 30 Bags,187,220,3,100,True,2026-09-05 07:36:24
35128992,O7F0YH,Wipes Forceflex Small Trash Flat Bags (18X24) 30 Bags,221,260,9,100,True,2026-09-05 17:20:12
144381105,r1vf-10725,My Wrap Trash Loose Roll Size Medium (20 x 30 Inches) 30 Bags,311.5,445,6,8,True,2026-09-05 17:20:12
144381127,r1vf-10723,My Wrap Trash Loose Roll Size Large (24 x 32 Inches) 20 Bags,311.5,445,11,8,True,2026-09-05 17:20:12
144381129,r1vf-10726,My Wrap Trash Loose Roll Size Small (18 x 20 Inches) 40 Bags,311.5,445,15,8,True,2026-09-05 17:20:12
144381128,r1vf-10724,My Wrap Trash Loose Roll Size Large (28 x 37 Inches) Color Classify 15 Bags,332.5,475,4,8,True,2026-09-05 17:20:12
144381131,r1vf-10728,My Wrap Trash Loose Roll Size X-Large (28 x 38 Inches) 10 Bags,311.5,445,10,8,True,2026-09-05 17:20:12
144381130,r1vf-10727,My Wrap Trash Loose Roll Size Small (18 x 24 Inches) Color Classify 25 Bags,332.5,475,34,8,True,2026-09-05 17:20:12
144381106,r1vf-10729,My Wrap Trash Loose Roll Size X-Large (32 x 44 Inches) Trolley Bin Liners 15 Bags,595,850,11,8,True,2026-09-05 17:20:12
145029162,r1vf-11000,Ultra Maxx Can Binliner Garbage Bags (No. 14) X-Large 1 Unit,525,750,14,8,True,2026-09-05 17:20:12
145029161,r1vf-10999,Ultra Maxx Tall Kitchen Garbage Bags (No. 20) Large 1 Unit,507.5,725,24,8,True,2026-09-05 17:20:12
145029160,r1vf-10998,Ultra Maxx Medium Home Kitchen & Office Garbage Bags (No. 25) 1 Unit,490,700,30,8,True,2026-09-05 17:20:12
141986998,r1vf-6568,Kiwi Kleen Bleach & Fabric Softner 500ml,540,600,10,8,True,2026-09-05 17:20:12
144381109,r1vf-10735,Triox Gripy Scrub 2 in 1 Budget Pack 1 Unit,189,210,50,8,True,2026-09-05 17:20:12
8902133,JKBD46,Kiwi Dranex 1 Unit (999),675,750,1,8,True,2026-08-28 00:24:31
7639035,038MQP,London Shine Neutral Shoe Polish 48ml (ZM Opened & Checked),137.5,275,1,100,True,2026-06-04 15:26:10
141986996,r1vf-6565,Glint Steel Cleaner 500ml,720,800,1,8,True,2026-06-29 13:23:56
144381116,r1vf-10742,Triox Super Sponge Regular Pack 1 Piece,85.5,95,153,8,True,2026-09-05 17:20:12
144381115,r1vf-10741,Triox Super Sponge 2 in 1 Budget Pack 1 Unit,153,170,93,8,True,2026-09-05 17:20:12
35130584,WFCEW8,Ultra Kleen Cloth Rope #8 100ft 500g (ZM Opened & Checked),500,500,46,100,True,2026-09-05 17:20:12
141986999,r1vf-6569,Kiwi Kleen Toilet Cleaner Tough Stain Remover 500ml,427.5,450,8,8,True,2026-09-05 17:20:12
7639125,WAS1RJ,London Shine Shoe Brush Medium (ZM Opened & Checked),199.5,399,68,100,True,2026-09-05 17:20:12
7639084,FFFIGZ,London Shine Wooden Shoe Brush Large 1 Piece (ZM Opened & Checked),214.5,429,54,100,True,2026-09-05 17:20:12
7636939,668VGE,Yuppies Multi Purpose Wooden Clothes Brush (ZM Opened & Checked),257,514,1,100,True,2026-03-25 13:20:47
7636948,B9E10O,Yuppies New Buck Spray 200Ml (ZM Opened & Checked),257,514,1,100,True,2026-04-13 16:21:21
7636913,0QHJ3Y,Yuppies Rubsol Metal Polish 200ml (ZM Opened & Checked),257,514,1,100,True,2026-06-22 09:08:06
35132770,27U48U,Fay Glow Glass Cleaner 550ml,325.5,350,20,5,True,2026-09-05 17:20:12
7639071,6JD50X,London Shine Brown Liquid Polish 75ml (ZM Opened & Checked),160,320,6,100,True,2026-09-05 17:20:12
7639049,3NAEWN,London Shine Shoe Brush Double (ZM Opened & Checked),249.5,499,43,100,True,2026-09-05 17:20:12
8901862,8A16TW,Glint Starch Spray 567g,780,975,10,8,True,2026-09-05 17:20:12
10367775,YJV022,brightfarm fresh banana half dozen ( Yellows with some Black Sugar Spots),189,189,18,20,True,2026-09-05 17:20:36
7640384,70N9BC,brightfarms Banana (Kela) Small Size Half Dozen,179,179,8,15,True,2026-09-05 17:20:36
13122290,3H5IFL,brightfarms Guava -Amrood (Pakistan) 1kg,529,529,1,20,True,2026-09-05 12:34:25
42247325,Z01WPH,BrightFarms Fresh Banana ( 2 pcs ) (Semi-Ripe Yellows with some Black Sugar Spots),69,69,2,20,True,2026-09-05 12:34:25
13122304,RT4SCI,brightfarms Sugarcane Bites Ganderi (Pakistan) 500g,89,89,7,20,True,2026-07-01 07:28:46
140163223,r1vf-3158,brightfarms Toffee Grapes 250g,299,299,5,15,True,2026-09-03 07:59:16
15520228,2387O5,brightfarms Melon Garma Per Piece,599,599,1,0,True,2026-09-04 07:57:35
28231075,8W9SJL,brightfarms Pear 500g,299,299,5,15,True,2026-09-05 07:36:41
140163220,r1vf-3157,brightfarms Sunder Khani Grapes 250g,299,299,4,15,True,2026-09-05 17:20:36
13317967,979BD3,brightfarms Grapes Sunder Khani (Indian - Imported) 500g,599,599,1,15,True,2026-09-05 17:20:36
7640181,2LV190,brightfarms Coriander - Dhaniya (Pakistan) 1 bundle,39,39,25,5,True,2026-09-05 17:20:36
7640723,LZ1V7M,Brightfarms Mint Leaves - Podina (Pakistan) 1 bundle,19,19,21,5,True,2026-09-05 17:20:36
7640549,B435OL,brightfarms Capsicum Green -Shimla Mirch (Pakistan) 250g,62.1,69,2,15,True,2026-09-05 12:34:25
140163204,r1vf-3136,brightfarms fresh tomato (Timatar) 1Kg (Mix Sizes),341.1,379,13,20,True,2026-09-05 17:20:36
7641000,WCPMMX,brightfarms Green Chili -Thick (Sindh) 250g,35.1,39,5,20,True,2026-09-05 17:20:36
7640730,LZ6PB6,brightfarms Cabbage Green -Bund Gobi (Pakistan) (500g-600g),129,129,3,20,True,2026-09-05 07:36:41
24138160,9937AL,brightfarms Spring Onion -Hari Piyaz (Pakistan) 250g,199,199,8,20,True,2026-09-05 17:20:36
7640900,SDH1WR,brightfarm garlic china (Lahsan) 250g,119,119,14,20,True,2026-09-05 17:20:36
24138076,X306MR,brightfarms Spinach -Palak (Pakistan) 500g,129,129,5,20,True,2026-09-05 17:20:36
15520325,L77E3O,brightfarms Iceberg Lettuce (Pakistan) 200g-250g,199,199,8,15,True,2026-09-05 17:20:36
15520295,I097K9,brightfarms Broccoli (Swat ) 500g,699,699,3,20,True,2026-09-05 17:20:36
7640744,L5LEWE,Brightfarms Lettuce Leaves - Salad�Patta�250g,299,299,3,20,True,2026-09-03 07:59:16
7644844,DB97YH,brightfarms Peeled Garlic Chila Hua Lehsun (Pakistan) 250g,189,189,7,20,True,2026-09-05 17:20:36
140163218,r1vf-3125,Brightfarms Spring Onion (Hari Pyaz) 500g,399,399,1,20,True,2026-09-05 17:20:36
15520274,6V69Q0,brightfarms White Radish (Mooli) - 500g-700g,119,119,1,15,True,2026-06-24 17:15:01
140163209,r1vf-3138,Brightfarms Green Chilli Thick 500g,71.1,79,2,20,True,2026-09-05 17:20:36
140163207,r1vf-3143,brightfarms Garlic China (Lehsan) 500g,239,239,1,20,True,2026-09-04 18:17:10
24138056,E9QE27,brightfarms Sweet Potato Shakarkandi (Pakistan) 500g,179,179,4,20,True,2026-09-05 17:20:36
24137974,Q8OVK7,brightfarms Fenugreek -Methi (Pakistan) 500g,89,89,1,20,True,2026-05-21 07:08:00
7956505,0537RK,Opa 3 Way Mix Vegetable 500g,345,345,4,100,True,2026-08-05 14:18:21
7956482,6N6678,Opa 4 WayMix Vegetable 500g,390,390,2,100,True,2026-08-10 10:26:14
8824835,TT3IIN,Opa Sweet Corn 1kg,960,960,1,100,True,2026-08-13 05:00:38
36768265,95W3P4,Opa Peas 1kg,855,855,1,100,True,2026-08-20 06:54:34
38212580,VP3N3S,Qarshi Sharbat Toot Siah 120ml,170,170,3,100,True,2026-09-05 17:21:00
38212609,3OU2LC,Qarshi Sharbat Toot Siah 240ml,280,280,5,100,True,2026-09-05 17:21:00
39905095,GS2UZA,Prospan M Cough Liquid 120ml,695,695,2,100,True,2026-09-05 17:21:00
38212621,64K9R3,Qarshi Gesto 1 Strip x 10 Tablets,25,25,10,100,True,2026-09-05 17:21:00
35133728,ZO2K14,Glaxose D Drinking Powder 100g,95,100,54,4,True,2026-09-05 17:21:00
7661470,X2MTYV,Hashmi Ispaghol Husk Pouch 90g,745,745,1,100,True,2026-09-04 13:21:28
140396062,r1vf-1046,Serne Ispaghol Husk Box 40g,340,340,2,0,True,2026-09-05 17:21:00
7661409,6C2HHQ,Hashmi Ispaghol Husk Jar 140g,1240,1240,1,100,True,2026-09-05 17:21:00
35133406,UWPLH1,Hashmi Ispaghol Husk Pouch 260g,1935,1935,1,100,True,2026-09-05 17:21:00
7661385,44M5UJ,Hashmi Ispaghol Husk Jar 290g,2480,2480,1,2,True,2026-09-05 17:21:00
7643980,G5T416,Ensure Nutritional Powder Vanilla 400g,3025.75,3185,3,1,True,2026-09-04 13:21:28
7643968,0B7649,Ensure Nutritional Powder Vanilla 850g,5945.5,6325,1,1,True,2026-08-27 14:00:15
35134641,95T757,Glucerna Nutritional Powder Vanilla 400g,4465,4700,2,1,True,2026-09-05 17:21:00
39905188,350JAH,Somno 10mg 30 Tablets,910,910,1,100,True,2026-08-26 16:27:38
39905235,7B9I7E,Somno 2mg 30 Tablets,485,485,1,100,True,2026-09-03 13:27:20
7643972,3VD0JW,Ensure Nutritional Powder Strawberry 400g,3025.75,3185,1,1,True,2026-09-04 13:21:28
39905218,86645Z,Vitamin D3 5000 IU Chewable 30 Tablets,1000,1000,2,100,True,2026-09-05 17:21:00
7643992,W46LPL,Ensure Nutrivigor Powder Vanilla 400g,3689.5,3925,1,100,True,2026-08-09 09:52:57
39905244,6VEY72,Biotin 2500mcg 30 Tablets,1500,1500,1,100,True,2026-09-05 17:21:00
39905175,DN42YL,Bonical-K 30 Tablets,1650,1650,1,100,True,2026-09-05 17:21:00
39905158,WO0OK3,Women's One Daily 30 Tablets,1800,1800,1,100,True,2026-09-05 17:21:00
39905119,87HSH0,Xtract-M 30 Capsules,1650,1650,1,100,True,2026-09-05 17:21:00
39905170,NG4FFS,65+ One Daily Men & Women 30 Tablets,1800,1800,1,100,True,2026-09-05 17:21:00
39905202,1D0205,Qfolic HR 30 Tablets,1050,1050,1,100,True,2026-09-05 17:21:00
7659196,4W8CTJ,Glucerna Nutritional Powder Chocolate 400g,4418,4700,1,1,True,2026-08-13 15:59:05
39905214,2BS1I3,Qfolic 30 Tablets,690,690,1,100,True,2026-09-05 17:21:00
39905191,C02IRJ,Flexa Plus 30 Tablets,1475,1475,1,100,True,2026-09-05 17:21:00
39905089,Y990PZ,Men's One Daily 30 Tablets,1800,1800,1,100,True,2026-09-05 17:21:00
39905246,EJAGHV,Men's One Daily 50+ 30 Tablets,1800,1800,2,100,True,2026-09-05 17:21:00
39905242,OZR77C,Teen Multi Chewable for Her 30 Tablets,1700,1700,1,100,True,2026-09-05 17:21:00
39905100,YCM4U4,Teen Multi Chewable for Him 30 Tablets,1700,1700,1,100,True,2026-09-05 17:21:00
39905083,84J5IA,Milk Thistle 250mg 30 Capsules,1900,1900,1,100,True,2026-09-05 17:21:00
35131562,NYM0T0,Sucral Zero Calorie Sweetener Dispenser 100 Tablets,250,250,1,100,True,2026-09-05 17:21:00
35133892,ZL203N,Sucral Zero Calorie Sweetener 50 Sachets,340,340,1,100,True,2026-09-05 17:21:00
7636678,EEBN93,Sucral Zero Calorie Sweetener Dispenser 200 Tablets,450,450,1,100,True,2026-09-04 07:58:16
9735808,P292HD,English Antibacterial Hand Sanitizer 60 ml,220,220,7,100,True,2026-09-05 17:21:00
35130412,5T0T10,English Antibacterial Hand Sanitizer Pump 250 ml,511,700,4,100,True,2026-09-05 17:21:00
37915828,AM5G80,Wellmed Hot Water Bottle Fabric,590,590,2,100,True,2026-09-05 17:21:00
56203680,r1vf-40,Saniplast Aqua Antiseptic Bandage Assorted 15 Strips,145,145,2,100,True,2026-08-06 11:34:57
8529105,3AO139,Saniswab Alcohol Pad 200 Pieces,400,400,1,100,True,2026-07-19 06:04:10
56203682,r1vf-38,Saniplast Aqua Antiseptic Bandage Medium 20 Strips,145,145,1,100,True,2026-08-04 08:48:00
56203689,r1vf-39,Saniplast Aqua Antiseptic Bandage Square 20 Strips,170,170,1,100,True,2026-08-02 08:43:23
56203672,r1vf-42,Saniplast Junior Pororo Antiseptic Bandage Medium 20 Strips,125,125,1,100,True,2026-07-27 06:41:49
8529308,P95G71,Saniplast First Aid Antiseptic Bandage Spot 20 Strips,75,75,1,100,True,2026-07-23 14:09:35
56203685,r1vf-44,Saniplast Junior Pororo Antiseptic Bandage Assorted 20 Strips,120,120,1,100,True,2026-07-31 16:55:50
8529333,5C73J2,Saniplast First Aid Antiseptic Bandage Square 20 Strips,100,100,1,100,True,2026-08-07 05:06:50
56203676,r1vf-37,Saniplast Fabric Antiseptic Bandage Fingertip 20 Strips,155,155,1,100,True,2026-07-31 06:25:52
8529255,OIHXRK,Saniplast Fabric Antiseptic Bandage Medium 20 Strips,105,105,1,100,True,2026-07-23 14:09:35
38940826,O104A2,First Answer Pregnancy Test Strip,118,118,22,12,True,2026-09-05 17:21:00
9125666,821900,Happy Life Self Test Pregnancy Strips Single Pack,80,80,23,100,True,2026-09-05 17:21:00
38940824,F5N48M,First Answer Midstream Pregnancy Test,413,413,2,12,True,2026-09-05 17:21:00
39794244,676717,Carez Steamer & Inhaler,780,780,1,0,True,2026-09-05 17:21:00
9125733,G2WR0A,Happy Life Self Test Pregnancy Strips 25 Pieces,1900,2000,4,100,True,2026-09-05 17:21:00
43016505,F2NCN3,First Choice Face Mask Black 50 Pieces,283,283,3,0,True,2026-09-05 17:21:00
43016513,A56OEC,First Choice Face Mask Blue 50 Pieces,271,271,1,0,True,2026-09-05 17:21:00
35130455,K5JU75,Facemask KN 95 With Filter Grey Color 1 Piece,57,57,68,100,True,2026-09-05 17:21:00
43016507,24B7H3,First Choice Face Mask Kids Blue 50 Pieces,271,271,6,100,True,2026-09-05 17:21:00
43016509,993LP9,First Choice Face Mask Kids Tattoo 50 Pieces,271,271,1,100,True,2026-09-05 17:21:00
35132789,640XP0,Facemask Kn 95 With Filter Blue Color,57,57,193,100,True,2026-09-05 17:21:00
35131023,0Q4741,Facemask Kn 95 With Filter White Color 1 pc,57,57,272,100,True,2026-09-05 17:21:00
7681821,O73B4D,Washable Light Blue Foam Mask Unisex With Filter,215,215,52,100,True,2026-09-05 17:21:00
7681825,T5QXL3,Washable White Foam Mask Unisex With Filter,215,215,202,100,True,2026-09-05 17:21:00
43016501,R9O3BF,First Choice Face Mask Green 50 Pieces,271,271,3,100,True,2026-09-05 17:21:00
43016503,CHP4G5,First Choice Face Mask Kids Green 50 Pieces,271,271,1,100,True,2026-09-05 17:21:00
7980675,9G971H,Surgical Mask (White),257,257,5,100,True,2026-09-05 17:21:00
7681834,2WX03N,Washable Pink Foam Mask Unisex With Filter,215,215,249,100,True,2026-09-05 17:21:00
35129340,1B7NQZ,SecureXtra Adult Pull-Up Diaper Medium 10 Pieces,1850,1850,3,100,True,2026-09-05 17:21:00
15373264,4GNOW3,Puffin Adult Pull-Up Diaper Large 10 Pieces,2856,3570,2,100,True,2026-09-05 17:21:00
15373232,Z6TCMW,Puffin Adult Diaper X-Large 10 Pieces,1760,2200,1,100,True,2026-09-05 17:21:00
144381107,r1vf-10733,Triox Body Razor (3 + 1 Free) Budget Pack 1 Unit,139.5,155,16,8,True,2026-09-05 17:17:12
9261143,WV9031,Perfect Abdominal Binder Extra Large,1300,1300,6,100,True,2026-09-05 17:21:00
9261765,2M036I,Perfect Lumbo Sacral Medium,1645,1645,3,100,True,2026-09-05 17:21:00
9261391,J65A06,Perfect Abdominal Binder Small,1300,1300,9,100,True,2026-09-05 17:21:00
9261860,K0NB5E,Perfect Shoulder Support Small,1150,1150,8,100,True,2026-09-05 17:21:00
9261268,E37MZ1,Perfect Arm Sling Child,1035,1035,7,100,True,2026-09-05 17:21:00
9261642,P90B4B,Perfect Shoulder Support Extra Large,702,702,8,100,True,2026-09-05 17:21:00
9261577,7YBEWH,Perfect Cervical Collar Large,865,865,7,100,True,2026-09-05 17:21:00
9261289,1S3I43,Perfect Cervical Collar Small,865,865,10,100,True,2026-09-05 17:21:00
9261063,0W6MLH,Perfect Shoulder Support Large,1150,1150,7,100,True,2026-09-05 17:21:00
9261216,FVEPP6,Perfect Cervical Collar Extra Large,865,865,7,100,True,2026-09-05 17:21:00
140017714,h1ei-3,Almarai Processed Cream Cheese 500g,1591,2150,1,8,True,2026-05-26 06:48:14
139755083,h1ei-5,ALMARAI SPREADABLE CREAM CHEESE 200G SAUDI ARABIA,1250,1250,1,8,True,2026-08-09 09:38:16
7640203,38QC95,Split Chickpeas (Chana Daal) 500g,123.5,130,18,4,True,2026-09-05 17:11:54
24137204,66R2Q2,Red Kidney Beans (Lobia Lal)  500g,231.8,244,12,14,True,2026-09-05 17:11:54
138924891,sta-645,Split Moong Dal (Dal Moong Chilka)  500g,220.4,232,7,8,True,2026-09-05 17:11:54
7644714,47598Q,Falak  Low Sodium Salt  400g,314.9,335,4,6,True,2026-05-05 10:47:33
7641007,WRC08A,Tamarind (Imli)  250g,207.9,231,17,6,True,2026-06-22 18:51:34
35132154,PM2265,Coconut Powder (Pisa Hua Khopra)  100g,162.9,181,6,3,True,2026-04-22 16:11:50
138924887,sta-641,Cloves (Long)  25g,127.3,134,5,8,True,2026-09-05 17:14:30
141690954,r1vf-3726,Bari Elaichi 25g,271.7,286,6,8,True,2026-08-29 16:20:10
12308519,C5218T,Iqra Almonds (Badam) USA 100g,596.6,628,9,10,True,2026-09-05 17:15:09
139477729,h1ei-811,Premium Dry Fruits Mix Fruit Kernel 100g,563.04,612,1,6,True,2026-08-14 10:06:36
141522396,r1vf-3727,Cashew Kernel 50g,297.9,331,1,8,True,2026-07-09 12:07:15
141522376,r1vf-3686,Almond Salted (USA) 50g,225.5,410,1,8,True,2026-08-16 09:30:34
139477727,h1ei-809,Premium Dry Fruits Chana Roasted 100g,113.9,134,1,6,True,2026-07-12 08:33:15
7647680,609MKQ,Candi Original Cookies Family Packet,81,90,39,5,True,2026-08-22 15:26:10
139850691,r1vf-1190,Jazaa Blackcurrant Flavored Jelly 80g,135,150,12,8,True,2026-09-05 17:15:09
9137586,N4SGM5,K&N's Frankfurter Sausages 720g,1321,1321,6,100,True,2026-09-05 17:16:35
9137581,UZ3Y46,K&N's Jumbo Frank Sausages Cheese & Onion 740g,1359,1359,7,100,True,2026-09-05 17:16:35
9137578,61B645,K&N's Jumbo Frank Sausages Jalapeno Peppers & Cheese 740g,1359,1359,2,100,True,2026-09-05 17:16:35
139691706,r1vf-2290,brightfarms Potatoes For  Fries 1Kg,79,79,19,15,True,2026-09-05 17:20:36
139564735,r1vf-2063,brightfarms Orange Box (Premium) Polished 12 Pieces (190g-210g) (Sargodha),649,649,1,15,True,2026-04-20 16:17:50
47443948,qjk4-3,brightfarms Orange - Kinow (Sargodha) Half Dozen (Medium 150g-180g),259,259,2,20,True,2026-04-22 10:27:48
140163188,r1vf-3145,brightfarms Apple Kala Kulu 500g,299,299,1,15,True,2026-09-05 12:34:25
18191297,L43BOH,brightfarms Guava Green (Pakistan) 500g,194.65,229,1,20,True,2026-04-18 13:11:50
16650696,UJGHK1,brightfarms Green Jujube -Bair (Sindh) 500g,119,119,1,20,True,2026-04-04 09:45:40
47443944,qjk4-9,brightfarms Apple Shinkulu Mix 1kg,699,699,1,15,True,2026-07-06 13:02:23
15520321,5I19JC,brightfarms Sweet Melon - Kharbooza (Sindh) ( 500g - 600g ),199,199,3,20,True,2026-07-04 16:17:54
15520303,43961B,brightfarms Kiwi (Irani) 500g,899.1,999,1,15,True,2026-04-28 16:59:22
28230991,U79QY5,brightfarms Watermelon - Tarbooz (Pakistan) Per Piece (3- 4kg),449,449,2,20,True,2026-06-26 14:36:55
13122327,HBWUT2,brightfarms HoneyDew (Melon) Per Piece,224.1,249,1,0,True,2026-06-08 08:23:59
10367714,VCF9Y0,brightfarms Lemon - Desi Nimbu (Pakistan) 250g,80.1,89,45,20,True,2026-09-05 17:20:36
10367725,B3EM91,brightfarms Cucumber -Kheera (Pakistan) 500g,107.1,119,8,20,True,2026-09-05 17:20:36
10367769,NU7B0U,brightfarms Onion - Piyaz (Pakistani) 1kg,269.1,299,54,20,True,2026-09-05 17:20:36
40927820,C1CY67,brightfarms Capsicum Green Shimla Mirch (Sindh) 500g,125.1,139,8,20,True,2026-09-05 12:34:25
10367759,51469J,brightfarms Fresh Potato Aalu Medium 1kg,67.5,75,40,20,True,2026-09-05 17:20:36
40927832,1L394D,brightfarms Cucumber -Kheera (Pakistan) 1kg,215.1,239,3,20,True,2026-09-05 17:20:36
10367703,167733,brightfarms Tomato Timatar Red (Pakistan) 1kg,350.1,389,8,20,True,2026-09-05 17:20:36
140163205,r1vf-3137,Brightfarms Fresh Tomato (Timatar) 500 g ( Mix Sized ),170.1,189,41,20,True,2026-09-05 17:20:36
7640539,BC9G2O,brightfarms Green Chili Thin (Sindh) 250g,44.1,49,7,20,True,2026-09-05 17:20:36
47443958,qjk4-5,brightfarms Fresh Potato Aalu Mix 1kg,62.1,69,18,15,True,2026-09-05 17:20:36
47443964,qjk4-8,brightfarms Onion -Pyaz (Sindh) Mix 1kg,260.1,289,24,20,True,2026-09-05 17:20:36
10367748,0T39JL,brightfarms Ginger 250g,129,129,2,15,True,2026-09-05 17:20:36
24137208,GFQDHM,brightfarms Peas -Matar (Pakistan) 500g,339,339,2,20,True,2026-09-05 17:20:36
7640787,N52QR3,brightfarms Beetroot - Chukandar (Pakistan) 500g,99,99,3,20,True,2026-09-05 12:34:25
24137583,80J492,brightfarms Potato Aalu (Okara) 3kg,206.1,229,3,20,True,2026-09-05 17:20:36
7640803,OWI87U,brightfarms Brinjal Round -Gol Baingan (Pakistan) 500g,99,99,14,20,True,2026-09-05 17:20:36
139814176,r1vf-3400,brightfarms Lemon Desi Nimbu (Pakistan) 500g,161.1,179,9,20,True,2026-09-05 17:20:36
13122242,HTBIUY,brightfarms White Button Mushrooms - 150g-250g (Imported from UAE),249,249,3,15,True,2026-09-05 17:20:36
140163202,r1vf-3132,brightfarms Fresh Potato (Aalu) Mix 3kg,197.1,219,5,20,True,2026-09-05 17:20:36
7640525,A33N1R,brightfarms Garlic Desi -Desi Lehsun (Punjab) 250g,79,79,5,15,True,2026-09-05 17:20:36
7640197,318QA0,brightfarms Cauliflower Phool Gobi Piece (500-700g),449,449,3,20,True,2026-09-05 17:20:36
15520231,YS92W1,brightfarms Carrot Orange 500g,159,159,2,15,True,2026-09-05 17:20:36
37914489,59VF49,brightfarms Peelad Peas -Matar (Pakistan) 250g,229,229,4,15,True,2026-09-05 17:20:36
24137595,YW1654,brightfarms Onion - Piyaz (Pakistani) 3kg,800.1,889,1,20,True,2026-09-05 17:20:36
12843370,5425M2,brightfarms Ladyfinger -Bhindi (Sindh) 500g,99,99,12,20,True,2026-09-05 17:20:36
140163199,r1vf-3127,brightfarms Fresh Onion (Pyaz) Mix Size 3kg,773.1,859,2,20,True,2026-09-05 17:20:36
7640871,RN22Q2,brightfarms Zucchini Kaddu (Pakistan) 500g,149,149,4,20,True,2026-09-05 07:36:41
140163210,r1vf-3139,Brightfarms Green Chilli Thin 500g,80.1,89,1,20,True,2026-09-05 07:36:41
52251518,qjk4-22,brightfarms Turmeric 250g,119,119,1,20,True,2026-09-05 17:20:36
7640911,RK1R4P,brightfarms Apple Gourd -Tinda (Pakistan) 500g,119,119,5,20,True,2026-09-05 17:20:36
20137393,360E9G,brightfarms Red Radish 500g (Pakistan),349,349,1,20,True,2026-09-05 07:36:41
15520233,GG1LKF,brightfields Fresh Beans 500g,129,129,3,15,True,2026-09-05 17:20:36
13122305,Y73M50,brightfarms Bottle Gourd Long - Lambi Lauki (Pakistan) 500g,99,99,5,20,True,2026-09-05 17:20:36
139814180,r1vf-3404,brightfarms Lady Finger (Bhindi) 1kg,199,199,1,20,True,2026-09-05 17:20:36
141419949,32916H,brightfarms Chicken Gizzard 1kg,475,475,2,8,True,2026-09-04 07:45:25
7649070,X63AKQ,Nurpur Cream 200ml,200,240,22,24,True,2026-09-05 07:27:26
7649026,1182B7,Nurpur Full Cream Milk 1l,345,380,22,12,True,2026-09-05 17:10:22
38690101,RXY0Z5,Nestle Yogurt Low Fat Unsweetened 400g,260,260,3,0,True,2026-09-02 07:40:34
36760449,2TK4H8,Nestle Milkpak Unsalted Butter 200g,750,750,1,100,True,2026-07-04 06:20:33
7947713,93EP5D,Bread & Beyond Bread Plain White Large,250,250,3,0,True,2026-09-05 17:10:48
7947720,5G3E37,Bread & Beyond Pitta Bread Plain 8i nch,120,120,4,0,True,2026-09-05 17:10:48
7947596,L904R1,Bread & Beyond Sandwich Bread,320,320,2,0,True,2026-09-05 17:10:48
15940389,5O3XMY,Sprite Zero Sugar Bottle 500ml,98.4,120,39,12,True,2026-09-05 17:12:28
7662612,KUX547,Shezan Squash Lemon Bottle 1400ml,675,750,12,4,True,2026-09-05 17:12:28
8886592,G540S6,Samyang Imported Buldak Cheese Hot Chicken Flavour Ramen 140g,474.05,499,1,100,True,2026-08-02 06:01:50
7862613,KC442P,National Mango Pickle Jar 370g,205.44,321,9,3,True,2026-09-05 17:14:30
7862010,C2Y3L8,National Hyderabadi Mix Pickle Jar 900g,653.2,710,5,3,True,2026-09-05 17:14:30
139850721,r1vf-1728,Machos Nachos Sweet Thai Chip Rs. 200,200,200,9,8,True,2026-09-05 17:15:09
7638123,4IGA9M,Peek Freans Party Biscuits Snack Pack,288,320,27,5,True,2026-09-05 17:15:09
7947746,344G98,Bread & Beyond Marble Cake,350,350,4,0,True,2026-09-05 17:15:09
24137239,U0TKAR,Bread & Beyond Old Fashion Cake,350,350,1,0,True,2026-09-05 17:15:09
24138025,FCJK86,Bread & Beyond Vanilla Muffin Small 6 Pieces,250,250,1,0,True,2026-08-29 16:20:59
13833921,AD40YO,Eazu Roll Sticks Chocolate (Imported) 9g ,250,250,1,100,True,2026-07-05 16:17:24
142267310,r1vf-1177,IVG Recharge Prefilled Pro Pod Strawberry Ice 1 Unit,750,850,1,8,True,2026-09-05 17:16:52
36432669,TYY0E1,Safeguard Body Soap Pure White (Bundle of 3) 125g ,510,510,1,3,True,2026-06-14 11:37:52
64866650,AVUEVB,Safeguard White 3 Pieces x 135g x2,1020,1020,1,3,True,2026-06-13 16:23:37
139805301,21UUR9,Strawberry Milk Shake�,869,869,1,0,True,2026-04-13 13:34:58
142744512,r1vf-8015,Doughstory Shawarma Bread (Medium) 4 Pieces,120,120,4,8,True,2026-09-05 17:10:48
142744487,r1vf-8001,Doughstory Milk Bread Regular Pack 340g,120,120,3,8,True,2026-09-05 17:10:48
142744493,r1vf-8004,Doughstory Bran Bread 340g,170,170,2,8,True,2026-09-05 17:10:48
142744491,r1vf-8003,Doughstory Plain Bread Family Pack 725g,230,230,4,8,True,2026-09-05 17:10:48
142744489,r1vf-8002,Doughstory Milk Bread Family Pack 725g,230,230,5,8,True,2026-09-05 17:10:48
142744495,r1vf-8005,Doughstory Multi Grain Bread 340g,170,170,5,8,True,2026-09-05 17:10:48
142744497,r1vf-8006,Doughstory Milk Bread Value Pack 500g,150,150,2,8,True,2026-09-05 12:26:03
142744498,r1vf-8007,Doughstory Plain Bread Value Pack 500g,150,150,5,8,True,2026-09-05 17:10:48
142744516,r1vf-8017,Doughstory Shawarma Bread (Small) 5 Pieces,100,100,3,8,True,2026-09-05 17:10:48
142744528,r1vf-8024,Doughstory Cake Rusk 80g,90,90,10,8,True,2026-09-05 17:10:48
142744526,r1vf-8023,Doughstory Cake Rusk 200g,220,220,2,8,True,2026-09-05 17:10:48
142744500,r1vf-8008,Doughstory Sheermal Bun 115g,65,65,1,8,True,2026-09-05 07:27:48
142744523,r1vf-8021,Doughstory Crispy Rusk (Small) 190g,160,160,1,8,True,2026-09-05 17:10:48
142744535,r1vf-8028,Doughstory Fruit Cake 200g,200,200,1,8,True,2026-08-29 16:20:59
7658470,2P350J,Omore Core Stick 55ml,99,99,18,15,True,2026-09-05 17:16:18
7658539,83W21A,Omore Kulfi Stick 50ml,70,70,16,15,True,2026-09-05 17:16:18
7658485,3R0B21,Omore Mango Half Brick 400ml,240,240,11,15,True,2026-09-05 17:16:18
7658607,KIY89D,Omore Double Choco Chips Cone,99,99,14,0,True,2026-09-05 17:16:18
7658457,1PVILV,Omore Vanilla Chocolate Cone 80ml,90,90,8,15,True,2026-09-05 17:16:18
7658514,6MM254,Omore Vanilla Choco Nuts Cone 100ml,150,150,12,15,True,2026-09-05 17:16:18
7658505,6BJ1HP,Omore Vanilla Strawberry Cone 80ml,90,90,2,15,True,2026-09-02 13:23:11
145279309,r1vf-2827,Omore Mocha Crunch Cone Ice Cream 80ml,99,99,3,8,True,2026-09-05 17:16:18
9389267,W62689,Omore Majestick 80 ml,199,199,15,15,True,2026-09-05 17:16:18
142744507,r1vf-8012,Doughstory Burger Bun Seeded (4 Pieces) 240g,160,160,8,8,True,2026-09-05 17:16:35
142744506,r1vf-8011,Doughstory Burger Bun Seeded (2 Pieces) 110g,85,85,8,8,True,2026-09-05 17:16:35
139814188,r1vf-3413,Brightfarms Strawberry Box (Pakistan) 250g,199,199,5,15,True,2026-04-18 13:11:50
20892711,U9KL02,brightfarms Strawberry Box  ( Pakistan) 500g,349,349,2,20,True,2026-04-18 09:57:24
35132106,W1BXS7,brightfarms Apple Kala Kulu (Pakistan) 1kg,899,899,1,15,True,2026-07-06 07:24:54
16650690,3AIE14,brightfarms Musambi Half Dozen,199,199,1,15,True,2026-04-01 10:13:52
140481317,r1vf-4060,brightfarms Unripe Fresh Banana (Kela) Half Dozen 6 Pieces,239,239,1,15,True,2026-03-30 10:27:17
15520279,72A30V,brightfarms Coconut Piece (Srilanka) (400g -600g),599,599,1,20,True,2026-09-05 12:34:25
7640620,EYVPK6,brightfarms Turnip - Shaljam (Pakistan) 1kg,299,299,1,20,True,2026-09-05 12:34:25
40927839,Z84G2D,brightfarms Sweet Potato Shakarkandi (Pakistan) 1kg,349,349,1,20,True,2026-09-04 07:57:35
20137394,SH14X0,brightfarms Saags (Pakistan) 500g,119,119,2,15,True,2026-07-28 08:43:00
7632684,5QPAW2,Farm Fresh Omega 3 Eggs 6 Pieces,270,270,6,100,True,2026-09-05 17:10:48
7648493,Q7892P,Dawn Large Plain 725g,220,220,3,100,True,2026-09-05 17:10:48
7648250,570598,Dawn Bread Plain Small 340g,120,120,7,100,True,2026-09-05 17:10:48
7648386,736YZR,Dawn Bread Medium Plain,165,165,6,100,True,2026-09-05 17:10:48
7997974,AABPAI,Dawn Baqar Khani 90g,110,110,1,100,True,2026-09-05 17:10:48
7648440,ELA76B,Dawn Fruit Bun 90g,60,60,2,100,True,2026-09-04 18:08:03
138750285,daw-720,Dawn Bread Mini Cake Rusk 110g,125,125,4,6,True,2026-09-05 17:10:48
138750281,daw-716,Dawn Sheermall 1 Piece,65,65,2,6,True,2026-09-05 07:27:48
138750280,daw-715,Dawn Gol Cake 1 Packet,100,100,13,6,True,2026-09-05 17:15:09
28231079,UE78YV,Dawn Mini Plain Cake 100g,135,135,4,6,True,2026-09-05 17:15:09
7648456,G35H79,Dawn Fruit Cake Large 200g,240,240,2,100,True,2026-09-05 17:15:09
9477294,620W5R,Dawn Mini Fruit Cake 100g,130,130,3,100,True,2026-09-05 17:15:09
24138054,ZA2RY9,Dawn Muffin Strawberry Box 210g,250,250,1,100,True,2026-05-13 17:21:35
7997986,2CV5FN,Dawn Muffin Mango Box 210g,250,250,1,100,True,2026-08-29 16:20:59
7998010,N9942T,Dawn Muffin Chocolate 210g,250,250,1,100,True,2026-09-05 17:15:09
7636086,N4UQ9A,Rose Petal Tissue Party Pack Pink,252,280,35,8,True,2026-09-05 17:17:12
7661018,W7Z4Q8,Finis Daily Mop Phenyl White Bottle 1000ml,315,365,9,6,True,2026-09-05 17:18:37
143282300,Mirror-112,brightfarms Chicken Drumsticks (Consume by Today) 500g,244.3,349,1,8,True,2026-08-26 12:50:22
143282299,Mirror-111,brightfarms Chicken Wings (Consume by Today) 500g,482.3,689,3,8,True,2026-07-14 16:14:44
36760334,J47Q4Q,Falak  Himalayan Pink Salt (Himalayan Pink Namak)  150g,93.06,99,6,6,True,2026-05-05 10:47:33
36759703,16M7DP,Falak Himalayan Pink Rock Salt Refill Pouch 400g,52,80,1,6,True,2026-09-04 18:08:22
139477748,r1vf-1573,Haadi Chia Seed 250g,1811.7,2013,1,6,True,2026-04-14 07:50:09
35525429,N5M1F7,Hico Ice Cream Chocbar 50 ml,75,75,24,100,True,2026-09-05 17:16:18
66563441,H100288,Hico Ice Cream Praline Bar Pack 700ml,605,605,2,0,True,2026-09-05 17:16:18
7773835,XU475V,Wall's Cornetto Double Chocolate 100ml,112,140,76,8,True,2026-09-05 17:16:18
66563428,H100250,Hico Cone Swirls Cookies & Cream 1 Unit,150,150,11,0,True,2026-09-05 17:16:18
7633896,9FXY5Z,Hico Ice Cream Chocolate Fudge 1.5 ltr,1215,1215,2,100,True,2026-09-05 17:16:18
7633860,65P649,Hico Ice Cream Mango 1.5 ltr,1165,1165,4,100,True,2026-09-05 17:16:18
141844490,H100294,Hico Indulge Vanila Bean Ice Cream 500ml,1295,1295,1,8,True,2026-03-28 15:36:03
7633919,HD5OK7,Hico Ice Cream Kulfa 1.5 ltr,1245,1245,3,100,True,2026-09-05 17:16:18
7633837,1D3V8N,Hico Ice cream Tub Chocolate 1.5 ltr,1165,1165,1,100,True,2026-09-05 17:16:18
7633945,NT7JB6,Hico Ice Cream Tub Pistachio 1.5L,1245,1245,4,0,True,2026-09-05 17:16:18
7649060,H62J9F,Nurpur Butter 200g,800,800,1,10,True,2026-06-28 16:14:10
7649066,UNO99V,Nurpur Butter Unsalted 200g,800,800,2,100,True,2026-06-27 16:04:35
7649038,52065O,Nurpur Cheddar Cheese Block 200g,650,650,2,100,True,2026-06-24 06:49:58
7649029,4J7I05,Nurpur Mozzarella Cheese Block 200g,700,700,2,100,True,2026-06-27 16:04:16
139685495,r1vf-2091,Opa Penne Pasta 400g,172,215,1,6,True,2026-06-20 11:22:42
139685382,r1vf-2087,Opa Small Elbow Pasta 400g,172,215,2,2,True,2026-06-21 14:13:55
7824259,DJYT94,Nestle Milkpak Dairy Whipping Cream Sweetened 200ml,244.4,260,26,0,True,2026-09-05 17:10:22
7661456,KQC6QA,Hashmi Honey 500g,770,770,1,0,True,2026-09-05 17:10:48
7661482,Z6XY33,Hashmi Honey 300g,510,510,1,100,True,2026-09-05 17:10:48
7947469,8YLY37,Bread & Beyond Bread Tortilla 540g,400,400,16,0,True,2026-09-05 17:10:48
24137227,1STV53,Bread & Beyond Plain Slab Rusks,290,290,2,0,True,2026-09-05 17:10:48
24137231,4L3IOA,Bread & Beyond Fruit Bun,65,65,1,0,True,2026-09-05 17:10:48
7947494,G62N73,Bread & Beyond Round Tea Rusks,295,295,1,0,True,2026-09-05 17:10:48
7665475,5PKYU9,Coca Cola Zero Sugar Bottle 500ml,98.4,120,79,12,True,2026-09-05 17:12:28
13213826,CF5A3P,Sprite Lemon Mint Bottle 1.5l,164,200,60,6,True,2026-09-05 17:12:28
7658062,N9103Q,Fanta Orange Bottle 1.5l,170,200,22,6,True,2026-09-05 17:12:28
59206220,r1vf-146,Sprite Lemon Mint Bottle 350ml,57.4,70,334,12,True,2026-09-05 17:12:28
7648895,6A284T,Coca Cola Bottle 2.25L,188.6,230,57,6,True,2026-09-05 17:12:28
7658052,6H3O3R,Fanta Orange Bottle 500ml,102,120,11,12,True,2026-09-05 17:12:28
141388885,r1vf-3891,KNORR CHATPATTA NOODLES 180G,185,185,89,4,True,2026-09-05 17:14:10
7824187,7TAX4I,Nescafe 3 in 1 Coffee Sachet 20g,73.6,80,58,0,True,2026-09-05 17:14:50
143785148,r1vf-2524,Lay's Maxx Spicy Kimchi Rs. 70,70,70,24,8,True,2026-09-05 17:15:09
44825540,UX0OG2,Lay's Chips Potato Yogurt & Herb Jumbo Rs. 150 (The new and old packaging will be shipped out randomly),150,150,11,10,True,2026-09-05 17:15:09
44825536,4V75Y5,Lay's Chips French Cheese Jumbo Rs. 150 (The new and old packaging will be shipped out randomly),150,150,10,10,True,2026-09-05 17:15:09
139515016,r1vf-1553,Bisconni Novita Orange Wafers Snack Pack,320,320,1,8,True,2026-08-01 16:05:36
139544608,r1vf-1757,Pic&mix Jelly Party Mix Sour Apple Rings 75g,280,280,1,8,True,2026-08-15 09:29:17
139544611,r1vf-1761,Pic&mix Jelly Party Mix Cherry Cola Bottles 75g,280,280,1,8,True,2026-05-14 14:20:27
139544612,r1vf-1762,Pic&mix Jelly Party Mix Sour Cherry 75g,238,280,1,8,True,2026-09-05 17:15:09
139544617,r1vf-1767,Pic&mix Jelly Party Mix Sour Dummies 75g,280,280,1,8,True,2026-08-26 12:54:48
139544619,r1vf-1787,Jelly Party Mix Sour Strawberry Rings 75g,280,280,1,8,True,2026-08-21 15:37:40
139544607,r1vf-1756,Pic&mix Jelly Party Mix Sour Apple Belts 75g,280,280,1,8,True,2026-07-27 17:01:13
139544609,r1vf-1758,Pic&mix Jelly Party Mix Sour Blueberry Belts 75g,280,280,2,8,True,2026-03-28 09:43:26
9511509,Z25P5J,RELX Pod Pro 2-1 Pod Pack-Tangy Grape-30mg/g-STD-M,1199,1199,2,100,True,2026-09-05 17:16:52
11669193,B3M308,Saniderm Pimple Patch 24's,300,300,5,100,True,2026-06-11 18:21:11
64866634,2MX5AH,Safeguard Floral Scent 3 Pieces x 103g - Pack of 2,750,750,1,3,True,2026-06-06 06:41:02
7646910,EVUWG4,PediaSure Nutritional Powder Chocolate 850g,6745,7100,1,1,True,2026-09-01 08:27:41
38518787,49X2O8,Bona Papa Magic Baby Diapers Jumbo Pack- Large  Size 4 54 Pieces,2323,2323,1,12,True,2026-09-05 17:17:52
10666595,B9H5P6,Friskies Surfin Favourites 1kg,2699,2699,1,100,True,2026-04-11 13:04:55
140023882,r1vf-2601,Strepsils Lozenges Honey & Lemon 1 Strip x 6 Tablets,149,149,28,8,True,2026-09-05 17:21:00
140396060,r1vf-1032,Serne Inhaler,120,120,1,6,True,2026-03-31 10:15:19
39905248,QCC26M,FluAce Insta Joshanda 1 Sachet,30,30,4,100,True,2026-08-26 04:01:18
39905114,L20ZD2,Vitamin C Chewable 500mg 30 Tablets,1150,1150,1,100,True,2026-09-05 17:21:00
39905135,R7GEN2,B-lite 30 Capsules,1450,1450,1,100,True,2026-08-16 15:31:09
37915196,MB2P65,First Choice Hot & Cold Gel Pack,307,307,1,0,True,2026-09-05 17:21:00
142744502,r1vf-8009,Doughstory Fruit Bun 110g,50,50,4,8,True,2026-09-05 07:27:48
38212550,7PGOW3,Qarshi Arq-e-Gulab Rose Water Dropper 20ml,40,40,3,100,True,2026-09-05 17:17:12
36768196,Y680ZP,Puffin Tampons Super Plus 16 Pieces,1088,1360,1,100,True,2026-09-05 17:17:12
13122282,DOOM00,brightfarms Beef Mince 500g,899,899,3,100,True,2026-09-05 17:10:03
24137951,19U5DE,brightfarms Beef Boti Boneless 500g,889,889,1,100,True,2026-09-05 17:10:03
17919907,N3JAH6,brightfarms Carrot Red (Pakistan) 500g,170.1,189,1,20,True,2026-04-23 16:36:32
40927835,X5PB69,brightfarms Carrot Red (Pakistan) 1kg,341.1,379,2,20,True,2026-04-24 08:12:22
40927828,2JP339,Brightfarms Arvi 1kg,129,129,2,20,True,2026-09-05 17:20:36
18452083,D7CNGE,Green Valley Ginger with Honey Lozenges 1 Strip x 6 Tablets,100,100,12,100,True,2026-09-05 17:21:00
39905183,OWXM69,Prospan Cough Syrup 120ml,695,695,2,100,True,2026-09-05 17:21:00
35129447,7M7XGK,Hashmi Ispaghol Husk Jar 85g,800,800,2,100,True,2026-09-05 17:21:00
8529231,6D63MV,Saniplast Aqua Antiseptic Bandage Large 20 Strips,160,160,1,100,True,2026-07-25 10:36:42
139850619,r1vf-317,Master Disposable Syringe 10ml,59,59,2,100,True,2026-09-05 17:21:00
43016511,547R8L,First Choice Face Mask White 50 Pieces,271,271,1,100,True,2026-09-05 17:21:00
15373273,O7CAKA,SecureXtra Dignity Sheets 10 Pieces,1140,1140,1,100,True,2026-09-05 17:21:00
15373293,O8RWN4,SecureXtra Adult Pull-Up Diaper X-Large 10 Pieces,2170,2170,1,100,True,2026-09-05 17:21:00
15373277,0ZO028,Puffin Adult Diaper Medium 10 Pieces,1536,1920,1,100,True,2026-09-05 17:21:00
13122047,97W9Q8,Frozen Frozen Fish Finger 1kg,1299,1299,1,100,True,2026-09-05 17:10:03
13122053,9MZ3A6,Frozen Shrimps PnD Medium 500g,649,649,22,100,True,2026-09-05 17:10:03
13122051,65U0BT,Frozen Shrimps PnD Large 500g,749,749,16,100,True,2026-09-05 17:10:03
26915625,0IGR02,Frozen Breaded Fish Finger 400g,699,699,9,100,True,2026-09-05 17:10:03
13122256,O4RN69,Frozen King Fish (Surmai) Cleaned Slice Cut 800g,1399,1399,1,100,True,2026-06-29 17:38:22
13122259,G8FNXR,Frozen Crocker Fish (Mushka) Cleaned & Whole (Headless) 800g,999,999,5,100,True,2026-09-05 17:10:03
7654583,4OSA94,Sabroso Chicken Donut 310g,585,585,3,0,True,2026-09-05 17:16:35
7654802,W2HQPY,Sabroso Shami Kabab 600gm,1070,1070,1,0,True,2026-08-25 12:51:43
7654616,69L7ET,Sabroso Chicorn Fries 760 gm (Large),1120,1120,1,0,True,2026-09-05 17:16:35
7654656,9A8Q3A,Sabroso Leg Tikka 4`S 760gm,1270,1270,3,0,True,2026-09-05 17:16:35
139334208,r1vf-1701,Dayfresh Salted Butter 200g,595,700,1,8,True,2026-08-22 15:21:17
142234547,r1vf-4616,Cadbury Dairy Milk Wafer Bar (1Pc),100,100,145,8,True,2026-09-05 17:15:57
144381093,r1vf-10688,Cadbury Selections Doy Bag 70g,600,600,15,8,True,2026-09-05 17:15:57
9119583,XZ8I8W,Cadbury Eclairs (45 Pieces),225,225,34,100,True,2026-09-05 17:15:57
139545992,r1vf-2040,Cadbury Wafer Roll 8g Box,480,480,8,8,True,2026-09-05 17:15:57
7773643,ANXEZ3,Magnum Almond 80ml,239.2,299,64,8,True,2026-09-05 17:16:18
7773508,PB1262,Wall's Feast Chocolate Bar 80ml,79.2,99,142,8,True,2026-09-05 17:16:18
7773451,25NZ00,Magnum Classic 90ml,239.2,299,14,8,True,2026-09-05 17:16:18
144421123,r1vf-10815,Wall's Choco Max 50ml,48,60,59,36,True,2026-09-05 17:16:18
25707497,TU99J5,Wall's Chocolate Chip 775ml,399.2,499,10,8,True,2026-09-05 17:16:18
7773897,0J9ACV,Wall's Chaunsa Mango 775ml,360,450,15,8,True,2026-09-05 17:16:18
139592772,r1vf-2225,Wall's Praline 775ml,399.2,499,3,8,True,2026-09-05 17:16:18
140637146,U2ZO0A,Wall's One Pista Ice Cream 775ml,399.2,499,8,8,True,2026-09-05 17:16:18
26901233,VJ11T5,Wall's Cornetto Cookies & Cream 100ml,112,140,26,8,True,2026-09-05 17:16:18
7773807,IKXND8,Wall's Cornetto Classico 100ml,112,140,26,8,True,2026-09-05 17:16:18
144421121,r1vf-10813,Cornetto Strawberry & Cream 105ml,112,140,14,24,True,2026-09-05 17:16:18
7773775,1LS0NU,Wall's Cornetto Pop Cone Strawberry & Vanilla 95ml,72,90,8,8,True,2026-09-05 17:16:18
12701965,XQ3I7R,Wall's Cornetto Pop Cone Chocolate Vanilla 95ml,72,90,31,8,True,2026-09-05 17:16:18
144421120,r1vf-10812,Wall's Feast Tub 700ml,720,900,13,6,True,2026-09-05 17:16:18
7773983,G6DM71,Wall's Caramel Crunch & Chocolate 1400ml,680,850,5,8,True,2026-09-05 17:16:18
38827103,25B2N1,Wall's Chaunsa Mango & Cream Bucket 1400ml,680,850,8,8,True,2026-09-05 17:16:18
66562597,r1vf-685,Walls King Kulfa & Pista Bucket 1400ml,719.2,899,6,8,True,2026-09-05 17:16:18
140235036,r1vf-758,Wall's Chaunsa Mango Bucket 1400ml,680,850,7,8,True,2026-09-05 17:16:18
7773861,30RM2F,Wall's King Kulfa Bucket 1400ml,719.2,899,6,8,True,2026-09-05 17:16:18
144421119,r1vf-10811,Velvetti Dairy Vanilla Sunshine Ice Cream 1300ml,880,1100,5,4,True,2026-09-05 17:16:18
139752742,r1vf-2359,Wall's Royal Badami Tub 700ml,560,700,5,8,True,2026-09-05 17:16:18
139563624,r1vf-1985,Bread & Beyond Bran Cake Rusk,380,380,1,0,True,2026-09-05 12:26:03
9505915,7CZL83,Eurocake Jumbo Swiss Roll Strawberry 1 Unit,210,210,21,50,True,2026-09-05 17:15:09
24138050,0G674V,Bread & Beyond Butter Cake,380,380,1,0,True,2026-09-05 17:15:09
35133016,E2326T,LIFEBUOY TOTAL HANDWASH POUCH 400ML,450,450,8,5,True,2026-09-05 17:17:12
142363885,r1vf-5052,ACI Blood Bgone Stain Remover 100ml,348,348,10,8,True,2026-09-05 17:18:37
24137505,86PY87,ACI Color Bleach 500ml,478.8,532,10,100,True,2026-09-05 17:18:37
24137520,D96I5V,ACI Bleach 1900ml,1123,1123,5,100,True,2026-09-05 17:18:37
24137423,320121,ACI Non Chlorine Bleach 500ml,410,410,8,100,True,2026-09-05 17:18:37
24137435,85213Q,ACI Taaki Surface Cleaner Floral 500ml,460,460,2,100,True,2026-09-05 17:18:37
24137534,B4S384,ACI Toaleto Toilet Cleaner 500ml,445,445,5,100,True,2026-09-05 17:18:37
145320434,KC6T5T,Wanpy Cat Wet Food for Adult Cats with Chicken and Scallop Pieces in Pouches 85g,270,270,10,100,True,2026-09-05 17:19:46
142744521,r1vf-8020,Doughstory Crispy Rusk (Large) 400g,240,240,3,8,True,2026-09-05 17:10:48
142744525,r1vf-8022,Doughstory Biscuit Rusk 200g,220,220,1,8,True,2026-09-04 13:11:48
8343090,9LFIQW,K&N Food Seekh Kabab 205 g.,549,549,10,100,True,2026-09-05 17:16:35
9137590,3161H1,K&N Food Breakfast Sausage Whit Herbs 720g 32Pcs,1321,1321,13,100,True,2026-09-05 17:16:35
139099835,rtc-417,K&N's Tender Pops 54 Pieces 780g,1315,1315,17,6,True,2026-09-05 17:16:35
24137093,GJC5WR,brightfarms Orange Shakri Half Dozen,199,199,1,20,True,2026-04-01 10:13:52
7857482,50PDWQ,Prema Milk Full Fat 190 ml,127,127,7,100,True,2026-09-05 17:10:22
145309653,r1vf-2855,Prema Unsweetened Greek Plain Yogurt 100g,145,145,31,8,True,2026-09-05 17:10:22
7648269,13841S,Dawn Bread Bran 340g,150,150,1,100,True,2026-09-04 18:08:03
8410905,X7RSN7,Dawn Q.P 1x2 Burger Bun,80,80,1,100,True,2026-09-04 07:47:48
9477298,R4BAUU,Dawn Bread Shawarma Medium 4 Pieces,120,120,1,100,True,2026-08-28 23:53:37
7648341,50YSVB,Dawn Multigrain Bread 400g,255,255,2,100,True,2026-09-05 17:10:48
138750282,daw-717,Dawn Shawarma Small 5 Pieces,130,130,1,6,True,2026-08-05 11:21:15
141522375,r1vf-3685,Almond Nuts 50g,276.3,307,1,8,True,2026-07-25 13:30:19
139477721,h1ei-803,Almond 100g,532,560,1,6,True,2026-08-07 07:20:28
7658630,MC5X46,Omore Chocolate & Vanilla Tub 1400ml,850,850,1,15,True,2026-09-02 13:23:11
143282292,Mirror-104,brightfarms Chicken Thigh Boneless Fillet (Consume by Today) 500g,524.3,749,2,8,True,2026-07-18 13:14:51
143282301,Mirror-113,(Consume by Today)brightfarms Chicken Gizzard 500g,171.5,245,1,8,True,2026-08-26 16:17:16
141804942,r1vf-2364,Pop Bar Strawberry & Raspberry 90g,398.7,443,7,8,True,2026-09-05 17:16:18
7637155,A3J0ZX,Mon Salwa Chicken Nuggets Poly Pack 1000g,970,970,3,0,True,2026-09-01 08:26:04
36760513,SZD4RT,Mon Salwa Chicken Nuggets 900g,1199,1199,1,0,True,2026-08-23 15:29:41
7637044,2LTF7R,Mon Salwa Crispy Chicken Burger Poly Pack 18 Pieces 990g,970,970,2,0,True,2026-08-31 09:27:37
7637146,89LUT9,Mon Salwa Chicken Cheese Frank Furter 340g,590,590,1,0,True,2026-09-02 18:32:13
36760405,PP8D5L,Mon Salwa C.Cheese Ball 430 gm,745,745,2,0,True,2026-08-31 09:27:37
8536854,8338SG,Dairy Life Cheese Pizza Block 200 g,680,680,1,100,True,2026-09-05 17:10:22
7659333,EC1ZM6,Youngs Mayonnaise Pouch 200ml,170,170,7,100,True,2026-09-05 17:14:30
7659403,S1NJG7,Youngs Mayonnaise Pouch 500ml,360,360,35,6,True,2026-09-05 17:14:30
7639402,345793,Mirinda PET 345ml,57.4,70,103,12,True,2026-09-05 17:12:28
140105569,r1vf-2702,7Up Mint Lemonade Bottle (PET) 500ml,82,100,15,24,True,2026-09-05 17:12:28
144432316,r1vf-10942,Revive Lychee Burst 1L,119,140,2,8,True,2026-08-08 12:48:03
140607466,r1vf-4255,Revive Lemonade Twist Hydration Drink 300ml,42.5,50,30,12,True,2026-09-05 17:12:28
36760074,SH804E,RAFHAN VANILLA CUSTARD 275G,210,210,31,4,True,2026-09-05 17:15:57
7644447,8E5024,Fay Cling Film 30cm x 30m 1 Roll,372,400,3,5,True,2026-09-05 17:20:12
28231136,8130Z4,Dawn Tortilla Bread 540 g,340,340,1,6,True,2026-09-05 12:26:03
28231242,92836V,Dawn Family Pack Milky 725g,240,240,1,6,True,2026-09-05 17:10:48
9477290,K881BW,Dawn Cake Way Plain 200g,220,220,4,100,True,2026-09-05 17:15:09
13122331,CGNG35,brightfarms Brinjal Long -Lambi Baingan (Pakistan) 500g,149,149,1,20,True,2026-03-30 07:35:55
8937721,45AIZ0,Bakea Baking Powder 100g,152.95,161,2,100,True,2026-09-05 17:11:54
7638304,J0840Z,Peek Freans Choc Sandwich Half Roll 6's,278.4,320,10,5,True,2026-07-08 08:33:11
142893994,r1vf-4291,Jiggles XL Dolphin 1 Unit,50,50,61,8,True,2026-09-05 17:15:09
38326332,5M1G38,IVG Mango Peach Watermelon 1 Piece 50ml 6000 puff,3199,3499,3,100,True,2026-09-05 17:16:52
19517574,57VP4L,Drip Down Apple Ice  (Imported) 25mg 10ml,920,1050,1,100,True,2026-07-16 11:10:28
38326355,734321,IVG Regalpassion Fruit 1 Piece 6000 Puffs 50mg,3199,3499,8,100,True,2026-09-05 17:16:52
141351252,zj7v-514,IVG Regal Mesh Disposable 6000 Puffs Blue Raspberry Ice 5% 1 Piece,3199,3499,2,3,True,2026-09-05 17:16:52
38326336,N25H5X,IVG Regal Strawberry Watermelon 1 Piece 6000 Puffs 50mg,3199,3499,3,100,True,2026-09-05 17:16:52
38326322,69XF6I,IVG Regal Watermelon Ice 50 Mg 6000 Puffs,3199,3499,7,100,True,2026-09-05 17:16:52
143918481,O7IS8E,Siena Handwash Amber Fantasy,400,400,5,0,True,2026-09-05 17:17:12
143918482,1WIOBQ,Bold Gas Body Spray Dark Fantasy (150 ml),525,700,53,0,True,2026-09-05 17:17:31
143918487,I9H0V0,Bold Non GasPlatinum (120 ml),600,800,57,0,True,2026-09-05 17:17:31
143918485,AQ53XA,Bold Non Gas Pure (120 ml),600,800,62,0,True,2026-09-05 17:17:31
7663337,HH7J4J,Bold Gas Body Spray Alpha (150 ml),700,700,55,3,True,2026-09-05 17:17:31
35128754,VDWUV3,Bold Gas Body Spray Prime (150 ml),525,700,63,3,True,2026-09-05 17:17:31
35134015,Y62PN3,Bold Non Gas Allure (120 ml),800,800,66,3,True,2026-09-05 17:17:31
143918478,2DYFJC,Scrub Shine Sponge Cloth Pack (3-in-1),600,600,8,0,True,2026-09-05 17:18:37
7648263,0O809C,Dawn Bread Milky Small,120,120,4,100,True,2026-09-05 17:10:48
142744518,r1vf-8018,Doughstory Crispy Baqarkhani 2 Pieces,90,90,1,8,True,2026-09-05 12:26:03
142744514,r1vf-8016,Doughstory Tortilla Wrap Bread (Lare) 8 Pieces,350,350,1,8,True,2026-09-05 17:10:48
7956513,11P178,Opa Original Fries 900g,965,965,1,3,True,2026-08-15 06:44:31
36760235,W82HHR,Opa Original Fries 1.8kg,1850,1850,1,3,True,2026-08-15 09:30:31
7956478,Y9K7FF,Opa Sweet Corn 500g,505,505,2,3,True,2026-08-12 16:11:15
7956486,184110,Opa Peas 500g,440,440,1,100,True,2026-08-13 07:37:25
143282298,Mirror-110,(Consume by Today)brightfarms Chicken Mince 1kg,720.3,1029,1,8,True,2026-08-12 13:07:35
143282284,Mirror-95,brightfarms Fresh Chicken Boneless Strips (Consume by Today) 500g,353.5,505,1,8,True,2026-08-25 12:45:16
143282289,Mirror-101,brightfarms Fresh Veal Mix Boti with Bones (Consume by Today) 1kg,1049.3,1499,1,8,True,2026-03-30 13:20:51
143282270,Mirror-80,brightfarms Veal Boti Boneless (Consume by Today) 500g,594.3,849,1,8,True,2026-03-30 13:20:51
9559099,8C960C,Fruitamin Falooda Pistachio 290ml (Imported),399,399,14,100,True,2026-09-05 17:10:22
17955012,MN2O68,Fruitamins Fruit Cocktail 227Gm,450,450,16,6,True,2026-09-05 17:11:54
142267341,AKHSZG,FRUITAMINS FRUIT COCKTAIL 836 GM (philpine) (Imported),880,880,12,0,True,2026-09-05 17:11:54
143387326,RRDXUR,Fruitamins Red Kidney Beans 400gm,344,430,18,0,True,2026-09-05 17:11:54
20311436,VOP65G,Metallic balloon 10 Pieces,222,222,7,100,True,2026-09-05 17:19:23
20311693,M85Y80,Sparkle candle 10 cm (1 Piece),118,118,7,100,True,2026-09-05 17:19:23
20311591,F74KM6,Balloon Pump 1 Piece,344,344,5,100,True,2026-09-05 17:19:23
55234677,mirror2,(Consume by Today) brightfarms Chicken Mince 500g,374.5,535,3,0,True,2026-08-22 15:20:04
56866817,mirror17,(Consume by Today) brightfarms Fresh Chicken Breast Boneless 500g,353.5,505,7,0,True,2026-08-14 10:00:42
56866824,mirror21,(Consume by Today) brightfarms Fresh Chicken Karhai Cut 1kg,462,660,2,0,True,2026-08-14 10:00:42
55234678,mirror3,(Consume by Today) brightfarms Beef Mince 500g,629.3,899,2,0,True,2026-03-30 13:28:48
56866819,mirror19,(Consume by Today) brightfarms Fresh Veal Mix Boti With Bones 500g,559.3,799,1,0,True,2026-03-30 13:28:48
139752741,r1vf-2358,Wall's Cornetto Pop Cone Caramel Vanilla 80ml,79.2,99,21,8,True,2026-09-05 17:16:18
42186464,53S6RK,brightfarms Beef Mince 1kg,1799,1799,1,100,True,2026-04-26 15:41:59
138464443,2D1LGX,Noms Nachos Sour Cream & Herb Rs. 80,80,80,26,100,True,2026-09-05 17:15:09
141990833,r1vf-40014,Digestive Honey Biscuits (Rs. 30) 10 x 18 Pieces,300,300,5,8,True,2026-08-21 15:37:40
139563520,r1vf-1982,Farm Fresh Brown Eggs 12 Pieces,490,490,8,8,True,2026-09-05 17:10:48
7632682,1TKOUQ,Farm Fresh Classic Eggs 6 Pieces,190,190,3,100,True,2026-09-05 17:10:48
139563519,r1vf-1981,Farm Fresh Brown Eggs 6 Pieces,250,250,1,8,True,2026-09-05 17:10:48
7632690,71C293,Farm Fresh Golden Eggs 6 Pieces,240,240,3,100,True,2026-09-05 17:10:48
7638409,Z6F7S7,Peek Freans Saltish Biscuits Pouches 6 Pieces. (Box),216,240,1,5,True,2026-08-03 17:13:35
36760547,3HI0M5,Garnier Skin Active Hydra Bomb Pomegranate Tissue Face Mask For Hydrating And Replenishing 32g,629.1,699,11,10,True,2026-08-22 15:28:30
35134653,VM3O02,Garnier Men Acno Fight Anti Pimple Face Wash 100ml,854.1,949,2,100,True,2026-08-15 15:29:17
35130711,HT2R54,Garnier Men Power White Face Wash 100ml,759.2,949,1,100,True,2026-05-23 13:34:16
41348337,V147K7,"L'Oreal Paris Glycolic Bright Instant Glowing Serum 15ml
",824.5,1649,1,100,True,2026-04-01 07:26:56
36759684,901C4E,L'Oreal Paris Elvive Dream Long Straight 72Hrs Straightening Keratin Shampoo 175ml,477,530,1,100,True,2026-07-24 16:50:46
41348333,0710K8,L'Oreal Paris Elvive Hyaluron Moisture Shampoo 360ml,945,1050,1,100,True,2026-08-12 10:11:43
7645928,98CTBS,L'Oreal Paris Elvive 6 Oil Nourish Shampoo 360ml,837,930,2,100,True,2026-08-20 06:50:40
7645883,5X8D67,LOreal Paris Elvive Dream Long Shampoo 175 ml - For Longer & Stronger Hair,416,520,1,100,True,2026-08-02 08:40:06
36760150,1FTD0B,L'Oreal Paris Elvive Dream Long Shampoo 360ml,819,910,1,100,True,2026-08-20 06:50:40
35129193,QBYX8K,Garnier Color Naturals 4.7 Dark Shiny Brown Hair Color Enriched With 3 Essential Oils,899.1,999,1,100,True,2026-08-09 12:57:38
36759740,A09GQG,Garnier Color Naturals 4 Brown Hair Color Enriched With 3 Essential Oils,999,999,1,100,True,2026-08-02 13:27:10
35134333,1DL1S6,Garnier Color Naturals 5 Light Brown Hair Color  Enriched With 3 Essential Oils,899.1,999,2,100,True,2026-07-21 08:36:59
35130815,GCR91T,Garnier Color Naturals Creme #5.3 Light Golden Brown 112ml,729.27,999,1,100,True,2026-08-12 13:17:25
7663068,5809IP,Garnier Color Naturals 7.1 Ash Blonde Hair Color Enriched With 3 Essential Oils,899.1,999,2,100,True,2026-08-10 10:22:35
7663251,W789IM,Garnier Color Naturals 7 Blonde Hair Color Enriched With 3 Essential Oils,999,999,1,100,True,2026-08-02 06:06:56
36760045,225Z17,Garnier Hair Colour 6 Dark Blonde 1 Box,899.1,999,2,100,True,2026-08-14 10:08:39
42946642,Z8R0C1,Noms Nachos Chilli Lemon Rs.80,80,80,21,100,True,2026-09-05 17:15:09
7645507,8PZC2Z,Super Crisp Chips BBQ Rs. 40,40,40,10,100,True,2026-09-05 17:15:09
139542296,r1vf-1654,Bisconni Delice Original Half Roll,300,300,2,8,True,2026-08-29 16:20:59
8671731,44KI7K,Rose Petal Tissue Box Tulip Popup (3+1),648,720,6,100,True,2026-09-05 17:17:12
144113078,r1vf-30081,Nature's Way Stevia Box,550,550,3,8,True,2026-09-05 17:11:54
20077565,E2C19J,Kolson Kai Kimchi Instant Cup Noodles,300,300,13,100,True,2026-09-05 17:14:10
36760427,3298RT,Kolson Coloured Vermicelli Pouch Rs. 65,70,70,19,100,True,2026-09-05 17:14:10
7860606,RX69ZA,National Chaat Masala 90g,171,190,18,3,True,2026-09-05 17:14:30
7860659,D1JS1G,National Tomato Ketchup 400g,192,240,26,3,True,2026-09-05 17:14:30
7860541,89PCX6,National Tomato Ketchup 800g,336,420,44,3,True,2026-09-05 17:14:30
7862250,SML010,National Classic Mayo Pouch 200ml,151.8,165,27,3,True,2026-09-05 17:14:30
8176520,QYFW92,Gatsby Water Gloss 150Gm Hyper Solid Red,599,599,1,100,True,2026-09-02 13:24:34
36425456,93KXUD,Target Lavendar Scented Cat Litter 5 Ltr,570,570,1,100,True,2026-04-08 10:15:14
36425451,938VXS,Target Floral Scented Cat Litter 5 Ltr,570,570,1,100,True,2026-04-24 13:32:08
36425458,OX15LN,Target Apple Scented Cat Litter 5 Ltr,570,570,1,100,True,2026-05-04 06:21:54
145374610,r1vf-2853,Omore Strawberry 600ml,380,380,7,8,True,2026-09-05 17:16:18
145374608,r1vf-2852,Omore Vanilla 600ml,342,380,1,8,True,2026-09-05 17:16:18
145374607,r1vf-2851,Omore Chocolate Ice Cream 600ml,380,380,7,8,True,2026-09-05 17:16:18
145315415,r1vf-4684,Pulse Strawberry Premium Condom 3 Pieces,350,350,1,8,True,2026-09-05 17:17:12
145315395,r1vf-3920,Pulse Triple Treat Skillet Ribbed Dotted Condom Economy Pack 10 Pieces,1150,1150,1,8,True,2026-06-07 16:30:50
141678192,r1vf-4446,Ghiza Chakki Atta 10kg,1663.2,1890,23,2,True,2026-09-05 17:11:54
140390236,r1vf-3063,Daali Earthfoods Cold Pressed Sarson Oil 1L,1292,1360,1,10,True,2026-09-05 17:13:27
7665428,RN88NY,Ideal Salty Pistachio (Pista Namkeen)  100g,674.5,710,3,10,True,2026-09-05 17:15:09
7665458,XUFC9D,Ideal Till Chikee Cutting 200 g,236.7,263,1,100,True,2026-05-12 06:18:45
41122430,163I41,Peek Freans Chocolate Sandwich Munch Pack,324,360,10,5,True,2026-09-05 17:15:09
35134197,N7CJAR,Daffy Daffy Pop Pouch Pack 50 pcs,500,500,2,100,True,2026-07-20 16:30:04
9012029,4R1M3H,Lay's Chips Masala Rs. 20 (The new and old packaging will be shipped out randomly),20,20,31,30,True,2026-09-05 17:15:09
43020493,6DZ5EA,LU Candi Biscuits Original Snack Pack 8 Packets,380,400,36,5,True,2026-08-29 16:20:59
8371315,7QS871,Lotus Biscoff Cookie 250g (Imported),1099,1099,2,100,True,2026-08-29 16:20:59
139515018,r1vf-1555,Bisconni Flo Vanilla Cake Ticky Pack 30 Pieces,300,300,16,8,True,2026-08-08 15:34:18
13122325,9I9YA1,frozen chicken boneless breast 500g,599,599,4,100,True,2026-09-05 17:10:03
13122289,49N5O6,frozen chicken breast qeema 500g,575,575,18,100,True,2026-09-05 17:10:03
8967156,P34618,Frozen Beef Boneless Cubes 900g,1649,1649,5,100,True,2026-09-05 17:10:03
13122326,FZSI06,frozen chicken thigh boneless 500g,599,599,6,100,True,2026-09-05 17:10:03
16939418,521C4Z,frozen chicken boneless breast 1000g,1099,1099,4,100,True,2026-09-05 17:10:03
9697903,K4U8D7,Frozen Mutton Qorma Cut 900g,3239,3239,2,100,True,2026-09-05 17:10:03
8967164,A1PY3K,Frozen Veal Mix 900g,1599,1599,3,100,True,2026-09-05 17:10:03
13122314,0I9B4H,frozen chicken drumstick 1000g,779,779,1,100,True,2026-09-05 17:10:03
8967137,V12836,Frozen Mutton Back Chops 900g,3149,3149,3,100,True,2026-09-05 17:10:03
9250594,49CZYM,Frozen Mutton leg 900g,3299,3299,1,100,True,2026-06-14 16:21:58
36767961,WU1YA4,Frozen Mutton Front Chops 900g,3109,3109,1,100,True,2026-09-05 17:10:03
36760569,ULMOFM,Viking Feta Cheese 500g,1907,1907,1,100,True,2026-08-29 09:46:04
142267337,r1vf-3936,Castello Danish Danes Brie Cheese 125g,1016,1270,1,8,True,2026-05-15 16:52:51
141345986,r1vf-3937,Arizona Field Triangles 8 Portion 1 Unit,465,465,3,8,True,2026-08-26 09:40:50
7660895,4D333R,Lurpak Butter Unsalted Denmark 400g ,1881,2475,2,100,True,2026-09-05 17:10:48
7660893,1YUDJD,Lurpak Butter Salted 200g,1290,1290,10,100,True,2026-09-05 17:10:48
36759625,6HA671,Lurpak Butter Unsalted 250g,1117.2,1470,2,100,True,2026-09-05 17:10:48
36760226,97U277,Lurpak Slightly Salted Spreadable Butter 250g,1470,1470,1,100,True,2026-08-24 15:39:53
36760537,002QR1,Puck Cream Cheese Bottle 140g,685,685,9,100,True,2026-09-05 17:10:48
7662863,8HZ8J2,Puck Cream Cheese 200g,843.6,1110,1,100,True,2026-09-01 08:21:55
144304735,r1vf-5067,Arizona Fields Creamy Peanut Butter 340g,899,899,2,6,True,2026-09-05 17:10:48
7662856,3G9QZ4,Puck Cream Cheese Spread Bottle 500g,2095,2095,2,100,True,2026-09-05 17:10:48
144304734,r1vf-5066,Arizona Fields Crunchy Peanut Butter 340g,899,899,8,6,True,2026-09-05 17:10:48
144304730,r1vf-5058,Arizona Fields Baby Corn 425g,307.1,415,4,6,True,2026-09-05 17:11:54
144306008,r1vf-5054,Arizona Fields Sweet Corn in Tin 380g,320,320,10,6,True,2026-09-05 17:11:54
144306014,r1vf-5065,Arizona Fields Evaporated Milk 400g,300.2,395,8,6,True,2026-09-05 17:11:54
144304731,r1vf-5060,Arizona Fields Pitted Green Olives 370g,573.5,775,10,6,True,2026-09-05 17:11:54
144304729,r1vf-5055,Arizona Fields Whole Mushrooms 400g,425.5,575,19,6,True,2026-09-05 17:11:54
144306009,r1vf-5056,Arizona Fields Broken Pineapple Slices 540g,403.3,545,3,6,True,2026-09-03 18:23:57
144306012,r1vf-5062,Arizona Fields Sliced Black Olives 370g,775,775,1,6,True,2026-05-18 06:59:38
144306013,r1vf-5063,Arizona Fields Coconut Milk 400ml,358.9,485,17,6,True,2026-09-05 17:11:54
144304733,r1vf-5064,Arizona Fields Classic Dijon Mustard 370g,980,980,13,6,True,2026-08-25 15:45:10
144306007,r1vf-5053,Arizona Fields Tomato Paste 800g,550,550,4,6,True,2026-07-29 16:26:03
11669169,2492P1,Saniderm Facial Whitening Cream 50g,750,750,1,100,True,2026-09-05 17:17:12
35134671,1AR3A9,Sensodyne Toothpaste Fluoride 70g,339.15,399,2,4,True,2026-08-29 09:51:53
7635545,FL6P7D,Parodontax Toothpaste Original 100g,340,400,1,4,True,2026-09-05 17:17:12
8034386,BK75QD,Palmolive Radiant Glow Naturals Bar Soap Saver Pack 3 Pieces x 130g,436.5,450,2,12,True,2026-08-29 16:23:11
139360781,SOHFTH,Palmolive Radiant Glow Naturals Bar Soap Saver Pack 3 Pieces x 130g Pack of 2,900,900,1,0,True,2026-08-29 16:23:11
145315412,r1vf-4628,Freedom Sanitary Pants (Waist Size 27 - 41 Inches) L-XL Value Pack 5 Pieces,450,600,3,8,True,2026-09-05 17:17:12
35128742,G92PP2,Similac Gold Stage 2 Babies 6-12 Months 400g,3115,3115,3,1,True,2026-09-05 17:17:52
8422705,Y9T3D9,Similac Gold Stage 1 Babies 0-6 Months 400g,3115,3115,1,1,True,2026-08-27 13:57:20
35129355,RMO7YX,PediaSure Nutritional Powder Vanilla 850g,6674,7100,1,1,True,2026-08-23 15:31:47
7646887,068DH5,PediaSure Nutritional Powder Chocolate 400g,3304.1,3515,1,1,True,2026-08-30 18:33:45
36425813,U9KI2O,Target Cat Food Chicken 3kg,4025,4025,2,100,True,2026-09-05 17:19:46
143763434,r1vf-80102,Ensure Nutritional Powder Vanilla 200g,1444,1520,2,2,True,2026-09-05 17:21:00
7643984,O3Q33W,Ensure Nutritional Powder Chocolate 400g,3025.75,3185,1,1,True,2026-09-04 13:21:28
7636684,LKFX9K,Sucral Zero Calorie Sweetener Drops 5ml,170,170,5,100,True,2026-09-05 17:21:00
35131560,3I4C9W,Sucral Zero Calorie Sweetener Jar 400g,900,900,3,100,True,2026-09-05 17:21:00
8529034,6478KQ,Saniplast First Aid Antiseptic Bandage Large 20 Strips,110,110,1,100,True,2026-08-01 13:32:21
8529158,67L0DM,Saniplast First Aid Antiseptic Bandage Medium 20 Strips,85,85,1,100,True,2026-08-04 08:48:00
56203678,r1vf-41,Saniplast Junior Pororo Antiseptic Bandage Small 20 Strips,110,110,1,100,True,2026-08-05 11:34:35
56203674,r1vf-43,Saniplast Junior Pororo Antiseptic Bandage Spot 20 Strips,95,95,1,100,True,2026-07-15 16:35:27
7659485,4T3L52,Amson's Yogurt Pouch 1000g,400,400,4,100,True,2026-09-05 17:10:22
7659599,Y2410A,Amson's Sugar Free Yogurt 500g,220,220,1,100,True,2026-09-05 17:10:22
7659605,Z4254B,Adam's Cheese Sandwich Slices 10 Pieces,670,670,1,100,True,2026-09-04 18:07:44
7659518,DD27IS,Adams Burger Cheese Slices 10 Pieces 200g,720,720,1,100,True,2026-08-21 12:44:58
7659461,086X0J,Adam's Singles Cheddar Cheese 200g,660,660,10,100,True,2026-09-05 17:10:22
139477749,r1vf-1575,Alo Bukhara 100g,144.65,263,1,6,True,2026-08-23 12:44:19
28231541,SU190E,Dawn Sandwich Bread 1000g,295,295,1,6,True,2026-09-04 13:11:48
138750283,daw-718,Dawn Mac Royal Burger Bun with Seed 2 Pieces,70,70,3,6,True,2026-09-05 17:10:48
29241608,Z1Z5T5,Coca Cola Zero Bottle 350ml,57.4,70,70,12,True,2026-09-05 17:12:28
138930695,ZO7XB7,Coca Cola Zero Bottle 350ml x6,420,420,7,2,True,2026-06-12 12:20:55
139477746,r1vf-1571,Haadi Almond Flour 200g,1603.8,1782,1,6,True,2026-06-20 07:07:40
7630091,OZ44I6,Bona Papa Magic Wipes 72 Pieces,241.86,278,9,100,True,2026-09-05 17:17:52
15373238,OU74L8,Puffin Cling Film 100 Ft. (Imported),400,400,3,3,True,2026-09-05 17:20:12
35132286,W87214,SecureXtra Adult Pull-Up Diaper Large 10 Pieces,1980,1980,1,100,True,2026-09-05 17:21:00
17872920,61BD95,Rawayeti Chickpea Flour (Besan)  500g,148.2,156,19,10,True,2026-09-05 17:11:54
28231839,4Q06YB,Iqra Mixed Fruit Kernels (Makhloot Mewa) 200g,1033.6,1088,3,10,True,2026-09-05 17:15:09
36760393,AN31QH,Soya Supreme Banaspati 5Kg Tin,2964,3120,1,3,True,2026-08-15 15:22:37
7653439,888FU2,Shan Hyderabadi Pickle Jar 1000g,627.75,675,1,8,True,2026-07-25 13:29:06
7653294,4132OO,Shan Mango Pickle Jar 900g,589,620,7,3,True,2026-09-05 17:14:30
7660328,44SO47,Bakeri Bistiks Cookies Family Packet,81,90,10,5,True,2026-09-05 17:15:09
139543747,r1vf-1831,Innovative Frisky Rolls Hazelnut Family Pack Box,200,200,28,8,True,2026-09-05 17:15:09
7983846,5IV1RB,Innovative Frisky Chocolate Rs. 150 (Family Pack),150,150,50,100,True,2026-09-05 17:15:09
9511400,83LAZ7,RELX Pod Pro 2-1 Pod Pack-Watermelon Ice-30mg/g-STD-M,1199,1199,1,100,True,2026-08-19 06:47:49
8903736,14N555,Sincere Sanitary Pads Maxi Thick Long Regular Pack 9 Pieces,389,389,1,100,True,2026-07-09 15:28:25
142807541,UQ2FL4,Morinaga BF-1 Milk Powder (Soft Pack) 900g,3600,3600,3,0,True,2026-09-05 17:17:52
143763435,r1vf-80103,Pediasure Nutritional Powder Vanilla 200g,1539,1620,1,2,True,2026-09-03 13:27:20
145315414,r1vf-4623,Butterfly Panty L-XL 2 Pieces,200,200,24,8,True,2026-09-05 17:17:12
145315413,r1vf-4624,Butterfly Panty M-L 2 Pieces,200,200,111,8,True,2026-09-05 17:17:12
9265592,Y7B1D6,FRUTAMINS PEANUT BUTTER 200GM CRUNCHY (Imported),489.3,699,1,100,True,2026-07-23 11:10:05
17957446,W9M09V,FRUTAMINS PEANUT BUTTER 200GM CREAMY (Imported),699,699,1,100,True,2026-08-06 08:35:53
142267340,1ND6C8,FRUITAMINS FRUIT COCKTAIL 800 GM (Thai) (Imported),704,880,19,0,True,2026-09-05 17:11:54
17955032,24Z73U,Fruitamins Bread Crumbs (Imported) 200g ,160,200,34,13,True,2026-09-05 17:11:54
142265952,S6OZAS,FRUITAMINS TOMATO PASTE 800GM (Imported),599,599,1,0,True,2026-08-02 08:35:55
144494747,3GH8KF,Mister Potato Cheese Can 40g,320,320,19,0,True,2026-08-16 15:25:03
7860471,4M8VV3,National Turmeric Powder 100g,248.4,270,14,3,True,2026-09-05 17:14:30
141678191,r1vf-4445,Ghiza Chakki Atta 5kg,844.8,960,44,3,True,2026-09-05 17:11:54
139542298,r1vf-1415,Pure Foods Fruit Farm Mango Fruit Drink 200ml,40,50,9,8,True,2026-09-05 17:12:28
139542304,r1vf-1281,Pure Foods Froot Ful Transparent Can Mango 250ml,108,135,1,8,True,2026-09-01 13:59:33
139050614,r1vf-1123,Guard Spiral Macaroni 400g,171,180,1,1,True,2026-08-05 14:10:58
140499140,r1vf-3978,Go Royale Potato Sticks Salted (Rs 100) 58g,100,100,5,8,True,2026-08-29 16:20:59
7805786,L92482,Kurkure Toofaani Mirch Rs. 20 ,20,20,140,30,True,2026-09-05 17:15:09
139542308,r1vf-1285,Bake Shake Chocolate Cupcake 21.5g,20,20,1,8,True,2026-08-17 15:29:35
139542310,r1vf-1287,Bake Shake Double Chocolate Cupcake 21.5g,20,20,5,8,True,2026-08-30 09:00:55
140456782,r1vf-3867,Mayfair Creamers Strawberry & Creme Flavour Box,150,150,45,8,True,2026-09-05 17:15:09
140456777,r1vf-3864,Mayfair Chaska Green Mango Flavoured Candy Box (Rs 2),200,200,48,8,True,2026-09-05 17:15:09
141876732,SAQ8M1,Samyang Kimchi Ramen 120gm,520,520,1,100,True,2026-05-17 16:05:06
142265949,r1vf-3626,Foodia Peanut Crunch 60g,204.3,227,2,8,True,2026-08-06 14:12:39
24137263,I7XF6L,Dawn Crispy Rusk Large 400g,245,245,1,100,True,2026-07-21 16:26:11
144304719,r1vf-3818,Grin Potato Paratha (3 Pieces),399,399,10,8,True,2026-09-05 17:16:35
144304716,r1vf-3807,Grin Garlic Naan (3 Pieces),299.25,399,1,8,True,2026-09-05 17:16:35
144304717,r1vf-3809,Grin Plain Paratha (5 Pieces),310,310,7,8,True,2026-09-05 17:16:35
145166914,r1vf-3815,Grin Lacha Paratha (4 Pieces),315,420,15,8,True,2026-09-05 17:16:35
145166913,r1vf-3814,Grin Kandhari Naan (5 Pieces),480,480,9,8,True,2026-09-05 17:16:35
145166916,r1vf-3817,Grin Onion Paratha (3 Pieces),340,340,11,8,True,2026-09-05 17:16:35
145166912,r1vf-3813,Grin Cheese Paratha (3 Pieces),630,630,6,8,True,2026-09-05 17:16:35
145166917,r1vf-3819,Grin Roghni Naan (3 Pieces),374.25,499,18,8,True,2026-09-05 17:16:35
145166918,r1vf-3820,Grin Taftaan (3 Pieces),374.25,499,1,8,True,2026-09-05 17:16:35
9383870,Q186O2,Nivea Soft 100 ml,936,1200,6,100,True,2026-09-05 17:17:12
36768053,085G7K,Nivea Lotion 250Ml Cocoa Butter,1104.15,1299,1,100,True,2026-05-23 16:12:52
8008955,YKNWP2,"Nivea Men Deep Shower Gel, Micro Fine Clay, Woody Scent, 250 ml",1275,1500,1,100,True,2026-06-12 12:28:31
8009055,CWYK06,"Nivea Natural Fairness, Antiperspirant For Women, Roll On 50ml",1200,1500,1,100,True,2026-08-06 14:16:14
8009224,LFTMEV,NIVEA Natural Radiance Radiant & Smooth 72H Anti-Perspirant Spray,1299,1299,3,100,True,2026-09-05 17:17:31
9055165,4V0V49,Nivea Deodorant Roll On Fresh Power 50 ml (Male),1170,1500,6,100,True,2026-09-05 17:17:31
9031422,ZKACKB,Meadow Lea Butter Spread Regular 500 g (Imported),1535,1535,10,100,True,2026-09-05 17:10:48
140100506,r1vf-1717,Yopokki Korean Rice Cake Jjajang Pouch 220g,1200,1200,21,8,True,2026-09-05 17:11:54
138569180,r1vf-9300,Cheetos Crunchy Red Flamin Hot Rs. 30 ,30,30,59,30,True,2026-08-16 15:25:03
145166915,r1vf-3816,Grin Lahori Kulcha (3 Pieces),480,480,2,8,True,2026-09-05 17:16:35
145166911,r1vf-3808,Grin Sheermal (3 Pieces),499,499,16,8,True,2026-09-05 17:16:35
7654307,62N720,Pringles Salt & Vinegar 40g,440,440,1,6,True,2026-04-29 11:00:35
8012651,22593D,Comelle Condensed Milk 397Gm Tin,399,420,58,100,True,2026-09-05 17:10:22
8814057,5B2VB6,Hemani Pure Honey 250Gm Plain,553.8,710,1,100,True,2026-09-05 17:10:48
138464036,X8535U,Fizup Next Can 250ml,81,90,6,50,True,2026-09-05 17:12:28
143282261,r1vf-80213,Chipsino Plain Salty Potato Chips Pocket Pack 1 Unit,40,40,12,8,True,2026-09-05 17:15:09
143282253,r1vf-80205,United King Cake Rusk Sugar Free 150g,495,495,1,8,True,2026-06-16 08:54:16
145451584,r1vf-4803,ZYN Prime Black Cherry 1.5mg X-Low Nicotine Pouches 1 Can,150,150,10,6,True,2026-09-05 17:16:52
145451581,r1vf-4800,ZYN Prime Cool Mint 1.5mg X-Low Nicotine Pouches 1 Can,150,150,16,6,True,2026-09-05 17:16:52
145451585,r1vf-4804,ZYN Prime Black Cherry 3mg (1 Dot) Nicotine Pouches 1 Can,150,150,5,6,True,2026-09-05 17:16:52
145451586,r1vf-4805,ZYN Prime Black Cherry 6mg (2 Dot) Nicotine Pouches 1 Can,150,150,39,6,True,2026-09-05 17:16:52
145451583,r1vf-4802,ZYN Prime Cool Mint 6mg (2 Dot) Nicotine Pouches 1 Can,150,150,3,6,True,2026-09-05 17:16:52
145451582,r1vf-4801,ZYN Prime Cool Mint 3mg (1 Dot) Nicotine Pouches 1 Can,150,150,6,6,True,2026-09-05 17:16:52
9969371,5547D7,Hemani Herbal Pure Coconut Hair Oil (Blue) 100ml,295,295,7,100,True,2026-09-05 17:17:12
11591409,8IW6UJ,Hemani Perfume Ivy For Women (Inspiration - Sophia) 100ml,1825,1825,3,100,True,2026-09-05 17:17:31
11591402,8U9Z2Y,Hemani Perfume Silver Waters For Men (Inspiration - Creed Silver) 100ml,1825,1825,2,100,True,2026-09-05 17:17:31
9094295,AE3FNW,Hemani Wb Oud Az Zahra Deodorant Body Spray 200 ml,456.3,585,1,100,True,2026-09-05 17:17:31
28665603,5N60OE,Power Plus Glass Cleaner 500ml,350,350,3,100,True,2026-09-05 17:18:37
20935612,H99984,Lipton Green Tea Mix Berries - 25 Tea Bags,285,300,52,13,True,2026-09-05 17:14:50
35133672,J1311Q,Markhor Zann Body Spray Charisma (Non-gas) 120ml,899,899,18,100,True,2026-09-05 17:17:31
14285960,G2EH2W,Markhor Body Spray Elegance (Non-gas) 120ml,629.3,899,35,100,True,2026-08-29 16:23:36
139547700,r1vf-1022,Kolson Potato Sticks Pepper & Salt Rs. 80,80,80,1,8,True,2026-08-19 12:49:33
7648874,QVVJ14,Lay's Chips Classic Salted Rs. 20 (The new and old packaging will be shipped out randomly),20,20,113,30,True,2026-09-05 17:15:09
140499137,r1vf-3975,Go Royale Daal Mooth Special (Rs 50) 35g,37.5,50,20,8,True,2026-07-18 16:01:51
13122288,LER978,frozen chicken breast cubes 500g,609,609,3,100,True,2026-09-05 17:10:03
13122315,6EO75V,Chicken Boti Cut 1000Gm,779,779,19,100,True,2026-09-05 17:10:03
8967146,6070UV,Frozen Mutton Paya 4 Pieces,1469,1469,1,100,True,2026-09-05 17:10:03
141522795,r1vf-3722,Sonf Mix 100g,267.9,282,6,8,True,2026-09-05 17:15:09
36767675,NKX9WZ,Candyland Junior Puffs Party Marshmallow Box,180,180,18,100,True,2026-09-05 17:15:09
142701347,7B2DP6,Nivea Body Lotion Intensive Moisture 100ml,599,599,5,0,True,2026-09-05 17:17:12
142701348,2BGF0U,Nivea Body Lotion UV Extra White Radiant & Smooth 100ml,599,599,1,0,True,2026-07-21 08:36:59
142701349,XWLR84,Nivea Body Lotion Repair & Protect 100ml,599,599,6,0,True,2026-09-05 17:17:12
7639618,58PRFA,Vaseline Blueseal Petroleum Jelly Cocoa Butter 50 ml,280,280,1,100,True,2026-08-09 12:57:38
63693221,BC9B3N,Lux Hand Wash Lavender Pouch 450ml x6,3060,3060,18,0,True,2026-04-09 10:19:06
37557839,U7T3MP,LUX LAVENDER HANDWASH POUCH 450ML,484,550,53,5,True,2026-09-05 17:17:12
8013799,64SJ71,Fa Roll on Men Invisible power 50ml (Imported),499,499,3,3,True,2026-09-05 17:17:31
8008876,5L2829,NIVEA MEN Deep Espresso 72H Black Carbon Anti-Perspirant Spray,1600,1600,20,100,True,2026-09-05 17:17:31
8017815,MIG444,Fa Deodorant Roll On Caribbean Lemon 50ml,499,499,14,3,True,2026-09-05 17:17:31
139755066,r1vf-1003,Fa Deodorant Roll On Men Freshly Free Mint & Bergamot Scent 50ml,389.22,499,17,3,True,2026-09-05 17:17:31
8176411,T2DZK4,Fa Roll On Whitening And Care 50ml (Imported),499,499,1,100,True,2026-08-04 14:19:08
142216318,65241769,SURF EXCEL LIQUID DETERGENT REFILL POUCH 450ML,325,325,5,8,True,2026-09-05 17:18:37
140874912,virtual-766,"Whiskas 1+ Years Tuna Cat Food, 300g",950,950,2,8,True,2026-08-22 09:36:35
140874911,virtual-765,Whiskas 1+ Year Chicken Cat Food 300g (00001),950,950,1,8,True,2026-07-11 16:13:19
144305999,H6PM7T,Forno Bonomi - Lady Fingers 200g,699,699,1,0,True,2026-08-22 15:21:17
144304722,AW05XX,Forno Bonomi - Lady Fingers 400g,1299,1299,4,0,True,2026-09-05 17:10:48
141345975,r1vf-2206,Loacker Gardena Coconut 38g,248,310,16,8,True,2026-09-05 17:15:09
35388511,43KJ1T,Loacker Dark Chocolate Quadratini Wafers 125g,652,815,2,100,True,2026-09-05 17:15:09
141345971,r1vf-2204,Loacker Gardena Chocolate 38g,310,310,6,8,True,2026-09-05 17:15:09
142267314,r1vf-2209,Loacker Classic Wafer Vanilla 175g,660,825,16,8,True,2026-09-05 17:15:09
7645532,BK5U09,Super Crisp Catty Chins Cheese Rs. 20,20,20,50,100,True,2026-08-29 16:20:59
17022114,14Z9Z5,Super Crisp Chips Masala Rs. 20,20,20,68,100,True,2026-09-05 17:15:09
140105737,r1vf-2721,Lay's Wavy Masala Twist Rs. 50,50,50,56,30,True,2026-09-05 17:15:09
144304747,BXQW29,Nutrition Crave Croissants Lotus Filled 42g,199,199,2,0,True,2026-08-12 13:15:32
145320435,OFRZ1Q,Wanpy Cat Wet Food for Adult Cats with Chicken and Codfish in Pouches 85g,270,270,12,100,True,2026-09-05 17:19:46
8519472,66U736,Wipes Forceflex Medium Trash Bags Rolls (20x30) 30 Bags,323,380,10,100,True,2026-09-05 17:20:12
133657573,903977,Dawn Otr Small 190 g,140,140,1,6,True,2026-09-05 17:10:48
141522381,r1vf-3694,Bhuna Chana & Nakal Mix 100g,130.5,145,1,8,True,2026-07-26 13:26:22
139477769,r1vf-1596,Haadi Sunflower Seeds Premium 225g,1206.9,1341,1,6,True,2026-05-13 14:38:25
46707013,IFQ3FE,Lay's Chips Masala Rs.100 (The new and old packaging will be shipped out randomly),100,100,45,10,True,2026-09-05 17:15:09
138568014,r1vf-937,Lay's Chips French Cheese Rs. 70 (The new and old packaging will be shipped out randomly),70,70,74,30,True,2026-09-05 17:15:09
139425289,r1vf-1732,Lay's Chips Masala Rs.30 (The new and old packaging will be shipped out randomly),30,30,78,30,True,2026-09-05 17:15:09
7648808,4C9FR1,Lay's Chips French Cheese Rs. 20 (The new and old packaging will be shipped out randomly),20,20,18,30,True,2026-09-05 17:15:09
46707010,VQ60DA,Lay's Chips Classic Rs. 100 (The new and old packaging will be shipped out randomly),100,100,41,10,True,2026-09-05 17:15:09
138568015,r1vf-938,Lay's Chips Yogurt & Herb Rs. 70 (The new and old packaging will be shipped out randomly),70,70,25,30,True,2026-09-05 17:15:09
139425287,r1vf-1730,Lay's Chips French Cheese Rs. 30 (The new and old packaging will be shipped out randomly),30,30,69,30,True,2026-09-05 17:15:09
139425291,r1vf-1734,Lay's Chips Paprika Rs.30 (The new and old packaging will be shipped out randomly),30,30,2,30,True,2026-08-15 12:39:40
139425290,r1vf-1733,Lay's Chips Classic Salt Rs.30 (The new and old packaging will be shipped out randomly),30,30,76,30,True,2026-09-05 17:15:09
138568017,r1vf-940,Lay's Chips Classic Rs. 70 (The new and old packaging will be shipped out randomly),70,70,68,30,True,2026-09-05 17:15:09
138568018,r1vf-941,Lay's Chips Paprika Rs. 70 (The new and old packaging will be shipped out randomly),70,70,55,30,True,2026-09-05 17:15:09
9011987,7CW5HU,Lay's Chips Paprika Rs. 20 (The new and old packaging will be shipped out randomly),20,20,59,30,True,2026-09-05 17:15:09
139425288,r1vf-1731,Lay's Chips Yogurt & Herb Rs.30 (The new and old packaging will be shipped out randomly),30,30,62,30,True,2026-09-05 17:15:09
141939486,r1vf-6624,Lay's Wavy Yogurt & Herb Rs. 70,70,70,51,10,True,2026-09-05 17:15:09
143241112,r1vf-10553,Namkin Chewara 200g,198,220,30,8,True,2026-06-13 07:05:07
28231744,B6AER0,Iqra Sweet Fennel (Mithi Saunf) 200g,233.7,246,2,10,True,2026-09-05 17:15:09
143241106,r1vf-10545,Daal Mong 50g,47.7,53,1,8,True,2026-05-07 14:12:43
139477768,r1vf-1595,Seeds Salted Round 100g,99,180,1,6,True,2026-08-23 15:27:52
141522389,r1vf-3702,Flax Seed 200g,169.1,178,5,8,True,2026-09-05 17:15:09
141689263,r1vf-6006,Dried Strawberry 250g,802.8,1338,2,10,True,2026-09-05 17:15:09
141689260,r1vf-6003,Dried Kiwi 250g,538.8,898,1,10,True,2026-09-05 17:15:09
7649331,QRUMD3,Dayfresh Premium Flavored Milk Salted Caramel 225ml,161.5,170,10,100,True,2026-09-05 17:10:22
145233950,r1vf-2807,Dayfresh Topping Kremza Creamy 200ml,160,160,25,8,True,2026-09-05 17:10:22
7860490,09XI04,National Tomato Ketchup 210g,108,135,26,3,True,2026-09-05 17:14:30
35130001,C0YZ79,Relx Pod Pro Crisp Apple 3% Nicotine (Imported),1199,1199,2,100,True,2026-09-05 17:16:52
9511346,1U9Y66,RELX-Pod Pro 2-1 Pod-Pineapple Delight-30mg/g-IDN-M,1199,1199,5,100,True,2026-09-05 17:16:52
143730487,virtual-680,Axe Body Wash Africa 3-in-1 250ml,750,750,6,8,True,2026-09-05 17:17:12
9055060,8TPXY9,Nivea Antiperspirant Spray Silver Protect (Male) 150ml,1296,1600,5,100,True,2026-09-05 17:17:31
13121688,7T56A1,Nivea Deodorant Roll On Men Fresh Active 50 ml,549,549,27,100,True,2026-08-29 16:23:36
8008744,X9J5S8,"Nivea Men Deep Dry & Clean Feel, Antiperspirant For Men, Antibacterial, Spray 150 ml",1199,1199,1,100,True,2026-07-28 11:23:22
35133168,0QJ6RX,Dashi Chicken Powder Pouch 1000g,902.5,950,10,100,True,2026-09-05 17:14:30
35129316,8MSD4U,Falak  Mint Raita Masala (Podina Raita Masala)  80g,237.5,250,2,6,True,2026-08-22 15:25:17
35132192,9RSYA8,National Shami Kabab Masala 45g,144,160,12,3,True,2026-09-05 17:14:30
7665765,6QR7W9,Miaow Miaow Chicken Crackers 1 Unit,499,499,30,50,True,2026-07-12 16:04:30
140499129,r1vf-3967,Go Royale Potato Sticks Garlic Mayo (Rs 50) 28g,50,50,12,8,True,2026-08-22 15:26:10
143241110,r1vf-10551,Mix Nimko 100g,92.65,109,10,8,True,2026-04-13 10:48:56
46400588,r1vf-56,Hilal Jiggles Dolphin Jelly XL 24 Pieces,240,240,11,0,True,2026-09-05 17:15:09
7641021,Y0NO8W,Bay Leaf (Tez Patta)  25g,78.3,87,1,6,True,2026-05-26 06:53:58
7862177,5AZPVC,National Seeds Cumin 50g,224,350,12,3,True,2026-09-05 17:14:30
140412470,r1vf-3322,Jaifal Powder 50g,192.6,214,2,6,True,2026-07-11 15:59:43
140412467,r1vf-3319,Gond Katira 100g,189,210,4,6,True,2026-07-17 16:17:29
144494748,RAGHU5,Mister Potato Crisps Sour Cream & Onion 45g,320,320,9,0,True,2026-09-05 17:15:09
19306485,CKBXEW,Reload Granola Minis Dark Chocolate & Almonds Pack of 12 Minis,602,860,11,100,True,2026-09-05 17:15:09
7642639,R2U111,Menu Kofta 1000 gm,1640,1640,1,100,True,2026-08-21 12:50:50
37914927,GA8TT9,Wellmed Examination Gloves Medium 100 Pieces,1450,1450,1,100,True,2026-09-05 17:21:00
37914709,8X19I3,First Choice Digital Thermometer,495,495,1,0,True,2026-09-05 12:34:49
37915503,WTL4AR,First Choice Dignity Sheets 10 Pieces,700,700,1,100,True,2026-08-31 09:32:53
7662212,9Z7M5M,Kurkure Chutney Chaska Rs. 60 ,60,60,53,10,True,2026-09-05 17:15:09
46707011,5D9DQP,Lay's Chips French Cheese Rs. 100 (The new and old packaging will be shipped out randomly),100,100,43,10,True,2026-09-05 17:15:09
7632179,2PDGEG,Deen's Cheddar Cheese 400g,1209,1209,1,100,True,2026-08-29 09:46:04
7646561,6978C5,Rossmoor Mustard Powder 100g,91.5,150,6,8,True,2026-09-05 17:14:30
7876238,I97I0Q,United King Potato Stick 45Gm,120,120,4,100,True,2026-07-23 16:31:30
8828137,JQ9N87,Daffy Olaola Roll Orange Box Pack (Rs. 120),120,120,10,100,True,2026-08-20 15:37:23
7653842,X0J8G0,Mountain Dew PET 2.25l,225,250,1,6,True,2026-08-30 08:58:44
9784147,W5234F,Kausar Canola Oil Bottle 3 ltr,1612.1,1715,11,0,True,2026-09-05 17:13:27
143936110,IPGRM1,Kausar Special Banaspati Ghee Pouch 1kg,550.05,579,10,0,True,2026-09-05 12:27:26
9784092,UNL59P,Kausar Canola Oil Bottle 5 ltr,2674.3,2845,2,0,True,2026-09-05 17:13:27
9784290,986X04,Kausar Cooking Oil Bottle 5 ltr,2674.3,2845,9,0,True,2026-09-05 17:13:27
9784299,VO781Y,Kausar Cooking Oil 1 Ltr,524.52,564,25,0,True,2026-09-05 17:13:27
9783988,55D877,Kausar Canola 1 Litr,524.52,564,38,0,True,2026-09-05 17:13:27
35133467,132R3C,Mezan Tea Ultra Rich 85Gm Box,190,190,1,5,True,2026-06-17 12:56:27
8347368,OS2IO2,White Chickpeas (Safed Chana) 9mm 500g,169.6,212,6,14,True,2026-09-05 17:11:54
7841085,FAK377,Kefir Greek Yogurt 500g,1280,1280,1,100,True,2026-09-04 07:46:44
143918489,JI23HC,Bold Non Gas Aqua Mini (50 ml),272,320,1,0,True,2026-04-29 11:02:43
143918490,0I8XVB,Bold Non Gas Intense Mini (50 ml),272,320,1,0,True,2026-04-27 11:10:29
58758800,r1vf-536,Molfix Diaper Newborn Jumbo Pack Size 1 (2-5kg) 84 Pcs,3150,3150,6,100,True,2026-09-05 17:17:52
145315417,r1vf-4637,Molfix Pant XXL 27 Pieces,2850,2850,4,8,True,2026-09-05 17:17:52
144975638,r1vf-10996,Compliments Food Service Chapli Kabab 435g,563,563,2,0,True,2026-09-05 17:16:35
24138044,5SZCQK,Mughal Diamond Basmati Rice (Chawal)� 1kg,300,375,7,5,True,2026-04-25 15:40:42
140019494,r1vf-3534,Munch OH! Tricos Corn Snacks Barbeque 64g,195,195,69,8,True,2026-07-17 16:18:33
143282255,r1vf-80207,United King Gulab Jamun Tin Pack 1 Unit,850,850,1,8,True,2026-07-31 16:49:09
140499142,r1vf-3980,Go Royale Potato Sticks Garlic Mayo (Rs 100) 58g,100,100,3,8,True,2026-05-20 06:56:04
28231794,69D73P,Iqra Raisins (Irani Kishmish) 100g,252.7,266,4,10,True,2026-09-05 17:15:09
140499139,r1vf-3977,Go Royale Teekha Chana (Rs 30) 20g,30,30,1,8,True,2026-04-18 09:52:58
7634081,80OP1J,Kolson Snackers Hot Masala Rs 20,20,20,4,100,True,2026-05-18 07:05:13
140499147,r1vf-3985,Go Royale Potato Sticks Hot & Spicy (Rs 200) 120g,150,200,18,8,True,2026-09-05 17:15:09
144304745,GNDL0Q,Euro Twin Cake Chocolate 32g,90,90,1,0,True,2026-06-03 08:24:15
36759606,ZBRVKA,Oral B Toothpaste Mint 1.2.3 100 ml,499,499,4,6,True,2026-09-05 17:17:12
28231002,WAMPMG,brightfarms Loquat 500g (Pakistan),229,229,2,100,True,2026-04-18 07:16:29
16650687,773UOG,brightfarms Peach 500g,206.1,229,9,100,True,2026-09-05 12:34:25
140163215,r1vf-3144,brightfarms Peach 1kg,404.1,449,11,8,True,2026-09-05 17:20:36
28231783,LN145E,Iqra Sweet Plum (Meetha Aloocha) 100g,446.5,470,3,10,True,2026-09-05 17:15:09
143785151,r1vf-2527,Lay's Maxx Signature Cheese Rs. 100,100,100,1,8,True,2026-09-05 17:15:09
139998782,r1vf-3523,Munch OH! Tricos Corn Snacks Chilli Lime 32g,100,100,35,8,True,2026-06-08 18:01:35
37915898,V96409,Machos Nachos Tortilla Cheesesome Chips Rs. 80,80,80,75,12,True,2026-08-25 15:46:22
140499128,r1vf-3966,Go Royale Potato Sticks Cheese (Rs 50) 28g,50,50,3,8,True,2026-08-21 15:37:40
7658577,C03M0W,Omore Tutti Frutti Brick 725ml,499,499,2,15,True,2026-09-05 17:16:18
145511602,r1vf-4682,Pulse Extra Sensitive Premium Condom 10 Pieces,1150,1150,5,0,True,2026-09-05 17:17:12
142267339,r1vf-3942,Arizona Fields Regular Cheese Slice 200g,810,810,2,8,True,2026-09-05 17:10:22
142267338,r1vf-3941,Arizona Fields Light Cheese Slice 200g,810,810,2,8,True,2026-09-05 17:10:22
141345988,r1vf-3939,Arizona Fields Cheddar Cheese Slice 200g,810,810,1,8,True,2026-06-25 11:41:12
142265951,r1vf-3940,Arizona Fields Mozzarella Cheese Slice 200g,810,810,1,8,True,2026-09-05 17:10:22
7660914,843RHF,Lurpak Spreadable Butter 500g,2715,2715,4,100,True,2026-09-05 17:10:48
7662869,PYQP4D,Puck Cream Cheese Bottle 910Gm,3605,3605,2,100,True,2026-09-05 17:10:48
140499130,r1vf-3968,Go Royale Potato Sticks Peri Peri (Rs 50) 28g,50,50,51,8,True,2026-08-10 16:05:49
144304720,r1vf-3823,Grin Whole Wheat Paratha (5 Pieces) 350g,349,349,2,8,True,2026-09-05 17:16:35
7634095,8XA4E0,Kolson Slanty Salted,20,20,40,100,True,2026-04-21 16:14:23
7634054,593EHS,Kolson Slanty Jalapeno Rs. 30,30,30,24,100,True,2026-08-08 15:34:18
7863046,5V0B42,National Bihari Kabab Masala 42g,102.4,160,4,3,True,2026-09-05 17:14:30
7862913,90P53V,National Paya Masala 39g,144,160,11,3,True,2026-09-05 17:14:30
139998778,r1vf-3519,Munch OH! Tricos Corn Snacks Flaming Hot 32g,125,125,42,8,True,2026-07-11 16:03:24
140607577,r1vf-4271,Nestle Bunyad Instant Cereal Based Drink 32g,40,40,2,0,True,2026-07-08 05:52:48
9471670,5937HR,Figaro Green Olives Whole Imported 240g,676,845,12,100,True,2026-09-05 17:11:54
9471658,8I6394,Figaro Olives Black Sliced 240g,845,845,1,100,True,2026-08-18 15:32:46
7860602,4BSIH7,National Chilli Garlic Sauce 800g,336,420,2,3,True,2026-09-05 17:14:30
138568019,r1vf-942,Lay's Chips Paprika Rs.100 (The new and old packaging will be shipped out randomly),100,100,38,10,True,2026-09-05 17:15:09
20012491,63F08U,Food Valley Karara Lemo Chana Rs. 20,20,20,56,100,True,2026-09-05 17:15:09
7876113,Q80GN8,United King Namkino Badshahi Mix 80 g,176,220,19,100,True,2026-09-05 17:15:09
140414131,r1vf-3957,Nido Toddler Nutrition (1+) Promo 990g,2520,2520,1,8,True,2026-07-20 06:31:01
140414130,r1vf-3956,Nido Pre School Nutrition (3+) Promo 800g,2137,2250,4,8,True,2026-06-14 11:39:46
145559527,1E8L5Q,Mito Premium Adult Cat Food with Chicken | 1kg,1699,1699,5,100,True,2026-09-05 17:19:46
145166295,B3MOS4,Josera JosiCat Kitten 650 g Bag,1499,1499,1,0,True,2026-06-02 12:52:07
145166293,virtual-930,Josi Cat Sterilised Classic Adult 650g,1499,1499,2,0,True,2026-07-07 06:56:58
145854362,NFL-M02,National Classic Mayo Pouch 900g + Sabroso Chicken Burger Patty 6 Pieces 370g,862.5,1150,1,0,True,2026-07-03 14:08:23
144381119,r1vf-10714,My Wrap Asaan Dastarkhwan (35 x 40 Inches) 24 Sheets,413,590,27,8,True,2026-09-05 17:20:12
144381134,r1vf-10732,My Wrap Zip Slider Small (7.5 x 9 Inches) 20 Bags,567,630,13,8,True,2026-09-05 17:20:12
144381108,r1vf-10734,Triox Dish Wash Cloth Steel Wire Non-scratch 3 Pieces,130.5,145,183,8,True,2026-09-05 17:20:12
144381133,r1vf-10731,My Wrap Zip Slider Bags Medium 15-Pack,567,630,3,8,True,2026-09-05 17:20:12
47443954,qjk4-10,brightfarms Apple Kala Kulu Mix (Irani) 1kg,579,579,1,20,True,2026-09-05 12:34:25
58236193,03470S,brightfarm unripe mango kayri 1kg,399,399,1,100,True,2026-09-03 07:59:16
13122311,3K8912,brightfarms Bitter Gourd Karela (Pakistan) 500g,79,79,3,15,True,2026-09-05 17:20:36
7640690,J2X1J1,brightfarms Taro Root -Arvi (Sindh) 500g,69,69,3,0,True,2026-09-05 17:20:36
145315386,r1vf-2654,Candyland Bliss Coconut Filled Chocolate 1Pc,100,100,26,8,True,2026-09-05 17:15:09
143241111,r1vf-10552,Mix Nimko 200g,168.3,198,2,8,True,2026-04-27 11:08:18
143241113,r1vf-10554,Karachi Special Nimko 250g,224.4,264,1,8,True,2026-04-25 07:21:18
7639453,2HHZWX,7Up Zero PET 1.5L,155.8,190,8,6,True,2026-09-05 17:12:28
138930666,LB12FG,7Up Zero PET 1.5l x3,600,600,19,12,True,2026-07-11 05:42:55
145426929,r1vf-2828,Coca Cola Zero Sugar Bottle 1L,139.4,170,2,8,True,2026-06-28 07:05:28
145426928,r1vf-10767,Fanta 2 Ltr,178.5,210,5,8,True,2026-08-20 09:34:44
138453526,502GXJ,Gatorade Blue Bolt Bottle 500ml,85,100,79,12,True,2026-09-05 17:12:28
139755149,r1vf-2120,Noody Hot Spicy Chicken Fettuccine (2x Spicy) Black 112g,370,370,1,50,True,2026-07-24 11:06:44
145560669,GLQJC6,Koka Mi Goreng Fried Noodles 85g,320,320,4,1,True,2026-09-05 17:14:10
145560670,ONZN74,"Koka Vegetable Flavour Instant Noodles, 85g",224,320,18,1,True,2026-09-05 17:14:10
145560684,LJJ4AS,Koka Instant Noodles Vegetable Flavour 70g,454.3,649,22,1,True,2026-09-05 17:14:10
145560677,7GF2L8,Koka Cup Noodle Mushroom 70g,454.3,649,19,1,True,2026-09-05 17:14:10
145560683,NMBIJB,Koka Noodles Tomato 70g,454.3,649,22,1,True,2026-09-05 17:14:10
139755161,r1vf-2147,Koka Prawn Instant Noodles (Pouch) 85g,224,320,20,50,True,2026-09-05 17:14:10
145560679,virtual-411,Koka Original Instant Noodles 70g,454.3,649,22,1,True,2026-09-05 17:14:10
145560688,SP4NCG,Koka Signature Instant Noodles Seafood Flavor 90g,539,770,12,1,True,2026-09-05 17:14:10
139755154,r1vf-2139,Koka Masala Instant Noodles (Pouch) 85g,299,299,16,50,True,2026-09-05 17:14:10
139755150,r1vf-2121,Noody Hot Spicy Chicken Fettuccine (2x Spicy) Red 112g,370,370,7,50,True,2026-09-05 17:14:10
7641028,ZB8232,Cinnamon Stick (Dalchini Stick)  100g,138.6,154,6,6,True,2026-07-26 16:05:02
16080082,354MSS,Italia Chicken Powder 100 gm,110.26,149,7,100,True,2026-08-22 15:25:17
8347840,H7I4H1,Whole Coriander (Dhaniya Sabut)  100g,77.9,82,12,4,True,2026-09-05 17:14:30
7640297,5GLM0I,Coriander Powder (Dhaniya Powder)  100g,74.1,78,9,4,True,2026-09-05 17:14:30
138924898,sta-652,Kachri Powder (Kachri Powder)  100g,96.9,102,3,8,True,2026-08-16 15:24:20
35129435,4V64N1,Falak  Black Pepper (Kali Mirch)  100g,996.4,1060,9,6,True,2026-05-05 10:49:11
34629923,5V24V4,National Chili Powder 400g,467.2,730,20,3,True,2026-09-05 17:14:30
141522793,r1vf-3711,Moringa Powder 25g,34.98,66,1,8,True,2026-08-18 06:44:13
145120877,r1vf-11081,Naturelle Garlic Paste 320g,335.25,447,5,8,True,2026-09-05 17:14:30
7861980,77MMQ3,National Fish Masala 80g,185.6,290,8,3,True,2026-09-05 17:14:30
140412471,r1vf-3323,Khatai Powder 100g,30.6,34,1,6,True,2026-07-07 17:18:46
35129360,4NQ42U,Shan Tez Lal Mirch Powder 360g,474.5,730,10,3,True,2026-09-05 17:14:30
141522385,r1vf-3698,Dry Basil 25g,70.2,78,2,8,True,2026-05-31 16:13:03
140412458,r1vf-3310,Amla Whole 100g,332.5,350,1,6,True,2026-08-29 16:20:10
55808373,r1vf-372,Red Chili Powder (Lal Mirch Powder)  100g,77.9,82,12,5,True,2026-09-05 17:14:30
45555753,8H2AY8,Kurkure Chutney Chaska Rs. 40 ,40,40,71,30,True,2026-09-05 17:15:09
7634192,SXD912,Kolson Slanty Salted Rs. 50,50,50,105,100,True,2026-09-05 17:15:09
7645428,521PL4,Super Crisp Dino Munchies Ketchup (Rs. 20),20,20,3,12,True,2026-04-22 13:31:40
144957602,r1vf-10946,NOMS Pop Chips Roasted Cumin Rs. 120,120,120,10,8,True,2026-09-05 17:15:09
144957506,r1vf-10955,NOMS Pop Chips Cheese & Dill Rs. 200,200,200,5,0,True,2026-09-05 17:15:09
144957601,r1vf-10945,NOMS Pop Chips Chimichurri Rs. 120,120,120,10,8,True,2026-08-22 15:26:10
21955198,67537C,Pringles Ketchup 165g,1099,1099,16,100,True,2026-09-05 17:15:09
144957603,r1vf-10947,NOMS Pop Chips Cheese & Dill Rs. 120,120,120,29,8,True,2026-09-05 17:15:09
140499152,r1vf-3990,Go Royale Zooba Cheese Puffs (Rs 100) 52g,100,100,15,8,True,2026-06-20 16:24:30
144957504,r1vf-10953,NOMS Pop Chips Chimichurri Rs. 200,200,200,13,0,True,2026-09-05 17:15:09
7875553,QZB9PX,United King Chipsino Black Pepper Potato Slims 50g,120,120,8,100,True,2026-08-29 16:20:59
140904601,r1vf-1207,Popnosh Cornups Popcorn Chips Sweet & Salty 26g,50,50,21,8,True,2026-06-22 18:52:14
138464444,Z27LP6,Noms Nachos Smoky BBQ Rs. 80,80,80,94,100,True,2026-09-05 17:15:09
140499154,r1vf-3992,Go Royale Zooba Cheese Rings (Rs 100) 52g,100,100,2,8,True,2026-08-16 09:30:34
140105736,r1vf-2720,Lay's Wavy Masala Twist Rs. 30,30,30,57,30,True,2026-09-05 17:15:09
144957505,r1vf-10954,NOMS Pop Chips Roasted Cumin Rs. 200,160,200,3,0,True,2026-09-05 17:15:09
7665774,9SY9H2,Miaow Miaow B.B.Q Snack 1 Unit,499,499,2,50,True,2026-08-22 15:26:10
42946646,OWO6TN,Noms Nachos Cheddar Jalapeno Rs.80,80,80,57,100,True,2026-08-29 16:20:59
140403146,33I44Q,Kababjees Chips Crinkle Black Pepper Rs. 160,160,160,1,100,True,2026-09-05 17:15:09
42946644,396Z97,Noms Nachos Thai Sweet Chilli Rs. 80,80,80,57,100,True,2026-09-05 17:15:09
7665763,6829CV,Miaow Miaow Hot & Spicy Prawn Crackers 1 Unit,449.1,499,28,50,True,2026-09-05 17:15:09
140403155,9R1215,Kababjees Potato Slims Paprika Rs. 100,99,99,18,100,True,2026-07-26 16:06:15
139850723,r1vf-1740,Machos Nachos Hotilicious Rs. 200,200,200,7,8,True,2026-08-29 16:20:59
7646732,7I1AJ1,Kolson Slanty Vegetable Rs. 20,20,20,69,100,True,2026-08-08 15:34:18
140499133,r1vf-3971,Go Royale Salted Peanuts (Rs 80) 42g,80,80,1,8,True,2026-07-23 16:31:30
28231879,8P85G6,Iqra Apricot (Khubani Gol) 500g,1014.6,1068,2,10,True,2026-09-05 17:15:09
28231818,Q070F7,Iqra Roasted Cashew (Bhuna Kaju) 100g,805.6,848,2,10,True,2026-09-05 17:15:09
28231815,57BB2Q,Iqra Walnut Halves (Akhrot Tukda) 100g,549.1,578,6,10,True,2026-09-05 17:15:09
143241132,r1vf-10587,Yellow Gathiya 100g,98.1,109,10,8,True,2026-06-13 07:05:07
138924899,sta-653,Black Sesame Seeds (Kala Till) 100g,77.9,82,8,8,True,2026-09-05 17:15:09
7660325,3OTJ89,Lu Bakeri Biscuits Coconut (Family Packet),90,90,2,5,True,2026-05-02 07:47:52
7638810,7L4SWD,Sprite Local Cold Drink Zero Sugar Can 250ml,98.4,120,27,12,True,2026-09-05 17:12:28
20437977,GV92KG,Prince Mini Star (12 Pieces),211.2,240,2,5,True,2026-06-17 12:56:46
7638397,WR3KS9,Peek Freans Chocolicious Vanilla Chocolate Chip Snack Pack,220.8,240,2,5,True,2026-07-21 16:29:08
139587670,r1vf-2193,Gala Egg Value Pack (Rs 40) 71.4g,288,320,3,5,True,2026-09-05 17:15:09
139095042,r1vf-1452,Prince Chocolate Bar Pack 12 Pieces,208.8,240,21,3,True,2026-07-11 16:03:24
143508377,A8A375,Tuc Bar Pack Box (Rs. 20) 15 Pieces,270,300,16,8,True,2026-09-05 17:15:09
40686390,5213X3,LU Oreo Chocolate Snack Pack 8 ,288,320,20,3,True,2026-09-05 17:15:09
139515020,r1vf-1300,Bake Shake Regular Soft Cake 31.5g,30,30,41,8,True,2026-07-29 16:26:43
141617124,r1vf-27033,Choco Bites Double Chocolate Chip72g,288,320,13,5,True,2026-09-05 17:15:09
48403030,r1vf-113,Lu Bakeri Bistiks Snack Pack 8 Pieces,360,400,14,5,True,2026-09-05 17:15:09
47064891,r1vf-61,Heart Beats Share Pack,360,400,8,5,True,2026-09-05 17:15:09
139515021,r1vf-1304,Bake Shake Chocolate Hazelnut Soft Cake 31.5g,30,30,7,8,True,2026-04-29 16:31:10
19060507,57HGT2,Taste Factory Bystro Chocolate With Biscuit Stick,200,200,1,100,True,2026-07-19 16:01:47
143346495,r1vf-80110,Piper's Gold Caramel Delight Cookie 145g,270,300,15,200,True,2026-09-05 17:15:09
7638097,1LOBZW,Peek Freans Gluco Snack Pack,288,320,19,5,True,2026-06-20 16:24:30
143346497,r1vf-80112,Piper's Gold EBM Classic Shortbread Cookie 28g,600,600,2,200,True,2026-09-05 17:15:09
139543795,r1vf-1852,Innovative Digestive Delicious Wheat Biscuits Snack Pack  Box,240,240,18,8,True,2026-08-29 16:20:59
141990817,r1vf-3556,Butter Cookies (Rs. 30) 10 x 18 Pieces,300,300,6,8,True,2026-09-05 17:15:09
139095045,r1vf-1455,Oreo Mini Chocolate (Bar Packs) 24 Pieces,220.8,240,1,3,True,2026-07-23 08:34:36
141617096,r1vf-27025,Gluco Ticky Pack New 65g,324,360,11,5,True,2026-09-05 17:15:09
139543723,r1vf-1821,Innovative Butter Crunch Half Roll (Rs 40) 382g,240,240,3,8,True,2026-06-07 16:22:22
139543302,r1vf-1842,Innovative Butter Crunch Munch Pack  Box,240,240,12,8,True,2026-08-15 15:26:06
141990818,r1vf-3557,Chip Hop Vanilla Cookies (Rs. 30) 10 x 18 Pieces,300,300,1,8,True,2026-08-12 07:28:56
143346498,r1vf-80113,Piper's Gold EBM Coconut Crunch Cookie 27g,600,600,11,200,True,2026-08-22 15:26:10
41122426,Q77M7B,Peek Freans Sooper Classic Chocolate Snack Pack,288,320,24,100,True,2026-09-05 17:15:09
139095038,r1vf-1450,Prince Chocolate Snack Pack,270,300,28,3,True,2026-09-05 17:15:09
145067856,r1vf-11065,Smile Triple Chocolate Donut Cake 6 Pieces,432,480,1,8,True,2026-06-11 12:51:51
7947287,5P6E09,Bread & Beyond Butter Muffins.,320,320,1,0,True,2026-08-22 15:26:10
144814694,r1vf-10943,Divine Premium Lemon Wafers (Rs. 40) 8 Pieces,256,320,5,8,True,2026-09-05 17:15:09
145166923,YAOIRK,Nutrition Crave Croissants Choco-hazel Filled 42g,199,199,1,0,True,2026-08-10 10:20:01
142893993,r1vf-4289,Fresh UP Spearmint Stick 12 Pieces,480,480,21,8,True,2026-09-05 17:15:09
144720170,HGKTNU,Chupa Chups Melody pop lollipops 15gm ( Cola ),140,140,18,0,True,2026-09-05 17:15:09
142893998,r1vf-4290,Fresh UP Filled Strawberry Stick 12 Pieces,408,480,34,8,True,2026-09-05 17:15:09
145745660,r1vf-2891,Jazaa Virgin Cold Pressed Olive Oil 500ml,2400,2400,1,9,True,2026-09-05 17:13:27
7646572,71XR3N,Rossmoor Thyme Leaves 15g,152,160,1,8,True,2026-09-05 17:14:30
140412485,r1vf-3339,"Zafran Saffron, 1g",470.25,855,1,6,True,2026-07-26 06:09:40
140499127,r1vf-3965,Go Royale Potato Sticks Salted (Rs 50) 28g,50,50,2,8,True,2026-08-21 15:37:40
141990824,r1vf-3774,Digestive Chocolate Biscuits (Rs. 250) 24 Pieces,250,250,18,8,True,2026-09-05 17:15:09
55808365,r1vf-368,Ginger Powder (Adrak Powder)  100g,225,250,3,5,True,2026-07-20 16:28:27
140499143,r1vf-3981,Go Royale Potato Sticks Peri Peri (Rs 100) 58g,75,100,1,8,True,2026-09-05 17:15:09
48395545,r1vf-96,Super Crisp Cheese Rs. 20,20,20,21,100,True,2026-08-16 15:25:03
7655760,AV16FJ,Mitchells Strawberry Jelly 410g,330,330,5,100,True,2026-09-05 17:10:48
139265005,h1ei-517,Tops Frootopia Mango 250ml,99,99,1,8,True,2026-08-24 06:59:08
9058056,7Q89T1,Quice Mango Fruit Drink 250ml,40,40,25,12,True,2026-09-05 17:12:28
139545139,r1vf-1741,Applesshhh with Apple Juice 1500ml,152,190,3,8,True,2026-09-05 17:12:28
139545144,r1vf-1746,Qarshi Kinetik Energy Drink 500ml,95,95,1,8,True,2026-08-16 15:22:03
141522387,r1vf-3700,Dry Oregano 25g,54.9,61,9,8,True,2026-07-17 16:17:29
141522794,r1vf-3715,Paprika Powder 25g,88.2,98,7,8,True,2026-06-13 16:18:45
138924886,sta-640,Black Cumin Seeds (Zeera Black)  50g,217.8,242,4,8,True,2026-07-19 16:00:52
34629711,385205,National Haleem Masala 43g,142.4,160,6,3,True,2026-09-05 17:14:30
35129459,300T39,National Tikka Boti Masala 44g,135,150,10,3,True,2026-08-29 16:20:10
8937167,U6GD5O,Bakea Red Chili Flakes 60 g,148.84,244,15,100,True,2026-08-22 15:25:17
7862001,P76477,National Qeema Masala 50g,144,160,8,3,True,2026-09-05 17:14:30
35129305,2J4D5K,National Chapli Kabab Masala 72g,96,150,11,3,True,2026-08-16 15:24:20
35133905,TQ1346,National Coriander Powder 200g,217.6,340,12,3,True,2026-09-05 17:14:30
8937243,SYV7Z6,Bakea Basil Leaves 30 g,195.7,206,22,100,True,2026-09-05 17:14:30
8937196,22P33V,Bakea Cayenne Chili Pepper 65 g,359.29,589,3,100,True,2026-09-05 17:14:30
145120876,r1vf-11080,Naturelle Ginger Garlic Paste 320g,335.25,447,2,8,True,2026-09-05 17:14:30
140412462,r1vf-3314,Chaar Gound 100g,172.9,182,7,6,True,2026-09-05 17:14:30
145120878,r1vf-11082,Naturelle Ginger Paste 320g,460,460,6,8,True,2026-09-05 17:14:30
35132544,R5CBA5,Dipitt Ketchup Tomato 300Gm Bottle,165,275,8,4,True,2026-09-05 17:14:30
35128673,3O4M35,Dipitt Chilli Garlic Sauce 310g,137.5,275,1,2,True,2026-07-09 06:53:16
8989199,0BW94S,Dipitt Soy Sauce 310 g.,255,425,5,6,True,2026-09-05 17:14:30
36767950,D93F47,Dipitt Mango Habanero Sauce | 320ml,375,375,2,100,True,2026-09-05 17:14:30
140499151,r1vf-3989,Go Royale Zooba Masala Rings (Rs 50) 25g,50,50,8,8,True,2026-05-13 17:21:35
7876244,D92V59,United King Chipsino Paprika Potato Slims 50g,120,120,14,100,True,2026-08-01 16:05:36
139998767,r1vf-3518,Munch OH! Tricos Corn Snacks Barbeque 32g,125,125,59,8,True,2026-06-22 18:52:14
139998783,r1vf-3525,Munch OH! Tricos Corn Snacks Flaming Hot 64g,136.5,195,43,8,True,2026-09-05 17:15:09
139998779,r1vf-3520,Munch OH! Tricos Corn Snacks Nacho Cheese 32g,125,125,50,8,True,2026-07-04 16:08:35
139998781,r1vf-3522,Munch OH! Tricos Corn Snacks Hot Sriracha 32g,125,125,72,8,True,2026-06-15 17:20:52
7875773,3Q473J,United King Chipsino Mayo Garlic Potato Slims 50 g,96,120,27,100,True,2026-09-05 17:15:09
142364730,KN7IEE,Poppin Taxos Extra Cheese 110g,550,550,21,0,True,2026-05-13 17:21:35
139585735,r1vf-2123,Rehmat-e-Shereen Crinkle Barbecue Chips  80g,121.5,135,1,8,True,2026-07-27 12:29:12
139585738,r1vf-2127,Rehmat-e-Shereen Bhel Puri 100g,171,180,1,8,True,2026-08-30 14:24:35
139585737,r1vf-2104,Rehmat-e-Shereen Zeera Puri Papdi 250g,199.5,210,1,8,True,2026-08-26 09:44:27
139585744,r1vf-2111,Rehmat-e-Shereen Nimcolia Salty Peanuts 100g,166.25,175,2,8,True,2026-08-26 16:21:29
139585739,r1vf-2106,Rehmat-e-Shereen Nimcolia Daal Moth 100g,128.25,135,1,8,True,2026-08-12 10:09:44
139585742,r1vf-2109,Rehmat-e-Shereen Nimcolia Bombay Peanuts 100g,166.25,175,2,8,True,2026-08-25 12:49:54
139585743,r1vf-2110,Rehmat-e-Shereen Nimcolia Classic Peanuts 100g,166.25,175,1,8,True,2026-08-26 12:54:48
139585740,r1vf-2107,Rehmat-e-Shereen Nimcolia Daal Moong 100g,128.25,135,1,8,True,2026-08-21 12:49:37
40686382,8IT74K,Tiger Bar pack 30,285,300,26,5,True,2026-08-29 16:20:59
38409744,1TYAUI,Oreo Chocolate Cream Bar Packets 16 Pieces,288,320,15,3,True,2026-08-10 16:05:49
139095043,r1vf-1454,Oreo Mini Original (Bar Packs) 24 Pieces,216,240,1,3,True,2026-08-14 10:06:36
139095055,r1vf-1471,Candi Original Ticky Packs (11.6g) 24 Pieces,211.2,240,1,5,True,2026-05-04 06:18:10
143920479,r1vf-27051,Daffy Mini Ola Ola Bite Strwaberry Roll Wafer 35g,70,70,16,8,True,2026-09-05 17:15:09
20395178,947BLS,Daffy BOBO Chocolate Filled Biscuit Standing Pouch (Rs. 70),70,70,47,100,True,2026-09-05 17:15:09
139543796,r1vf-1853,Innovative Digestive Delicious Wheat Biscuits Munch Pack Box,240,240,10,8,True,2026-08-10 16:05:49
139543793,r1vf-1850,Innovative Crust Crispy Orange Wafers Snack Pack Box,240,240,7,8,True,2026-08-29 16:20:59
66563446,r1vf-671,Bisconni Mi Amor Original Family Pack,250,250,9,0,True,2026-09-05 17:15:09
7638106,31XWF4,Peek Freans Rio Strawberry Vanilla Half Roll 6's,288,320,4,5,True,2026-07-01 12:11:51
41122475,927532,Peek Freans Marie Munch Pack,324,360,8,5,True,2026-09-05 17:15:09
139543794,r1vf-1851,Innovative Crust Crispy Strawberry Wafers Snack Pack Box,240,240,18,8,True,2026-09-05 17:15:09
139543791,r1vf-1848,Innovative Crust Crispy Chocolate Wafers Snack Pack Box,240,240,3,8,True,2026-07-23 16:31:30
66563491,r1vf-680,Bisconni Perfetto Ticky Pack 10 Packet,200,200,15,0,True,2026-08-01 16:05:36
7638261,C2315R,Peek Freans Rio Double Chocolate 8 Half Roll,160,320,10,5,True,2026-06-16 13:33:44
139515009,r1vf-1549,Bisconni Eclipse Rich Cream Sandwich Biscuits Family Pack,250,250,18,8,True,2026-06-15 17:20:52
141856065,virtual-609,Kaer's Sugar Free Biscuit Oatmeal Choc 100g (00001),599,599,5,8,True,2026-05-30 16:12:03
33433426,83FYGI,Eazu Biscream Mango Flavoured Sandwich Biscuits 1 Box,246,246,23,100,True,2026-05-04 16:49:09
7651369,WII5W0,Danisa Butter Cookies Tin 200 gm,1100,1100,1,100,True,2026-08-10 07:43:41
138750286,daw-724,Dawn Almond Biscuit 1 Piece,330,330,5,6,True,2026-07-17 16:18:33
143920482,r1vf-27053,Daffy Coco Cris Filled Puffs Pouch 35g,70,70,33,8,True,2026-09-05 17:15:09
139515007,r1vf-1542,Bisconni Eclipse Half Roll 10 Packets,300,300,5,8,True,2026-09-05 17:15:09
138750289,daw-727,Dawn Chocolate Puzzle Biscuit 1 Piece,290,290,1,6,True,2026-07-16 13:53:42
141990831,r1vf-40012,Flare Biscuits (Rs. 40) 8 x 18 Pieces,320,320,3,8,True,2026-06-15 17:20:52
140456784,r1vf-3853,Mayfair Cremo Champion's Choice Strawberry Jumbo Roll (Rs 40) 8 Packets,360,360,11,8,True,2026-09-05 17:15:09
142744530,r1vf-8025,Doughstory Plain Cake 200g,190,190,4,8,True,2026-08-29 16:20:59
144381092,r1vf-10687,Cake Up Double Chocolate CupCake 12 Pieces,324,360,15,8,True,2026-09-05 17:15:09
24138028,JGQ1D7,Bread & Beyond Chocolate Muffin Small 6 Pieces,250,250,2,100,True,2026-07-31 06:18:36
142744533,r1vf-8027,Doughstory Fruit Cake (Mini) 100g,100,100,1,8,True,2026-08-26 16:21:29
7631047,7V6LC5,Loacker Classic Cream Kakao Wafers (Imported) 45g,248,310,7,100,True,2026-09-05 17:15:09
142744542,r1vf-8032,Doughstory Boat Cake 180g,180,180,3,8,True,2026-08-29 16:20:59
142744537,r1vf-8029,Doughstory Muffin Vanilla Cupcake Mini (12 Pieces) 204g,240,240,1,8,True,2026-08-31 18:54:08
142744540,r1vf-8031,Doughstory Muffin Chocolate Cupcake (12 Pieces) 210g,240,240,1,8,True,2026-09-05 17:15:09
16751963,HC5F11,IVG Strawberry Watermelon Ice 50 Mg 6000 Puffs (Imported),3199,3499,1,100,True,2026-04-28 06:13:44
35388516,914996,Loacker Classic Wafer Mini Mix 100g,570,570,4,100,True,2026-09-05 17:15:09
13122296,TKQG3B,brightfarms Ridge Gourd -Tori (Pakistan) 500g,99,99,7,20,True,2026-09-05 17:20:36
36759657,ETS006,Falak  Peshawari Sella Rice (Peshawari Sella Chawal)  5kg,1948,2435,1,3,True,2026-09-04 18:08:22
36759714,V24X55,Falak  Low Sodium Salt (Namak)  150g,178.6,190,1,6,True,2026-06-25 06:49:55
145426931,PQJFJC,Sprite Mint Bottle 2L,172.2,210,34,0,True,2026-09-05 17:12:28
138924885,sta-639,Black Salt Powder (Kala Namak Powder)  100g,13.3,14,13,8,True,2026-09-05 17:14:30
143920475,r1vf-27054,Daffy Kokoz Pouch 160g,700,700,22,8,True,2026-07-15 16:28:01
138568022,r1vf-945,Lay's Wavy BBQ Rs. 100,100,100,100,10,True,2026-09-05 17:15:09
139543805,r1vf-1863,Innovative Haven Chocolate Cookies Pouch Pack Box,500,500,12,8,True,2026-09-05 17:15:09
8522270,Z6OO2C,Super Clean Glass Cleaner 500 ml,448,560,7,100,True,2026-09-05 17:18:37
8522108,09039O,Super Bleach Liquid 500 ml,333,370,9,100,True,2026-09-05 17:18:37
8522118,6R3NDI,Super Liquid Blue 150 ml,216,240,22,100,True,2026-09-05 17:18:37
8522057,TGBD4L,Super Clean Dishwash Powder 900 gm,160,200,8,100,True,2026-09-05 17:18:37
8522372,23M7L0,Super Perfume Phenyl Bottle 1000ml,297,330,10,100,True,2026-09-05 17:18:37
24137221,E12B7W,Super Perfume White Phenyl 3 ltr,423,470,3,100,True,2026-09-05 17:18:37
8522702,S12WH9,Super Nepthaline Balls Small,252,280,8,100,True,2026-09-05 17:18:37
7658516,6UJ8IU,Omore Mango Brick 600ml,342,380,10,15,True,2026-09-05 17:16:18
140163222,r1vf-3161,Brightfarms Tar 500g (Kakri),89,89,1,20,True,2026-06-02 12:54:06
140163221,r1vf-3162,Brightfarms Tar 1kg (Kakri),179,179,1,20,True,2026-06-02 12:54:06
13122328,135853,brightfarms Veal Boti Boneless 500g,829,829,1,100,True,2026-09-05 17:10:03
15520301,3Q243O,brightfarms Fresh Veal Mix Boti With Bones 1Kg,1599,1599,1,100,True,2026-05-04 11:05:29
13122320,9Q2391,brightfarms Mutton Mix 500g,1439.1,1599,1,100,True,2026-09-05 17:10:03
139850646,r1vf-482,Nestle Pure Life Sparkling Water 250ml,140,140,1,0,True,2026-08-17 06:55:50
139545140,r1vf-1742,Jam-e-shirin Sparkling 500ml,95,95,10,8,True,2026-09-05 17:12:28
7654334,R6TGSS,Pringles Hot & Spicy Chips Imported 40g,490,490,18,0,True,2026-09-05 17:15:09
138750292,daw-730,Dawn Old Fashion Cake 1 Piece,330,330,1,6,True,2026-08-05 16:46:56
8522192,8SENCA,Super Shine Detergent Bar x 6,180,200,11,100,True,2026-09-05 17:18:37
145067634,virtual-244,Camelion AA Super Heavy Duty Cell 1.5V 4 Pieces,299,299,2,8,True,2026-06-04 07:36:15
145067632,virtual-113,Camelion AA Cell 2 Pieces,150,150,1,8,True,2026-07-29 08:52:17
145067633,virtual-114,Camelion AAA Cell 2 Pieces,150,150,1,8,True,2026-08-24 13:00:18
145067636,JPW8KP,Toshiba Cell AAA 2 Pieces,180,180,9,0,True,2026-09-05 17:20:12
145067635,virtual-245,Camelion AAA Super Heavy Duty Cell 1.5V 4 Pieces,299,299,1,8,True,2026-07-26 16:11:54
13122329,4419AV,brightfarms Veal Mix Boti With Bones 500g,799,799,1,100,True,2026-05-19 06:49:55
24137603,3S219U,brightfarms Mutton Leg 500g,1639,1639,1,100,True,2026-09-05 17:10:03
7862481,C9O0H9,National Achar Goasht 100g,261,290,12,3,True,2026-08-23 15:26:29
35130596,G5967G,National Murghi Masala 43g,144,160,10,3,True,2026-09-05 17:14:30
8937145,BA5QS8,Bakea Paprika Powder 70 g,250.71,411,19,100,True,2026-09-05 17:14:30
140403160,AM1C0K,Kababjees Chips French Cheese 100g,160,160,54,100,True,2026-06-07 16:22:22
140403159,08V7HY,Kababjees Potato Slims Black Paper Rs. 100,99,99,7,100,True,2026-07-20 16:30:04
141522378,r1vf-3688,Banana Chips 200g,905.4,1006,1,8,True,2026-04-25 15:43:08
139585734,r1vf-2100,Rehmat-e-Shereen Crunchees Classic Salted Chips 80g,128.25,135,2,8,True,2026-08-29 16:20:59
7665785,V40693,Miaow Miaow Hot & Spicy Snacks 1 Unit,499,499,24,50,True,2026-09-02 18:30:48
139587671,r1vf-2194,Gala Egg Bar Pack (Rs 10) 15.3g,228,240,13,5,True,2026-08-29 16:20:59
41122421,2631YS,Peek Freans Party PIK Munch Pack,324,360,6,5,True,2026-09-05 17:15:09
139543780,r1vf-1843,Innovative Butter Crunch (Mini Half Roll) Box,240,240,6,8,True,2026-08-16 15:25:03
143920484,r1vf-27055,Daffy Butterscotch Candy Pouch Packet,100,100,23,8,True,2026-08-15 15:26:06
40912326,GG10O7,Peek Freans Gluco Cake Up Teddy Milk,278.4,320,2,5,True,2026-07-07 17:20:25
139543792,r1vf-1849,Innovative Crust Orange Roll Snack Pack  Box,240,240,5,8,True,2026-09-05 17:15:09
139543801,r1vf-1858,Innovative Goodies Lemon Egg and Milk Cookies Munch Pack Box,240,240,10,8,True,2026-09-05 17:15:09
139543782,r1vf-1844,Innovative Charm Chocolate Filled Delicious Cookies Snack Pack (Rs 10) 276g,240,240,17,8,True,2026-08-01 16:05:36
140456840,r1vf-4008,Mayfair Special Egg & Milk Cookies Classic Jumbo Roll (Rs 40) 8 Packets,260,260,9,8,True,2026-08-10 16:05:49
140456842,r1vf-3859,Mayfair Wow Strawbella Ticky Pack 48 Packets,240,240,14,8,True,2026-09-05 17:15:09
143282259,r1vf-80211,The Food Kingdom Mix Butter Biscuits 200g,484,605,1,8,True,2026-09-05 07:30:59
138750288,daw-726,Dawn Pistachio Biscuit 1 Piece,360,360,1,6,True,2026-07-20 16:30:04
143282260,r1vf-80212,The Food Kingdom Zeera Butter Biscuits 200g,575,575,1,8,True,2026-08-07 13:06:08
144381091,r1vf-10686,Rio Double Chocolate Sandwich Biscuits (Munch Pack) 12 Pieces,441.6,480,4,8,True,2026-08-08 15:34:18
142807539,UBII6R,Morinaga BF-1 Infant Formula 300g,1200,1200,3,0,True,2026-09-05 17:17:52
38827104,5T4755,Wall's Chocolate & Vanilla Chips Bucket 1400ml,719.2,899,8,8,True,2026-09-05 17:16:18
140499153,r1vf-3991,Go Royale Zooba Masala Puffs (Rs 100) 52g,100,100,15,8,True,2026-06-08 18:01:35
145867463,r1vf-10614,Daali Earthfoods Chia Seeds 100g,579.5,610,2,0,True,2026-09-05 17:15:09
7661458,OTTF1S,Hashmi Ispaghol Husk Box 25g,215,215,1,0,True,2026-09-05 17:21:00
35134661,EJVG8F,Hashmi Ispaghol Husk Box 50g,385,385,5,0,True,2026-09-05 17:21:00
7661475,Z0Y489,Hashmi Ispaghol Husk Box 100g,745,745,2,100,True,2026-09-05 17:21:00
7656049,WP184P,Mitchells Mixed Fruit Diet Jam 300g,365,365,10,100,True,2026-09-05 17:10:48
7655921,N3G8FY,Mitchells Golden Apple Jam 410g,330,330,1,100,True,2026-09-05 17:10:48
7655574,3WYQBN,Mitchells Apple Jelly 410g,231,330,9,100,True,2026-09-05 17:10:48
7656011,TD5438,Mitchells Black Currant Jam 300g,480,480,9,100,True,2026-09-05 17:10:48
7655957,P9WM25,Mitchells Pineapple Jelly 410g,231,330,10,100,True,2026-09-05 17:10:48
7655813,F1513L,Mitchells Golden Apple Diet Jam 300g,365,365,4,100,True,2026-09-05 17:10:48
7655605,52050F,Mitchells Diet Mist Marmalade Orange 300g,365,365,9,100,True,2026-09-05 17:10:48
7655546,2O449Z,Mitchells Old English Marmalade 300g,336,480,1,100,True,2026-09-05 17:10:48
7655710,7PI46V,Mitchells Lemon Juice 300ml,200,200,2,6,True,2026-09-05 17:12:28
7646654,UOVP3Z,Rossmoor Oregano Leaves 20g,171,180,11,8,True,2026-09-05 17:14:30
141690951,r1vf-3704,Lemon Grass 25g,84.6,94,1,8,True,2026-07-19 16:00:52
7655644,6AQDRZ,Mitchells White Vinegar 300ml,84,120,2,100,True,2026-09-05 17:14:30
7655540,2KV68R,Mitchells Apple Cider Vinegar 300ml,215,215,1,100,True,2026-07-19 16:00:52
7656055,X3QH50,Mitchells Fruit Vinegar 300ml,195,195,11,100,True,2026-09-05 17:14:30
140499144,r1vf-3982,Go Royale Potato Sticks Hot & Spicy (Rs 100) 58g,100,100,7,8,True,2026-04-29 16:31:10
139585736,r1vf-2124,Rehmat-e-Shereen Crunchees Potato Sticks Chatpata Flavour 80g,128.25,135,1,8,True,2026-08-29 16:20:59
141990823,r1vf-3773,Chocolate Chip Cookies Original Box,80,80,28,8,True,2026-09-05 17:15:09
139543785,r1vf-1845,Innovative Choc n Chip Chocolate Chip Cookies Snack Pack (Rs 10) 326.4g,240,240,8,8,True,2026-07-18 16:01:51
140456829,r1vf-4004,Mayfair Cremo Strawberry Snack Pack (Rs 10) 25 Packets,250,250,3,8,True,2026-05-31 16:14:32
139543301,r1vf-1838,Innovative Jumbo Junior Snack Pack  Box,240,240,19,8,True,2026-08-01 16:05:36
7659653,N0HNTZ,Eurocake Twincakes Banana 1 Unit,120,120,22,50,True,2026-08-28 00:18:31
35131891,5U0Q29,Safeguard Soap Pure White 175g,225,225,3,12,True,2026-06-06 13:52:14
9745195,SH0F3J,Pampers Skin Comfort Pants Size 5 22 Pieces,1600,1600,1,12,True,2026-04-30 16:24:48
7665029,64E5ME,Robin Bleach Fragrant 450ml,650,650,1,3,True,2026-09-05 12:32:42
13054707,7L767L,Meaoon Cat Food Chicken & Vegetable (Imported) 3000g ,2585,2585,4,100,True,2026-09-05 17:19:46
140873944,8K4AW0,One Healthy Kitten Chicken Adult (Pouch) 70g,350,350,4,0,True,2026-05-16 13:38:57
141522792,r1vf-3710,Moringa Powder 50g,108,120,1,8,True,2026-06-04 07:27:50
140499155,r1vf-3993,Go Royale Zooba Masala Rings (Rs 100) 52g,100,100,19,8,True,2026-04-28 16:54:42
141103515,r1vf-2725,Korneez Potato Sticks Premium Rs. 110,110,110,7,8,True,2026-08-15 15:26:06
144381100,r1vf-10693,Nibl Protein Bar White Chocolate Brownie 60g,500,500,28,8,True,2026-09-05 17:15:09
40726979,1C75U6,Candyland Jelly Beans Box,180,180,11,100,True,2026-09-05 17:15:09
7664407,1N0TIG,Candyland Marshmallow Party Puff Pouch,50,50,56,8,True,2026-09-05 17:15:09
139755090,ays9-130,Infinity Bars Watermelon Bubblegum Ice 35mg 5000 Puffs 1 Piece,3099,3500,1,3,True,2026-08-19 06:47:49
139755089,ays9-125,Infinity Bar Black Grape Ice 5000 Puffs 1 Piece 35mg,3099,3500,2,3,True,2026-08-20 15:39:29
141345985,r1vf-1429,Infinity Disposable Cranberry Grape Ice 8000 Puffs (55mg) 1 Unit,2774,3800,4,8,True,2026-09-05 17:16:52
139755093,idf-205,Infinity Disposable 8000 Puffs Strawberry Watermelon Ice (55mg) 1 Unit,2774,3800,7,3,True,2026-09-05 17:16:52
143826251,NB8VL9,Infinity Tornado Disposable Grape Mint Ice 20000 Puffs (3mg) 1 Unit,3199,3500,2,0,True,2026-07-29 16:28:35
143826256,478SPD,Infinity Tornado Disposable Strawberry Punch Ice 20000 Puffs (3mg) 1 Unit,3199,3500,3,0,True,2026-09-05 17:16:52
143826254,8ALDYZ,Infinity Tornado Disposable Peach Ice 20000 Puffs (3mg) 1 Unit,3199,3500,6,0,True,2026-09-05 17:16:52
143826092,ays9-133,Infinity Bar Mango Lychee Ice 35mg 5000 Puffs 1 Piece,3199,3500,4,3,True,2026-09-05 17:16:52
143826252,RKP0BO,Infinity Tornado Disposable Mango Peach Pineapple Ice 20000 Puffs (3mg) 1 Unit,3199,3500,8,0,True,2026-09-05 17:16:52
145745927,r1vf-2887,Ultra Maxx Home & Office Small Garbage Bags (No. 30) 1 Unit,350,500,37,9,True,2026-09-05 17:20:12
145745928,r1vf-2888,Ultra Maxx Home & Office Large Garbage Bags (No. 12) 1 Unit,500,625,40,9,True,2026-09-05 17:20:12
145745926,r1vf-2886,Ultra Maxx Home & Office Small Garbage Bags (No. 40) 1 Unit,420,600,28,9,True,2026-09-05 17:20:12
140499149,r1vf-3987,Go Royale Zooba Masala Puffs (Rs 50) 25g,50,50,17,8,True,2026-06-15 17:20:52
139998784,r1vf-3526,Munch OH! Tricos Corn Snacks Nacho Cheese 64g,195,195,89,8,True,2026-08-07 04:59:45
143856810,S7R7J9,Olper's Full Cream Milk 500ml,183.3,195,30,12,True,2026-09-05 17:10:22
7649194,110336,Dayfresh Full Cream Milk - 250ml Uncapped,76,100,24,81,True,2026-08-11 07:06:15
144305990,r1vf-3621,Italia Honey 500g,1085,1085,9,8,True,2026-09-05 17:10:48
8987899,5ZFZ4E,Italia Fruit Cocktail Tin 220Gm,322.24,424,64,100,True,2026-09-05 17:11:54
144305987,r1vf-3613,Italia Baking Powder 50g,73.6,92,109,8,True,2026-09-05 17:11:54
44823312,ZUW0M5,Cola Next 500ml,63,70,16,0,True,2026-09-05 17:12:28
44823280,VV59W1,Anaar Next PET Bottle 1L,103.5,115,11,0,True,2026-09-05 17:12:28
140095825,7OXHAE,Rango Next Bottle 300ml,55,55,6,0,True,2026-08-21 15:34:29
44823321,39F0AP,Rango Next 2.25L,180,200,2,0,True,2026-09-05 17:12:28
140095890,2TQLG0,Dare Next Bottle 300ml,49.5,55,1,0,True,2026-09-05 17:12:28
8905879,S02233,Mai Dubai Mineral Water 1.5l ,330,330,1,6,True,2026-05-27 07:07:52
142352771,C3DFQA,FRESHER JUICE MANGO NECTAR 500 ML,130,130,9,0,True,2026-09-05 17:12:28
142352766,AFMCU3,FRESHER JUICE APPLE FRUIT DRINK 500 ML,130,130,13,0,True,2026-09-05 17:12:28
142352768,505M60,FRESHER JUICE STRAWBERRY FRUIT DRINK 500 ML,130,130,3,0,True,2026-09-05 17:12:28
142352745,4G9FBF,Fresher Pomegranate Fruit Drink Juice 200ml,60,60,17,0,True,2026-09-05 17:12:28
142352759,2OEZCL,FRESHER JUICE NO ADDED SUGAR ORANGE FRUIT DRINK 500 ML,140,140,5,0,True,2026-07-23 16:28:23
142352761,S1D7MK,FRESHER JUICE NO ADDED SUGAR GUAVA NECTAR 500 ML,120,120,11,0,True,2026-08-22 15:23:00
142352747,V2RO8O,TETRA PACK JUICEUP MANGO FRUIT DRINK 200 ML,40,40,10,0,True,2026-09-05 17:12:28
142352756,MVN10C,FRESHER JUICE GUAVA NECTAR 1000 ML,250,250,4,0,True,2026-09-05 17:12:28
142352770,U7I2OQ,FRESHER JUICE GUAVA NECTAR 500 ML,130,130,3,0,True,2026-09-05 17:12:28
142352767,EZQ4SH,FRESHER JUICE FALSA NECTAR 500 ML,130,130,11,0,True,2026-09-05 17:12:28
142352754,2PVD6G,FRESHER JUICE STRAWBERRY FRUIT DRINK 1000 ML,250,250,2,0,True,2026-08-29 16:18:25
142352757,A4CSBM,FRESHER JUICE MANGO NECTAR 1000 ML,250,250,4,0,True,2026-09-05 17:12:28
142352764,7CB6S7,FRESHER JUICE RED GRAPES FRUIT DRINK 500 ML,160,160,11,0,True,2026-09-05 17:12:28
142352743,J0K5V1,Fresher Juice Mango 200ml,60,60,24,0,True,2026-09-04 18:08:47
142352746,JQOAQ3,TETRA PACK JUICEUP APPLE FRUIT DRINK JUICEUP PEACH FRUIT DRINK FRESHER 200 ML,40,40,24,0,True,2026-08-29 16:18:25
142352749,82JH6I,FRESHER CAN WATER 250 ML,120,120,7,0,True,2026-06-03 13:20:40
142352752,VFFHYI,FRESHER JUICE ORANGE FRUIT DRINK 1000 ML,310,310,6,0,True,2026-08-29 16:18:25
142352753,virtual-194,FRESHER JUICE FALSA NECTAR 1000 ML,250,250,2,0,True,2026-09-04 18:08:47
142352769,W07YI1,FRESHER JUICE PEACH FRUIT DRINK 500 ML,130,130,3,0,True,2026-09-05 17:12:28
142352750,FFUHEQ,FRESHER CAN CHUNKY ORANGE FRUIT DRINK 250 ML,100,100,1,0,True,2026-08-22 15:23:00
142352751,EE6IFL,FRESHER CAN CHUNKY PEACH FRUIT DRINK 250 ML,100,100,10,0,True,2026-08-15 15:22:15
142352755,DKC90F,FRESHER JUICE PEACH FRUIT DRINK 1000 ML,250,250,6,0,True,2026-08-22 15:23:00
142352744,HGWR7H,Fresher Fruit Drink Peach 200ml,60,60,3,0,True,2026-09-05 17:12:28
144305986,r1vf-3620,Italia Almond Oil 55ml,229.95,315,64,8,True,2026-09-05 17:13:27
55808361,r1vf-364,Crushed Red Chili (Lal Mirch Kutti)  100g,93.1,98,10,4,True,2026-08-29 16:20:10
35132480,23T7J4,Bakea Cinnamon Powder 60 g,301.15,317,12,100,True,2026-08-29 16:20:10
144305988,r1vf-3612,Italia Corn Flour Powder 275g,147.26,199,12,8,True,2026-09-05 17:14:30
144305989,r1vf-3624,Italia Garlic Paste 330g,388.5,525,11,8,True,2026-09-05 17:14:30
144970044,r1vf-11001,Snakitos Chik Pik Spicy Multigrain Snack 70g,225,225,1,8,True,2026-07-05 16:17:24
7647873,4J19MM,Doritos Sweet Chilli Papper 145 gm,1700,1700,7,100,True,2026-06-11 18:18:17
26879944,17809O,Bisconni Cocomo Triple Choc Family Pouch,100,100,7,100,True,2026-07-26 16:06:15
41122478,194NI5,Peek Freans Rio Strawberry Vanilla Munch Pack,324,360,11,5,True,2026-09-05 17:15:09
7636544,0083Y6,Balocco Savoiardi Lady Finger Pastry Puff 200g,703,950,9,100,True,2026-09-05 17:15:09
139550173,r1vf-1708,Rio Limited Edition Obo Magic (Half Roll )8 Pieces,320,320,14,5,True,2026-06-14 16:28:53
23365393,8G3R35,Hilal Pan Pasand Candy Pouch Rs2.5,90,90,17,100,True,2026-09-05 17:15:09
141522797,r1vf-3725,White Pepper Whole 20g,81,90,4,8,True,2026-07-18 16:00:23
24137269,LB43IM,brightfarms Black Currant Falsa (Sindh) 500g ,299,299,2,100,True,2026-07-10 07:00:50
15520219,CU4391,brightfarms Cherry Box 500g ,799,799,1,100,True,2026-07-12 10:43:10
15520334,3D3UWP,brightfarms Apricot (Khubani) 500g,349,349,1,100,True,2026-06-30 11:57:53
56866828,mirror23,(Consume by Today) brightfarms Fresh Chicken Wings 1kg,398.3,569,3,0,True,2026-08-25 12:45:16
142352762,VJIJRO,FRESHER JUICE NO ADDED SUGAR MANGO NECTAR 500 ML,120,120,9,0,True,2026-08-16 15:22:03
35133012,YZI859,Rose Petal Pop Up Pack Bundle 3+1,729,810,66,100,True,2026-09-05 17:17:12
7637338,172VS5,Rose Petal Tulip Tissue Roll Bachat 1S,63,70,96,8,True,2026-09-05 17:17:12
7637341,H7VKD5,Rose Petal Tulip Tissue Roll Strong 1S,99,110,65,8,True,2026-09-05 17:17:12
142352765,V05S3H,FRESHER JUICE ORANGE FRUIT DRINK 500 ML,160,160,12,0,True,2026-09-05 17:12:28
142352758,COPCZQ,FRESHER JUICE NO ADDED SUGAR POMEGRANATE FRUIT DRINK 500 ML,140,140,10,0,True,2026-08-16 15:22:03
142352763,2YNO13,FRESHER JUICE POMEGRANATE FRUIT DRINK 500 ML,160,160,3,0,True,2026-09-05 17:12:28
141377248,r1vf-2077,Snakitos Patata Slims Flavoured Masala 1 Unit,225,225,4,8,True,2026-04-30 16:22:08
139515011,r1vf-1550,Bisconni Digestive Chocolate Half Roll,300,300,16,8,True,2026-08-16 15:25:03
141990832,r1vf-40013,Digestive Honey Biscuits (Rs. 250) 24 Pieces,250,250,25,8,True,2026-08-13 04:53:29
7659640,7ZR1J6,Eurocake Twin Cakes Vanilla 1 Unit,120,120,21,50,True,2026-08-29 16:20:59
66562593,r1vf-682,Machos Nachos Hickory BBQ Chips Rs. 80,80,80,40,0,True,2026-08-22 15:26:10
28231833,83E22B,Iqra Ajwa Dates 250g,1793.6,1888,4,10,True,2026-09-05 17:15:09
144381090,r1vf-10685,Rio Double Chocolate Sandwich Biscuits Half Rolls 8 Pieces,368,400,16,8,True,2026-08-15 15:26:06
7639420,5VR9PZ,Mirinda PET 2.25L,205,250,4,6,True,2026-09-05 17:12:28
7648904,6ASC0T,Coca Cola Zero Sugar Bottle 1.5l,164,200,25,6,True,2026-09-05 17:12:28
142352760,IGQAJD,FRESHER JUICE NO ADDED SUGAR PEACH FRUIT DRINK 500 ML,120,120,9,0,True,2026-08-11 16:03:18
140878044,virtual-444,Nissin Cup Noodles Japanese Style Beef 66g,450,450,4,12,True,2026-09-05 17:14:10
140878053,A5P3EB,Nissin Gekikara Chicken Bowl Noodles 100g,670,670,5,0,True,2026-09-05 17:14:10
7646145,3505Z8,American Garden Hot Sauce 88ml (Imported),375.18,507,27,100,True,2026-09-05 17:14:30
140874925,MBDCRH,Davidoff Espresso 57 Instant Coffee 100g,2850,2850,1,0,True,2026-07-30 16:29:32
141377240,r1vf-2081,Snakitos Premium Quality Banana Chips Flavoured Barbeque 1 Unit,400,400,7,8,True,2026-05-01 16:01:38
139998780,r1vf-3521,Munch OH! Tricos Corn Snacks Italian Pizza 32g,100,100,39,8,True,2026-05-01 16:01:38
139587668,r1vf-2191,Oreo Original Vanilla Flavored Value Pack (Rs 50) 57g,270,300,2,3,True,2026-08-09 15:34:09
139543806,r1vf-1864,Innovative Haven Coffee Cookies Pouch Pack  Box,500,500,3,8,True,2026-08-29 16:20:59
7651356,08W874,Danisa Butter Cookies Box 162g (Imported),750,750,20,100,True,2026-08-22 15:26:10
7638375,UMG99W,Peek Freans Marie Family Pack,73.6,80,4,100,True,2026-08-08 09:42:29
139755076,virtual-376,Kopiko Coffee Shot 50 x 175g,399,399,1,0,True,2026-09-05 07:30:59
145905563,r1vf-49,ZYN Prime Apple Mint 6mg (2 Dot) Nicotine Pouches 1 Can,150,150,19,6,True,2026-09-05 17:16:52
145905562,r1vf-48,ZYN Prime Apple Mint 3mg (1 Dot) Nicotine Pouches 1 Can,150,150,13,6,True,2026-09-05 17:16:52
145905561,r1vf-47,ZYN Prime Apple Mint 1.5mg X-Low Nicotine Pouches 1 Can,150,150,3,6,True,2026-09-05 17:16:52
7639630,SYXJ1N,Vaseline Blueseal Petroleum Jelly Original 50ml,225,250,1,100,True,2026-09-02 18:34:02
11142736,7DNR9R,Fa Shower Gel Honey Cream 250ml,584.22,749,19,100,True,2026-09-05 17:17:12
143918486,2X1N9Z,Bold Non Gas Electric (120 ml),600,800,3,0,True,2026-09-05 17:17:31
143918484,YHX92D,Bold Gas Body Spray Infinity (150 ml),700,700,5,0,True,2026-09-05 17:17:31
143918488,KAR7MJ,Bold Non Gas Champion (120 ml),600,800,3,0,True,2026-09-05 17:17:31
143918483,XLKMUM,Bold Gas Body Spray Intense (150 ml),525,700,2,0,True,2026-09-05 17:17:31
7663308,2FJH6U,Bold Non Gas Intense (120 ml),600,800,1,3,True,2026-09-05 17:17:31
8015344,SZ2V58,Axe Body Spray 150Ml Musk,849,849,15,3,True,2026-09-05 17:17:31
7653794,N2F8P7,Meo Cat Food 450Gm Chicken Vegetable Pouch,1249,1249,1,100,True,2026-06-19 17:32:59
8485468,5X5QY9,Jason Cat Litter (Imported) 16L,2800,2800,1,100,True,2026-09-05 17:19:46
7653775,9A491K,Me-O Cat Food Adult Beef And Vegetable 450g,1249,1249,1,100,True,2026-07-12 10:42:14
145928325,3SBRS5,Felix Crispies Salmon Trout 45g,550,550,4,0,True,2026-09-05 17:19:46
145928327,H4SH3T,Felix Goody Bag Tasty Nuggets Rich in Beef & Lamb 50g,550,550,14,0,True,2026-09-05 17:19:46
145928324,VHZ3OM,Felix Crispies Treats Beef & Chicken 45g,550,550,9,0,True,2026-09-05 17:19:46
145928328,97720W,Felix Goody Bag Tasty Nuggets Rich in Chicken with Duck 50g,550,550,19,0,True,2026-09-05 17:19:46
8485472,2H01E3,Jason Cat Litter (Imported) 8L,1500,1500,1,100,True,2026-09-05 17:19:46
8485471,N3848B,Jason Cat Litter (Imported) 5L,1000,1000,1,100,True,2026-09-05 17:19:46
43065065,6NNC4K,Young's Peanut Butter 320g,750,750,2,100,True,2026-07-20 16:24:59
7658032,QVR8R4,Nutella Hazelnut Spread 350g (Imported),1799,1799,1,100,True,2026-05-27 17:59:18
145859621,0M6N9T,Nescafe Classic Coffee 1 Sachet x 2g,50,50,1,0,True,2026-07-21 16:28:47
7651449,44RPCA,M&M Choco Pouch Brown 45g,420,420,31,0,True,2026-09-05 17:15:57
7651476,41N17L,Hershey's Cookies'n' Cream (Imported) 35g,580,580,2,100,True,2026-09-04 18:11:42
145746249,1MMNAK,Kinder Bueno 43g,460,460,1,0,True,2026-05-13 17:21:54
12633569,Y46Q26,Wall's Caramel Vanilla 775ml,399.2,499,1,8,True,2026-09-05 17:16:18
28231750,RI0YD4,Brightfarms Chicken Leg Boti cut (With bone) 1 kg,599,599,2,100,True,2026-06-08 13:07:36
24138144,804A1M,Brightfarms Chicken Leg Boti cut (With bone) 500g,329,329,2,100,True,2026-06-09 06:51:07
7646291,QEQBP0,American Garden Chick Peas Classic (400 Gm),443.26,599,15,100,True,2026-09-05 17:11:54
139543798,r1vf-1855,Innovative Digestive Sugar Free Wheat Biscuits Family Pack (Rs 250) 270g,250,250,15,8,True,2026-08-29 16:20:59
139543738,r1vf-1825,Innovative Digestive Original Family Pack (Rs 250) 250g,250,250,14,8,True,2026-09-05 17:15:09
47064890,r1vf-62,Heart Beats Munch Pack,342,360,4,5,True,2026-08-29 16:20:59
140456827,r1vf-4003,Mayfair Cremo Strawberry Half Roll (Rs 20) 13 Packets,250,250,10,8,True,2026-08-29 16:20:59
145905572,r1vf-11060,Max All Purpose Lemon Fresh Surface Cleaner Pouch 800ml,650,650,3,0,True,2026-09-05 17:18:37
145905571,r1vf-11059,Max All Purpose Rose Fresh Surface Cleaner Pouch 800ml,650,650,1,0,True,2026-09-05 17:18:37
24138046,5202H1,Bread & Beyond Bread & Beyond Bread Q.P Burger Bun,90,90,1,100,True,2026-08-03 17:09:33
36131818,ERX1KW,brightfarms Saroli Mango 1kg,349,349,1,100,True,2026-07-05 11:19:46
145745013,r1vf-2985,Ghiza Gluten Free Multigrain Atta 1kg,525,525,1,1,True,2026-09-02 07:41:52
140412473,r1vf-4013,Phitkari Safaid 200g,84.6,94,9,6,True,2026-07-14 16:19:25
146071044,r1vf-8052,Wholesome Foods Mixed Berries 300g,1595.2,1994,5,8,True,2026-09-05 17:20:36
146071042,r1vf-8050,Wholesome Foods Blueberries 300g,1994,1994,8,8,True,2026-09-05 17:20:36
146071043,r1vf-8051,Wholesome Foods Blackberries 300g,1595.2,1994,10,8,True,2026-09-05 17:20:36
146071045,r1vf-8053,Wholesome Foods Raspberries 300g,1595.2,1994,4,8,True,2026-09-05 17:20:36
7664344,CSI91N,Mother Choice Brown Sugar 250g,152,160,14,8,True,2026-09-05 17:11:54
7646530,359ZRU,Rossmoor Instant Yeast 11g,42.75,45,38,8,True,2026-09-05 17:11:54
145859620,B1S8AM,Barbican Pomegranate Flavour 330ml,320,320,1,0,True,2026-06-25 14:34:00
8720339,YC4D74,Barbican Bottle Pineapple 330ml (Imported),320,320,20,0,True,2026-09-05 17:12:28
138924902,sta-656,Crushed Coconut 50g,98.1,109,5,8,True,2026-06-15 17:19:43
140403152,WB83ZF,Kababjees Chips Crinkle Ketchup Rs. 160,160,160,13,100,True,2026-08-29 16:20:59
140403158,7E805U,Kababjees Chips Plain Spicy Rs. 160,160,160,11,100,True,2026-09-05 17:15:09
141708927,A4ZXTB,Peek Freans Party Biscuits 1 Packet,92,100,11,0,True,2026-08-21 15:37:40
7638275,E2I740,Peek Freans Lemon Sandwich Munch Pack,324,360,12,5,True,2026-09-05 17:15:09
139543729,r1vf-1820,Innovative Bittens Chocolate Munch Pack (Rs 50) 420g,600,600,1,8,True,2026-07-09 15:26:25
139543767,r1vf-1840,Innovative Tooo Gud Mini Half Roll (Rs 30) 432g,240,240,2,8,True,2026-09-05 17:15:09
142893997,r1vf-4281,Kake Strawberry Cake (Rs 20) 12 Pieces,240,240,14,8,True,2026-09-05 17:15:09
141611241,virtual-598,Dove Gentle Body Wash 200ml,520,520,1,8,True,2026-09-05 17:17:12
35133773,571K0Y,Frey Air Freshener Aseel 300ml,279,310,2,100,True,2026-09-05 17:18:37
139755131,whi-316,Whiskas Poultry In Jelly For 1+ Cat Food 85g,299,299,2,6,True,2026-06-19 12:57:21
139755128,whi-313,Whiskas Kitten Turkey In Jelly 2 to 12 Months Cat Food 85g,299,299,2,6,True,2026-05-20 15:35:45
139755124,whi-309,Whiskas Kitten Tuna In Jelly Cat Food 85g,299,299,1,6,True,2026-05-18 17:46:24
139755125,whi-310,Whiskas Kitten Chicken In Jelly 2 to 12 Months Cat Food 85g,299,299,1,6,True,2026-05-19 17:55:11
139755135,whi-320,Whiskas Cod Fish In Jelly For 1+ Cat Food 85g,299,299,1,6,True,2026-06-18 12:42:38
139755123,whi-308,Whiskas Kitten Salmon In Jelly Cat Food 85g,299,299,3,6,True,2026-05-19 17:55:11
139755075,virtual-256,Whiskas Cat Food Chicken in Jelly 85g (999),299,299,2,8,True,2026-06-09 07:04:01
139755136,whi-321,Whiskas Whitefish in Jelly Cat Food85g,299,299,1,6,True,2026-06-24 17:13:33
139755141,whi-326,Whiskas Cod Fish & Chicken In Jelly Cat Food 85g,299,299,1,6,True,2026-05-19 12:25:43
139755144,whi-329,Whiskas Poultry & Beef In Jelly Cat Food 85g,299,299,1,6,True,2026-06-03 08:31:18
139755122,whi-307,Whiskas Kitten Chicken In Jelly Cat Food 85g,299,299,1,6,True,2026-05-15 14:27:31
139755126,whi-311,Whiskas Kitten Duck In Jelly 2 to 12 Months Cat Food 85g,299,299,1,6,True,2026-06-11 08:19:05
139755127,whi-312,Whiskas 85g Poultry Feasts (2-12m Kitten) Mix Flavour 1 Unit,299,299,5,6,True,2026-08-15 09:34:09
145746252,HDSJNK,Whiskas Tuna in Jelly (1+ Years) Cat Food 85g,299,299,1,1,True,2026-06-30 14:36:09
145746251,PST3U4,Whiskas Chicken Pouch in Jelly (1+ Years) Cat Food 85g,299,299,1,1,True,2026-05-16 13:38:57
139755132,whi-317,Whiskas Turkey in Jelly  1+Cat Food 85g,299,299,2,6,True,2026-06-23 17:28:14
139755118,whi-303,Whiskas Beef in Jelly Cat Food 1+ Years 85g,299,299,1,6,True,2026-06-23 12:19:35
145854227,BOBRJ5,Whiskas  kitten white Fish In Jelly For 2-12 Cat Food85g,299,299,3,0,True,2026-05-19 17:55:11
139755111,r1vf-1611,Whiskas Duck in Gravy Cat Food 85g,299,299,3,8,True,2026-05-21 12:24:25
139755137,whi-322,Whiskas salmon 2-12 months Cat Food 85g,299,299,1,6,True,2026-06-22 18:56:45
139755133,whi-318,Whiskas Salmon In Jelly For 1+ Cat Food 85g,299,299,2,6,True,2026-06-15 09:37:47
139755119,whi-304,Whiskas Lamb in Jelly (1+ Years) Cat Food 85g,299,299,1,6,True,2026-06-19 12:57:21
7919412,9QZ82U,Diamond Cling Plastic Wrap 150ft (Imported),1085,1550,24,100,True,2026-09-05 17:20:12
7632643,6Y9IK6,Diamond Zipper Large Bags 20 Pieces (27.9 cmx26.8 cm) (Imported),1399,1399,4,100,True,2026-09-05 17:20:12
24138019,PTUUI8,Aquafina Water PET Family Pack,225,250,4,2,True,2026-08-31 09:23:53
7998047,82BBN1,Dawn Muffin Butter 240 g,310,310,1,6,True,2026-08-01 06:01:34
139755143,whi-328,Whiskas Surf & Turf In Jelly Cat Food 85g,299,299,1,6,True,2026-06-24 14:40:59
7919374,6YVB5C,Diamond Cling Plastic Wrap 300ft (Imported),1709.1,1899,22,100,True,2026-09-05 17:20:12
138750284,daw-719,Dawn Muffin Chocolate Box 12 Pieces,260,260,2,6,True,2026-09-05 17:15:09
7653541,G1QE8L,Shan  Shami Kabab Masala 50g,142.5,150,2,3,True,2026-09-02 13:20:36
36759702,8W2887,Shan Special Gulab Jaman 100g,166.4,260,3,3,True,2026-09-05 17:15:57
140616694,r1vf-4263,TRESEMME LAMELLAR GLOSS CONDITIONER 160ML,528,600,8,5,True,2026-09-05 17:17:12
140616695,r1vf-4264,TRESEMME LAMELLAR GLOSS CONDITIONER 360ML,853.6,970,12,5,True,2026-09-05 17:17:12
142267336,r1vf-3935,Castello Danish Blue Cheese 100g,995,995,2,8,True,2026-07-09 06:45:46
144304732,r1vf-5061,Arizona Fields Sliced Green Olives 370g,573.5,775,10,6,True,2026-09-05 17:11:54
7653376,6218RB,Shan Korma Masala 50g,127.5,150,67,3,True,2026-09-05 17:14:30
139543797,r1vf-1854,Innovative Digestive Delicious Wheat Biscuits Mini Half Roll Box,240,240,1,8,True,2026-06-08 13:13:44
12585152,X1ZON9,L'Oreal Paris Elvive Extraordinary Oil 30ml,1403.1,1559,6,100,True,2026-09-05 17:17:12
7646001,KBYMZ9,L'Oreal Paris Elvive Dream Long Conditioner 175ml,486,540,1,100,True,2026-08-08 04:18:23
36759611,98V6JF,Garnier Hair Colour 6.3 Mocca Blond Fonce Dore 1 Box,799.2,999,1,100,True,2026-07-02 11:45:31
7663077,59M4Q1,Garnier Color Naturals 5.15 Rich Chocolate Brown Hair Color Enriched With 3 Essential Oils,899.1,999,1,100,True,2026-08-11 10:06:39
145315390,VQM2W5,L'Oreal Paris Casting Cream Gloss Light Brown 1 Unit,2384.25,3179,1,0,True,2026-07-22 11:19:18
145448744,r1vf-2885,Fitlicious Chia Almond Nuts and Seeds Bar 148g x 4Pcs Pack,735,1050,3,8,True,2026-09-05 17:15:09
145448743,r1vf-2880,Fitlicious Chia Almond Nuts and Seeds Bar 37g,275,275,6,8,True,2026-09-05 17:15:09
145448757,r1vf-2882,Fitlicious Pistachio Berry Nuts and Seeds Bar 37g,192.5,275,7,8,True,2026-09-05 17:15:09
145448760,r1vf-2881,Fitlicious Quinoa Apricot Nuts and Seeds Bar 37g,192.5,275,3,8,True,2026-09-05 17:15:09
145448759,r1vf-2884,Fitlicious Quinoa Apricot Nut and Fruits Bar 148g x 4Pcs Pack,735,1050,1,8,True,2026-09-05 17:15:09
145448758,r1vf-2883,Fitlicious Pistachio Berry Nuts and Seeds Bar 148g x 4Pcs Pack,735,1050,2,8,True,2026-09-05 17:15:09
145859887,LJOIG0,Chabaa 100 % Coconut Water 310ml,400,400,7,0,True,2026-09-05 17:12:28
55808362,r1vf-365,Red Chili Powder (Lal Mirch Powder)  200g,172.9,182,8,5,True,2026-08-23 15:26:29
138924895,sta-649,Kasuri Methi (Qasuri Methi)  100g,68.4,76,4,8,True,2026-05-31 16:13:03
7983613,T2B4GV,Innovative Frisky Rolls Chocolate Family Pack (Rs 200) 86.4g,200,200,23,50,True,2026-09-05 17:15:09
139543810,r1vf-1868,Innovative Olys Yummy Chocolate Filled Biscuits Ticky Pack  Box,240,240,12,8,True,2026-08-29 16:20:59
139543819,r1vf-1877,Innovative Zeera Tasty Salty Biscuits Munch Pack (Rs 20) 432g,240,240,4,8,True,2026-08-29 16:20:59
28231095,O96P1L,Dawn Mini Muffin Vanilla Box 240g,260,260,1,6,True,2026-08-29 16:20:59
11591413,7806KP,Hemani Perfume Portofino For Women (Inspiration - Happy Spirit & NB White) 100ml,1423.5,1825,1,100,True,2026-09-04 07:54:41
7998002,391SM3,Dawn Muffin Double Chocolate 240 g,350,350,1,6,True,2026-08-05 16:46:56
9055209,8GAWEO,Nivea Deodorant Roll On Fresh (Unisex),1170,1500,2,100,True,2026-09-05 17:17:31
7650003,NFEFVF,Olper's Flavored Milk Chocolate 180ml,90,100,53,24,True,2026-09-05 17:10:22
144304743,Y7CWWY,Langnese Golden Clear Honey 125g,850,850,5,0,True,2026-09-05 17:10:48
7664022,771730,Langnese Honey 500Gm,2699,2699,8,100,True,2026-09-05 17:10:48
7652685,25E1FU,Delmonte Fresh Cut Whole Kernel Corn 420Gm Tin,499,499,20,100,True,2026-09-05 17:11:54
7652822,Y245U1,Del Monte Fiesta Fruit Cocktail 432g,650,650,1,100,True,2026-07-23 05:55:12
7652746,B3E1P1,Del Monte Pineapple Slice 432 g.,650,650,2,100,True,2026-09-05 17:11:54
7652700,6Z054U,Delmonte Green Olives 235Gm Sliced,770,770,12,100,True,2026-09-05 17:11:54
7652814,U6GNRO,Delmonte Black Olives Sliced 450g,1399,1399,4,100,True,2026-09-05 17:11:54
7652810,RG6015,Delmonte Green Olives 450Gm Pitted,1399,1399,6,100,True,2026-09-05 17:11:54
7652725,8W198C,Delmonte Black Olives Pitted 450g,1399,1399,5,100,True,2026-09-05 17:11:54
7652787,MTD7QZ,Delmonte Green Olives 450Gm Sliced,1399,1399,6,100,True,2026-09-05 17:11:54
7641873,6V4499,Coroli Sunflower Oil 750Ml Bottle,1125,1250,10,100,True,2026-09-05 17:13:27
7641905,IM204M,Coroli Sunflower Oil 1.8Litre Bottle,2699,2699,6,100,True,2026-09-05 17:13:27
145559703,R9QNQ8,Coroli Pure Canola Oil 750ml,1125,1250,11,1,True,2026-09-05 17:13:27
7665836,EMOXVK,La Espanola Olive Oil Extra Virgin 125ml (Imported),1199,1199,6,100,True,2026-09-05 17:13:27
7665853,M32X5L,La Espanola Olive Oil Extra Virgin 250ml (Imported),1799,1799,7,100,True,2026-09-05 17:13:27
145904053,EC7LH7,KNORR CHICKEN IRON CUBE PACK OF 6,430,430,87,3,True,2026-09-05 17:14:30
143072052,YCTUEX,Al Kareem Rabbai 350g,355.5,474,2,0,True,2026-09-02 18:30:48
143072051,I6NR8T,Al Kareem Shareefa 350g,450.3,474,1,0,True,2026-08-26 06:51:44
143072042,r1vf-9328,Al Kareem Almond 250g,1100.1,1158,12,10,True,2026-09-05 17:15:09
141526031,r1vf-3723,Sunflower Seeds 125g,341.55,621,3,8,True,2026-08-15 12:39:40
7652777,H3C7K2,Del Monte Pineapple Juice With Vitamin A C E (Imported) 1.36L,1450,1450,12,100,True,2026-09-05 17:11:54
58756244,LU5IVH,Sprite Zero Sugar Bottle 1.5l,164,200,12,6,True,2026-09-05 17:12:28
7649619,NR5ZVT,Slice Apple Fruit Drink 200ml,45,45,15,12,True,2026-07-23 16:28:23
7652341,O0ZC9T,Aqua Coco 1Litre Coconut Water,1399,1399,1,100,True,2026-08-10 10:17:51
138930633,10HESN,Sprite Zero Sugar Bottle 1.5l x3,600,600,4,12,True,2026-09-05 17:12:28
36768259,U4VH27,Naturelle Cooking Oil Pouch 1L,553.5,615,37,10,True,2026-09-05 17:13:27
8989261,7P5Y2L,Dipitt Sauce Chilli 290Gm Bottle,225,225,8,6,True,2026-09-05 17:14:30
12932723,0XSUT8,Dipitt Chipotle Sauce 290g,465,500,5,6,True,2026-09-05 17:14:30
24159888,WJ1E1J,Dipitt No Added Sugar Ketchup 300g,195,325,7,4,True,2026-09-05 17:14:30
7664005,5Y0H8I,Mama Sitas Oyster Sauce Bottle 405Gm,1250,1250,20,100,True,2026-09-05 17:14:30
7644281,6VLAZQ,Nandos  Extra Hot Peri Peri Sauce 250ml,1250,1250,3,100,True,2026-09-05 17:14:30
145928351,IR5CCF,Gourmet Gold with Tuna 85g,499,499,3,0,True,2026-05-24 13:38:33
145928350,YM7J7C,Gourmet Gold Salmon 85g,499,499,2,0,True,2026-05-25 17:19:03
145928326,654VTV,Felix C Food Mixed Grill 60g,550,550,3,0,True,2026-09-05 17:19:46
145928340,PQ8AN1,Dreamies Cat Food Tuna Flavour 60g,585,650,22,0,True,2026-09-05 17:19:46
145928342,Y0JSEI,Dreamies Cat Food Scrumptious Salmon Basic 60g,650,650,1,0,True,2026-07-14 05:43:04
145928343,1417SX,Dreamies Treat Turkey 60g,585,650,19,0,True,2026-09-05 17:19:46
145928338,05Z3Z4,Dreamies Treat Duck 60g,650,650,1,0,True,2026-07-19 08:29:19
145928341,EJPEBK,Dreamies Mix Salmon Tuna 60g,650,650,16,0,True,2026-09-05 17:19:46
145928339,BELX2A,Dreamies Cheese 1 Packet 60g,650,650,7,0,True,2026-09-05 17:19:46
145928332,4Q4ZFB,Purina Gourmet Gold with Salmon 85g,399,399,13,0,True,2026-09-05 17:19:46
55234679,mirror4,(Consume by Today) brightfarms Chicken Standard Cut (12-15 pc) 1kg,441,630,3,0,True,2026-08-07 10:01:01
141425394,r1vf-2753,Savannah Dreamy Creamy Beauty Bar (TSB) 48 x 125g,135,135,1,8,True,2026-05-29 18:20:09
7651346,04WR71,Closeup Toothpaste Deep Action 160g,337.5,450,8,100,True,2026-09-05 07:33:04
141611238,r1vf-1017,Nivea Shower Gel Coconut & Jojoba Oil 250ml,750,750,6,3,True,2026-09-05 17:17:12
7644494,I34QX8,Fay Tissue Toilet Single 1 Roll ,139.5,150,9,5,True,2026-09-05 17:17:12
139755065,r1vf-1002,Fa Deodorant Roll On Men Freshly Free Lime & Ginger Scent 50ml,389.22,499,1,3,True,2026-09-05 17:17:31
9055150,M4O3VO,Nivea Men Deodorant Roll On Black &White Invisible Original 50ml,594.15,699,1,100,True,2026-05-14 11:33:31
8008930,K361C3,"Nivea Men Deep Black Carbon Espresso, Antiperspirant For Men, Antibacterial, Roll On 50 ml",594.15,699,1,100,True,2026-05-11 12:18:14
7641487,007D7V,Axe Deodorant & Bodyspray Black 150ml,701.25,825,1,3,True,2026-06-13 14:09:32
145315385,r1vf-2400,Fay Fabulous Garbage Bags Roll (18 x 24 Inches) 1 Unit,300,300,4,8,True,2026-09-05 17:18:37
145166289,T6T7LP,Wanpy Chicken & Carrot 90g,499,499,14,100,True,2026-09-05 17:19:46
145166288,9TCB0E,Wanpy Salmon Chicken & Carrot 90g,499,499,9,100,True,2026-09-05 17:19:46
145166935,r1vf-10827,Skipper Powerplay Only Pod 16k Puffs Intense Series Blue Razz Grape Lemon Ice 1 Unit,2599,2799,7,8,True,2026-09-05 17:16:52
145166933,r1vf-10826,Skipper Powerplay Only Pod 16k Puffs Intense Series Juicy Peach Ice 1 Unit,2519.1,2799,8,8,True,2026-09-05 17:16:52
145166940,r1vf-10830,Skipper Powerplay Only Pod 16k Puffs Intense Series PassionFruit Lychee Ice 1 Unit,2519.1,2799,8,8,True,2026-09-05 17:16:52
11248493,05148B,Vaseline Baby Lip Balm | 50ml,218.4,280,7,100,True,2026-09-05 17:17:12
145867464,r1vf-10615,Daali Earthfoods Peanut Butter 300g,940.5,990,7,0,True,2026-09-05 17:10:48
145867460,r1vf-10611,Daali Earthfoods Barley Flour 700g,446.5,470,2,0,True,2026-08-31 09:23:36
145867461,r1vf-10612,Daali Earthfoods Coconut Oil 300g,1653,1740,1,0,True,2026-09-02 13:24:34
7632030,6R8QB0,Salmans Jam Strawberry 450Gm,407.55,429,3,6,True,2026-09-05 17:10:48
7632121,KP0357,Salman's Blackcurrant Jam 450g,407.55,429,2,6,True,2026-09-05 17:10:48
7632101,F190N9,Salman's Cherry Jam 450g,261.69,429,2,6,True,2026-09-05 17:10:48
7631994,50F75L,Salman's Citrus Marmalade Jam 450g,237.29,389,3,6,True,2026-09-03 18:23:08
36760376,153AN1,Salmans Jam Apple 450Gm,237.29,389,3,6,True,2026-09-05 17:10:48
36760017,K81H68,Salmans Jam Mango 450Gm,237.29,389,1,6,True,2026-09-03 07:49:41
7632129,M73KA5,Salmans Jam Mixed Fruit 450Gm,237.29,389,1,6,True,2026-09-03 07:49:41
7632167,V57JGS,Salman's Pak Honey Jar 400g,474.58,778,1,6,True,2026-09-05 17:10:48
7632034,708JEE,Salman's Caramel Topping 623ml,432.49,709,3,6,True,2026-09-05 17:10:48
7632094,ET5O1Q,Salman's Chocolate Topping 623ml,602.65,709,1,6,True,2026-09-05 17:10:48
7632036,7EA7D0,Salman's Strawberry Topping 623ml,673.55,709,3,6,True,2026-09-05 17:10:48
7632134,PL5H1D,Salmans Toping Blueberry 623g,638.1,709,1,6,True,2026-06-12 17:38:52
7631940,0CH15R,Salman's Tomato Puree Jar 1 Piece,435.1,458,1,6,True,2026-08-26 06:50:25
7632119,JI5521,Salmans Pizza Sauce 370Gm,279.38,458,1,6,True,2026-09-05 17:14:30
7632169,V5URG7,Salman's Pasta Sauce 370g,435.1,458,4,6,True,2026-09-05 17:14:30
7632027,6QMS8W,Salman's BBQ Sauce 500 g,485.1,539,3,6,True,2026-06-18 12:34:02
7632106,HQCY21,Salman's Chunky Salsa Jar Medium 370g,279.38,458,2,6,True,2026-09-05 17:14:30
143346496,r1vf-80111,Piper's Gold EBM Chocolate Cup Cookie 195g,600,600,1,200,True,2026-07-24 08:31:13
145166938,r1vf-10829,Skipper Powerplay Only Pod 16k Puffs Intense Series Magic Love Ice 1 Unit,2519.1,2799,9,8,True,2026-09-05 17:16:52
8018541,OU82L1,Prime Softeco 550 Sheets (Soft Pack),357,420,11,100,True,2026-09-05 17:17:12
35133881,DZW726,Tid Eaz Kitchen Essential (Imported) Bags Large 20 Pieces,623,623,1,100,True,2026-09-05 17:18:37
35129900,1GDB1I,Tid Eaz Garbage Bag E-Large  (Imported) 18 Pieces,844,844,9,100,True,2026-09-05 17:18:37
138750287,daw-725,Dawn Choco Drop Biscuit 1 Piece,290,290,5,6,True,2026-08-03 17:13:35
138750291,daw-729,Dawn Marble Cake 1 Piece,330,330,1,6,True,2026-08-04 16:57:57
146337201,r1vf-107,Cornetto Hazelnut Ice Cream Disc 105ml,144,180,33,24,True,2026-09-05 17:16:18
9058123,5H4TBM,Quice Original Red Anar Soda 300 ML,50,50,10,100,True,2026-09-05 17:12:28
9058138,14KFSG,Quice Original Apple Drink 300ml,50,50,3,100,True,2026-09-05 17:12:28
9058089,59YW3Y,Quice Original Lychee Drink 300ml,50,50,12,100,True,2026-09-05 17:12:28
141087419,34ACM0,Quice Perfect Mango 200ml,40,40,24,12,True,2026-09-05 17:12:28
141087420,414UFK,Quice Frootie Mango 250ml,55,55,2,12,True,2026-09-05 17:12:28
141087418,r1vf-586,Quice Double Up Soda 300ml,50,50,13,12,True,2026-09-05 17:12:28
141087417,r1vf-585,Quice Cola 300ml,37.5,50,3,12,True,2026-09-05 17:12:28
141087421,Z42ZL7,Quice Frootie Mango 500ml,105,105,12,12,True,2026-09-05 17:12:28
7637329,61HU2T,Epic Stimulant Drink 250ml (Imported),195,195,20,100,True,2026-09-05 17:12:28
7640685,I3NW15,Whole Black Pepper (Kali Mirch Sabut)  50g,153,170,1,4,True,2026-05-31 07:05:42
139095040,r1vf-1451,Prince Chocolate Half Roll 6 Pieces,216,240,15,3,True,2026-08-22 15:26:10
140456843,r1vf-4010,Mayfair Wow Chocotella Ticky Pack 48 Packets,240,240,36,8,True,2026-09-05 17:15:09
139543814,r1vf-1872,Innovative Snapp Creamy Wafer Coated with Indulging Chocolate Snack Pack (Rs 10) 204g,240,240,18,8,True,2026-08-21 15:37:40
7649063,PN3BBK,Nurpur Milk 250ml,80,90,1,27,True,2026-09-04 13:11:30
142278997,r1vf-4382,Apple Next Drink 300ml,55,55,6,0,True,2026-08-26 16:19:19
142278998,r1vf-4383,Lychee Next Drink 300ml,55,55,1,0,True,2026-08-17 15:26:29
44823244,160HX7,Dare Next Soft Drink Bottle 2.25L,180,200,1,0,True,2026-09-05 17:12:28
140095827,R149NW,Storm Next Bottle 300ml,58.5,65,12,0,True,2026-09-03 13:18:44
145662060,r1vf-2990,Fruita Vitals Apple Promo Nectar Bottle (Rs. 50 Off) 1000ml,350,350,1,9,True,2026-07-18 15:58:43
140412482,r1vf-3336,Tatri 50g,57.6,64,4,6,True,2026-05-13 17:20:47
145138389,r1vf-103,National Tangy Tamarind 325G,378,420,3,3,True,2026-09-05 17:14:30
145745012,N04KEV,Iffco Ivy Beauty Soap Flora for Soft Velvety Skin 115g,80,80,1,1,True,2026-05-31 11:06:50
36768103,JJT64S,Fancy Popper 1 Piece,283,283,3,100,True,2026-09-05 17:19:23
144957507,r1vf-10956,Kolson Slanty Sour Cream & Onion 26g,50,50,56,0,True,2026-07-05 16:17:24
140507424,r1vf-2299,Zee Snacks Stack-it Potato Chips Sour Cream & Onion (Rs.100) 40g,100,100,10,8,True,2026-07-11 10:20:26
139543800,r1vf-1857,Innovative Goodies Lemon Egg and Milk Cookies Snack Pack Box,120,120,28,8,True,2026-07-25 16:09:16
139543812,r1vf-1870,Innovative Peanut Biscuits Munch Pack  Box,240,240,12,8,True,2026-07-18 16:01:51
140847996,r1vf-4506,Khaas Biscuits Value Pack (Rs.40) 6 Pieces,216,240,14,5,True,2026-05-14 14:20:27
146366433,r1vf-89,Velo Polar Mint (4mg) Mini Pouches Green 1 Unit,150,150,5,10,True,2026-09-05 17:16:52
35129767,1OM3I4,Markhor Zann Body Spray Diva (Non-gas) 120ml,899,899,12,100,True,2026-09-05 17:17:31
145460345,r1vf-3108,Markhor Verde (Non-gas) Body Spray 120ml,899,899,11,8,True,2026-09-05 17:17:31
145460343,r1vf-3106,Markhor Rouge Thunderroar (Non-gas) Body Spray 120ml,899,899,12,8,True,2026-09-05 17:17:31
145460334,r1vf-3095,Markhor Blanc Snowbound (Non-gas) Body Spray 120ml,899,899,11,8,True,2026-09-05 17:17:31
145460341,r1vf-3104,Markhor Rouge Bloodfang (Non-gas) Body Spray 120ml,899,899,11,8,True,2026-09-05 17:17:31
145460340,r1vf-3103,Markhor Zann Starfall (Non-gas) Body Spray 120ml,899,899,9,8,True,2026-09-05 17:17:31
145460333,r1vf-3094,Markhor Blanc Frostfire (Non-gas) Body Spray 120ml,899,899,12,8,True,2026-09-05 17:17:31
145460336,r1vf-3098,Markhor Nautica (Non-gas) Body Spray 120ml,899,899,12,8,True,2026-09-05 17:17:31
145460339,r1vf-3101,Markhor Gamma (Non-gas) Body Spray 120ml,899,899,12,8,True,2026-09-05 17:17:31
145460344,r1vf-3107,Markhor Azure (Non-gas) Body Spray 120ml,899,899,10,8,True,2026-09-05 17:17:31
145460335,r1vf-3097,Markhor Royal Oud (Non-gas) Body Spray 120ml,629.3,899,7,8,True,2026-08-29 16:23:36
145460337,r1vf-3099,Markhor Alpha (Non-gas) Body Spray 120ml,899,899,7,8,True,2026-09-05 17:17:31
145460338,r1vf-3100,Markhor Sigma (Non-gas) Body Spray 120ml,899,899,12,8,True,2026-09-05 17:17:31
145460342,r1vf-3105,Markhor Rouge Stormwing (Non-gas) Body Spray 120ml,899,899,12,8,True,2026-09-05 17:17:31
8699003,1687UD,Robin Bleach Floral 450ml,650,650,11,3,True,2026-09-05 17:18:37
145905567,r1vf-11055,Max Scrub Steel Spiral Regular (2 in 1) 1 Unit,160,160,8,0,True,2026-09-05 17:18:37
145905568,r1vf-11056,Max Scrub Steel Spiral Large Single 1 Unit,155,155,15,0,True,2026-09-05 17:18:37
145905570,r1vf-11058,Max Scrub Steel Spiral Large (2 in 1) 1 Unit,270,270,4,0,True,2026-09-05 17:18:37
145905569,r1vf-11057,Max Scrub Steel Spiral Regular (4 in 1) 1 Unit,300,300,3,0,True,2026-09-05 17:18:37
15520336,80U88S,brightfarms Plum (Alubukhara) 500g,299,299,1,100,True,2026-09-05 17:20:36
143282294,Mirror-106,brightfarms Chicken Biryani Cut (Consume by Today) 500g,300.3,429,1,8,True,2026-05-14 14:11:57
7997993,82XPS1,Dawn Muffin Chocolate Chip 240 g,340,340,1,6,True,2026-08-05 16:46:56
7645625,W95J4S,Super Crisp Chips Salted Rs. 100,100,100,4,100,True,2026-08-06 14:12:39
139543769,r1vf-1841,Innovative Bricklane Chocolate Munch Pack (Rs 100) 600g,1200,1200,10,8,True,2026-09-05 12:28:54
139543741,r1vf-1826,Innovative Digestive Half Roll  Box,240,240,19,8,True,2026-08-29 16:20:59
41122483,6O5729,Peek Freans Sooper Classic Chocolate Ticky Pack,216,240,14,5,True,2026-09-03 13:20:40
143920478,r1vf-27049,Daffy Ola Ola Pillows Strawberry Pouch 35g,70,70,14,8,True,2026-09-05 17:15:09
141856091,4NCPT9,Nescafe Latte 220ml,399,399,20,0,True,2026-09-05 17:14:50
36767922,BU3IMC,Frozen Frozen Fish Biscuits 1kg,1299,1299,6,100,True,2026-09-05 17:10:03
13122049,P1L81H,Frozen Shrimps Tail On 8/12 500g,1099,1099,1,100,True,2026-08-26 06:47:27
8450220,EWI8EI,Korneez Popcorn Hot & Spicy Rs. 120,102,120,6,100,True,2026-09-05 17:15:09
14327196,872Y2N,brightfarms Langra Mango 1kg,619.65,729,1,100,True,2026-08-10 10:26:14
143072045,r1vf-9331,Al Kareem Ajwa Dates 450g,1658.25,2211,3,10,True,2026-09-05 17:15:09
143269785,2IZVL0,Nescafe Ice Black 220ml 220ml,399,399,24,0,True,2026-09-05 17:14:50
141856090,LYSWMX,Nescafe Caramel Macchiato 220ml,399,399,4,0,True,2026-09-05 17:14:50
139543790,r1vf-1847,Innovative Crust Choco Roll Snack Pack Box,240,240,18,8,True,2026-08-08 15:34:18
139755142,whi-327,Whiskas Salmon Fish & Turkey In Jelly Cat Food 85g,299,299,2,6,True,2026-06-23 12:19:35
14528557,M12GQT,brightfarms Sindhri Mango 1kg,539.1,599,2,100,True,2026-07-17 08:22:47
140163216,r1vf-3156,brightfarms Peach 250g,107.1,119,2,8,True,2026-09-04 18:17:10
55234689,mirror14,(Consume by Today) brightfarms Chicken Boneless Cubes 500g,371,530,2,0,True,2026-08-25 12:45:16
24137016,A37N0G,Arizona Fields Burger Cheese Slices 200g,810,810,8,100,True,2026-09-05 17:10:22
145662062,r1vf-2935,Fruita Vitals No Added Sugar Apple Nectar 1000ml,500,500,3,9,True,2026-08-30 18:28:22
145662061,r1vf-2934,Fruita Vitals No Added Sugar Chaunsa Nectar 1000ml,500,500,1,9,True,2026-08-30 08:58:44
145927256,XYP32G,Poppin Taxos Sour Cream & Onion 45g,350,350,41,0,True,2026-05-18 17:36:31
145905558,65693666,Knorr Beef Bulgogi Noodles 135g,450,450,28,5,True,2026-09-05 17:14:10
145905559,65693668,Knorr Habanero Lime Noodles 137g,450,450,48,5,True,2026-09-05 17:14:10
140412486,r1vf-3340,Zarda Color Yellow 25g,66.6,74,4,6,True,2026-07-24 16:45:22
145927255,98JQ3B,Poppin Taxos Hot & Spicy 110g,550,550,1,0,True,2026-06-04 12:00:13
145927258,EBJ0LP,Poppin Taxos Hot & Spicy 45g,350,350,20,0,True,2026-07-29 16:26:43
145927254,H46J1B,Poppin Taxos Original 110g,550,550,18,0,True,2026-05-19 17:47:25
139584885,r1vf-1760,Rehmat-e-Shereen Crinkle Hot & Spicy Chips  80g,128.25,135,2,8,True,2026-08-15 09:29:17
139543811,r1vf-1869,Innovative Peanut Biscuits Snack Pack  Box,240,240,1,8,True,2026-07-05 16:17:24
139550172,r1vf-1709,Rio Limited Edition Obo Magic (Snack Pack) 16 Pieces,160,320,1,5,True,2026-06-16 13:33:44
144093259,JIJ86E,RELX Pod Pro 2-1 Pod Pack-Honeydew Melon-30mg/g-STD-M,1199,1199,2,0,True,2026-09-05 17:16:52
144093260,661FXZ,RELX Pod Pro 2-1 Pod Pack-Blueberry Splash-30mg/g-STD-M,1199,1199,5,0,True,2026-09-05 17:16:52
19516885,14I6F7,Drip Down Watermelon Ice  (Imported) 25mg 10ml,920,1050,2,100,True,2026-07-10 14:33:59
142267297,zj7v-510,Drip Down Watermelon Grape Iced 1 Piece 25mg 30ml,2499,2799,1,6,True,2026-05-31 16:17:32
144093268,MFKXD4,RELX-Essentials-2 Black Starter Kit,3499,3499,2,0,True,2026-09-05 17:16:52
141282563,ZG2020,"Samyang Hot Chicken Buldak Ramen, 140g",474.05,499,1,100,True,2026-07-26 10:47:26
139850690,r1vf-1180,Jazaa Assorted Cookies 200gm,367.5,490,4,8,True,2026-07-26 16:06:15
139543799,r1vf-1856,Innovative Digestive Sugar Free Wheat Biscuits Ticky Pack (Rs 30) 300g,300,300,12,8,True,2026-07-26 16:06:15
7638282,G22796,Peek Freans Click Half Roll 6's,288,320,4,5,True,2026-07-01 12:11:51
7635724,PU0UV6,Eazu Biscream Lemon Flavoured Sandwich Biscuits,246,246,1,100,True,2026-07-23 16:31:30
140847997,r1vf-4507,Khaas Biscuits Snack Pack,192,240,9,5,True,2026-09-05 17:15:09
141377247,r1vf-2078,Snakitos Coco Choco Biscuits with Inside Chocolate 1 Unit,225,225,14,8,True,2026-05-22 14:45:01
143282258,r1vf-80210,United King Biscotti 3 in 1 Assorted 180g,504,630,1,8,True,2026-09-05 17:15:09
16650659,143PBW,brightfarms Sindhri Mango Box 4kg - 4.5kg,2249,2249,1,100,True,2026-07-17 11:00:31
30183917,QMU0CR,brightfarms Sindhri Mango Box 1.8kg - 2kg (Export Quality),1199,1199,2,100,True,2026-07-17 11:00:31
146071046,r1vf-8054,Wholesome Foods Strawberries 300g,472,472,4,8,True,2026-09-05 17:20:36
140576273,r1vf-4235,Nestle Laban Chaunsa Mango Drink 160ml,150,150,1,8,True,2026-05-28 06:56:05
16651866,3D46R7,Nestle Laban 350ml,240,240,2,100,True,2026-06-19 12:47:20
115475850,r1vf-111197,brightfarms Fresh Potato Aalu Medium Bag 2kg,125.1,139,5,8,True,2026-09-05 17:20:36
115475837,r1vf-111177,brightfarms Red Onion Piyaz Pakistani 500g,134.1,149,16,8,True,2026-09-05 17:20:36
115475849,r1vf-111196,brightfarms Red Onion Pyaz Bag 2kg,530.1,589,8,8,True,2026-09-05 17:20:36
8987957,E3406Q,Italia Pulao Cube 20g,37.5,50,24,100,True,2026-09-05 17:11:54
16078791,91TKQY,Italia Pineapple Slice Tin 540Gm,597,597,2,100,True,2026-08-30 18:29:48
142364734,LAF5C1,Poppin Taxos Barbeque Chips 110g,550,550,20,0,True,2026-08-28 00:18:31
115440276,r1vf-111557,Omore Berry Up Stick 35ml,30,30,29,8,True,2026-06-25 11:46:25
115440278,r1vf-111558,Omore Starlit Stick 75ml,150,150,14,8,True,2026-06-25 11:46:25
55234683,mirror8,(Consume by Today) brightfarms Chicken Breast Boneless Boti 1kg,644,920,8,0,True,2026-07-31 11:29:01
115475847,r1vf-111194,brightfarms Langra Mango 500g,322.15,379,1,8,True,2026-08-09 13:00:37
115475833,r1vf-111172,brightfarms Cucumber -Kheera (Pakistan) 250g,67.5,75,46,8,True,2026-09-05 17:20:36
115475834,r1vf-111173,brightfarms Garlic China (Lehsan) 100g,49,49,6,8,True,2026-09-05 17:20:36
115475832,r1vf-111171,brightfarms Capsicum Green Shimla Mirch Pakistan 150g,44.1,49,10,8,True,2026-09-05 17:20:36
115475831,r1vf-111170,brightfarms Cabbage Green Bund Gobi Pakistan (2 Pieces) 1000g - 1200g,249,249,1,8,True,2026-09-05 07:36:41
115475835,r1vf-111174,brightfarms Fresh Ginger 100g,49,49,1,8,True,2026-09-05 17:20:36
115475851,r1vf-111198,brightfarms Green Chili Thin Sindh 100g,17.1,19,6,8,True,2026-09-05 17:20:36
115475374,r1vf-111593,Cornetto Ice Cream Caramel Vanilla Disc 105ml,144,180,2,24,True,2026-07-06 17:52:10
115440272,r1vf-11149,Velvetti Praline Dairy Ice Cream 1300ml,1150,1150,3,4,True,2026-06-25 11:46:25
143856983,r1vf-522,Cheese Oh Flaming Hot 65g,240,240,11,8,True,2026-05-24 16:05:44
139543818,r1vf-1876,Innovative Zeera Tasty Salty Biscuits Snack Pack Box,240,240,18,8,True,2026-07-23 16:31:30
115475845,r1vf-111188,brightfarms Purple Plum Alubukhara 250g,149,149,1,8,True,2026-09-05 12:34:25
115475846,r1vf-111190,brightfarms Apricot Khubani 250g,179,179,1,8,True,2026-06-29 17:56:32
115475844,r1vf-111185,brightfarms Green Chilli Thick 100g,13.5,15,9,8,True,2026-09-05 17:20:36
115475841,r1vf-111182,brightfarms Red Tomato Pakistan 250g,85.5,95,14,8,True,2026-09-05 17:20:36
115475838,r1vf-111178,brightfarms Peeled Peas Matar Pakistan 500g,429,429,1,8,True,2026-09-05 17:20:36
8486251,81HLZT,Me & My Baby Wipes 72 Pieces,115,115,14,100,True,2026-09-05 17:17:52
115475848,r1vf-111195,brightfarms Dusehri Mango Yellow 500g,424.15,499,2,8,True,2026-08-03 06:34:03
115475836,r1vf-111175,brightfarms Lemon Desi Nimbu Pakistan 100g,26.1,29,5,8,True,2026-09-05 17:20:36
115475840,r1vf-111181,brightfarms fresh tomato (Timatar) (Mix Sizes) 250g,85.5,95,8,8,True,2026-09-05 17:20:36
115475843,r1vf-111184,brightfarms Mint Leaves Podina Pakistan 100g,39,39,11,8,True,2026-09-05 17:20:36
115440275,r1vf-11152,Walls Volcano Stick 83ml,200,200,5,24,True,2026-06-16 08:55:38
15520327,BU31IB,brightfarms Unripe Papaya (Kachcha Papita) Per Piece,599,599,2,100,True,2026-06-16 09:02:24
115475839,r1vf-111180,brightfarms Fresh Potato Aalu Medium 500g,31.5,35,5,8,True,2026-09-05 17:20:36
7664030,0CW500,Langnese Honey 250Gm,1499,1499,4,100,True,2026-09-05 17:10:48
145927259,HWGMJG,Poppin Taxos Tomato Ketchup Chips 45g,350,350,22,0,True,2026-08-29 16:20:59
8176397,ENJH27,FA Roll on Deodorant Floral & Protect 50 ml,499,499,11,3,True,2026-08-29 16:23:36
146402590,F0OQEI,Gillette Pro Antiperspirant Gel 70ml,1199,1199,9,0,True,2026-09-05 17:17:31
51449581,mil-1020,Milk Pak Yogurt Pouch 450g Promo,230,230,4,100,True,2026-06-02 12:41:56
35133698,64D6VD,Susu Diapers Xxl 48Pcs,2158,2158,1,12,True,2026-09-05 17:17:52
146538267,r1vf-111072,Lipton Yellow Label Round Tea Bags (80 Pieces) 200g,1200,1200,14,8,True,2026-09-05 17:14:50
145927263,DKX35G,Poppin Taxos Barbeque Chips 45g,350,350,43,0,True,2026-08-25 15:46:22
115583736,Omore01,Cookie Mania - Pack of 6,300,300,4,0,True,2026-08-07 07:21:04
115583737,Omore02,Lick a Flavour - Pack of 6,240,240,17,0,True,2026-08-07 07:21:04
115583739,Omore04,Double Choco Chips - Pack of 6,594,594,1,0,True,2026-08-07 07:21:04
115583742,Omore03,Mocha Crunch Cone - Pack of 6,594,594,1,0,True,2026-08-05 08:40:22
138924901,sta-655,Pomegranate Seed Powder (Anar Dana Powder)  50g,88.2,98,3,8,True,2026-05-31 16:13:03
140412474,r1vf-4014,Plum Sour (Khatta Alu Bukhara) 100g,198,220,5,6,True,2026-05-31 16:13:03
141526028,r1vf-3707,Sweet Saunf 100g,143.1,159,1,8,True,2026-05-31 16:13:03
7640356,6I8010,Large Cardamom (Bari Elaichi)  50g,538.2,598,4,4,True,2026-05-31 16:13:03
55808367,r1vf-369,Black Cumin (Kala Zeera)  100g,454.1,478,7,5,True,2026-08-21 15:36:34
55808364,r1vf-367,Whole Red Chili (Lal Mirch Sabut)  250g,252.7,266,1,5,True,2026-08-19 12:48:49
7645431,5F9FV9,Catty Chins Chips Cheese Rs. 40,40,40,135,12,True,2026-09-05 17:15:09
140456826,r1vf-3860,Mayfair Chocday Chocolate Coated Sandwich Biscuit 24 Packets,240,240,1,8,True,2026-06-25 06:54:19
55808369,r1vf-370,Cinnamon Powder (Dalchini Powder)  100g,153,170,3,5,True,2026-05-31 16:13:03
141690953,r1vf-3706,Lotus Seed 20g,168.3,187,3,8,True,2026-05-31 16:13:03
138924889,sta-643,Javitri (Javatri)  25g,288,320,1,8,True,2026-06-01 15:27:07
140412463,r1vf-3315,Chandi Wark (Edible Silver Leaf) 5 Pieces,213.3,237,4,6,True,2026-06-01 15:27:07
35131613,RP8T9A,Whole Coconut (Nariyal) 200g,477.9,531,6,6,True,2026-05-31 16:13:03
138924897,sta-651,Coriander Seeds (Dhania Giri)  100g,258.3,287,2,8,True,2026-06-20 16:23:39
7857287,6N7YH6,Prema Chunky Peach Yogurt 90g,134,134,1,100,True,2026-05-28 12:27:12
7829017,G0VD15,Dahi Boondi (Dahi Boondi) 250g,250.2,278,1,4,True,2026-06-01 15:27:07
141522386,r1vf-3699,Dry Mixed Herbs 25g,84.6,94,2,8,True,2026-05-31 16:13:03
138924863,sta-605,Nutmeg (Jaifal)  50g,153,170,2,8,True,2026-05-31 16:13:03
7629653,I5W7O2,Cloves (Laung)  50g,243,270,1,6,True,2026-05-31 07:05:42
8987796,B5H9Z7,Italia Cubes Chicken 20 g,50,50,2,100,True,2026-09-05 17:14:30
140507405,r1vf-2253,Zeekos Original Classic Salt Large,550,550,4,8,True,2026-06-20 16:24:30
142744532,r1vf-8026,Doughstory Plain Cake (Mini) 100g,100,100,1,8,True,2026-09-05 17:15:09
13501691,ZXDBP8,Papri 200g,178.2,198,52,6,True,2026-05-31 16:13:03
141690952,r1vf-3705,Lemon Grass 50g,57.6,64,3,8,True,2026-05-31 16:13:03
143826091,ays9-131,Infinity Bar Raspberry Blackcurrant Ice 35mg 5000 Puffs 1 Unit,3199,3500,6,3,True,2026-09-05 17:16:52
143826094,ays9-129,Infinity Bar Kiwi Guava Ice 35mg 5000 Puffs 1 Piece,3199,3500,6,3,True,2026-09-05 17:16:52
141522388,r1vf-3701,Dry Parsley 25g,154.8,172,4,8,True,2026-05-31 16:13:03
7634034,2W5XH0,Slanty Chips Salted Rs. 30,30,30,40,100,True,2026-09-04 18:10:30
140456838,r1vf-4006,Mayfair Special Egg & Milk Cookies Classic Half Roll (Rs 20) 12 Packets,240,240,11,8,True,2026-08-16 15:25:03
140456839,r1vf-4007,Mayfair Special Egg & Milk Cookies Classic Jumbo Half Roll (Rs 30) 8 Packets,240,240,10,8,True,2026-09-05 17:15:09
143508374,r1vf-2797,Cadbury Cream & Choc Bar Pack (8 Pieces) 1 Box,364,400,51,8,True,2026-08-22 15:26:10
140456803,r1vf-3862,Mayfair Hearts Puff Pastry Box (Rs 20) 12 Packets,240,240,1,8,True,2026-08-24 03:58:50
7664089,5697OB,Langnese Honey 500Gm Acacia Comb,4699,4699,10,100,True,2026-09-05 17:10:48
7652761,GIJM3X,Delmonte Pineapple Slice Tin 560g,799,799,21,100,True,2026-09-05 17:11:54
7652722,920UX3,Delmonte Black Olives 235Gm Sliced,770,770,1,100,True,2026-08-29 09:46:41
7652782,JQQNE3,Delmonte Green Olives 235Gm Pitted,770,770,9,100,True,2026-09-05 17:11:54
7652343,ZD76C0,Aqua Coco 330Ml Coconut Water,550,550,9,100,True,2026-08-11 07:08:15
145927257,BBMMAG,Poppin Taxos Extra Cheese 45g,350,350,34,0,True,2026-07-24 16:46:45
143920473,r1vf-27050,Daffy Ola Ola Chocolate Pillows Pouch 35g,70,70,2,8,True,2026-08-01 13:25:58
146402562,Z41V30,Vaseline Healthy Bright SPF 24 PA++ Sun Pollution 200ml,719.1,799,5,0,True,2026-09-05 17:17:12
146402581,2TFGD6,Johnson's Baby Lotion 100ml,499,499,4,0,True,2026-09-05 17:17:12
7639621,6X303N,Vaseline Body Lotion Deep Restore 100 ml,399,399,1,100,True,2026-09-05 17:17:12
36760004,562T28,Vaseline Body Lotion Cocoa Glow 100ml (00001),339.15,399,9,100,True,2026-06-06 16:15:32
11396024,38F9C7,Vaseline Healthy Bright UV Extra Brightening 200ml,799,799,10,100,True,2026-09-05 17:17:12
36767936,P09X8K,TRESEMME BOTANIQUE NOURISH CONDITIONER 360ML,836,950,4,5,True,2026-09-05 17:17:12
146402600,virtual-1325,Kodomo Blueberry 2In1 Shampoo 200ml,620,620,4,6,True,2026-09-05 17:17:12
146402602,virtual-1326,Kodomo Cherry 2In1 Shampoo 200ml,620,620,2,6,True,2026-09-05 17:17:12
146402598,virtual-1324,Kodomo Strawberry 2In1 Shampoo 200ml,650,650,1,6,True,2026-09-05 17:17:12
146402607,virtual-877,Gillette Sport Triumph 48H Antiperspirant Clear Gel 70ml,1199,1199,6,8,True,2026-09-05 17:17:12
8176394,5ZP9GI,Fa Roll On Mystic Moments 50ml (Imported),499,499,13,100,True,2026-09-05 17:17:31
8013776,ZIG21I,Fa Roll On Pink Passion Floral (Imported) 50ml ,499,499,11,3,True,2026-08-22 15:28:49
36767709,A0YTH0,Bold Gas Body Spray Temptation (150 ml),700,700,2,20,True,2026-09-05 17:17:31
146402609,virtual-876,Gillette Deodorant Stick Clear Gel Cool Wave 70ml,1250,1250,9,8,True,2026-09-05 17:17:31
146402555,PIZBS4,Fa Invisible Power 50ml,454.09,499,19,0,True,2026-08-08 15:36:44
146402556,PYPMN9,Fa Sensitive White Musk Scent 50ml,499,499,17,0,True,2026-09-05 17:17:31
146402586,EHFEGJ,Gillette Power Rush 48H Antiperspirant Clear Gel 70ml,1199,1199,8,0,True,2026-09-05 17:17:31
146402588,3A1XQ3,Gillette Shaving Gel 70ml,1199,1199,7,0,True,2026-09-05 17:17:31
8486211,SUQ4UX,Susu Baby Wipes 80 Pieces,132,132,7,100,True,2026-09-05 17:17:52
8486151,K69X5Z,Susu Me&My Diapers Large 50Pcs,1342,1342,3,12,True,2026-09-05 17:17:52
8486308,B1VEIM,Susu Me&My Diapers Extra Large 50 Pieces,1474,1474,2,12,True,2026-09-05 17:17:52
11670223,00RRZA,Susu Dry Baby Diapers XXL 50 Pieces (18- 25kg),1738,1738,1,12,True,2026-09-05 17:17:52
28232113,GRM2JG,Susu Dry Baby Diapers Large 50 Pieces (9-15 kg),1474,1474,2,12,True,2026-09-05 17:17:52
11670214,GWVMQ9,Susu Dry Baby Diapers XL 50 Pieces (13-18 kg),1606,1606,1,12,True,2026-09-05 17:17:52
8486488,DH0954,Me & My Baby Diaper Magic Jumbo Pack Xxl Size 6 (18 25 kg) 48 Pieces,1968,1968,2,12,True,2026-09-05 17:17:52
146402558,QPO7OJ,Pampers Baby Wipes Harmonie Aqua 48 Pieces,850,850,4,0,True,2026-09-05 17:17:52
146402557,9G2BG4,Pampers Fresh Clean Baby Wipes - 52 Wipes,699,699,5,0,True,2026-09-05 17:17:52
7657033,1UGT9O,Johnson's White Baby Soap 75g (Imported),299,299,29,100,True,2026-09-05 17:17:52
35132540,4P4IRG,Johnsons Baby Soap 75Gm Pink (Imported),299,299,18,100,True,2026-09-05 17:17:52
146402573,L5H04B,Johnson's Top-To-Toe Baby Bath 100ml,350,350,1,0,True,2026-07-15 08:21:05
35132368,LSF125,Johnsons Baby Milk Soap 75g (Imported),233.22,299,19,100,True,2026-09-05 17:17:52
146402571,HGEVPF,Johnson's Active Kids Shampoo Shiny Drops Pink 100ml,450,450,3,0,True,2026-09-05 17:17:52
146402577,NRLM70,Johnson's Baby Wash Mild As Pure Water 200ml,650,650,1,0,True,2026-08-18 15:40:58
146402579,M7ALNC,Johnson's Baby Shampoo 100ml,299,299,3,0,True,2026-09-05 17:17:52
146402569,VDM1QE,Johnson's Kids Soft Smooth Shampoo 100ml,450,450,1,0,True,2026-08-17 15:34:33
146402567,KPWF1W,Kodomo Shampoo & Conditioner Orange Indonesia 200ml,620,620,6,0,True,2026-09-05 17:17:52
146402605,virtual-661,Johnson's Baby Wash 500ml,1091.22,1399,7,8,True,2026-09-05 17:17:52
7658066,01J3UT,Scrub Shine Spiral Single,85,85,6,20,True,2026-09-05 17:18:37
143918480,OBLO89,Scrub Shine Sponge Cloth (1 Pack),250,250,6,0,True,2026-09-05 17:18:37
35133183,S86G0Z,Scrub Shine Sponge Regular,32.5,65,1,100,True,2026-06-07 11:18:12
146492185,VT518Q,Dettol Antiseptic 1 Piece,1450,1450,1,0,True,2026-07-17 16:25:09
146492186,092SPT,Domestos Multipurpose Bleach Spray 750ml,950,950,11,0,True,2026-09-05 17:18:37
146402592,7Z1NTS,Whiskas cod jelly for 2-12 months cat food 85gm,299,299,1,0,True,2026-06-05 07:20:28
139755134,whi-319,Whiskas Tuna In Jelly For 2-12 kitten junior Cat Food 85g,299,299,3,6,True,2026-06-01 15:36:22
139755121,whi-306,Whiskas Kitten Beef In Jelly Cat Food 85g,299,299,2,6,True,2026-06-21 14:20:49
115475842,r1vf-111183,brightfarms Coriander Dhaniya Pakistan 100g,59,59,6,8,True,2026-09-05 17:20:36
143785149,r1vf-2525,Lay's Maxx Spicy Kimchi Rs. 100,100,100,12,8,True,2026-09-05 17:15:09
15309817,OKC66U,Swansi Aloe Vera Gel 250ml,350,350,12,100,True,2026-09-05 17:17:12
146466748,r1vf-9816,Kanas Mayonnaise Classic 500g,264,330,21,0,True,2026-09-05 17:14:30
146466749,r1vf-9815,Kanas Mayonnaise Classic 1L,480,600,11,0,True,2026-09-05 17:14:30
146466750,r1vf-9827,Kanas Sweet Chili Sauce 400g,200,250,18,0,True,2026-09-05 17:14:30
146466745,r1vf-9824,Kanas BBQ Sauce 400g,256,320,23,0,True,2026-09-05 17:14:30
146466742,r1vf-9826,Kanas Pizza Sauce Original Pouch 800g,470,470,7,0,True,2026-08-29 16:20:10
146466756,r1vf-9817,Kanas Thousand Island Dressing 400g,450,450,21,0,True,2026-08-29 16:20:10
146466746,r1vf-9828,Kanas BBQ Sauce 800g,480,600,14,0,True,2026-09-05 17:14:30
146339078,0GC5AU,Polo The Mint with The Hole Original 80g,450,450,1,0,True,2026-07-17 10:51:09
35128395,OV09N1,English Prickly Heat Cream Large,197.1,270,4,100,True,2026-09-02 18:34:02
8176294,1GC24B,Closeup Red Hot 50ml,220,220,6,100,True,2026-09-05 17:17:12
141611242,virtual-647,Dove Body Wash Fresh Touch 200ml,550,550,5,8,True,2026-09-05 17:17:12
143730508,MBT5GO,Dove Deodorant Sticks Coconut 45g,850,850,6,0,True,2026-09-05 17:17:12
141612200,R1BOTU,Dove Clean Comfort Deoderant Stick 45g,850,850,3,0,True,2026-09-05 17:17:31
8176415,HH9IC0,Fa Deodorant Roll On Island Vibes Fiji Dream 50ml,499,499,1,3,True,2026-07-13 06:25:51
139755068,avf-347,Fa Roll-on Freshly Free Grapefruit 1 Piece,499,499,8,3,True,2026-09-05 17:17:31
141611239,r1vf-987,Dove Deodorant Stick Beauty Finish Anti-perspirant 40ml,849,849,7,3,True,2026-09-05 17:17:31
7642398,NO8K6X,Canbebe Baby Diapers Maxi Plus Jumbo Size 4+ (9 - 20Kg) 46 Pieces,2590,3372,1,12,True,2026-09-05 17:17:52
145426930,0PJKKC,Sprite Lemon Lime Bottle 2L,172.2,210,18,0,True,2026-09-05 17:12:28
7660712,2UX9Z8,Krone Ocean Mist Shower Gel 600ml,1020,1200,2,100,True,2026-08-29 16:23:36
7660769,8PEOK5,Krone Deep Clean Charcoal Shower Gel 600ml,1020,1200,2,100,True,2026-09-05 17:17:31
145315387,r1vf-1956,Canbebe Baby Diapers Extra Large Mega Size 6 (16Kg +) 58 Pieces,4250,4750,1,8,True,2026-09-05 17:17:52
7642382,9VRMRY,Canbebe Baby Diaper Mini Jumbo Size 2 70 Pieces (3-  6kg),2590,3366,6,12,True,2026-09-05 17:17:52
7632469,2MJO84,Chocobliss Milk Chocolate Spread 150g,385,385,1,100,True,2026-07-04 16:03:34
7632502,SM9JW4,Choco Bliss Milk Chocolate Spread 300g,650,650,1,100,True,2026-07-30 11:09:06
144337448,ASOGVO,Kitkat 4 Finger 36.5g (Imported),340,340,9,0,True,2026-06-19 17:28:04
115475425,C1M166,Snickers Chocolate 30g,220,220,1,0,True,2026-06-15 17:21:16
146339077,DKJ65W,Nutella 180g,1199,1199,1,0,True,2026-07-07 17:15:30
7634298,871KKV,Nature's Own White Oats Pouch 500g (999),550,550,13,100,True,2026-09-05 17:10:48
7634314,X6M07Q,NATURES BASKET WHITE OATS TIN 400GM,699,699,7,100,True,2026-09-05 17:10:48
141527986,3MUZ4K,Polac Fruit Cocktail 540g,499,499,19,0,True,2026-09-05 17:11:54
38440195,MZXV4O,Polac Pineapple Slices Tin 540Gm Broken,480,480,1,100,True,2026-07-16 05:43:35
141282126,KRV8L3,"Nature's Basket White Oats, 500g",499,499,17,0,True,2026-09-05 17:11:54
8720255,266PVF,Premium Choice Sweet Corn E/O 425g,330,330,6,100,True,2026-09-05 17:11:54
145905560,65693670,Knorr Creamy Fettuccine Noodles 132g,450,450,51,5,True,2026-09-05 17:14:10
7860512,J4N4L9,National Achar Gosht Masala 50g,144,160,9,3,True,2026-09-05 17:14:30
142364721,YTS10O,Best Day Tomato Paste 210g,350,350,1,0,True,2026-08-25 15:45:10
7643091,Z08CD0,Kopiko Capuccino Toffees Packet 140g,375,375,16,100,True,2026-09-05 17:15:09
146339076,43D3NR,Polo Mint Roll 24g,160,160,2,0,True,2026-07-21 13:54:03
139755071,virtual-32,Yupi Fruit Cocktails Jelly 14g (999),90,90,2,8,True,2026-06-22 09:02:31
145014255,UXNUI7,Yupi Strawberry Heart 14g,90,90,1,0,True,2026-07-01 17:19:22
146339073,UO3CXJ,Yupi Gummy Cakes Jelly 28g,100,100,1,0,True,2026-08-13 10:12:13
146339074,Q605ZL,Yupigummy Burger 8g,40,40,1,0,True,2026-06-23 12:14:36
7970854,3P133I,Yuppi Gummi Pizza 14g (00001),90,90,2,100,True,2026-06-22 14:52:12
8372117,0IYL32,Yupi Fruit Cocktail 32g (00001),120,120,2,8,True,2026-07-18 05:30:31
8372148,3TPGTP,Yuppi Big Frank 28g,120,120,1,8,True,2026-08-04 11:26:50
142610954,JJ7TH3,Kitkat 4 Finger 36.5g,350,350,13,0,True,2026-06-19 17:28:04
146339072,0CO54E,Ovaltine All in One Choco Drink 5 x 20g,100,100,1,0,True,2026-06-30 14:27:28
142701353,1FLM3X,Vaseline Healthy Bright SPF24 Lotion 100ml,399,399,1,0,True,2026-09-05 17:17:12
35131554,ZAE5ZJ,English Prickly Heat Powder Medium 1 Packet,320,320,6,100,True,2026-09-05 17:17:12
36767802,FVQQNA,English Prickly Heat Thanda Soap 1 Packet,200,250,2,100,True,2026-08-29 16:23:11
36767647,33149I,English Prickly Heat Powder Kids Medium 1 Packet,255.5,350,5,100,True,2026-09-05 17:17:12
35129416,HULM69,English Prickly Heat Powder Neem Large,364.27,499,4,100,True,2026-09-02 18:34:02
35129630,W95B8K,English Prickly Heat Powder Neem Medium,320,320,1,100,True,2026-09-05 17:17:12
36767797,BRL68D,English Prickly Heat Powder Thandaa Large,364.27,499,5,100,True,2026-09-05 17:17:12
13611916,ZRU5M9,English Prickly Heat Cream Neem 80Ml,211.7,290,5,100,True,2026-09-05 17:17:12
35129755,27X887,English Prickly Heat Powder Family 1 Packet,584,800,2,100,True,2026-09-02 18:34:02
7639635,TY9MMX,Vaseline Body Lotion Healthy White 100ml,399,399,5,100,True,2026-08-29 16:23:11
146480984,65636512,LUX Refreshing Vitamin C Body Wash 250ml,413.6,470,7,8,True,2026-09-05 17:17:12
146480985,65636514,LUX Refreshing Vitamin C Body Wash 520ml,748,850,9,8,True,2026-09-05 17:17:12
7660543,120ZZR,Siena Handwash Pink Blush,340,400,1,3,True,2026-07-24 13:52:35
36354478,RADVGX,Siena Handwash Citrus Burst,400,400,2,100,True,2026-09-05 17:17:12
146480987,65643620,Lifebuoy Shampoo Anti Dandruff 90ml,190,200,2,8,True,2026-09-05 17:17:12
146339071,virtual-1259,Sams Garden Mallow Pop 18g (00001),70,70,1,8,True,2026-07-03 11:39:55
146480986,65643608,Lifebuoy Shampoo Anti Dandruff 175ml,304,320,1,8,True,2026-09-04 07:54:20
146480988,65643622,Lifebuoy Shampoo Anti Dandruff 370ml,589,620,11,8,True,2026-09-05 17:17:12
35131399,S0V8YR,Bold Gas Body Spray Groove (150 ml),525,700,4,20,True,2026-09-05 17:17:31
7663334,90U1OS,Bold Gas Body Spray Maverick (150 ml),525,700,3,20,True,2026-09-05 17:17:31
143730510,JMLCW5,Dove Deodorant Stick Go Fresh 40g,899,899,6,0,True,2026-09-05 17:17:31
28665618,778QAW,Power Plus Floor Cleaner 500ml,340,340,1,100,True,2026-09-05 17:18:37
145926180,r1vf-863,Stiff On Heavy Starch Spray 567g,400,500,1,5,True,2026-08-15 09:32:55
35128512,RK87D8,Scrub Shine Spiral Regular (2-in-1),160,160,9,20,True,2026-09-05 17:18:37
7658126,W52N66,Scrub Shine Pad Large (3-in-1),210,210,5,100,True,2026-09-05 17:18:37
35128373,6168LZ,Scrub Shine Sponge Regular (2-in-1),130,130,3,20,True,2026-09-05 17:18:37
7658070,31T8L9,Scrub Shine Pad Large,75,75,6,100,True,2026-09-05 17:18:37
35133191,HW5UXD,Scrub Shine Nail Saver,120,120,6,100,True,2026-09-05 17:18:37
35133024,9W28B6,Scrub Shine Sponge Large,95,95,6,20,True,2026-09-05 17:18:37
7650056,3BTAMR,Frey Air Freshener Lavendar 300ml,279,310,12,100,True,2026-09-05 17:18:37
9370124,A28894,Toshiba Red Cell 2AA 4 Pieces,170,170,1,100,True,2026-06-28 07:14:02
16650683,64DT1A,brightfarms Lychee 500g,549,549,1,100,True,2026-07-10 12:02:33
140163195,r1vf-3149,brightfarms Desi Cucumber 500g,199,199,1,0,True,2026-08-13 05:00:38
140163194,r1vf-3150,Brightfarms Desi Cucumber 1kg,399,399,1,8,True,2026-08-14 10:11:39
141079702,T6YZ58,Rani Mango Bottle,310,310,21,0,True,2026-09-05 17:12:28
7660726,5I0FA2,Krone Tropical Splash Shower Gel 600ml,1056,1200,12,100,True,2026-09-05 17:17:12
7660866,U921QX,Krone Citrus Charge Shower Gel 600ml,1056,1200,12,100,True,2026-09-05 17:17:12
35129445,0I3A4R,Krone Noir Ash Gas Free Body Spray 120ml,621,690,8,5,True,2026-09-05 17:17:31
7660803,DH5YXK,Krone Noir Tranquil Gas Free Body Spray 120ml,621,690,12,5,True,2026-09-05 17:17:31
35129873,G46Y77,Krone Noir Desire Gas Free Body Spray 120ml,483,690,1,5,True,2026-09-05 17:17:31
35133474,A5H2VW,Krone Attitude Sage Body Spray 150ml,339.5,485,2,5,True,2026-09-01 18:17:27
35133665,B45IF8,Krone Xtreme Dense Body Spray 150ml,458.5,655,1,5,True,2026-09-05 17:17:31
7660826,MGH1H4,Krone Xtreme Active Body Spray 150ml,589.5,655,10,5,True,2026-09-05 17:17:31
35131212,MQCPX3,Krone Noir Dune Gas Free Body Spray 120ml,607.2,690,11,100,True,2026-09-05 17:17:31
35133627,31732J,Krone Attitude Vivid Body Spray 150ml,426.8,485,12,100,True,2026-09-05 17:17:31
146400714,r1vf-3109,Prickly Heat Thandaaa Cooling Mist (Non-gas) Spray 120ml,899,899,1,8,True,2026-09-01 08:27:02
35131873,CNGZ97,Krone Attitude Rush Body Spray 150ml,426.8,485,13,100,True,2026-09-05 17:17:31
7660735,6C25SP,Krone Attitude Blast Body Spray 150ml,322,460,9,100,True,2026-08-22 15:28:49
35133664,7Y356R,Krone Xtreme Play Body Spray 150ml,458.5,655,2,100,True,2026-09-05 17:17:31
35133661,NB305I,Krone Noir Now Gas Free Body Spray 120ml,607.2,690,11,100,True,2026-08-29 16:23:36
35133704,SN4C02,Krone Xtreme Optimist Body Spray 150ml,458.5,655,1,100,True,2026-09-05 17:17:31
35132869,1VE43P,Krone Xtreme Spell Body Spray 150ml,458.5,655,3,100,True,2026-09-05 17:17:31
7652459,8M5959,Similac Formula Total Comfort 1 360g,3250,3250,1,1,True,2026-09-05 17:17:52
35133205,RSY0O0,Kingtox Rat Killer Pellets 40gm,76.5,85,10,100,True,2026-09-05 17:18:37
35131039,15J8YN,Kingtox Crawling Insect Killer Spray 600ml,678.6,870,11,100,True,2026-09-05 17:18:37
28230934,EPY1V5,brightfarms Mango (Anwar Ratol) 1kg,649,649,3,100,True,2026-09-04 13:21:04
146563884,r1vf-111077,Fanta Pomegranate Soda 500ml,85,100,37,8,True,2026-09-05 17:12:28
139066015,r1vf-1461,Sprite Zero 1L,139.4,170,5,6,True,2026-08-17 03:51:31
43290515,3P7974,Shoop Korean Noodles Chilli Blast 140g,255,300,42,3,True,2026-09-05 17:14:10
43290514,24IC38,Shoop Korean Noodles Cheese 140g,255,300,48,3,True,2026-09-05 17:14:10
145905557,65693664,Knorr Hot Gochujang Noodles 132g,450,450,7,5,True,2026-09-05 17:14:10
68366111,CGR4RB,Shoop Korean Noodles Chilli Blast 6 Packets x 140g,1620,1800,14,2,True,2026-08-07 07:18:33
68366107,5CO0U8,Shoop Korean Noodles Cheese 6 Packets x 140g,1260,1800,5,2,True,2026-08-07 07:18:33
7653474,952RA3,Shan Easy Cook Haleem Mix Masala 300g,303.45,357,14,3,True,2026-09-05 17:14:30
7664013,AX6Q9U,Mama Sitas Sauce Chilli 390g,1079.1,1199,24,100,True,2026-09-05 17:14:30
8720293,C3Y6LM,CADBURY DRINKING CHOCOLATE 250GM (Imported),1550,1550,3,100,True,2026-09-05 17:15:57
143730506,8DB8L4,Dove Deodorant Stick Dark Marks Corrector 45g,849,849,1,0,True,2026-07-01 17:23:39
143730507,Q2QJTV,Dove Deo Stick Powder Soft 40mg,849,849,7,0,True,2026-08-22 15:28:49
7648676,8999777004514,Nivea Deodorant Roll on Men Cool Kick 25ml,299.7,370,1,100,True,2026-07-25 16:12:24
141249370,r1vf-2735,Milk Fields Ayran Salted Drinking Yoghurt 180ml,99,99,2,8,True,2026-08-06 11:23:34
25441907,4E48P5,Wall's Cornetto Choco Coffee Disc 105ml,136,170,1,8,True,2026-06-09 12:12:51
143920480,r1vf-27052,Daffy Coco Cris Chocolate Cup Cereal Pouch 35g,70,70,29,8,True,2026-09-05 17:15:09
141856094,virtual-611,Kaers Sugar Free Blueberry Cookies 100g,599,599,15,8,True,2026-08-29 16:20:59
141856095,virtual-608,Kaers Sugar Free Oatmeal Black Sesame Cookies 100g,539.1,599,17,8,True,2026-08-29 16:20:59
141282141,virtual-610,Kaer's Sugar Free Biscuit Cappuccino 100g,599,599,10,8,True,2026-09-05 17:15:09
146339063,virtual-612,Kaers Sugar Free Butter Cookies 100g,599,599,21,8,True,2026-09-05 17:15:09
146480989,68818379,VASELINE GLUTA DR PNK 70ML,650,650,2,8,True,2026-09-05 17:17:12
146480992,69658330,VASELINE GLUTA ON BLU 70ML,650,650,5,8,True,2026-09-05 17:17:12
146480991,68818381,VASELINE GLUTA FG GOLD 70ML,650,650,9,8,True,2026-09-05 17:17:12
146480994,69732592,VASELINE GLUTA DR PNK 200ML,1500,1500,5,8,True,2026-09-05 17:17:12
146480990,62683667,VASELINE GLUTA FG GOLD 200ML,1500,1500,2,8,True,2026-08-22 15:28:30
146466741,r1vf-9825,Kanas Pizza Sauce Original Pouch 400g,250,250,10,0,True,2026-09-05 17:14:30
146466752,r1vf-9813,Kanas Sriracha Sauce 450g,520,650,28,0,True,2026-09-05 17:14:30
146466755,r1vf-9818,Kanas Thousand Island Dressing 800g,640,800,14,0,True,2026-09-05 17:14:30
138750290,daw-728,Dawn Lemon Cake 1 Piece,300,300,1,6,True,2026-08-01 16:05:36
144957508,r1vf-10957,Kolson Slanty Tangy Chilli Rs. 50,50,50,44,0,True,2026-09-05 17:15:09
144381089,r1vf-10684,Rio Double Chocolate Sandwich Biscuits (Snack Pack) 16 Pieces,304,320,5,8,True,2026-09-02 07:45:39
140456776,r1vf-3850,Mayfair Cafe Jumbo Roll (Rs 40) 8 Packets,260,260,10,8,True,2026-06-08 18:01:35
141282140,virtual-607,Kaers Sugar Free Oatmeal Almond Cookies 100g (00001),599,599,19,8,True,2026-07-14 16:20:10
146402559,MYRO3W,Vaseline Blue Seal Men Petroleum Jelly Fresh 100ml,425,425,7,0,True,2026-08-29 16:23:11
146402564,IXJ6TN,Vaseline Deep Restore Lotion 200ml,719.1,799,11,0,True,2026-09-05 17:17:12
146402560,QY10UI,Vaseline Body Lotion Healthy White 200ml,719.1,799,11,0,True,2026-09-05 17:17:12
146402565,HIPL3C,Vaseline Healthy Bright Fresh Bright Cooling Uv Lotion 200ml,719.1,799,9,0,True,2026-09-05 17:17:12
146402596,virtual-692,Vaseline Intensive Care Aloe Smooth 200ml,799,799,11,8,True,2026-09-05 17:17:12
145750883,r1vf-6570,Cerelac Rice Promo (175 + 25g) 200g,450,450,1,1,True,2026-08-27 13:57:20
145750888,r1vf-6572,"Nestle Cerelac Wheat Promo, 200g",450,450,9,1,True,2026-09-05 17:17:52
145750885,r1vf-6571,Cerelac 3F Promo (175 + 25g) 200g,450,450,3,1,True,2026-09-05 17:17:52
7831120,018JI3,Dr Herbalist Chia Superfood Seeds 400 g,2210,2210,1,100,True,2026-09-05 17:15:09
17047737,1143IX,Hemani Deodorant Spray Athlete 150Ml,312,400,1,100,True,2026-09-05 17:17:31
36760331,119L36,Krone Noir Myth Gas Free Body Spray 120ml,483,690,1,100,True,2026-09-05 17:17:31
7956498,4A9975,Opa Strawberry 500g,615,615,2,100,True,2026-08-12 10:16:17
9296493,36YD52,Caresse Crack Heel Cream 50Gm,300,300,10,100,True,2026-09-05 17:17:12
17489425,2WK5H0,Caresse Glow Moisturizing Cleansing Milk 200ml,350,350,6,100,True,2026-09-05 17:17:12
9296796,4UEA96,Caresse Nail Polish Remover Large 100 ml,300,300,5,100,True,2026-09-05 17:17:12
17489445,LL938H,Caresse Easy Clean Nail Polish Remover - Lemon,350,350,15,100,True,2026-09-05 17:17:12
17489441,367P8H,Caresse Easy Clean Nail Polish Remover - Cherries,297.5,350,12,100,True,2026-09-05 17:17:12
17489415,110SLB,Sheen Crème Hair Colour – Dark Brown 02,80,80,7,100,True,2026-09-05 17:17:12
35132382,84B90J,Prime - Party Pack (Pink),216,240,24,100,True,2026-09-05 17:17:12
115440273,r1vf-11150,Walls Viennetta Stick Ice Cream 90ml,120,120,58,20,True,2026-06-25 11:46:25
143072410,r1vf-2860,Al Kareem Ajwa Premium Dates 200g,1000.35,1053,6,8,True,2026-09-05 17:15:09
143072040,r1vf-9326,Al Kareem Aseel Dates 400g,234.65,247,22,10,True,2026-09-05 17:15:09
143072038,r1vf-9325,Al Kareem Zahidi Dates 350g,240.35,253,10,10,True,2026-09-05 17:15:09
143072050,IZ0Q33,Al Kareem Mazafati 600g,550.05,579,2,0,True,2026-09-05 17:16:52
115810335,r1vf-1912,Zyn Fresh Mint Prime Nicotine Pouches (1.5mg) 1 Unit,150,150,11,10,True,2026-09-05 17:16:52
115810340,r1vf-1913,Zyn Fresh Mint Prime Nicotine Pouches (3mg) 1 Unit,150,150,14,10,True,2026-09-05 17:16:52
115810341,r1vf-1914,Zyn Fresh Mint Prime Nicotine Pouches (6mg) 1 Unit,150,150,13,10,True,2026-09-05 17:16:52
140554610,r1vf-1104,Popnosh Choco Loco 68g,200,200,17,8,True,2026-09-05 17:15:09
115709272,r1vf-10784,Lipton Danedar Tea - 430g,855,900,18,0,True,2026-09-05 17:11:54
115709267,r1vf-10779,Lipton Yellow Label Tea - 170g,399,420,38,0,True,2026-09-05 17:11:54
115709268,r1vf-10780,Supreme Brooke Bond Tea 430g,902.5,950,19,0,True,2026-09-05 17:11:54
115709266,r1vf-10778,Supreme Brooke Bond Tea 900g,1757.5,1850,11,0,True,2026-09-05 17:11:54
115709269,r1vf-10781,Supreme Brooke Bond Tea 170g,380,400,36,0,True,2026-09-05 17:11:54
115709271,r1vf-10783,Lipton Danedar Tea - 170g,361,380,33,0,True,2026-09-05 17:11:54
115709273,r1vf-10785,Lipton Danedar Tea - 900g,1710,1800,9,2,True,2026-09-05 17:11:54
146632413,EECBUQ,"Samyang Buldak Kimchi Hot Chicken Ramen, 135g",520,520,1,0,True,2026-07-02 11:38:15
142807540,MK66VD,Morinaga BF-1 Milk Powder 600g,2400,2400,1,0,True,2026-09-05 17:17:52
8907695,99HCJC,Maxtox Liquid Refill 45 ml,184,184,6,100,True,2026-09-05 17:18:37
139542300,r1vf-1417,Pure Foods Fruit Farm Mixed Fruit Drink 200ml,50,50,24,8,True,2026-09-05 17:12:28
139542311,r1vf-1288,Bake Shake Strawberry Vanilla Cupcake 21.5g,25,25,1,8,True,2026-09-03 13:20:40
36759638,1TG00N,Capri Soap Purple Single 120g,150,150,12,100,True,2026-09-05 17:17:12
35412240,9L4NYH,Capri Soap White Bundle 150g,490,490,8,12,True,2026-09-05 17:17:12
36759917,KF47D2,Capri White Beauty Hand Wash 200ml,290,290,3,6,True,2026-09-05 17:17:12
7642919,K1NH09,Capri Soap Purple Bundle 150g,490,490,7,12,True,2026-09-05 17:17:12
7642871,902CID,Capri Soap Blue Bundle 150g,490,490,10,12,True,2026-09-05 17:17:12
7636724,M1TSKA,Opal Soap Beauty 4+1 Packet 60g,250,250,4,100,True,2026-09-04 18:13:27
7642805,00H897,Capri Soap White Single 120g,150,150,6,100,True,2026-09-05 17:17:12
7642892,B1R6W5,Capri Soap White Single 100g,100,100,11,6,True,2026-09-05 17:17:12
115709270,r1vf-10782,Supreme Brooke Bond Tea 85g,190,200,102,0,True,2026-09-05 17:11:54
140499150,r1vf-3988,Go Royale Zooba Cheese Rings (Rs 50) 25g,50,50,4,8,True,2026-07-28 16:44:39
139543817,r1vf-1875,Innovative Tooo Gud Egg & Milk Cookies Half Roll Box,240,240,18,8,True,2026-08-29 16:20:59
139542293,r1vf-1548,Bisconni Rite Vanilla Half Roll,360,360,2,8,True,2026-08-21 15:37:40
146336951,r1vf-82,Prince Chocolate Cream Sandwich Biscuits 1 Packet,80,80,58,0,True,2026-06-20 16:24:30
35134908,2P5RR0,Caresse Naturals Antibacterial Enchanting Hand Wash 450ml,300,300,4,100,True,2026-09-05 17:17:12
17489422,JY2F1X,Caresse Al-Oud Oud Royal Hand Wash 400ml,255,300,5,100,True,2026-09-05 17:17:12
140105570,r1vf-2703,7Up Mint Lemonade Bottle (PET) 1L,131.2,160,6,12,True,2026-09-05 17:12:28
35768873,C1H1NR,Daffy Wafer Chocolate (Rs. 125),125,125,89,100,True,2026-09-05 17:15:09
13760769,034406,Daffy Wafer Chocolate,240,240,11,106,True,2026-09-05 17:15:09
13760766,5JH7LC,Daffy Wafer Strawbery,240,240,8,105,True,2026-09-05 17:15:09
143067504,r1vf-3577,Treet (Swift II) Twin Blade Razor 1 Piece,130,130,1,8,True,2026-06-19 12:53:35
143067493,r1vf-3562,Femina Female Facial Razor 1 Piece,110,110,1,8,True,2026-06-19 08:43:51
115947591,PXMP0N,Domestos Thick Bleach Pink Power 750ml,750,750,5,0,True,2026-09-05 17:18:37
145905566,r1vf-11054,Softlan Fabric Conditioner Lavender Fresh Pouch 1L,515,515,11,0,True,2026-09-05 17:18:37
145905573,r1vf-11061,Max All Purpose Lavendar Fresh Surface Cleaner Pouch 800ml,650,650,1,0,True,2026-09-05 07:34:51
7789076,FJ94R1,Roohafza Bottle 800Ml,525,525,1,99,True,2026-06-30 14:23:39
35129321,5M8MN8,Roohafza Bottle 1500Ml,850,850,2,99,True,2026-06-30 14:23:39
35134294,592IT0,Roohafza Bottle 3000ml,1500,1500,1,6,True,2026-06-24 11:46:04
146475884,r1vf-9811,Kanas Mayonnaise Classic 2L,990,990,46,0,True,2026-09-05 17:14:30
36759800,DQ779Y,Neutrogena Hydro Boost Water Gel 200ml,2784,3200,2,100,True,2026-07-25 16:12:08
115966125,9W4ECG,Nivea Men Roll On Deep Dry & Clean 50mg,549,549,6,0,True,2026-08-29 16:23:36
28231083,D91441,Susu Me&My Diapers Medium 50Pcs,1211,1211,2,12,True,2026-09-05 17:17:52
11670196,IC67O9,Susu Dry Baby Diapers Medium 50 Pieces (5-9 kg) ,1342,1342,2,12,True,2026-09-05 17:17:52
140161525,r1vf-2801,Haleeb UHT Nutritious Thick Milk 27 x 250ml,2565,2565,2,3,True,2026-09-05 17:10:22
8987871,9I4DZ1,Italia Baby Corn (Imported) 380g,244.2,330,17,100,True,2026-09-05 17:11:54
16080067,2U0DB1,Italia Mushroom Tin 380g,449,449,6,100,True,2026-09-05 17:11:54
115814031,r1vf-1910,Predator Peach PET Bottle 250ml,51,60,17,8,True,2026-09-05 17:12:28
7981613,J2B8KL,Nivea Shower Gel 250Ml Energy,750,750,2,6,True,2026-09-05 17:17:12
35000249,DZ95BP,brightfarms Chaunsa Mango 4kg - 4.5kg,2499,2499,1,100,True,2026-09-05 17:20:36
28231010,033S3Z,brightfarms Chaunsa Mango (Export Quality) 1.8kg - 2kg,1299,1299,4,100,True,2026-09-05 17:20:36
24137254,X7CJ9P,brightfarms Chaunsa Mango 1kg,699,699,5,100,True,2026-09-05 17:20:36
115440274,r1vf-11151,Walls Twister Island Mini 50ml,80,80,2,50,True,2026-06-21 16:51:16
115947592,F5WTJF,NIVEA Creme Soft Care Shower Cream (with Almond Oil),750,750,4,0,True,2026-09-05 17:17:12
9296535,6115GE,Caresse Body Lotion 400Ml Instant White,699,699,1,100,True,2026-08-10 16:08:23
7646452,76X5G7,Colgate Baby Bubble Fruit Toothpaste 50g,260,260,3,100,True,2026-09-05 17:17:12
141377245,r1vf-2080,Snakitos Choco Stick Chocolate 35g,150,150,20,8,True,2026-09-05 17:15:09
28231318,TUG677,Sugarie Granulated Brown Sugar Pouch 500g,211,211,7,8,True,2026-09-05 17:11:54
115929511,virtual-232,Chashnik White Refined Sugar 500g (100 Sachets Box),260,260,24,1,True,2026-09-05 17:11:54
28231496,089V89,Sugarie Icing Sugar 300g,151,151,48,8,True,2026-09-05 17:11:54
28231382,O662DP,Sugarie Caster Sugar 300g,151,151,48,8,True,2026-09-05 17:11:54
115929512,r1vf-11148,Sugarie Granulated Brown Sugar 500g (100 Sachets Box),260,260,22,1,True,2026-09-05 17:11:54
115954308,Q5SZ0A,Coca-Cola Tin 325ml,599,599,11,0,True,2026-09-05 17:12:28
115954312,OICMUK,Fanta Orange Drink 320ml,599,599,12,0,True,2026-09-05 17:12:28
115954309,MQEH2C,Pepsi Black 320ml,599,599,4,0,True,2026-09-05 17:12:28
115954306,W9QN3Y,Mountain Dew Can 320ml,599,599,10,0,True,2026-09-05 17:12:28
115954311,YDP3MI,7Up Can Drink 320ml,599,599,12,0,True,2026-09-05 17:12:28
115954310,D5A0XS,Pepsi Original 330ml,599,599,9,0,True,2026-09-05 17:12:28
115954305,RDR7E4,7Up Free Can 320ml,599,599,10,0,True,2026-09-05 17:12:28
115954307,73LYO2,Mirinda Orange Can 320ml,539.1,599,12,0,True,2026-09-05 17:12:28
115954314,IDXCZ7,Yummy Soup Chicken Noodles 101g,270,270,1,0,True,2026-08-10 16:04:07
115954317,60Z3HL,Yummy Soup Classic Beef Soup Noodle 97 Gm,270,270,2,0,True,2026-07-26 13:24:42
115954316,XA1PNU,Yummp Soup Pickled Cabbage Fish Flavor Noodle 118 Gm,270,270,2,0,True,2026-08-22 09:29:24
115954315,17SMLG,Yummy Soup Spicy Beef Flavor Noodle 101 Gm,270,270,1,0,True,2026-07-13 12:09:35
115954313,CUUXK2,"Yummy Soup Mutton Flavor Noodles, 102g",270,270,2,0,True,2026-08-04 14:14:56
9066155,7PI7W5,Arbella Pasta Tagliatelle 400g.,600,600,20,100,True,2026-09-05 17:14:10
145120880,r1vf-11084,Tru Bru Premium Coffee 100g,2030,2030,2,8,True,2026-09-05 17:14:50
140456823,r1vf-4002,Mayfair Cafe Snack Pack (Rs 10) 24 Packets,240,240,17,8,True,2026-09-05 17:15:09
7633695,3H6110,Bic Classic Mini Pocket Lighter,199,199,9,3,True,2026-09-02 18:33:37
115805189,JTVWS5,Smocking Pocket Lighter Multi Color,40,40,11,0,True,2026-09-02 18:33:37
115805188,E43HU7,Smocking Pocket Lighter Multi Color,50,50,2,0,True,2026-08-25 06:52:10
115805190,KR0CMO,Smocking Pocket Lighter Multi Color,35,35,1,0,True,2026-09-02 07:47:42
142701352,KA9902,Vaseline Lip Therapy Original 4.8g KR,450,450,5,0,True,2026-09-05 17:17:12
142701343,virtual-415,Vaseline Lip Therapy Cocoa Butter 4.8g (999),450,450,6,8,True,2026-09-05 17:17:12
7656300,OD2RH2,Dove Pink Beauty Bar Soap 135g,499,499,6,100,True,2026-09-05 17:17:12
36759830,65L4A5,Lux Silk Sensation Body Wash 250ml,499,499,5,5,True,2026-09-05 17:17:12
36759726,F36UG6,Dove White Beauty Bar Soap 135g,499,499,1,100,True,2026-08-06 08:40:43
7642839,4B9W60,Capri Soap Purple Bundle 120g,420,420,11,100,True,2026-09-05 17:17:12
115727191,OXEHYH,Dove Pink Bar 90gm,399,399,17,0,True,2026-09-05 17:17:12
11248501,19RO59,IMPERIAL LEATHER SOAP CLASSIC 190GM,450,450,3,100,True,2026-09-05 17:17:12
35133888,3UHKGJ,Siena Handwash Aqua Kiss,400,400,1,100,True,2026-09-05 17:17:12
7663343,T0R48R,Bold Non Gas Aqua (120 ml),800,800,5,20,True,2026-09-05 17:17:31
35133856,CZ1873,Scrub Shine Nail Saver (2-in-1),115,230,49,20,True,2026-09-05 17:18:37
115805187,58G9T1,Marlboro heater lighter,149,149,6,0,True,2026-09-02 18:36:50
16650664,T58V32,brightfarms Grapes Gola 500g,449,449,2,0,True,2026-09-05 17:20:36
15520282,814W0D,brightfarms Sapodilla -Chiku (Pakistan) 500g,229,229,6,15,True,2026-09-05 17:20:36
15520270,7HR6M1,brightfarms Java Plum (Jamun) 500g (Small Size) (Punjab),429,429,2,100,True,2026-08-02 06:10:48
145120886,r1vf-11089,Naturelle Whole Green Olives 190g,394,394,1,8,True,2026-08-02 13:21:04
8663010,54PP90,Check Sticker,2,2,1999,100,True,2026-08-18 12:43:18
139814178,r1vf-3402,brightfarms Bottle Gourd Round (Gol Lauki) (Pakistan) 1kg,109.65,129,5,20,True,2026-06-27 06:45:55
13122306,8YP3MB,brightfarms Bottle Gourd Round - Gol Lauki (Pakistan) 500g,58.65,69,5,20,True,2026-06-27 06:45:55
139814177,r1vf-3401,brightfarms Bottle Gourd Long (Lambi Lauki) 1kg,118.15,139,3,20,True,2026-06-26 07:08:45
8720523,IC2502,Lady Speed Stick Fresh & Essence Wild Freesia 65g (Imported),750,750,2,100,True,2026-09-05 17:17:12
115966128,4GIKED,Aquafresh Active White Tooth Paste 100ml,570,570,3,0,True,2026-09-05 17:17:12
115966127,NBIWGW,Aquafresh Active Fresh Toothpaste 100ml,495,550,4,0,True,2026-09-05 17:17:12
7639843,GD50D4,Gillette Stainless Razor Blade 7 O'Clock 1 Piece,95,95,4,100,True,2026-09-05 17:17:12
13121669,0UO08J,Nivea Deodorant Roll On Men Black & White Invisible 50 ml,599,599,29,100,True,2026-09-05 17:17:31
115966329,OPXJGM,Johnson's Cotton Buds 1 Unit,549,549,4,0,True,2026-09-05 17:17:52
115966330,DF4IC3,Johnson's Face Wipes Moisturising 25 Pieces,875,875,1,0,True,2026-08-13 10:16:03
115966328,TIU55Q,Johnson's Makeup Wipes Sensitive 25 Pieces,899,899,1,0,True,2026-09-05 17:17:52
115966332,virtual-586,Pampers Sensitve Wipes 52 Pieces,750,750,3,8,True,2026-07-22 16:27:56
115966126,3LV67R,Sudocrem Antiseptic Healing Cream 60g,1250,1250,11,0,True,2026-09-05 17:17:52
8176510,84217S,Johnsons Cotton Buds,549,549,1,100,True,2026-08-31 09:30:07
115966122,24K6AZ,Domestos Thick Bleach Original Blue 750ml,712.5,750,1,0,True,2026-08-01 06:05:08
115966124,virtual-294,Pledge Wood Polish Enhancing Classic 250ml,849,849,2,8,True,2026-09-05 17:18:37
7955857,NDOQIM,Murree Brewery's Bigg Apple 300ml,50,50,4,6,True,2026-08-04 08:37:35
7955826,75W7KQ,Murree Brewery's Bigg Apple 500ml,83,83,1,6,True,2026-08-08 15:31:47
139260044,r1vf-1627,Murree Brewery's Bigg Lychee Can,85,85,2,6,True,2026-08-12 16:01:31
139260043,r1vf-1624,Murree Brewery's Bigg Lychee 1.5L,165,165,4,6,True,2026-08-12 07:25:24
139260042,r1vf-1623,Murree Brewery Bigg Apple Can,85,85,3,6,True,2026-08-13 13:11:26
7955851,5J7723,Murree Brewery's Bigg Apple 1.5L,165,165,2,6,True,2026-08-07 13:03:39
139265010,h1ei-522,Tops Pineapple Glass 250ml,99,99,3,8,True,2026-09-03 18:24:15
139265006,h1ei-518,Tops Lychee Glass 250ml,99,99,6,8,True,2026-09-02 07:43:07
139265009,h1ei-521,Tops Mixed Fruits 250ml Glass,99,99,12,8,True,2026-09-05 17:12:28
139265008,h1ei-520,Tops Guava Glass 250ml,99,99,1,8,True,2026-09-05 12:27:03
139265007,h1ei-519,Tops Anaar Glass 250ml,99,99,3,8,True,2026-09-05 17:12:28
139260041,r1vf-1619,Murree Sparkletts Bottled Drinking Water 330ml,36,36,6,6,True,2026-09-05 12:27:03
139260037,r1vf-1615,Murree Sparkletts Plain Glass Bottled Drinking Water 330ml,72,72,3,6,True,2026-09-01 13:59:33
139260038,r1vf-1616,Murree Sparkletts Plain Glass Bottled Drinking Water 750ml,144,144,1,6,True,2026-08-21 06:46:37
139260035,r1vf-1613,Murree Sparkletts Bottled Drinking Water 500ml,48,48,6,6,True,2026-09-05 17:12:28
139265012,h1ei-524,Tops Tangy Apple Flavoured Drink 200ml,34,34,14,8,True,2026-09-05 17:12:28
139265001,h1ei-509,Tops Tangy Mango 200ml,34,34,8,8,True,2026-09-05 17:12:28
139393101,h1ei-777,Murree Sparklets Carbonated Water 330ml,92,92,5,6,True,2026-08-09 15:32:07
139260040,r1vf-1618,Murree Sparkletts Carbonated Drinking Water 750ml,184,184,1,6,True,2026-08-17 15:26:29
139260045,r1vf-1628,Murree Alkaline 500ml,50,50,8,6,True,2026-09-05 17:12:28
7955758,ICPAX3,Murree Brewery's Lemon Malt 250ml,85,85,1,8,True,2026-08-13 04:51:39
7639786,6P623U,Gillette Blue 2+ Shaving Disposable Razor Bag of 3 Pieces,650,650,1,100,True,2026-07-16 11:10:50
7639908,M751Q6,Gillette Blue 3 Shaving Disposable Razor 1 Piece,350,350,1,100,True,2026-08-04 05:54:11
36432644,VM3327,Gillette Blue 2+ Plus Shaving Razor Pack of 5 Pieces,920,920,1,100,True,2026-07-16 11:10:50
7650799,U0ZA22,Astonish Starch Spray 750ml,799,799,10,8,True,2026-09-05 17:18:37
139265011,h1ei-523,Tops Lemon Barley 250ml Glass,99,99,1,8,True,2026-09-05 17:12:28
140105738,r1vf-2722,Lay's Wavy Masala Twist Rs. 70,70,70,34,30,True,2026-09-05 17:15:09
115949917,r1vf-2397,Crunchitos Texas BBQ Baked Nacho Chips 32g,80,80,3,8,True,2026-09-05 17:15:09
115949909,r1vf-2155,Crunchitos Cheddar Jalapeno Nacho Chips 32g,80,80,7,8,True,2026-09-05 17:15:09
115949925,r1vf-2156,Crunchitos Habanero Chilli Limon Nacho Chips 32g,80,80,6,8,True,2026-09-05 17:15:09
115949915,r1vf-2395,Crunchitos Nacho Chips Spicy Nacho Cheese 32g,80,80,2,8,True,2026-09-05 17:15:09
115949916,r1vf-2396,Crunchitos Nacho Chips Spicy Sweet Chilli 32g,80,80,15,8,True,2026-09-05 17:15:09
115949914,r1vf-2394,Crunchitos Nacho Chips Peri Peri 32g,80,80,6,8,True,2026-09-05 17:15:09
115949911,r1vf-2159,Crunchitos Blue Heat Baked Nacho Chips 1 Unit,80,80,9,8,True,2026-09-05 17:15:09
115949922,r1vf-2409,Crunchitos Nacho Chips Spicy Nacho Cheese 75g,150,150,17,8,True,2026-09-05 17:15:09
115949923,r1vf-2410,Crunchitos Nacho Chips Spicy Sweet Chilli 75g,150,150,8,8,True,2026-09-05 17:15:09
115949910,r1vf-2157,Crunchitos Cheddar Jalapeno Nacho Chips 75g,150,150,17,8,True,2026-09-05 17:15:09
115949926,r1vf-2158,Crunchitos Habanero Chilli Limon Nacho Chips 75g,150,150,8,8,True,2026-09-05 17:15:09
115949918,r1vf-2398,Crunchitos Nacho Chips Blue Heat 75g,150,150,5,8,True,2026-09-05 17:15:09
115949924,r1vf-2411,Crunchitos Nacho Chips Texas BBQ 75g,150,150,7,8,True,2026-09-05 17:15:09
115949921,r1vf-2408,Crunchitos Nacho Chips Peri Peri 75g,150,150,11,8,True,2026-09-05 17:15:09
115949920,r1vf-2407,Crunchitos Nacho Chips Nacho Spicy Cheese 75g,150,150,17,8,True,2026-09-05 17:15:09
139477739,h1ei-821,Salted Almond 100g,367.4,668,1,6,True,2026-08-13 16:03:04
144304715,r1vf-3800,Mack Fries Straight Regular (9x9)mm 1kg,940,940,1,8,True,2026-08-26 16:22:46
17954987,W3GJTK,FRUITAMINS SWEET CORN 184 GM  (Easy Open) (Imported),265,265,3,100,True,2026-09-05 17:11:54
144306015,F9DRSB,FRUITAMINS FRUIT COCKTAIL 227 GM (Thai),380,380,2,0,True,2026-09-05 17:11:54
115894538,8DF8Y6,Glinter Juice Coconut (Zero Sugar) 350ml,450,450,4,0,True,2026-09-05 17:12:28
115894540,CRT75I,Glinter Juice Passion Fruit (Zero Sugar) 350ml,450,450,1,0,True,2026-08-30 14:22:42
115894541,T4XX8A,Glinter Juice Yuzu (Zero Sugar) 350ml,450,450,17,0,True,2026-09-05 17:12:28
115894539,XWM6FN,Glinter Juice Grapefruit (Zero Sugar) 350ml,450,450,10,0,True,2026-09-05 17:12:28
116131353,r1vf-3812,Mack Fries Shoestring (7 x 7)mm 1kg,940,940,2,8,True,2026-08-27 13:55:14
145930229,EXZVZR,Glinter Sparkling Water Pink Guava 350ml,382.5,450,22,0,True,2026-09-05 17:12:28
9506027,M5N5FK,Eurocake Jumbo Swiss Roll Vanilla 1 Unit,189,210,1,50,True,2026-08-28 00:18:31
9506048,9R21F4,Eurocake Jumbo Swiss Roll Double Chocolate 1 Unit,210,210,28,50,True,2026-09-05 17:15:09
7665451,X7J69C,Ideal Irani Dates 500gm,382.5,450,1,4,True,2026-08-04 11:26:50
145721712,r1vf-3192,"Kuvvet Whole Grain Wheat Porridge, 175g",210,210,1,9,True,2026-09-05 17:10:48
145721707,r1vf-3197,Kuvvet Rolled & Flaked Barley Porridge 100g,185,185,4,9,True,2026-09-05 17:10:48
145721711,r1vf-3193,Kuvvet Rolled & Flaked Wheat Porridge 100g,130,130,5,9,True,2026-09-05 17:10:48
145721708,r1vf-3196,"Kuvvet Nutribond Rolled Flaked Barley Porridge, 175g",290,290,2,9,True,2026-09-05 17:10:48
145721713,r1vf-3191,Kuvvet Rolled & Flaked Wheat Porridge 250g,290,290,4,9,True,2026-09-05 17:10:48
145721709,r1vf-3195,Kuvvet Rolled & Flaked Barley Porridge 250g,440,440,4,9,True,2026-09-05 17:10:48
145721714,r1vf-3190,Kuvvet Rolled & Flaked Wheat Porridge 300g,345,345,6,9,True,2026-09-05 17:10:48
145721710,r1vf-3194,"Kuvvet Whole Grain Barley Porridge, 300g",525,525,5,9,True,2026-09-05 17:10:48
115949913,r1vf-2393,Crunchitos Nacho Chip & Cheese 32g,80,80,11,8,True,2026-09-05 17:15:09
115949912,r1vf-2392,Crunchitos Nacho Chips Flaming Heat 32g,80,80,8,8,True,2026-09-05 17:15:09
115949919,r1vf-2399,Crunchitos Nacho Chips Flaming Heat 75g,150,150,4,8,True,2026-09-05 17:15:09
7648691,7VI0O4,Nivea Creme 60ml,499,499,5,8,True,2026-08-29 16:23:11
8009242,7AFY5H,Nivea Deodorant Female Pearl Beauty Spray 150ml,999,999,1,100,True,2026-07-12 10:38:37
145930231,SOMX81,Glinter Sparkling Drink Lemon Flavor 350ml,450,450,18,0,True,2026-08-29 16:18:25
146702543,JZ4OZO,Maggi Hot Cup Ayam Noodles Stand Up Pouch 57g,399,399,32,0,True,2026-09-05 17:14:10
146702960,X3XDEU,Nongshim Shin Ramyun 114g,790,790,2,0,True,2026-07-11 15:59:23
146702982,NIIFVS,"Nongshim Shin Ramyun Spicy Stir Fry Bowl, 103g",790,790,1,0,True,2026-07-30 05:44:22
146702976,ACZ7B2,Nongshim Kimchi Ramyun Big 117g,790,790,1,0,True,2026-08-06 14:10:20
146702541,ZF31U9,Maggi Hot Cup Curry Noodles 64g,399,399,1,0,True,2026-08-12 16:02:14
146702548,LC9KFC,Maggie Curry Noodles 79g,210,210,1,0,True,2026-07-20 06:23:29
146702544,X5R7LZ,Maggi Instant Noodles Asam Laksa 78g,210,210,1,0,True,2026-07-28 14:09:09
146702970,4K8PH2,Nongshim Kimchi | 120 g,650,650,22,0,True,2026-09-05 17:14:10
146702527,8R33XJ,Maggi Noodle Chicken 77g,210,210,9,0,True,2026-07-21 11:11:58
146702536,CRSME0,"Maggi Tom Yam Noodles, 78g",210,210,1,0,True,2026-08-01 10:43:48
146702957,MZVVPS,Nongshim Shin Ramyun 120g,650,650,1,0,True,2026-08-04 16:55:37
141939924,r1vf-3611,Samyang Kimchi Ramen Noodle 120g,474.05,499,1,8,True,2026-07-28 14:09:09
7636840,L9K7ZR,Whipy_Whip Cream 500g,620,620,1,100,True,2026-08-06 05:48:29
11173725,H40LA4,Horlicks Chocolate Flavour Pouch 200g,750,750,13,5,True,2026-09-05 17:10:22
145930236,PQDX0K,Glinter Soft Drink Orange 350ml,382.5,450,22,0,True,2026-09-05 17:12:28
145930233,ZSLNW1,Glinter Soft Drink Blueberry 350ml,352.8,420,18,0,True,2026-08-15 15:22:15
145014247,AFP-000248752,Mentos Mix Fruit Candy Bag 135g,380,380,6,0,True,2026-09-05 17:15:09
115954396,P51HZT,MENTOS CANDY ROLL FRUIT 14GM (Imported),120,120,1,0,True,2026-08-15 15:26:06
115954398,S5F30B,MENTOS CANDY ROLL MINT 14GM (Imported),120,120,6,0,True,2026-08-27 13:53:50
115954397,BAAH7K,MENTOS CANDY ROLL RAINBOW 14GM (Imported),120,120,7,0,True,2026-08-29 09:49:26
145014251,2ZFDEW,Mentos Chewy Candy Mint 135g,380,380,6,0,True,2026-09-05 17:15:09
145573867,3VDSKC,Mentos Berry Pouch (50 Pieces) 135g,380,380,1,1,True,2026-08-03 06:28:24
115954318,7UO1I7,KitKat Chocolate 20.5g,180,180,3,0,True,2026-07-08 11:07:50
142364719,virtual-1228,Crest Xtra Fresh + Strong Teeth Paste 100g,650,650,2,8,True,2026-09-05 17:17:12
8176460,C817X2,Lux Soft Touch Body Wash 250ml,459.08,499,1,5,True,2026-07-22 16:27:02
36759686,DE17E5,Lux Shower Gel Dream Light 250ml,499,499,1,5,True,2026-08-03 12:28:29
9296657,2K849L,Caresse Naturals Hand Wash (Relaxing) 450ml,300,300,7,100,True,2026-09-05 17:17:12
8865744,4T3CE5,Dove Moisturising Hand Wash Fine Silk 250 ml,600,750,2,100,True,2026-07-28 08:40:35
36759739,1MZK52,Schwarzkopf Got2B Dry Shampoo Fresh It Up Extra Fresh 200ml,1200,1200,1,100,True,2026-09-05 17:17:12
8016431,955WNF,Schwarzkopf Got 2B Dry Shampoo Fresh It Up Volume (200 ml ),1200,1200,2,100,True,2026-09-05 17:17:12
8016644,U8X0IT,Schwarzkopf Got2B Dry Shampoo Fresh It Up Texture 200ml,1200,1200,5,100,True,2026-09-05 17:17:12
36432681,E9XH4N,Gillette Blue 2+ Disposable Razor 1 Piece,180,180,8,100,True,2026-09-05 17:17:12
7639815,A7E046,Gillette Blue 3 Comfort Disposable Razor Bag of 3 Pieces,999,999,17,100,True,2026-09-05 17:17:12
115810769,7DB7CV,Dorco Disposable Razor 5 Pieces,249,249,2,0,True,2026-07-23 14:05:34
115810770,4HQ5TU,Gillette Blue II Plus Disposable Razor 10 Pieces,799,799,9,0,True,2026-09-05 17:17:12
115810768,V4HG36,Gillette Venus Simply Basic Pouch Razor 4 Pieces,899,899,9,0,True,2026-09-05 17:17:12
145930230,C1018H,Glinter Soft Drink Kiwi 350ml,382.5,450,22,0,True,2026-09-05 17:12:28
145930237,4QXJ60,Glinter Sparkling Drink Green Apple Flavor 350ml,450,450,16,0,True,2026-08-22 15:23:00
145930234,QKA9N2,Glinter Sparkling Drink Peach Flavor 350ml,382.5,450,24,0,True,2026-09-05 17:12:28
145930232,BD7EB9,Glinter Sparkling Mango 350ml MY,382.5,450,19,0,True,2026-08-29 16:18:25
145930238,Y5RHM2,Glinter Sparkling Drink Lychee Flavor 350ml,450,450,19,0,True,2026-08-21 15:34:29
145930235,OYMYI6,Glinter Sparkling Drink Strawberry Flavor 350ml,450,450,6,0,True,2026-09-05 17:12:28
115727212,8FI5UP,DOVE WHITE BEAUTY CREAM BAR SOAP 90GM,399,399,1,0,True,2026-08-22 03:47:57
115727205,ZL3VY5,DOVE PAMPERING BEAUTY SOAP 90GM,399,399,12,0,True,2026-08-22 15:28:30
115727213,0JKUQ7,Dove Bar Rejuvenating 90g ID,399,399,16,0,True,2026-09-05 17:17:12
115727203,PEBNS1,DOVE NOURISHING BEAURY BAR SOAP 90GM,319.2,399,6,0,True,2026-08-09 15:35:55
115966121,TCOFHE,Nivea Soft Cream 50ml,650,650,3,0,True,2026-09-05 17:17:12
115727218,08493J,DOVE GENTLE EXFOLIATING BAR SOAP 90GM,319.2,399,2,0,True,2026-08-15 15:29:17
115727217,4J5GEF,Dove Soap Sensitive Skin 90gm,399,399,5,0,True,2026-08-22 09:34:34
115966327,9NBGFP,Dove Pampering Beauty Cream Bar 135g Soap (Imported),520,520,1,0,True,2026-09-05 17:17:12
115966123,22L1QJ,Nivea Soft Moisturizing Cream 100ml,750,750,4,0,True,2026-09-05 17:17:12
115966331,virtual-800,Johnson`s Face Care Wipes Refreshing 25 Pieces,849,849,6,8,True,2026-09-05 17:17:12
115727216,42KD1X,DOVE REFRESHING BEAUTY CREAM BAR SOAP 90GM,399,399,24,0,True,2026-07-13 17:20:32
115947594,6BV3AZ,Nivea Roll on Women Whitening Happy Shave 50ml,549,549,23,0,True,2026-09-05 17:17:31
115727215,0AOJ9M,Dove Relaxing Beauty Cream Bar with Coconut Milk 90g,399,399,5,0,True,2026-09-05 17:17:12
140847998,r1vf-4508,Khaas Biscuits Bar Pack (Rs.20) 12 Pieces,220.8,240,12,5,True,2026-07-18 16:01:51
140456841,r1vf-4009,Mayfair Special Egg & Milk Cookies Classic Snack Pack (Rs 10) 24 Packets,240,240,2,8,True,2026-08-21 15:37:40
140507406,r1vf-2254,Zeekos BBQ Flavor Large,550,550,1,8,True,2026-07-15 13:47:47
146640006,r1vf-11149,Velvetti Praline Dairy Ice Cream 1300ml,920,1150,3,4,True,2026-09-05 17:16:18
146640008,r1vf-11150,Walls Viennetta Stick Ice Cream 90ml,96,120,5,20,True,2026-07-17 13:33:18
146639159,r1vf-111558,Omore Starlit Stick 75ml,150,150,14,8,True,2026-09-05 17:16:18
146639053,r1vf-11151,Wall's Twister Island Mini 50ml,64,80,44,50,True,2026-09-05 17:16:18
146639730,r1vf-111557,Omore Berry Up Stick 35ml,30,30,5,8,True,2026-09-05 17:16:18
145166936,r1vf-10828,Skipper Powerplay Only Pod 16k Puffs Intense Series Watermelon Bubblegum Ice 1 Unit,2599,2799,9,8,True,2026-09-05 17:16:52
146830629,XLP4H5,Impulse Balanced Mind Jade Body Fragrance Mist 150ml,950,950,5,0,True,2026-09-05 17:17:12
146830630,ZXDXKO,Suave Kids (3 in 1) Silly Apple 1 Unit,1199,1199,5,0,True,2026-09-05 17:17:52
55234676,mirror1,(Consume by Today) brightfarms Fresh Banana (Kela) Half Dozen,83.3,119,10,0,True,2026-08-29 16:26:14
56866826,mirror22,(Consume by Today) brightfarms Fresh Mutton Mix 500g,1154.3,1649,1,0,True,2026-07-07 12:07:27
140481304,r1vf-4045,(Consume by Today)brightfarms Peeled Garlic Chila Hua Lehsun (Pakistan) 250g,62.3,89,3,8,True,2026-07-15 16:33:35
140481302,r1vf-4043,(Consume by Today)brightfarms Spring Onion -Hari Piyaz (Pakistan) 250g,41.3,59,1,8,True,2026-08-24 13:00:50
7645524,9M0KA6,Super Crisp Chips BBQ Rs. 100,100,100,11,100,True,2026-09-05 17:15:09
146563881,r1vf-9830,Bisconni Rite Vanilla Snack Pack,320,320,11,16,True,2026-07-11 16:03:24
146654310,L7HQAW,Dove Restoring Beauty Cream Bar with Blue fig 90g,399,399,11,0,True,2026-08-29 16:23:11
145905574,r1vf-11062,Express Power Bar 200g,70,70,7,0,True,2026-09-05 17:18:37
145905575,r1vf-11028,Express Power Bar 380g,135,135,3,0,True,2026-09-05 17:18:37
143282295,Mirror-107,brightfarms Chicken Karhai Cut (Consume by Today) 500g,244.3,349,1,8,True,2026-07-16 11:00:42
143282293,Mirror-105,brightfarms Chicken Standard Cut (Consume by Today) 500g,223.3,319,3,8,True,2026-08-14 10:00:42
55234680,mirror5,(Consume by Today) brightfarms Chicken Biryani Cut 1kg,461.3,659,1,0,True,2026-08-14 10:00:42
61340063,mirror32,(Consume by Today) brightfarms Fresh Lemon - Desi Nimbu (Pakistan) 250g,28.7,41,12,0,True,2026-07-23 11:19:13
55234691,mirror16,(Consume by Today) brightfarms Capsicum Green (Shimla Mirch) 250g,28.7,41,1,0,True,2026-07-20 11:57:10
140481323,r1vf-4067,(Consume by Today)brightfarms Sapodilla -Chiku (Pakistan) 500g,139.3,199,5,8,True,2026-07-31 14:14:52
115742224,mirror-136,BrightFarms Capsicum Green (Shimla Mirch) 500g (Consume by Today),53.9,77,2,0,True,2026-07-20 11:57:10
115742228,mirror-143,Green Chilli Thick 250g (Consume by Today),27.3,39,3,0,True,2026-08-13 13:21:44
145448737,r1vf-2873,Fitlicious Almond Chia Granola 90g - No Added Sugar,590,590,24,8,True,2026-09-05 17:10:48
145448747,r1vf-2867,Fitlicious Cinnamon Pecan Granola 90g,590,590,26,8,True,2026-09-05 17:10:48
145448745,r1vf-2869,Fitlicious Choco Vanilla Granola 90g,590,590,20,8,True,2026-09-05 17:10:48
145448751,r1vf-2863,Fitlicious Cranberry Pistachio Granola 90g,590,590,31,8,True,2026-09-05 17:10:48
145448753,r1vf-2879,Fitlicious Crunchy Cocoa Cereal 75g,590,590,26,8,True,2026-09-05 17:10:48
28231012,6ROYRA,(Consume by Today) brightfarms Duseri Mango 500g,489.3,699,4,100,True,2026-07-25 16:15:37
115742219,mirror-127,brightfarms Lemon - Desi Nimbu (Pakistan) 500g (Consume by Today),58.1,83,3,0,True,2026-07-23 11:19:13
28230995,M370L0,brightfarms Apple Gacha 1kg�,499,499,7,100,True,2026-09-05 17:20:36
9057968,D2B5VJ,Quice Original Peach Drink 300ml,50,50,10,100,True,2026-09-05 17:12:28
145560672,8IPD0G,Koka Spicy Prawn Instant Noodles 85g,288,320,19,1,True,2026-09-05 17:14:10
145560690,AVA3VQ,Koka Bowl Noodle Tom Yum 90g,693,770,12,1,True,2026-09-05 17:14:10
145560671,HGUJ35,Koka Pepper Crab Noodles 85g,288,320,27,1,True,2026-09-05 17:14:10
145560686,PQUX66,Koka Buff Flavour Noodle 90G,693,770,12,1,True,2026-09-05 17:14:10
140618561,r1vf-2150,Koka Chicken & Corn Instant Cup Noodles 70g,454.3,649,21,50,True,2026-09-05 17:14:10
12691255,G0J2EW,Meaoon Cat Litter Coffee 5 Ltr (Imported),999,999,3,100,True,2026-09-05 17:19:46
12691251,B24DVK,Meaoon Cat Litter Lemon 5 Ltr (Imported),999,999,2,100,True,2026-09-05 17:19:46
12691253,A7U4B4,Meaoon Cat Litter Apple 5 Ltr (Imported),999,999,6,100,True,2026-09-05 17:19:46
12691245,5Y70C1,Meaoon Cat Litter Original 5 Ltr (Imported),999,999,2,100,True,2026-09-05 17:19:46
12691248,XOA455,Meaoon Cat Litter Lavendat 5 Ltr (Imported),999,999,1,100,True,2026-09-02 13:26:36
61340069,mirror35,(Consume by Today) brightfarms Fresh Banana 2 Pieces (Sindh),28.7,41,2,0,True,2026-08-23 15:34:13
140481318,r1vf-4061,(Consume by Today)brightfarms Peas -Matar (Pakistan) 500g,83.3,119,2,8,True,2026-07-20 11:57:10
139543816,r1vf-1874,Innovative Tooo Gud Egg & Milk Cookies Munch Pack (Rs 20) 432g,240,240,5,8,True,2026-07-26 16:06:15
144305997,NL5ZRA,Ovaltine 400g,1399,1399,5,0,True,2026-09-05 17:10:48
146970772,AGFURV,Labello Cherry Shine 4.8g,1000,1000,12,0,True,2026-09-05 17:17:12
146970792,EMIL25,Labello Blackberry Shine Lip Balm 4.8ml,650,650,10,0,True,2026-09-05 17:17:12
146970793,OWT4DO,Labello Vegan Watermelon Shine Caring Lip Balm 4.8g,585,650,15,0,True,2026-09-05 17:17:12
146970788,JCMJYW,Adidas UEFA N11 Goal Edition Shower Gel 400ml,1099,1099,1,0,True,2026-08-23 09:33:22
8866651,95VYVR,Batiste Dry Shampoo & Conditioner Coconut And Exotic Tropical 200 ml,1349,1349,5,100,True,2026-09-05 17:17:12
7629181,1LX1JC,Batiste Dry Shampoo Fresh Breezy Citrus 200ml (Imported),1349,1349,6,100,True,2026-09-05 17:17:12
146970766,r1vf-991,Dove Baby Lotion Sensitive Skin Care 200ml,850,850,3,3,True,2026-09-05 17:17:52
146970781,virtual-295,Pledge Multi Surface 5 in 1 Jasmine 250ml,849,849,6,8,True,2026-09-05 17:18:37
146970786,2JOLKX,Febreze Air Freshener Air Mist Citrus & White Verbena Lenor 1 Unit,999,999,5,0,True,2026-09-05 17:18:37
146970785,GE9PSH,Febreze Spring Awakening Lenor Air Freshner 185ml,999,999,3,0,True,2026-09-05 17:18:37
7653807,TZG5VA,Me-O Persian Anti Hairball Formula Cat Food (Imported) 1.1kg,2950,2950,6,100,True,2026-09-05 17:19:46
7659637,6OUB80,Eurocake Twin Cakes Chocolate 1 Unit,120,120,15,50,True,2026-08-28 00:18:31
139755072,virtual-128,Eurocake Jumbo Croissant Honey 1 Unit,210,210,4,50,True,2026-09-05 17:15:09
140874918,virtual-360,Mara Italian Goodness Red Kidney Beans 400g,350,350,19,8,True,2026-09-05 17:11:54
61340065,mirror33,(Consume by Today) brightfarms White Button Mushrooms (UAE),209.3,299,1,0,True,2026-08-10 16:11:52
140951299,mirror-44,(Consume by Today)brightfarms Banana (Kela) Small Size Half Dozen,79.1,113,3,8,True,2026-08-29 16:26:14
115742229,mirror-145,Spinach (Palak) 500 g (Consume by Today),49.7,71,1,0,True,2026-08-28 15:07:12
115742230,mirror-146,Bright Farms Sweet Potato (Shakarkandi) 1kg (Consume by Today),146.3,209,2,0,True,2026-08-24 13:00:50
115947850,r1vf-6760,Yummy Ice Cream Vanilla Bar 55ml,30,30,23,8,True,2026-09-05 17:16:18
115947851,r1vf-6766,Yummy Ice Cream Mango Bar 55ml,30,30,38,8,True,2026-09-05 17:16:18
115947829,r1vf-10666,Yummy Ice Cream Donut 65ml,100,100,1,8,True,2026-08-22 09:32:18
115947831,r1vf-10667,Yummy Ice Cream Chocon 65ml,60,60,23,8,True,2026-09-05 17:16:18
115947825,r1vf-10670,Yummy Ice Cream Kulfa Paper Pack 400ml,250,250,5,8,True,2026-09-05 17:16:18
115947827,r1vf-10671,Yummy Ice Cream Mango Family Pack 800ml,450,450,1,8,True,2026-09-05 17:16:18
115947826,r1vf-10669,Yummy Ice Cream Kulfa Family Paper Pack 800ml,480,480,1,8,True,2026-09-05 17:16:18
146970783,TKTAPZ,Lady Speed Stick Shower Fresh Deodorant 65g,1199,1199,9,0,True,2026-08-22 15:28:49
146970767,M0R5P6,Adidas Ice Dive Deodorant Body Spray 150ml,1099,1099,10,0,True,2026-09-05 17:17:31
146970797,14V473,Adidas Victory League Deo Body Spray 150 Ml Eu,1099,1099,11,0,True,2026-09-05 17:17:31
140481319,r1vf-4062,(Consume by Today)brightfarms Iceberg Lettuce (Pakistan) 200g-250g,123.9,177,1,8,True,2026-08-17 15:36:29
42947251,1I7JXE,Pepsi Zero Sugar PET 345ml,53.3,65,167,12,True,2026-09-05 17:12:28
42947260,7HZ1J6,Pepsi Zero Sugar Can 250ml,73.8,90,213,12,True,2026-09-05 17:12:28
7663379,88085A,Pepsi Can 250ml,90.2,110,24,12,True,2026-08-28 00:16:42
140481311,r1vf-4053,(Consume by Today)brightfarms Broccoli (Swat ) 500g,335.3,479,1,8,True,2026-09-05 17:20:36
141617130,r1vf-27034,Choco Bites Double Chocolate Chip 82g,294.4,320,1,5,True,2026-07-23 16:31:30
146639999,r1vf-111559,Omore Praline 725ml,520,520,10,8,True,2026-09-05 17:16:18
145448738,r1vf-2872,Fitlicious Almond Chia Granola 300g - No Added Sugar,1850,1850,1,8,True,2026-09-05 17:10:48
139543755,r1vf-1836,Innovative Goodies Lemon Mini Half Roll Box,240,240,9,8,True,2026-09-05 17:15:09
18885932,092941,Derma Clear Creame Developer 100ml,385,385,3,100,True,2026-08-29 16:23:11
115992111,r1vf-1993,Sweepy Power Clean Lemon Toilet Bowl Cleaner 500ml,310.5,345,2,0,True,2026-09-05 17:18:37
115992112,r1vf-1994,Sweepy Power Clean Lavender Toilet Bowl Cleaner 500ml,310.5,345,2,0,True,2026-07-29 06:00:51
115992110,r1vf-1992,Sweepy Power Clean Rose Toilet Bowl Cleaner 500ml,310.5,345,11,0,True,2026-09-05 17:18:37
115742240,mirror-168,Cabbage Green (Bund Gobi) Per Piece (Consume by Today),20.3,29,13,0,True,2026-07-17 11:00:31
141856070,B2TZC8,Best Day Classic Instant Coffee 50g,650,650,1,0,True,2026-09-05 17:14:50
145927260,VCDRN6,Fox's Coffee World 90g,399,399,24,0,True,2026-09-05 17:15:09
116130759,P0PA1W,Butterfly Breathables Organic Cotton Extra Long Pads 10 Pieces,450,450,15,0,True,2026-09-05 17:17:12
116130758,6LE0UO,Butterfly Breathables Organic Cotton Long Pads 10 Pieces,430,430,25,0,True,2026-09-05 17:17:12
116130757,N8Y68F,Butterfly Ultra Thin X-Long 14 Pieces,680,680,13,0,True,2026-09-05 17:17:12
116130756,H4LUVS,Butterfly Ultra Thin Long 16 Pieces,680,680,14,0,True,2026-09-05 17:17:12
140951314,mirror-64,(Consume by Today)brightfarms Peelad Peas -Matar (Pakistan) 250g,83.3,119,1,8,True,2026-08-23 12:52:06
28231426,4B7E27,(Consume by Today) brightfarms Sindhri Mango Box 4kg - 4.5kg,1749.3,2499,1,100,True,2026-07-17 16:27:19
7956292,97TS71,Murree Brewery's Bigg Lychee 500ml,83,83,2,6,True,2026-07-30 11:11:00
146971670,WK91HA,Vaseline Lip Therapy Petroleum Jelly Rosy Lips 10g,599,599,1,0,True,2026-07-22 08:37:41
146970774,SEOP36,Dove Hydrating Care Lip Balm 4.8g,670,670,19,0,True,2026-09-05 17:17:12
146970776,NH8YB3,Macleans Whitening Toothpaste 100ml,595,595,8,0,True,2026-09-05 17:17:12
8866615,LE70P5,Batiste Instant Hair Refresh Dry Shampoo Original 200ml,1349,1349,5,100,True,2026-09-05 17:17:12
36760030,17NY2V,Batiste Dry Floral and Flirty Blush Shampoo 200ml,1349,1349,5,100,True,2026-09-05 17:17:12
146970789,OMUF82,Batiste Lifted Dry Shampoo 280ml,1350,1350,3,0,True,2026-09-05 17:17:12
146970784,OAF09D,Febreze Air Mist Freshener Exotic Bloom Lenor 185ml,999,999,7,0,True,2026-09-05 17:18:37
146970775,BW3904,Febreze Ocean Escape Lenor Air Freshner 185ml,999,999,4,0,True,2026-09-05 17:18:37
17055372,FQF6P0,Naturelle Sarson Oil 1 Ltr Bottle,743.36,808,1,10,True,2026-07-18 07:52:33
146885144,r1vf-6075,Korneez Original Salted Peanuts Rs. 90,110,110,11,8,True,2026-09-05 17:15:09
146885145,r1vf-6076,Korneez Cheese Pufferz Rs. 90,110,110,65,8,True,2026-09-05 17:15:09
140951312,mirror-62,(Consume by Today)brightfarms Cauliflower Phool Gobi Piece (500-700g),179.9,257,1,8,True,2026-08-31 19:00:25
115742231,mirror-147,Bottle Gourd Long (Lambi Lauki) 500 g (Consume by Today),28.7,41,1,0,True,2026-08-09 13:00:37
139768446,r1vf-3002,Quaker White oats 200gm,300,300,20,30,True,2026-09-05 17:10:48
35131238,D6OU02,Caresse Ultra Care Skin Repairing & Soothing Lotion 200ml,525,525,1,100,True,2026-08-29 16:23:11
13121990,LF340S,Color Studio Nail Polish Remover (Moisture Balance),361.35,495,2,100,True,2026-09-05 17:17:12
13121994,2419ZF,Color Studio Nail Polish Remover (Ultra Strength),361.35,495,5,100,True,2026-09-05 17:17:12
13432245,FWAUUI,Familia Facial Tissue 2 Ply 550 Pieces,425,425,3,100,True,2026-09-05 17:17:12
146954200,8000106962,Mr Muscle Multi Purpose Cleaner (3in1) Lavender Scent 1L,1000,1100,9,0,True,2026-09-05 17:18:37
146954199,8000106961,Mr Muscle Multi Purpose Cleaner (3in1) Floral Scent 1L,1000,1100,11,0,True,2026-09-05 17:18:37
43020501,503TIY,LU Candi Biscuits Original Ticky Pack 30 Packets,270,300,5,3,True,2026-08-22 15:26:10
146970791,2E80P9,Dove Exfoliating Body Polish 298g,2799,2799,4,0,True,2026-09-05 17:17:12
35129958,4S960T,Pantene Anti Hairfall Shampoo 360ml,750,750,1,100,True,2026-07-23 08:37:00
145166294,Y5E1HW,Mito Premium Kitten Food with Chicken 1kg,1799,1799,3,100,True,2026-09-05 17:19:46
145559528,FNP414,BonaCibo Adult Cat Chicken | 2kg,4299,4299,10,100,True,2026-09-05 17:19:46
146946189,RBS35V,BonaCibo Kitten Chicken | 1.5kg,4299,4299,10,100,True,2026-09-05 17:19:46
145559529,CE248T,Josera Catelux Cat 2Kg,5399,5399,2,100,True,2026-09-05 17:19:46
61340051,mirror26,(Consume by Today) brightfarms Fresh Mutton Leg 500g,1189.3,1699,1,0,True,2026-07-19 10:40:14
146970790,EHEX00,Dove Exfoliating Body Polish Brown Sugar and Coconut Butter 10.5oz,2799,2799,1,0,True,2026-08-28 00:21:18
28232106,A814Z4,brightfarms Sweet Lime (Mitha) 500g,99,99,3,0,True,2026-09-05 17:20:36
115947857,r1vf-6761,Yummy Ice Cream Pistachio 800ml,480,480,8,8,True,2026-09-05 17:16:18
115947828,r1vf-10672,Yummy Ice Cream Tutti Frutti Paper Pack 800ml,450,450,5,8,True,2026-09-05 17:16:18
147052553,r1vf-4097,Nescafe Ice Roast Soluble Coffee 1.5g,28.8,32,26,8,True,2026-09-05 17:14:50
27210908,I70J56,Josh Condoms Classic 4 Pieces,96,120,1,100,True,2026-07-24 13:52:35
7643341,7W9431,Whiskas Chicken 400G,1199,1199,2,100,True,2026-09-05 17:19:46
7635624,4FP84Z,Zam Zam Irani Dates 500 g,405,450,1,100,True,2026-08-02 06:04:12
7635631,71VE44,Zam Zam Dates Mabroom 200g,1200.8,1264,3,100,True,2026-09-05 17:15:09
7635635,7R6GG3,Zam Zam Amber Dates 200 g,1109.6,1168,3,100,True,2026-09-05 17:15:09
47838441,r1vf-68,Rubai Dates (Khajoor)  500g,552.9,582,1,10,True,2026-08-08 06:55:27
141249326,r1vf-2738,LUX RAINBOW PACK SOAP BAR 130G,450,450,1,5,True,2026-09-03 18:30:21
7640076,K3A0JY,Arizona Fields Sandwich Cheese Slices 200 g,810,810,6,100,True,2026-09-05 17:10:22
7640055,59183V,Arizona Fields Pizza Cheese Slices 200 g.,810,810,1,100,True,2026-09-05 17:10:22
140951307,mirror-53,(Consume by Today)brightfarms Ladyfinger -Bhindi (Sindh) 500g,41.3,59,2,8,True,2026-08-23 15:34:13
146971683,BBT4PQ,Tropicana Slim Sweet Honey Stevia Sweetener (50 Sachets) 100g,1035,1150,23,0,True,2026-09-05 17:10:48
146971682,W1U5IX,Tropicana Slim Sweet Honey Stevia Sweetener Sachet 100 x 2g,1845,2050,23,0,True,2026-09-05 17:10:48
146971684,E5YILT,"Tropicana Slim Sugar-Free Honey, 350ml",1889.1,2099,12,0,True,2026-09-05 17:10:48
146971653,7VNR2X,Deva Organic Apple Strawberry & Banana 190g,750,750,4,0,True,2026-09-05 17:12:28
146971654,NX067E,Deva Organic Strawberry & Apple (6+ Months) 200g,750,750,5,0,True,2026-09-05 17:12:28
9696421,I2G7QW,Private Club Coffee French Vanilla 50g (Imported),730,730,14,100,True,2026-09-05 17:14:50
9696643,N1Q415,Private Club Coffee Hazelnut 50g (Imported),730,730,11,100,True,2026-09-05 17:14:50
9696784,3H2Y6F,Private Club Coffee Caramel 50g (Imported),730,730,17,100,True,2026-09-05 17:14:50
9696783,X8R507,Private Club Coffee Espresso 50g,730,730,22,100,True,2026-09-05 17:14:50
146971685,MTGCNH,Tropicana Slim Stevia Sweetener Refill Pack 250g,1395,1550,12,0,True,2026-09-05 17:14:50
146563883,r1vf-9832,Bisconni Chocolatto Original Snack Pack,320,320,1,16,True,2026-09-04 07:51:36
11208664,A2W5Q8,Vaseline L.T Rosy Lips Lip Balm Poland 20g ,550,550,3,100,True,2026-09-04 18:13:27
8176948,236UO1,Dove Body Wash Go Fresh Lavender X Chamomile (Imported) 1000ml,2099,2099,7,100,True,2026-09-05 17:17:12
35133149,85J8GT,Bold Deo Moisturizing Soap 135Gm Noir,172.5,230,1,0,True,2026-07-26 06:13:29
146900894,r1vf-1957,Bold Blaze Body Spray 120ml,800,800,6,20,True,2026-09-05 17:17:31
9036622,5MX24O,"Deva Baby Food Apple, Pear & Raspberry 7+ Months 200g",750,750,4,100,True,2026-09-05 17:17:52
7658108,RIF5CX,Scrub Shine Spiral Large Single,150,150,11,20,True,2026-09-05 17:18:37
146900891,r1vf-1941,Scrub Shine Scouring Pad Regular 1 Piece,45,45,7,20,True,2026-09-05 17:18:37
146900892,r1vf-1939,Scrub Shine Stainless Steel Spiral 12 Packets,880,880,12,20,True,2026-09-05 17:18:37
9133739,0B676J,Whiskas Cat Food Salmon Jelly Tin 400g,1099,1099,6,100,True,2026-09-05 17:19:46
146971662,2TPBDZ,Tropicana Slim Stevia Sweetener Diet Sticks 25 Pieces,799,799,19,0,True,2026-09-05 17:21:00
146971668,virtual-1054,Tropicana Slim Stevia Sweetener 250g,2195,2195,10,8,True,2026-09-05 17:21:00
146971666,virtual-898,Tropicana Slim Stevia Sweetener 50 Pieces 125g,1199,1199,24,8,True,2026-09-05 17:21:00
146971661,MN8J0N,Tropicana Slim Stevia with Chromium (25 Pieces) 62.5g,637.5,750,21,0,True,2026-09-05 17:21:00
146971667,virtual-918,Tropicana Slim Stevia Diet Sticks 75g,1299,1299,23,8,True,2026-09-05 17:21:00
36759980,X7AL57,Aquafresh Mouth Wash Fresh Mint New 500 ml,950,950,5,100,True,2026-09-05 17:17:12
8014616,8258UZ,Tampax Super Plus 20 Piece,1399,1399,1,100,True,2026-08-26 03:57:34
8014655,70CM72,Tampax Cardboard Applicator Super 20 Pieces,1399,1399,7,100,True,2026-09-05 17:17:12
145320433,IFZJPD,Whiskas 1+ Meaty Meals in Gravy 85g,3099,3099,2,0,True,2026-09-05 17:19:46
143752490,I6WQMV,Whiskas Kitten Mixed Menu Jelly,3099,3099,2,0,True,2026-08-21 06:55:00
145928335,VCRCO2,Whiskas 1+ Fish Favourites in Jelly 12pcs x 85g,3099,3099,9,0,True,2026-09-05 17:19:46
145928334,NKI5X7,Whiskas 1+ Poultry Feasts Adult Wet Cat Food Pouches in Gravy 12 x 85g,3099,3099,2,0,True,2026-09-05 17:19:46
145928333,075UAQ,Whiskas 1+ Tastymix Chef's Choice 12 x 85g,3099,3099,1,0,True,2026-09-05 17:19:46
144091632,H100315,Hico Cookie Crave Ice Cream Sandwich 1 Piece,225,225,80,8,True,2026-09-05 17:16:18
13122244,MWJRC2,(Consume by Today) brightfarms Langra Mango 1kg,332.5,475,1,100,True,2026-07-25 16:15:37
141088162,r1vf-1637,Capri-sun Juice Strawberry 200ml,224,280,28,8,True,2026-09-05 17:12:28
146971677,0UNYDZ,Closeup Toothpaste Original Red 90g,297.5,350,33,0,True,2026-09-05 17:17:12
146970768,7WTGDP,Adidas Men's Fresh Endur Shower Gel 400ml,1150,1150,7,0,True,2026-09-05 17:17:12
146971680,26GH3P,Gillette Sensitive Shaving Foam 200ml,1050,1050,4,1,True,2026-09-05 17:17:12
143282302,Mirror-114,(Consume by Today)brightfarms Chicken Gizzard 1kg,332.5,475,2,8,True,2026-09-04 13:10:57
115742220,mirror-128,Ridge Gourd (Torayi) 500 g (Consume by Today),77,110,2,0,True,2026-08-25 06:57:15
146831906,r1vf-6053,TUC Salted Snack Pack 8 Pieces,400,400,17,8,True,2026-07-25 16:09:16
146831909,r1vf-6054,LU Bakeri Nankhatai Snack Pack 8 Pieces,380,400,6,8,True,2026-08-29 16:20:59
146971681,5N5JMB,Milna Baby Biscuit Banana 130g,660,660,9,1,True,2026-08-22 15:26:10
146970794,virtual-176,Astor Matcha Green Tea Waffer Stick 40g,220,220,21,9,True,2026-09-05 17:15:09
56866821,mirror20,(Consume by Today) brightfarms Fresh Chicken Tikka Leg 1kg,437.5,625,1,0,True,2026-08-13 10:04:57
115742233,mirror-151,brightfarms garlic china (Lehsan) 500g (Consume by Today),100.1,143,2,0,True,2026-07-26 13:35:17
140481315,r1vf-4057,(Consume by Today)brightfarms Iceberg Lettuce (Pakistan) 250g,125.3,179,1,8,True,2026-07-26 13:35:17
146831910,r1vf-6055,Zeera Plus Cumin Snack Pack 8 Pieces,360,400,8,8,True,2026-08-16 15:25:03
146970770,GHOSAX,Astor Chocolate 150g,599,599,17,0,True,2026-08-29 16:20:59
146830632,M7LGWY,Dove Go Fresh P.&AV.Body Spray 150ml AR,1099,1099,6,0,True,2026-08-22 15:28:49
147334153,PCI-001,7Up PET 1.5l + Shan Pilau Biryani Masala 45g,280,350,26,2,True,2026-09-05 17:14:30
147334154,PCI-005,7Up PET 1.5l + Shan Sindhi Biryani Masala 55g,280,350,44,2,True,2026-09-05 17:14:30
147334155,PCI-006,Pepsi PET 1.5l + Shan Sindhi Biryani Masala 55g,280,350,91,2,True,2026-09-05 17:14:30
147334147,PCI-002,Pepsi PET 1.5l + Shan Pilau Biryani Masala 45g,280,350,26,2,True,2026-09-05 17:14:30
147334150,PCI-003,7Up PET 1.5l + brightfarms Lemon - Desi Nimbu (Pakistan) 250g,231.2,289,44,2,True,2026-09-05 17:20:36
147334141,PCI-004,7Up PET 1.5l +  brightfarms Mint Leaves (Podina) 1 Bunch,175.2,219,21,2,True,2026-09-05 17:20:36
17954976,93Q869,Fruitamin fruit cocktail 545g,670,670,17,6,True,2026-09-05 17:11:54
140481300,r1vf-4041,(Consume by Today)brightfarms Grapes Sunder Khani (Afghanistan) 500g,293.3,419,1,8,True,2026-09-03 13:26:56
139814187,r1vf-3412,(Consume by Today) brightfarms Chaunsa Mango (Export Quality) 1.8kg - 2kg,489.3,699,1,8,True,2026-07-28 11:27:19
144304748,QNLLQG,DEWDROP MUSHROOM PIECES & STEMS 350 G,299,299,11,0,True,2026-09-05 17:11:54
145166925,TWSPXX,DEWDROP SWEETCORN 350 G,270,270,23,0,True,2026-09-05 17:11:54
9687612,803414,DEWDROP RED KIDNEY BEANS 350G,247.5,330,23,100,True,2026-09-05 17:11:54
144306050,8XRELZ,DEWDROP MUSHROOM WHOLE 350 G,399,399,23,0,True,2026-09-05 17:11:54
145166924,1NEGM9,Dew Drop Fruita Cocktail in Heavy Syrup 750g,650,650,4,0,True,2026-09-05 17:11:54
7628895,K6QMP3,Dashi Chicken Vegetable Soup 57g,156.75,165,137,100,True,2026-09-05 17:11:54
9066672,Q4M587,Arbella Pasta Whole Wheat Fusilli 400g (Imported),620,620,11,0,True,2026-09-05 17:14:10
16422799,YH026X,Ahmed Garlic Ginger Paste 320g,340,400,10,3,True,2026-09-05 17:14:30
37915463,83T55E,BUY 2 GET 1 - Lipton Green Mix Berries,600,600,2,0,True,2026-09-05 17:14:50
8663714,CQ9834,Bon Aroma Imported Coffee Gold 100g,1955,1955,1,100,True,2026-09-05 07:30:33
144113011,r1vf-2730,Tikit Murgh Masala Rs. 30,30,30,7,8,True,2026-08-11 10:03:52
144113007,r1vf-2745,Patti Fri Salsa Rs. 20,20,20,6,8,True,2026-08-07 13:06:08
144113040,r1vf-30013,Tikit Cheezy Maska Rs. 30,30,30,1,8,True,2026-08-10 16:05:49
144113073,r1vf-30001,Winner Daal Shaal Mirch Masala Rs. 30,30,30,1,8,True,2026-08-05 16:46:56
145166922,L4LOSR,Dew Drop Chia Seeds Black Pure and Natural 250g,1195,1195,3,0,True,2026-09-05 17:15:09
144306048,FEGKUT,Dewdrop Cocos World Egg Bold Blue 55g,199,199,46,0,True,2026-09-05 17:15:09
144306046,B8REJV,Dewdrop Cocos World Egg Magical Purple 1 Unit,199,199,36,0,True,2026-09-05 17:15:09
9066553,EKNN12,Confident Sparkle Fresh Medium T.B,225,225,12,100,True,2026-09-05 17:17:12
146945794,EVR104,Capri Antibacterial Tea Tree Hand Wash 1000ml,790,790,5,0,True,2026-09-05 17:17:12
146945793,2VX5DF,Capri Hand Wash Strawberry Softners 1000ml,790,790,6,0,True,2026-09-05 17:17:12
146945788,S4GMEO,Hypro Antibacterial Soap 128g,100,100,9,0,True,2026-09-05 17:17:12
146945787,KT6OMW,Hypro Extra Soap White 128g,100,100,10,0,True,2026-09-05 17:17:12
146945789,NEZL28,Hypro Soap Energetic 128g,100,100,7,0,True,2026-09-05 17:17:12
146945792,A6ZYRH,Capri Hand Wash Aloe-Nurture 1000ml,790,790,5,0,True,2026-09-05 17:17:12
146945786,IZOHEA,Hypro Hygiene Extra Top Defence Soap 3 Pieces,280,280,7,0,True,2026-09-05 17:17:12
146945791,UXWBXB,Hypro Soap Energetic (Save Pack) 3 x 128g,280,280,5,0,True,2026-09-05 17:17:12
146945790,HZGQXS,Hypro Hygiene Fresh Intense Fresh Soap 3 Pieces,280,280,6,0,True,2026-09-05 17:17:12
146971652,virtual-212,Me-O Kitten Food Chicken Chunk in Gravy 80g,299,299,3,8,True,2026-09-01 14:08:22
146971664,virtual-225,Me-O Cat (PCH) Tuna Topping White Fish | 80 g (00001),280,280,40,8,True,2026-09-05 17:19:46
146971669,virtual-1290,Me-O Chicken With Rice & Tuna Adult Cat Food 80g,280,280,34,6,True,2026-09-05 17:19:46
146971650,KF1T3G,ME-O Cat Food Chicken with Rice and Crab Stick 80g,252,280,36,0,True,2026-09-05 17:19:46
146971659,BU4ZJQ,Me-O Cat (PCH) Sardine with Chicken & Rice | 80 g,252,280,32,0,True,2026-09-05 17:19:46
146971651,virtual-226,Me-O Cat (PCH) Tuna with Chicken in Jelly | 80 g,252,280,24,8,True,2026-09-05 17:19:46
146971671,AYD2B4,Purina Gourmet Perle Mini Gravy with Beef 85g,399,399,21,0,True,2026-09-05 17:19:46
146971649,HFP3JK,Whiskas Temptations with Chicken & Cheese 60g,650,650,10,0,True,2026-09-05 17:19:46
146971658,4K5OWD,ME-O Cat Food Chicken with Rice and Carrot 80g,280,280,44,0,True,2026-09-05 17:19:46
146970771,PRYIV1,Me-O Cat Food Mackerel 450g,1199,1199,18,0,True,2026-09-05 17:19:46
7653778,A7HF4W,Me-O Adult Tuna Cat Food 450g,1079.1,1199,17,100,True,2026-09-05 17:19:46
146971673,577YRJ,"Felix Goody Bag Original Chicken, Liver and Turkey Cat Treats 60g",550,550,19,0,True,2026-09-05 17:19:46
145928322,O2SBUS,Dreamies Cat Food Crunchy Outside Irresistible Catnip Flavor 1 Unit,650,650,22,0,True,2026-09-05 17:19:46
146971657,F7EJ57,Me-O Adult Cat Food Gourmet 400g,1079.1,1199,18,0,True,2026-09-05 17:19:46
145928337,DG8OP2,Dreamies Cat Food Shakeups Multivitamin Seafood 55g,585,650,16,0,True,2026-09-05 17:19:46
146970778,J41OR8,Me-O Creamy Treats Bonito 4 x 15g,522,580,17,0,True,2026-09-05 17:19:46
145928323,4FTUJ6,Dreamies Chicken 60g,650,650,22,0,True,2026-09-05 17:19:46
146970779,RPXHD1,Me-O Creamy Treats Maguro Packet 4 x 15g,522,580,21,0,True,2026-09-05 17:19:46
146970777,PRG45K,Me-O Creamy Treats Tuna and Tomato Flavour 4 x 15g,522,580,21,0,True,2026-09-05 17:19:46
146970780,LOBXC5,Me-O Chicken & Vegetable Adult Cat Food 1.2kg,2950,2950,6,0,True,2026-09-05 17:19:46
146970782,virtual-557,Me-O Creamy Tuna with Goat Milk 4 x 15g,580,580,21,8,True,2026-09-05 17:19:46
145928344,MJHVEM,Dreamies Beef 1 Packet,585,650,24,0,True,2026-09-05 17:19:46
7653780,B43CJO,Me-O Persian Kitten Food 400g,1079.1,1199,17,100,True,2026-09-05 17:19:46
146971674,DL8KFI,Whiskas Dentabites with Chicken 40g,650,650,9,0,True,2026-09-05 17:19:46
7653787,L86FV1,Meo Cat Food Beef & Vegetable 1.2kg,2950,2950,3,100,True,2026-09-05 17:19:46
146970796,virtual-736,Me-O Seafood Platter In Prawn Jelly Cat Food 400g,989.1,1099,22,9,True,2026-09-05 17:19:46
146971665,virtual-556,Me-O Creamy Treats Salmon Flavor 4 x 15g,522,580,11,8,True,2026-09-05 17:19:46
146971686,HBO75L,Felix Cat Food Goody Bag Seaside Mix 60g,550,550,21,0,True,2026-09-05 17:19:46
7635469,GEUNMK,Meo Cat Food 450Gm Sea Food Pouch,1079.1,1199,13,100,True,2026-09-05 17:19:46
145928349,IZPFC2,Purina Gourmet Savory Cake Chicken 85g,396,440,24,0,True,2026-09-05 17:19:46
145703652,r1vf-2954,Nestle Caramel & Peanuts Chocolate Bar (Rs. 95) 1 Piece,95,95,36,9,True,2026-09-05 17:15:57
145703655,r1vf-2957,Nestle Caramel Chocolate Bar (Rs. 95) 1 Piece,95,95,8,9,True,2026-09-05 17:15:57
145703651,r1vf-2953,Nestle Caramel & Peanuts Chocolate Bar (Rs. 75) 1 Piece,75,75,21,9,True,2026-09-05 17:15:57
145703654,r1vf-2956,Nestle Caramel Chocolate Bar (Rs. 75) 1 Piece,75,75,23,9,True,2026-09-05 17:15:57
145703648,r1vf-2952,Nestle Caramel & Peanuts Chocolate Bar (Rs. 50) 1 Piece,50,50,22,9,True,2026-09-05 17:15:57
145703653,r1vf-2955,Nestle Caramel Chocolate Bar (Rs. 50) 1 Piece,50,50,45,9,True,2026-09-05 17:15:57
145315376,r1vf-1176,Jazaa Premium Basmati Rice 1kg,352.5,470,8,5,True,2026-09-04 18:08:22
9186226,C9JGMV,Jazaa Economy Rice 1 kg,247.5,330,1,5,True,2026-09-05 17:11:54
36767612,VE02V3,Guard Broken Basmati Rice (Tukra Basmati Chawal) 1kg,237.5,250,4,5,True,2026-09-05 17:11:54
9471643,O62VZ4,Figaro Olives Black Pitted 142g,595,595,1,100,True,2026-08-31 09:23:36
9937019,20F55N,Sasso Pure Olive Oil Bottle 250ml,2199,2199,12,100,True,2026-09-05 17:13:27
147159387,r1vf-4197,Peek Freans Whole Wheat Biscuits 12 Pieces,90,100,10,8,True,2026-09-05 17:15:09
147326106,HAX52A,Dove Baby Bathing Sensitive Rich Moisture Soap 90g,370,370,7,0,True,2026-09-05 17:17:52
147326105,26WXGF,Dove Baby Bathing Sensitive Fragrance Free Moisture Soap 90g,370,370,1,0,True,2026-09-05 17:17:52
145928331,IQNB30,Purina Gourmet Cat Food Chunks 85g,399,399,16,0,True,2026-09-05 17:19:46
147330009,r1vf-8885,Mon Salwa Chicken Kofta Poly Pack (840g) 30 Pieces,970,970,1,0,True,2026-09-05 17:16:35
147330008,r1vf-8884,Mon Salwa Chicken Chapli Kabab Poly Pack (840g) 12 Pieces,970,970,1,0,True,2026-09-05 17:16:35
147330010,r1vf-8886,Mon Salwa Chicken Fries Poly Pack 1kg,999,999,1,0,True,2026-08-22 12:43:09
115947852,r1vf-6762,Yummy Ice Cream Orange Lolly 55ml,20,20,4,8,True,2026-08-30 18:31:21
115947832,r1vf-10665,Yummy Ice Cream Chocbar 65ml,50,50,17,8,True,2026-09-05 17:16:18
32187631,ICFUTU,brightfarms Black Grapes Kala Angoor 500g,599,599,1,0,True,2026-09-05 07:36:41
18191284,GL1Y63,brightfarms Toffee Grapes (Baluchistan) 500g,589,589,1,15,True,2026-09-04 07:57:35
16776612,38UB4I,brightfarms Grapefruit (Punjab) Per Piece,69,69,2,20,True,2026-09-05 12:34:25
147271828,r1vf-111595,Cadbury Moro Chocolate (Rs. 100) 42g,100,100,58,8,True,2026-09-05 17:15:57
147271829,r1vf-111596,Cadbury Dairy Milk Wafer Bar (Rs. 50) 1 Unit,50,50,104,8,True,2026-09-05 17:15:57
147271827,r1vf-111594,Cadbury Moro Chocolate (Rs. 50) 20g,50,50,63,8,True,2026-09-05 17:15:57
116025465,r1vf-10681,Morven Cigarette 1 Packet,250,250,13,10,True,2026-09-05 17:16:52
7648295,1ML588,Dawn Special Burger Bun 4 Pieces,80,80,2,100,True,2026-08-05 05:46:10
47443960,qjk4-7,Brightfarms Guava mix quality 500g,269,269,1,6,True,2026-09-05 07:36:41
8261008,676201,KNORR BBQ SAUCE 400G,223.2,240,52,4,True,2026-08-29 16:20:10
147151481,7QR5P8,Mister Potato Crisps Ghost Pepper Black 45g,350,350,20,0,True,2026-08-15 15:26:06
147159354,r1vf-6196,Peak Freans Marie Biscuits Family Pack 1 Unit,90,100,84,8,True,2026-09-05 17:15:09
147159380,r1vf-4189,Peek Freans Pista Pik Biscuits Family Pack 1 Unit,110.4,120,14,8,True,2026-08-21 15:37:40
147159350,r1vf-6192,Peek Freans Gluco Biscuits Half Rolls 8 Pieces,368,400,12,8,True,2026-08-21 15:37:40
147159364,r1vf-6206,Peek Freans Sooper Soft Bakes Plain Cake 12 Pieces,432,480,10,8,True,2026-09-05 17:15:09
147159361,r1vf-6203,Peek Freans Smile Chocolate Donut Cakes 6 Pieces,324,360,9,8,True,2026-09-05 17:15:09
147159365,r1vf-6207,Peek Freans Sooper Soft Bakes Chocolate Cake 12 Pieces,432,480,3,8,True,2026-09-05 17:15:09
147159370,r1vf-6212,Peek Freans Cake Up Milky Chocolate Cupcakes 12 Pieces,324,360,6,8,True,2026-09-05 17:15:09
147159374,r1vf-6216,Peek Freans Cake Up Sweet Golden Caramel Cupcakes 12 Pieces,324,360,2,8,True,2026-09-05 17:15:09
147326109,ILPPLX,Nivea Brightening Silk Touch Roll On 50ml,549,549,2,0,True,2026-09-05 17:17:31
147326108,49QNJP,Nivea Men Black & White Invisible Roll-on 50ml,549,549,5,0,True,2026-09-05 17:17:31
18886091,635256,Go 4 Glow 3In1 (Wash + Scrub + Mask) 200g,545,545,4,100,True,2026-08-26 16:23:29
36767939,I5WPQ1,Confident Dental Floss Mint Waxed 25 m,320,320,4,100,True,2026-09-05 17:17:12
9065944,1Z3158,Confident Easy Fresh Med,135,135,10,100,True,2026-09-05 17:17:12
9066502,LC5NJM,Confident D Floss Free Kit Med,220,220,11,100,True,2026-09-05 17:17:12
145166931,EIK45Q,Confident Toothbrush Exact Micro Fine Bristle Soft 1 Packet,240,240,9,0,True,2026-09-05 17:17:12
146953665,BJ8XZ0,Brit Premium Cat Pouch (Chicken & Turkey) 100g,299,299,2,0,True,2026-09-05 17:19:46
146953664,319BCO,Brit Premium Beef Stew & Peas Cat Food 100g,299,299,6,0,True,2026-09-05 17:19:46
8721012,F25VLW,Ovaltine 100 g,699,699,6,100,True,2026-09-05 17:10:22
147031735,MBM0Y5,Monster Energy Drink Green 500ml,1399,1399,8,0,True,2026-09-05 17:12:28
147031734,N87MQE,Monster Sifir Seker Sunrise Energy Drink 500ml,1399,1399,11,0,True,2026-09-05 17:12:28
147031743,MD39SZ,Monster Mango Loco Drink 500ml,1399,1399,10,0,True,2026-09-05 17:12:28
147031739,MCTIX4,Monster Pipeline Punch Enery 500ml,1399,1399,11,0,True,2026-09-05 17:12:28
147031738,YMSXZY,Monster Energy Ultra Tropical Island Punch 500ml,1399,1399,12,0,True,2026-09-05 17:12:28
147031736,G5CUN9,MONSTER Watermelon Energy Drink 500ml,1399,1399,11,0,True,2026-09-05 17:12:28
147031737,X314YV,Monster Energy Sifir Ultra 500ml,1299,1299,5,0,True,2026-09-05 17:12:28
8163606,6W0A1A,Kinder Joy With Surprise For Boys 20g,540,540,9,100,True,2026-09-05 17:15:09
8558279,799G73,Wrigley's Extra Gum Peppermint Sugar Free Cubes Imported 10 Pieces,230,230,10,100,True,2026-09-05 17:15:09
147031732,HOXMOA,Trident Island Berry Lime Sugar Free Gum Artificial Flavor Sticks 14 Pieces,390,390,9,0,True,2026-09-05 17:15:09
8163544,4J7J2V,Trident Bubble Gum 14 Sticks,390,390,4,100,True,2026-09-05 17:15:09
147031733,GKX8L3,Trident Pineapple Twist Sugar Free Gum Artificial Flavor Sticks 14 Pieces,390,390,12,0,True,2026-09-05 17:15:09
7971760,R98JF9,Trident Orginal Flavoured 14 Sticks,390,390,12,100,True,2026-09-05 17:15:09
35931360,CV2MW0,Trident Cinnamon Flavor Gum 27g,420,420,2,100,True,2026-09-05 17:15:09
8372084,07KI18,Wrigley's Extra Spearmint Imported 1 Packet,230,230,22,100,True,2026-09-05 17:15:09
7644575,X8XQ2Q,Kinder Joy For Girls Chocolate 20g,540,540,1,100,True,2026-09-04 07:52:18
8558338,8X2XSB,Ovaltine 400g,1399,1399,4,100,True,2026-09-05 17:10:22
13432239,294W3A,Familia Kitchen Towel Half Sheet 2 Roll,530,530,3,100,True,2026-09-05 17:17:12
147069316,HA429K,Molfix Premium Jumbo Economy Diapers XL 35 Pcs,2890,2890,3,0,True,2026-08-27 13:57:20
147069314,V57ADR,Molfix Premium Diaper Rash Guard Maxi 4 (7 - 14kg) 48 Pieces,2830,2830,4,0,True,2026-09-05 17:17:52
147069306,L6M6HL,Molfix Premium Diaper Rash Guard New Born 1 (2 - 5kg) 82 Pieces,2850,2850,3,0,True,2026-09-05 17:17:52
147069310,FPGFMZ,Molfix Premium Mini Jumbo Diapers 52 Pcs,2850,2850,1,0,True,2026-09-05 17:17:52
147069315,I4HFO2,Molfix Premium Diaper Rash Guard Junior 5  (11 - 18kg) 42 Pieces,2850,2850,3,0,True,2026-09-05 17:17:52
147069312,RJ075D,Molfix Premium Diaper Rash Guard Midi 3 (4 - 9kg) 54 Pieces,2830,2830,1,0,True,2026-09-05 17:17:52
28231352,99FEE6,Tropicana Slim Stevia Sweetener Tab 300S,2199,2199,5,100,True,2026-09-05 17:21:00
28231552,S02700,Tropicana Slim Stevia Sweetener Tab 100S,890,890,2,100,True,2026-09-05 17:21:00
147140700,BAI8O3,Kitchen Gas Lighter Refillable - 1pc,399,399,1,0,True,2026-08-13 10:18:01
144494743,AFQ5KT,Mister Potato Mr Chips Barbecue Flavor 100g,549,549,2,0,True,2026-08-28 00:18:31
7635605,117012,Zam Zam Qalmi Dates 200g,836.95,881,1,100,True,2026-08-17 09:43:49
7635617,1CN3MQ,Zam Zam Amber Dates 400g,2211.6,2328,1,100,True,2026-09-05 17:15:09
7635615,13Y4OA,Zam Zam Mabroom Dates 400gm,2280,2400,4,100,True,2026-09-05 17:15:09
7635612,0E9BZ7,Zam Zam Ajwa Dates 200 g,1070.65,1127,11,100,True,2026-09-05 17:15:09
7635641,98196X,Zam Zam Ajwa Dates 400gm,2009.25,2115,1,100,True,2026-09-05 17:15:09
146945445,ICH597,Whiskas 85g Fish Favourites (11+) Mix Flavour 1 Unit,299,299,9,0,True,2026-09-05 17:19:46
146945451,ULBAWN,Whiskas 85g Meaty Combos Duo (1+)  Mix Flavour 1 Unit,289,289,1,0,True,2026-08-29 09:55:11
7659535,L8N2B7,Adam's Zeera Raita 80g,48,48,1,100,True,2026-08-07 07:15:15
145315419,r1vf-5987,Kolson Rice Chips Smoked Paprika Rs. 50,50,50,6,8,True,2026-08-26 16:21:29
35130266,9U15IQ,Kodomo Tooth Paste 40Gm Fruity Mix,250,250,2,100,True,2026-09-05 17:17:12
7639716,2IYRUQ,Gillette Fusion Razor Cartridge 4 Pieces (ZM Opened & Checked),3999,3999,8,100,True,2026-09-05 17:17:12
7639931,TLT039,Gillette Fusion Proglide Razor Cartridge 2 Pieces (ZM Opened & Checked),2999,2999,4,100,True,2026-09-05 17:17:12
8720671,U8H11H,Kotex Liners Daily Healthy V Care Longer & Wider 32 Pieces With 4 Pads Free,599,599,3,100,True,2026-09-05 17:17:12
9506103,317555,Eurocake Jumbo Croissant Strawberry 1 Unit,210,210,37,50,True,2026-08-29 16:20:59
140163219,r1vf-3153,BrightFarms Black Chaunsa Mango 1kg,499,499,1,0,True,2026-09-02 13:27:38
145448749,r1vf-2877,Fitlicious Cocoa Date Porridge 90g - No Added Sugar,590,590,29,8,True,2026-09-05 17:10:48
36767790,K4996O,Kodomo Soap (Imported) 75g,290,290,6,100,True,2026-09-05 17:17:12
36767818,7Y0FOO,Kodomo Baby Soap Sensitive 75g,290,290,5,100,True,2026-09-05 17:17:12
13516577,H8K7W0,Gillette Series Shave Gel (Moisturising) | 200ml,1099,1099,1,10,True,2026-08-29 09:51:53
147059731,r1vf-1051,Serne Mosquit Regular Lotion 50ml,200,200,3,6,True,2026-09-05 17:18:37
147059732,r1vf-1052,Serne Mosquit Junior Lotion 50ml,200,200,1,6,True,2026-09-03 13:24:16
140396061,r1vf-1045,Serne Ispaghol Husk Box 20g,170,170,5,0,True,2026-09-05 17:21:00
146827230,r1vf-1428,Serne Gripe Water 150ml,120,120,1,0,True,2026-09-05 17:21:00
146827233,r1vf-1031,Serne VapoRun 20g,150,150,2,0,True,2026-09-05 17:21:00
147059733,r1vf-1055,Serne Use it 4 Headache Lotion 4ml,150,150,1,6,True,2026-08-23 15:34:33
147059730,r1vf-1036,Serne Use It 4 Toothache Lotion 8ml,150,150,5,6,True,2026-09-05 17:21:00
146827229,r1vf-1410,Serne Analgesic Cream 35g,280,280,1,0,True,2026-08-29 00:03:04
36760518,R1O803,Mundial Organic Extra Virgin Coconut Oil Jar 125ml (Imported),645,645,29,100,True,2026-09-05 17:13:27
7635965,SXHBBD,Mundial Almond Oil Pure 100% Bottle 100Ml,490,490,40,100,True,2026-09-05 17:13:27
36760136,WNH8CS,Mundial Olive Pomace Oil Tin 125Ml,395.5,565,17,100,True,2026-09-05 17:13:27
7635980,V3UU1X,Mundial Organic Extra Virgin Coconut Oil Jar 475 ml,1540,1540,10,100,True,2026-09-05 17:13:27
7635801,192U8S,Mundial Olive Oil Extra Virgin Bottle 250Ml,1435,1435,12,100,True,2026-09-05 17:13:27
7635859,9111PU,Mundial Olive Oil Extra Virgin Bottle 500Ml,1816.5,2595,6,100,True,2026-09-05 17:13:27
7635940,NW13RQ,Mundial Olive Pomace Oil Bottle 250Ml,925,925,24,100,True,2026-09-05 17:13:27
36760454,63UO6E,Mundial Olive Pomace Oil Tin 175ml,500.5,715,19,100,True,2026-09-05 17:13:27
7635845,5B9MZ2,Mundial Almond Oil Pure 100% Bottle 250Ml,975,975,24,100,True,2026-09-05 17:13:27
8663732,T32R00,Bon Aroma Coffee Classic 100g (Imported),1395,1395,2,100,True,2026-09-05 17:14:50
140507414,r1vf-2298,Zee Snacks Stack-it Potato Chips BBQ Rs.100,100,100,23,8,True,2026-08-22 15:26:10
144113075,r1vf-30014,Winner Jungle Pops Spicy Fun Rs. 20,20,20,102,8,True,2026-08-09 15:34:09
144112981,r1vf-2744,Patti Fri Masti Masala Rs. 20,20,20,53,8,True,2026-08-10 16:05:49
144494742,KTZNZE,Mister Potato Crisps Sour Cream & Onion 100g,549,549,8,0,True,2026-08-09 15:34:09
143750874,r1vf- 7572,Super Crisp Salt Rs.30,30,30,30,8,True,2026-08-11 16:05:11
7645563,HJ47J3,Super Crisp Sweet Chilli Rs. 30,40,40,40,0,True,2026-08-16 15:25:03
147159371,r1vf-6213,Peek Freans Butter Puff Original Crackers Family Pack 1 Box,92,100,6,8,True,2026-08-22 15:26:10
140456802,r1vf-3861,Mayfair Hearts Puff Pastry Box (Rs 10) 24 Packets,240,240,1,8,True,2026-08-31 18:54:08
147159355,r1vf-6197,Peek Freans Marie Half Rolls 8 Pieces,368,400,1,8,True,2026-08-12 04:50:50
147159356,r1vf-6198,Peek Freans Rio Strawberry Vanilla Family Pack 1 Unit,92,100,15,8,True,2026-08-21 15:37:40
147159360,r1vf-6202,Peek Freans Lemon Sandwich Half Rolls 8 Pieces,368,400,14,8,True,2026-08-15 15:26:06
147159383,r1vf-4192,Peek Freans Party Pik Biscuits Peanuts & Raisins Half Rolls 8 Pieces,368,400,16,8,True,2026-08-16 15:25:03
146940447,r1vf-6163,Milcolu Double Milk Sandwich Biscuits 16 Pieces,291.2,320,4,8,True,2026-08-15 15:26:06
147159351,r1vf-6193,Peek Freans Gluco Teddy Chocolate Cakes 8 Pieces,360,400,2,8,True,2026-09-04 13:14:50
147159362,r1vf-6204,Peek Freans Smile Strawberry Donut Cakes 6 Pieces,342,360,25,8,True,2026-08-29 16:20:59
147159363,r1vf-6205,Peek Freans Smile Triple Chocolate Donut Cakes 6 Pieces,540,600,7,8,True,2026-09-05 17:15:09
146885010,r1vf-1967,Bisconni Chai Wala Plain Cake Box,300,300,13,0,True,2026-09-05 17:15:09
8456546,0TB5V4,Pond's Acne Clear Facial Foam 100g,700,700,3,100,True,2026-09-05 17:17:12
13054705,TC04O4,Meaoon Cat Food Chicken & Salmon 1kg,950,950,10,100,True,2026-09-05 17:19:46
12692562,RR6421,Love Sand Bentonite Cat 5Litre Pouch,999,999,4,100,True,2026-09-05 17:19:46
147159367,r1vf-6209,Peek Freans Sooper Classic Chocolate Cookies Family Pack 1 Unit,92,100,1,8,True,2026-08-21 12:49:37
146831767,r1vf-6083,Prince Bigger & Creamier Chocolate Bar Pack 16 Pieces,288,320,6,8,True,2026-08-16 15:25:03
139542297,r1vf-1655,Butter Cookies Original Half Roll,420,420,2,8,True,2026-08-10 16:05:49
116131130,r1vf-1968,Bisconni Cocomo Nutty Choc 1 Box,320,320,18,0,True,2026-08-29 16:20:59
147159378,r1vf-4187,Peek Freans Choco Licious Double Chocolate Chip Snack Packs 16 Pieces,294.4,320,16,8,True,2026-08-21 15:37:40
115742239,mirror-161,BrightFarms Apple Gourd (Tinda) 500g (Consume by Today),32.9,47,1,0,True,2026-08-10 10:26:14
147159366,r1vf-6208,Peek Freans Sooper Egg & Milk Cookies Family Pack 1 Unit,90,100,13,8,True,2026-09-03 13:20:40
143785153,r1vf-2530,Dipitt Pizza Sauce 400g,376.65,405,18,8,True,2026-09-05 17:14:30
143785154,r1vf-2531,Dipitt Garlic Mayo 800ml,712.5,950,11,8,True,2026-09-05 17:14:30
143750876,r1vf- 7574,Super Crisp Cheese Rs.30,30,30,30,8,True,2026-08-21 15:37:40
143750875,r1vf- 7573,Super Crisp Masala Rs.30,30,30,35,8,True,2026-08-11 16:05:11
143750873,r1vf- 7571,Super Crisp BBQ Rs. 30,30,30,26,8,True,2026-08-22 15:26:10
147159369,r1vf-6211,Peek Freans Sooper Classic Chocolate Cookies Half Rolls 8 Pieces,360,400,15,8,True,2026-09-03 13:20:40
7641168,T9QJ9E,Kernal Popcorns Jalapeno 3 Packs Box,428,428,24,100,True,2026-09-05 17:15:09
7641116,7I44CZ,Kernel Pop Microwave Popcorn Salt & Pepper 3 Packs Box,428,428,23,100,True,2026-09-05 17:15:09
7641178,VC75TN,Kernal Popcorns Cheese 3 Packs Box,490,490,19,100,True,2026-09-05 17:15:09
7641127,CMHJE6,Kernel Pop Microwave Popcorn Natural 3 Packs Box,490,490,15,100,True,2026-09-05 17:15:09
146885398,r1vf-2168,Kernelpop Microwave Popcorn English Butter 3 Packs Box,490,490,11,8,True,2026-09-05 17:15:09
37915311,H9F2IN,Kernelpop Microwave Popcorn Butter 3 Packs Box,490,490,9,100,True,2026-09-05 17:15:09
146827231,r1vf-1042,Serne Prickly Heat Cream 45g,140,140,1,0,True,2026-09-05 17:17:12
46400581,r1vf-50,Hilal Jiggles Berry Jelly 24 Pieces,240,240,7,0,True,2026-09-05 17:15:09
147425768,70N1WX,Mentos Chewy Candy Rainbow 32g,130,130,1,0,True,2026-09-01 14:03:48
147425767,0IFCUR,Mentos Mint Roll 11 Pieces,130,130,14,0,True,2026-09-05 17:15:09
7646379,L173C4,Tians Mallow 80Gm Bag Pink/White,378,420,68,100,True,2026-09-05 17:15:09
7646398,VS3TEW,Tians Marshmallow 100Gm Bag Pink/White,382.5,425,35,100,True,2026-09-05 17:15:09
7646345,A2089F,Tians Mallow Twist Stick 100Gm Bag,382.5,425,40,100,True,2026-09-05 17:15:09
144337445,4UBS5F,Mr Beast Feastables Milk Crunch 60g,1399,1399,8,0,True,2026-09-05 17:15:57
144337444,I2VGYO,Mr Beast Feastables Milk Chocolate Bar 60g,1399,1399,10,0,True,2026-09-05 17:15:57
115814393,S55BI8,Hico Blueberry Ice Cream Tub 1.5L,1175,1175,4,0,True,2026-09-05 17:16:18
141345987,r1vf-3938,Arizona Field Triangles 24 Portion 1 Unit,1295,1295,1,8,True,2026-08-22 15:20:57
7970948,4N2554,Polac Sweetened Condensed Milk 390Gm,350,350,39,100,True,2026-09-05 17:10:22
7970908,9XD5SX,Heinz Farley`s Banana 12 Rusk 120g,675,750,22,100,True,2026-09-05 17:10:48
37916012,81VD37,Heinz Farley Rusks Orange,600,750,23,100,True,2026-09-05 17:10:48
7637245,33GED3,Weetabix Original Super Morning (Imported) 215g,999,999,1,100,True,2026-09-05 17:10:48
141856079,75S279,Fruitamins Mushrooms Whole 400g,499,499,24,0,True,2026-09-05 17:11:54
7646273,MV6876,American Garden Coconut Cream 400ml (Imported),693,770,24,100,True,2026-09-05 17:11:54
146952556,DCMBMZ,Wadi Food Jalapeno Peppers Slice 240g,550,550,9,0,True,2026-09-05 17:11:54
146952512,NO4V8G,Century Tuna Flakes in Brine 180g,539.1,599,47,0,True,2026-09-05 17:11:54
10941182,AO7S3T,Best Day Red Jalapeno Pepper Sliced (Imported) 480g,675,750,6,100,True,2026-09-05 17:11:54
9696786,G8FN81,Indocafe Instant Coffee 50Gm Jar,799,799,4,100,True,2026-09-05 17:14:50
140874919,3Q2SX3,Pringles Sour Cream & Onion 40 gm USA,470,470,2,0,True,2026-09-05 17:15:09
141282129,V9DG3K,Pringles Original Small 37g,470,470,6,0,True,2026-09-05 17:15:09
146952548,J4X0C7,Bumble Bee Tic & Tac Candy Blueberry 16g,136,160,16,0,True,2026-09-05 17:15:09
146952549,QRK62K,Bumble Bee Tic & Tac Candy Grape 16g,136,160,18,0,True,2026-09-05 17:15:09
146952535,NGKV54,Tic N Tac Bumble Bee Orange Candy 16g,160,160,23,0,True,2026-09-05 17:15:09
146952537,VRFWO8,Bumble Bee Tic & Tac Candy Strawberry 16g,136,160,20,0,True,2026-09-05 17:15:09
146952523,28QK7S,Hai Candy Kembang Gula Aneka 1 Packet,99,110,18,0,True,2026-09-05 17:15:09
146952518,1J6GL5,Cadbury Drinking Chocolate 500g,2099,2099,4,0,True,2026-09-05 17:15:57
146827232,r1vf-1411,Serne Prickly Heat Powder 120g,250,250,1,0,True,2026-09-05 17:17:12
145927253,U17755,Felix Countryside Selection As Good 85g,420,420,3,0,True,2026-09-05 17:19:46
146952555,UXT6P0,Purina Gourmet Perle Salmon in Gravy Cat Food 85g,360,450,3,0,True,2026-09-05 17:19:46
7632649,W957MH,Diamond Zipper Medium Bags 20 Pieces (20.3 cmx17.7 cm) (Imported),1099,1099,12,100,True,2026-09-05 17:20:12
8906042,65501Z,Jus Cool Coconut Milk Drink With Nata De Coco (Original) 290ml,399,399,17,6,True,2026-09-05 17:10:22
146952514,2ILQW5,Nature's Own White Oats Pouch 1kg,1099,1099,1,0,True,2026-09-03 07:49:41
7634306,LTWZIU,Nature`s Own Brand White Oats Pouch 200g,260,260,41,100,True,2026-09-05 17:10:48
146952544,AST2MB,Mara Chick Peasceci Lessati 400g,350,350,21,1,True,2026-09-05 17:11:54
50936576,qjk4-20,brightfarms Onion Irani (White) Pyaz 1kg,599,599,1,0,True,2026-09-05 17:20:36
55234690,mirror15,(Consume by Today) brightfarms Chicken Drumsticks 1kg,454.3,649,2,0,True,2026-08-14 10:00:42
146952528,B9NP4U,Best Day Tropicon Lychee Drink 330ml,359.1,399,21,0,True,2026-09-05 17:12:28
147031742,F9T23C,Nescafe Classic Strong 2g,499,499,43,0,True,2026-09-05 17:14:50
18805767,UYQ092,Toblerone Chocolate 100Gm,999,999,2,8,True,2026-09-04 13:15:15
9794875,VF179S,Toblerone Crunchy Almonds 100g,999,999,16,100,True,2026-09-05 17:15:57
9795283,84TL41,Toblerone Chocolate White 100Gm,999,999,12,100,True,2026-09-05 17:15:57
9795258,5740LB,Toblerone Chocolate 100Gm Fruit&Nut,999,999,14,100,True,2026-09-05 17:15:57
147578839,PCI-008,Pepsi PET 345ml + Lay's Chips Masala (Rs.50) 1 Piece,102,120,126,2,True,2026-09-03 18:24:15
139755077,virtual-398,Pringles BBQ USA Imported 40g,499,499,4,0,True,2026-09-05 17:15:09
7643662,CJ368X,Pringles Sour Cream & Onion 40g (Imported),490,490,20,0,True,2026-09-05 17:15:09
38033632,MK56QU,Pringles Potato Chips Paprika 40g,490,490,10,0,True,2026-08-29 16:20:59
147159386,r1vf-4196,Peek Freans Whole Wheat Sugar Free Biscuits 12 Pieces,95,100,10,8,True,2026-08-29 09:49:26
139691681,r1vf-2265,Basil Italian (Imported) 75G,229,229,3,15,True,2026-09-04 07:57:35
147734191,15QJVN,Celery (Organic) 200g,199,199,2,100,True,2026-09-05 12:34:25
147578840,PCI-013,7Up PET 345ml + Lay's Wavy BBQ Rs. 50 (1 Unit),96,120,186,2,True,2026-09-05 17:12:28
37915705,AK718M,Food Valley Wah Peanuts Salty Rs. 50,43,50,9,100,True,2026-08-22 03:45:33
24137352,20WS49,Aquafina Go Water PET Bottle 330ml,34,40,6,12,True,2026-09-05 07:28:39
17730327,Z9T15S,Pringles Original 40g (Imported),490,490,12,0,True,2026-09-05 17:15:09
141378973,r1vf-753,NESTLE NIDO School Age Pouch 200g,564,600,33,0,True,2026-09-05 17:10:22
147578838,PCI-011,Pepsi PET 345ml + Lay's Chips Classic Salt (Rs.50) 1 Piece,96,120,40,2,True,2026-09-04 07:49:13
146952532,1C32SC,Best Day Tropicon Peach Drink 330ml,359.1,399,23,0,True,2026-09-05 17:12:28
146952530,Q5DMCE,Best Day Tropicon Strawberry Drink 330ml,359.1,399,22,0,True,2026-09-05 17:12:28
146952526,6P7KWW,Best Day Tropicon Mango Drink 330ml,359.1,399,23,0,True,2026-09-05 17:12:28
146952551,XPVVOJ,Best Day Popping Boba Bubble Drink Strawberry 320ml,472.5,525,24,0,True,2026-09-05 17:12:28
8905988,10T9T1,Jus Cool Coconut Milk Drink With Nata De Coco ( Mango) 290ml,399,399,21,100,True,2026-09-05 17:12:28
146952540,3VP122,Rani Peach Juice Bottle 200ml,252,280,21,0,True,2026-09-05 17:12:28
146952517,LTN5AZ,Premium Choice Pineapple Slices in Syrup 520g,650,650,22,0,True,2026-09-05 17:14:30
143511884,W1DKLR,Pringles BBQ USA Imported 40g,470,470,1,0,True,2026-08-26 16:21:29
147159382,r1vf-4191,Peek Freans Party Pik Biscuits Family Pack 1 Unit,92,100,17,8,True,2026-08-21 15:37:40
147159376,r1vf-6218,Peek Freans Click Biscuits Roasted Cumin 1 Box,90,100,20,8,True,2026-09-05 17:15:09
147159372,r1vf-6214,Peek Freans Butter Puff Original Crackers Half Rolls 8 Pieces,360,400,4,8,True,2026-09-05 17:15:09
147159358,r1vf-6200,Peek Freans Saltish Half Rolls 6 Pieces,276,300,21,8,True,2026-08-22 15:26:10
147159357,r1vf-6199,Peek Freans Rio Strawberry Vanilla Half Rolls 8 Pieces,380,400,9,8,True,2026-08-29 16:20:59
147159375,r1vf-6217,Peek Freans Cake Up Strawberry Cupcakes 12 Pieces,324,360,19,8,True,2026-09-05 17:15:09
147159353,r1vf-6195,Peek Freans Gluco Teddy Milk Cakes 8 Pieces,360,400,7,8,True,2026-09-05 17:15:09
147159352,r1vf-6194,Peek Freans Gluco Teddy Strawberry Cakes 8 Pieces,360,400,13,8,True,2026-09-05 17:15:09
147698333,L8XPS8,Nivea Roll OnDerma Control - Restore,549,549,23,0,True,2026-09-05 17:17:31
147698331,7HM7FN,Nivea Roll On Derma Control - Defend (Men),494.1,549,20,0,True,2026-09-05 17:17:31
147698334,Y66URF,Nivea Roll On Derma Control - Defend,494.1,549,21,0,True,2026-09-05 17:17:31
147159359,r1vf-6201,Peek Freans Chocolate Sandwich Biscuits Half Rolls 8 Pieces,380,400,15,8,True,2026-08-29 16:20:59
147159381,r1vf-4190,Peek Freans Peanut Pik Biscuits Family Pack 1 Unit,92,100,22,8,True,2026-08-21 15:37:40
147159384,r1vf-4193,Peek Freans Peanut Pik Biscuits Half Rolls 8 Pieces,360,400,4,8,True,2026-09-05 17:15:09
147159377,r1vf-6219,Peek Freans Click Roasted Cumin Half Rolls 8 Pieces,368,400,15,8,True,2026-08-21 15:37:40
46664641,G43101,brightfarms Avocado 1 Piece (150g-250g),799,799,1,10,True,2026-08-25 09:45:13
15520262,10P7M8,Brightfarms Watermelon (Chinese/Light Green) Per Piece (3 - 4kg),899,899,1,20,True,2026-08-29 09:56:00
13122100,KF024K,Nestle Nescafe Classic Coffee Jar 50g,950,950,24,100,True,2026-08-19 15:35:28
147503020,r1vf-11194,Reload B'Day Cake Granola Cereal 150g,760,760,11,8,True,2026-09-05 17:10:48
8865305,Y4UXYW,Dove Baby Wipes Rich Moisture 50 Pieces,749,749,1,100,True,2026-09-05 17:17:52
7660974,7TFC38,Finis Daily Mop Phenyl Concentrate Bottle 225ml,745,770,47,0,True,2026-09-05 17:18:37
143070634,r1vf-2770,Millac Gro Milk Powder 130g,250,250,2,8,True,2026-09-05 17:10:22
25303843,8QQ0BI,Candyland Choc Oh Chocolate Hazelnut Spread 12 Pcs,240,240,9,100,True,2026-09-05 17:10:48
7895799,6DHYN2,Kashmir Ghee Bucket 2.5kg,1486.75,1565,1,100,True,2026-08-23 12:41:52
7895750,BM6FQ1,Kashmir Premium Gold Oil Pouch 1Ltr,569.05,599,1,100,True,2026-09-05 17:13:27
7895806,Y8B2H8,Kashmir Premium Gold Oil Bottle 3Ltr,1738.5,1830,1,100,True,2026-08-31 18:52:45
7895827,B44N26,Kashmir Premium Gold Oil Bottle 4.5Ltr,2610.6,2748,1,100,True,2026-08-28 23:55:17
7895724,9DPN9O,Kashmir Ghee Pouch 1kg,584.25,615,1,100,True,2026-09-05 17:13:27
147727586,r1vf-98633,Candyland Buzz Spearmint Bubble 50 Pieces,250,250,17,8,True,2026-09-05 17:15:09
138790779,r1vf-335,CandyLand Premium Bottles Jelly Cola (Rs.150) (48 Bags) 1 Packet,150,150,24,0,True,2026-09-05 17:15:09
147727584,r1vf-334,CandyLand Premium Bear Jelly (Rs.150) (48 Bags) 1 Packet,150,150,2,0,True,2026-09-05 17:15:09
147727585,r1vf-98632,Candyland Premium Chili Mili 1 Packet,150,150,43,8,True,2026-09-05 17:15:09
35128427,IN1145,Caresse Instant Fairness Lotion 100ml,225,225,5,100,True,2026-08-21 15:41:22
25726080,XHZ3U6,Color Studio Micellar Water Rose 100ml,620.5,850,5,100,True,2026-09-05 17:17:31
146945435,AILE66,Nissin Bowl Hot Carbo Rasa Carbo Pedas Noodles 104g,670,670,3,0,True,2026-09-05 17:14:10
147698443,C3TBPV,Nestlé Nescafe Classic Instant Coffee Sachet Pack 2g,120,120,38,0,True,2026-09-05 17:14:50
7971758,WS4PE2,Trident Gum Watermelon Twist 14 Sticks (Imported),390,390,10,100,True,2026-09-05 17:15:09
115947593,A3DHVD,Nivea Men Deep Espresso Anti Perspirant Black Carbon 50ml (Imported),549,549,23,0,True,2026-09-05 17:17:31
115947848,r1vf-6764,Yummy Ice Cream Fiesta 75ml,90,90,22,8,True,2026-09-05 17:16:18
115947846,r1vf-6755,Yummy Ice Cream Kulfa Ice Cream Family Pack 800ml,650,650,4,8,True,2026-09-05 17:16:18
115947860,r1vf-6768,Yummy Ice Cream Mango Family Pack 800ml,650,650,30,8,True,2026-09-05 17:16:18
115947843,r1vf-6756,Yummy Ice Cream Kulfa Plastic Pack 1600ml,880,880,1,8,True,2026-09-05 17:16:18
115947833,r1vf-10664,Yummy Ice Cream Yumdae Vanilla Chocolate Cup 132ml,110,110,1,8,True,2026-08-26 16:22:22
115947840,r1vf-10809,Yummy Ice Cream Mango Paper Pack 400ml,250,250,14,8,True,2026-09-05 17:16:18
115947842,r1vf-10810,Yummy Ice Cream Cassata Paper Pack 800ml,480,480,3,8,True,2026-09-05 17:16:18
61340073,mirror37,Brightfields Fresh Cucumber (kheera) 500 g (Consume by Today),53.9,77,1,0,True,2026-08-21 15:45:38
147159385,r1vf-4194,Peek Freans Pista Pik Biscuits Pistachios Half Rolls 8 Pieces,380,400,14,8,True,2026-08-29 16:20:59
36760246,QW7B49,Sabroso Chicken Donut 780g,1195,1195,4,0,True,2026-09-05 17:16:35
7660982,8QN122,Finis Mik Liquid Purple Bottle 800ml,1275,1400,12,0,True,2026-09-05 17:18:37
115742218,mirror-126,brightfarms Ladyfinger -Bhindi (Sindh) 1 kg (Consume by Today),83.3,119,2,0,True,2026-08-22 15:32:26
144306051,BDUOQJ,DEWDROP CHIC PEAS 380 G,285,285,23,0,True,2026-09-05 17:11:54
38716715,E1ZA46,Reggia Fettuccine 500g,599,599,12,100,True,2026-09-05 17:14:10
13465772,2G5481,Nivea Men After Shave Lotion Deep 100ml,1599,1599,6,100,True,2026-09-05 17:17:12
147698442,2CGLTF,Nivea Deo Roll-on Pearl & Beauty 50ml,549,549,20,0,True,2026-09-05 17:17:31
147698326,9L5YUS,Nivea Deodorant Roll-on Black & White Fresh Female 50ml,439.2,549,18,0,True,2026-09-05 17:17:31
147698332,X74X1A,Nivea Roll On Derma Control - Bright Repair,549,549,22,0,True,2026-09-05 17:17:31
146830627,O7N8M7,Nivea Men Dry Impact Roll-on 50ml,549,549,24,0,True,2026-09-05 17:17:31
147698329,6CXWTK,Nivea Men Cool Kick Freezy Green Deodorant 50ml,549,549,24,0,True,2026-09-05 17:17:31
146830628,96UCYJ,Nivea Men Cool Kick Extra Dry Deodorant 50ml,549,549,22,0,True,2026-09-05 17:17:31
147698337,3WJIVO,Nivea Hijab Active Bright & Dry Roll-on 50ml,494.1,549,23,0,True,2026-09-05 17:17:31
10190906,87729A,DewDrop Extra Virgin Olive Oil 250ml (Imported),976,1220,24,100,True,2026-09-05 17:13:27
145166919,KNEQ8X,Reggia Pasta Penne Ziti Rigate 500g IT,420,420,9,0,True,2026-09-05 17:14:10
12961681,OVI44E,Biotin & Collagen Thick & Full|385ml,2199,2199,6,100,True,2026-09-05 17:17:12
140481314,r1vf-4056,(Consume by Today)brightfarms Guava Green (Pakistan) 500g,139.3,199,2,8,True,2026-08-24 13:00:50
145448739,r1vf-2875,Fitlicious Apricot Fig Muesli 90g - No Added Sugar,590,590,32,8,True,2026-09-05 17:10:48
142352742,D8H970,Juice Up Peach 200ml,40,40,20,0,True,2026-09-05 17:12:28
147503580,r1vf-134,Nibl Protein Bars Trio Bundle Pack 6 Pieces,3000,3000,6,8,True,2026-09-05 17:10:48
9066117,AK20FX,Arbella Pasta Spaghetti Fettuccini 500g (Imported),415,415,18,0,True,2026-09-05 17:14:10
9066041,V1AD7Q,Arbella Pasta Spaghetti Bucatini 500g (Imported),415,415,20,0,True,2026-09-05 17:14:10
147159368,r1vf-6210,Peek Freans Sooper Egg & Milk Cookies Half Rolls 8 Pieces,380,400,2,8,True,2026-09-01 14:03:48
147980087,3IJQNT,MENTOS CANDY ROLL GRAPE 14GM (Imported),120,120,16,0,True,2026-09-05 17:15:09
147578841,PCI-009,Pepsi PET 345ml + Lay's Chips French Cheese (Rs.50) 1 Piece,102,120,89,2,True,2026-09-03 18:24:15
147578842,PCI-012,7Up PET 345ml + Lay's Chips Yogurt & Herb (Rs.50) 1 Piece,102,120,94,2,True,2026-09-03 18:24:15
35131577,9EPJIF,Enchanteur Powder 125Gm Alluring,550,550,5,100,True,2026-09-05 17:17:12
36767896,5EVN6U,St. Ives Fresh Skin Apricot Scrub 170g,1050,1050,3,100,True,2026-09-05 17:17:12
34629912,0U79WR,St.Ives Soft Skin Avocado and Honey Scrub 170g (ZM Opened & Checked),1050,1050,4,100,True,2026-08-29 16:23:11
11142798,E595IM,Lux Botanicals Blue Peony Body Wash 250ml,520,520,4,5,True,2026-09-05 17:17:12
147274420,virtual-597,Dove Body Wash Pomegranate & Lemon 200ml,550,550,3,9,True,2026-09-05 17:17:12
36767682,TI129X,Lux Shower Gel Soft Rose (Imported) 250ml ,520,520,3,5,True,2026-09-05 17:17:12
36767760,6LO8Y9,Lux Botan Cals Smooth Skin 250ml,520,520,4,5,True,2026-09-05 17:17:12
35129023,N0L8AL,Pears Soap With Lemon Flower Extracts 125g,490,490,2,8,True,2026-09-05 17:17:12
11142805,K7D3YO,Lux Shower Gel Magical Spell (Imported) 250ml ,520,520,6,5,True,2026-09-05 17:17:12
147274203,8GV3RO,Lux Sakura Bloom Brightening Body Wash 190ml,470,470,6,0,True,2026-09-05 17:17:12
8176375,REO7J2,Enchanteur Romantic Soap 90g,420,420,4,100,True,2026-09-05 17:17:12
7659670,CGZ50L,Pears Soap Natural Oils 125g (Imported),490,490,3,100,True,2026-09-05 17:17:12
7660284,591A5Q,Sunsilk Conditioner Perfect Straight 320ml,899,899,1,100,True,2026-09-05 17:17:12
147274206,7MBXI3,Revlon Color Silk Beautiful Light Golden Brown No.54 1 Piece,850,850,8,0,True,2026-09-05 17:17:12
147274204,BDQN41,Revlon Colorsilk Golden Brown Medium 1 Packet,850,850,2,0,True,2026-09-04 13:17:41
147897309,N3SWO4,Hankies Hot Pot Tissue Luxury Size 1 Packet,240,300,68,0,True,2026-09-05 17:17:12
13825097,AZ19A9,Hankies Maxi Kitchen Roll,840,1050,12,100,True,2026-09-05 17:17:12
147274202,KG2EGD,Lu-Blue Toilet Freshener Cistern Block 4 x 38g,599,599,12,0,True,2026-09-05 17:18:37
7654749,L53P42,Sabroso Drumsticks 1kg,845,845,1,8,True,2026-08-28 14:56:14
145569374,r1vf-1368,Sabroso Ten Delicious Chicken Breast 500g,665,665,1,9,True,2026-08-28 14:56:14
7654784,S51H2B,Sabroso Boneless Breast 500 gm,655,655,1,8,True,2026-08-29 16:16:40
7654812,Y2D97Q,Sabroso Premium Boti Cut 1kg,915,915,1,8,True,2026-08-30 14:20:12
7654545,0T67VN,Sabroso Boneless Handi 1 kg,1300,1300,1,8,True,2026-09-05 17:10:03
7654637,8A02AI,Sabroso Boneless Handi 500g,655,655,1,8,True,2026-08-29 16:16:40
7654725,E7N91Z,Sabroso Karahi Cut 1kg,735,735,1,8,True,2026-08-30 08:56:53
7654599,59MXQW,Sabroso Boneless Breast 1 kg,1180,1180,1,8,True,2026-08-29 16:16:40
7654731,EED60T,Sabroso Wings 1 kg,795,795,1,8,True,2026-09-01 08:20:43
147609895,virtual-1014,Kelloggs Froot Loops Cereal 300g,1799,1799,6,9,True,2026-09-05 17:10:48
147609843,AFP-000202884,Me-O Creamy Treats Crab 4 x 15g,580,580,6,0,True,2026-09-05 17:15:09
36759705,E6540I,Pepsodent Tooth Paste 190Gm Red Imp,339.15,399,6,100,True,2026-09-05 17:17:12
7653188,SFVNHC,Comfort Fabric Softener Blue 500ml (Imported),320,320,4,5,True,2026-09-05 17:18:37
145573866,U9C30V,Whiskas 85g Poultry Feasts Jelly (1+) Mix Flavour 1 Unit,289,289,2,0,True,2026-08-31 18:59:13
147609894,virtual-569,Me-O Creamy Treats Chicken and Liver with Goat Milk Flavour 4 Packets X 15g,580,580,6,8,True,2026-09-05 17:19:46
147609844,Y9PDN0,Me-O Creamy Treat Chicken Liver 4 x 15g,580,580,5,0,True,2026-09-05 17:19:46
8014990,423D98,Dove Soap Pink Rosa Bar (Imported) USA 106g,499,499,2,5,True,2026-09-05 17:17:12
8014978,869R94,Dove Soap White Beauty With Deep Moisture (Imported) (USA) 106g,499,499,1,5,True,2026-08-30 09:03:20
8867045,846785,Dove Soap Go Fresh Cool Moisture With Cucumber & Green Tea Scent 1 Bar (USA) 106g,499,499,4,5,True,2026-09-05 17:17:12
147503019,r1vf-11196,Reload Armour Chocolate Nuts Brownie Max Box 204g,1485,1485,9,8,True,2026-09-05 17:21:00
13122257,APL96K,Frozen Red Snapper (Heera) Cleaned Slice Cut 800g,1399,1399,3,100,True,2026-09-05 17:10:03
139545143,r1vf-1745,Qarshi La Cola 1.5L,190,190,6,8,True,2026-09-05 17:12:28
143750877,r1vf- 7575,Super Crisp BBQ Rs. 50,50,50,8,8,True,2026-09-05 17:15:09
147698330,WUZ0R8,Nivea Black & White Invisible Clear Roll On 50ml,549,549,24,0,True,2026-09-05 17:17:31
147326111,HKYDAW,Nivea Brightening Hijab Cool (Roll on - 2C) 1 Unit,590,590,5,0,True,2026-09-05 17:17:31
7648227,K1CR70,Enfamil A+1 Milk Powder 760g,7695,7695,1,100,True,2026-09-05 17:17:52
7628937,57V3M0,Enfagrow A+3 Milk Powder Vanilla 760g,7550,7550,1,100,True,2026-09-05 17:17:52
8720454,QYUZF2,"Johnson's Soft & Nourish Body Wash, Almond Oil & Jasmine 400 ml",899,899,4,100,True,2026-09-05 17:17:52
146900893,r1vf-1940,Scrub Shine 3-in-1 Scourer Sponge,350,350,6,20,True,2026-09-05 17:18:37
143752489,RQXNFR,Whiskas 85g Mixed Menu (1+) Mix Flavour 1 Unit,289,289,1,0,True,2026-09-01 08:28:40
7637701,RUH00X,El Sabor Wraps 18 Pieces Small,1099,1099,11,100,True,2026-09-05 17:10:48
7637633,3UKW74,El Sabor Big Wraps Original 20cm 346g,1099,1099,13,100,True,2026-09-05 17:10:48
7637710,W06D0T,El Sabor Wraps 10 Inch Original,1099,1099,16,100,True,2026-09-05 17:10:48
147508846,UURDWU,Noody Spicy Jjajang Volcano & Chicken Noodles 120g,370,370,37,0,True,2026-09-05 17:14:10
147508845,H61T8G,"Noody Volcano Cheese Spicy Noodles, 132g",370,370,36,0,True,2026-09-05 17:14:10
7637703,U12N83,El Sabor Jalapeno Cheese Dip Sauce 300g (Imported),1299,1299,12,100,True,2026-09-05 17:14:30
7637650,98773Q,El Sabor Salsa Dips Sauce 315Gm,1299,1299,12,100,True,2026-09-05 17:14:30
7637655,AW14GY,El Sabor Hot Salsa Dips Sauce 300Gm,1299,1299,12,100,True,2026-09-05 17:14:30
7637688,NF4087,El Sabor Nacho Chips Natural 100Gm,799,799,18,12,True,2026-09-05 17:15:09
7637695,PM1TJ7,El Sabor Nacho Chips Salted 100Gm,799,799,18,12,True,2026-09-05 17:15:09
7637093,5175W2,Mon Salwa Juicy Chicken Burger 500g,499,499,1,0,True,2026-08-31 09:27:37
7637046,364U26,Mon Salwa Chicken Grilled Smoked Frank Furter 340g,590,590,1,0,True,2026-08-31 09:27:37
12691257,TQ854P,Meaoon Cat Litter Rose 5 Ltr (Imported),999,999,6,100,True,2026-09-05 17:19:46
147578836,PCI-010,Pepsi PET 345ml + Lay's Chips Paprika (Rs.50) 1 Piece,96,120,40,2,True,2026-09-04 07:49:13
148015914,r1vf-18966,Choran Chatni Jelly 1 Unit,50,50,29,8,True,2026-09-05 17:15:09
147509666,84Y8U8,Meaoon Gourmet Cat Food 400g,499,499,1,0,True,2026-09-05 17:19:46
147509665,ZQ1556,Meaoon Cat Food Persian 400g,499,499,1,0,True,2026-09-05 17:19:46
147509667,ECI0O5,Meaoon Cat Food Chicken and Fish 1kg,950,950,1,0,True,2026-09-05 17:19:46
147509671,DAJC3X,Meaoon Gourmet Cat Food 1kg,950,950,1,0,True,2026-09-05 17:19:46
147509669,0CEJN5,Meaoon Cat Food Beef & Vegetable 1kg,950,950,1,0,True,2026-09-05 17:19:46
147509670,4P357F,Meaoon Persian Cat Food 1kg,950,950,1,0,True,2026-09-05 17:19:46
144432063,r1vf-10921,Miilee Premium Quality Chatkhara Papdi Savory Snacks 80g,100,100,13,8,True,2026-09-05 17:15:09
144432064,r1vf-10924,Miilee Premium Quality Mix Nimco Smart Savory Snacks 1 Unit,50,50,142,8,True,2026-09-05 17:15:09
144432057,r1vf-10918,Miilee Premium Quality Dal Moong Savory Snacks 90g,100,100,17,8,True,2026-09-05 17:15:09
144432059,r1vf-10919,Miilee Premium Quality Aaloo Bhujia Savory Snacks 110g,100,100,15,8,True,2026-09-05 17:15:09
144432061,r1vf-10920,Miilee Premium Quality Potato Slims Masala Savory Snacks 80g,100,100,17,8,True,2026-09-05 17:15:09
144432051,r1vf-10926,Snakitos Premium Quality Nachos Flavoured Salsa Snacks 1 Unit,50,50,88,8,True,2026-09-05 17:15:09
144432066,r1vf-10925,Miilee Premium Quality Dal Moth Smart Savory Snacks 1 Unit,50,50,144,8,True,2026-09-05 17:15:09
148024837,r1vf-13026,Canbebe Diaper Jumbo Pack XXL Size (No.7) 34 Pieces,3718,3718,1,4,True,2026-09-05 17:17:52
147810036,H9IRVM,Josera Marinesse 2kg,5399,5399,2,100,True,2026-09-05 17:19:46
147810035,5JMZLB,Josera Cat Food Kitten 2kg,5399,5399,2,0,True,2026-09-05 17:19:46
147810037,8VCX0J,Josera Culinesse Adult Dry Food 2kg,5399,5399,2,0,True,2026-09-05 17:19:46
147810038,CY4IPF,Tamy's Adult Cat 1Kg,1099,1099,3,0,True,2026-09-05 17:19:46
17022109,1LTD02,Super Crisp Chips Masala Rs. 100,100,100,3,100,True,2026-09-02 18:30:48
145646005,r1vf-2889,Kolson Twich Mirchi Flavor Potato Snacks Rs.50,50,50,26,9,True,2026-09-05 17:15:09
10929313,180445,Vaseline Body Lotion South  Cocoa Butter 400ml (Imported),1350,1350,6,100,True,2026-09-05 17:17:12
148023585,5NF9L4,Kodomo Kids Toothpaste Purple 1 Piece,195,195,8,0,True,2026-09-05 17:17:12
8457736,78410Y,Closeup Deep Action Gel Imported 50ml,180,180,3,100,True,2026-09-05 17:17:12
36759768,LCG7I9,Lux Soft Touch Delicate Fragrance Body Wash 500ml,1020,1020,6,5,True,2026-09-05 17:17:12
8015143,4OMV6A,Lux Sakura Bloom Body Wash 450ml,1020,1020,3,5,True,2026-09-05 17:17:12
34629841,R473GT,OGX Renewing + Argan Oil of Morocco Shampoo 385 ml (ZM Opened & Checked),2199,2199,6,100,True,2026-09-05 17:17:12
7644362,3H33QM,Fay Tissue Table Napkins 50 Pieces,251.1,270,20,5,True,2026-09-05 17:17:12
35132311,776T4Z,Fay Hygiene Tissue 200 Pieces,511.5,550,2,5,True,2026-09-05 17:17:12
7644470,D41G40,Fay Hygienice Tissue 150 Pieces,334.8,360,4,5,True,2026-09-04 07:54:20
35132710,L4121S,Fay Tissue Bouquet Perfumed 2 Ply 150 Pieces,372,400,18,5,True,2026-09-05 17:17:12
35133896,S44EV1,Fay Junior Tissue Box 100 Pieces,204.6,220,24,5,True,2026-09-05 17:17:12
7644408,6Y7TAA,Fay Harmony 70 Pieces,176.7,190,18,5,True,2026-09-05 17:17:12
35132068,20TF61,Fay Spring Fresh Tissue Box 50 Pieces,139.5,150,20,5,True,2026-09-05 17:17:12
13121953,6D80LT,Veal Tomahawk Steak 500g,849,849,1,100,True,2026-09-05 17:10:03
144304739,CMX0C0,Reggia Spaghetti (500 Gm),420,420,24,0,True,2026-09-05 17:14:10
35128535,9686A1,Fay Pop-Up Tissue Box 150 Pieces,251.1,270,12,5,True,2026-09-05 17:17:12
24137257,ZS6UUZ,brightfarms Corn -Bhutta (Pakistan) 500g,99,99,2,15,True,2026-09-05 07:36:41
17262460,G91G21,brightfarms Persimmon - Japani Phal (Punjab) 500g,329,329,1,100,True,2026-09-05 07:36:41
115929509,r1vf-3037,Sugarie Powdered Brown Sugar Pouch 500g,211,211,23,0,True,2026-09-05 17:11:54
18452049,DH44R3,Green Valley Black Seed with Honey Lozenges 1 Strip x 6 Tablets,100,100,9,100,True,2026-09-05 17:21:00
56300729,r1vf-513,Hashmi Joshanda 1 Sachet,25,25,17,40,True,2026-09-05 17:21:00
35128696,YG8UKY,Hashmi Arq-e-Gulab Rose Water Dropper 25ml,80,80,3,0,True,2026-09-05 17:21:00
140353528,r1vf-2607,Canderel Sweetener 100 Tablets,270,270,1,8,True,2026-09-05 17:21:00
7636672,BV6XXZ,Sucral Zero Calorie Sweetener Dispenser 50 Tablets,150,150,1,100,True,2026-09-05 17:21:00
140353534,virtual-313,Canderel Sweetener 50 Sachets,340,340,1,8,True,2026-09-05 17:21:00
140353530,r1vf-2610,Canderel Stevia Sweetener 50 Sachets,650,650,1,8,True,2026-09-05 17:21:00
148157708,r1vf-324,Master Cooling Gel Patch 6 Pieces,400,400,1,100,True,2026-09-05 17:21:00
