name,original_price,sale,sale_price,stock,max_per_order,cat1,cat2,cat3,cat4,product_code,fetched_at,available,url
Coriander Powder per 50GM,1,False,,245,10,Cooking Essentials,Cooking Ingredients,Spices and Herbs,Desi Spices,12643069,2026-09-06 17:37:06,False,https://metroonline.page.link/vdJB
Shams Grains Pizza Flour 10KG,2175,False,0,0,5,Cooking Essentials,Commodities,Flour,,12643064,2026-09-06 17:37:06,True,https://metroonline.page.link/tidg
Shams Grains Chakki Atta 10KG,1499,False,0,18,5,Cooking Essentials,Commodities,Flour,,12643063,2026-09-06 17:37:06,False,https://metroonline.page.link/mJmT
Shams Grains Chakki Atta 5KG,905,False,849,71,5,Cooking Essentials,Commodities,Flour,,12643062,2026-09-06 17:37:06,True,https://metroonline.page.link/QUcs
Zarafa Super Kernal Basmati Rice 25KG,10999,False,8699,0,5,Cooking Essentials,Commodities,Rice,,12643061,2026-09-06 17:37:06,False,https://metroonline.page.link/QTMU
Knorr Tomato Ketchup 400GM,250,False,0,0,6,Cooking Essentials,Cooking Ingredients,Sauces and Seasonings,Vinegars and Sauces,12643060,2026-09-06 17:37:06,False,https://metroonline.page.link/4Ecg
Knorr Chilli Garlic Sauce 400GM,255,False,225,532,0,Cooking Essentials,Cooking Ingredients,Sauces and Seasonings,Vinegars and Sauces,12643026,2026-09-06 17:37:06,True,https://metroonline.page.link/ZPbW
Black Cumin Seed Whole,3199,False,0,93,10,Cooking Essentials,Cooking Ingredients,,,12642856,2026-09-06 17:37:06,True,https://metroonline.page.link/1YjQ
Ok White Chana Small Whole 1KG,219,False,209,2560,5,Cooking Essentials,OK,Pulses,,9999965,2026-09-06 17:37:06,True,https://metroonline.page.link/mcou
OK RED CHILLI WHOLE 100G,109,False,119,0,5,Cooking Essentials,OK,Spices and Herbs,,12642820,2026-09-06 17:37:06,True,https://metroonline.page.link/UCAy
OK RED CHILLI CRUSHED 100G,99,False,119,283,5,Cooking Essentials,OK,Spices and Herbs,,12642819,2026-09-06 17:37:06,True,https://metroonline.page.link/GneY
Ok Lobia White Whole 1KG,298,False,419,100,5,Cooking Essentials,OK,Pulses,,12642817,2026-09-06 17:37:06,True,https://metroonline.page.link/RsZW
OK KALWANJI 100G,155,False,2000,221,5,Cooking Essentials,OK,Spices and Herbs,,12642816,2026-09-06 17:37:06,True,https://metroonline.page.link/hxmL
OK CUMIN SEED POWDER 100G,215,False,175,601,5,Cooking Essentials,OK,Spices and Herbs,,12642810,2026-09-06 17:37:06,True,https://metroonline.page.link/JTHc
Ok Black Pepper Crushed 100GM,355,False,379,513,5,Cooking Essentials,OK,Spices and Herbs,,12642809,2026-09-06 17:37:06,True,https://metroonline.page.link/AL2A
Metro Chef White Lobia Whole 1KG,348,False,,9,5,Cooking Essentials,Commodities,Pulses,,12642800,2026-09-06 17:37:06,True,https://metroonline.page.link/7mzk
Metro Chef White Chana Big Whole,349,False,,1090,5,Cooking Essentials,Commodities,Pulses,,12642799,2026-09-06 17:37:06,True,https://metroonline.page.link/zY2F
Metro Chef Red Lobia Whole 1KG,549,False,475,1,5,Cooking Essentials,Commodities,Pulses,,12642798,2026-09-06 17:37:06,True,https://metroonline.page.link/9dEC
Metro Chef Daal Mong Washed Whole,369,False,379,14,5,Cooking Essentials,Commodities,Pulses,,12642797,2026-09-06 17:37:06,True,https://metroonline.page.link/iFqs
Metro Chef Masoor Whole 1KG,275,False,245,912,5,Cooking Essentials,Commodities,Pulses,,12642796,2026-09-06 17:37:06,True,https://metroonline.page.link/UxaF
Metro Chef Daal Mash Washed Whole,449,False,465,996,5,Cooking Essentials,Commodities,Pulses,,12642795,2026-09-06 17:37:06,True,https://metroonline.page.link/jrQJ
Metro Chef Black Chana Whole 1KG,299,False,229,522,5,Cooking Essentials,Commodities,Pulses,,12642794,2026-09-06 17:37:06,True,https://metroonline.page.link/U11a
Metro Chef Daal Masoor Washed Whole,285,False,,1743,5,Cooking Essentials,Commodities,Pulses,,12642740,2026-09-06 17:37:06,True,https://metroonline.page.link/dSC3
Ok White Chana Big Whole 1KG,285,False,255,1476,5,Cooking Essentials,OK,Pulses,,9999953,2026-09-06 17:37:06,True,https://metroonline.page.link/PdoF
Coroli Sunflower Oil 3L,5730,False,0,0,3,Cooking Essentials,Commodities,Oil and Ghee,Cooking Oil,12642720,2026-09-06 17:37:06,True,https://metroonline.page.link/HANJ
Ok Black Chana Whole 1KG,249,False,205,724,5,Cooking Essentials,OK,Pulses,,12642362,2026-09-06 17:37:06,True,https://metroonline.page.link/r6kV
Ok Daal Mash Washed Whole 1KG,399,False,415,1401,10,Cooking Essentials,OK,Pulses,,12641909,2026-09-06 17:37:06,True,https://metroonline.page.link/h5Jy
Ok Daal Masoor Washed Whole 1KG,235,False,215,9167,10,Cooking Essentials,OK,Pulses,,9999960,2026-09-06 17:37:06,True,https://metroonline.page.link/Tgdb
Ok Daal Mong Washed Whole 1KG,319,False,379,3310,5,Cooking Essentials,OK,Pulses,,9999943,2026-09-06 17:37:06,True,https://metroonline.page.link/fvQN
OK White Lobia Whole,278,False,399,31,3,Cooking Essentials,OK,Pulses,,12635876,2026-09-06 17:37:06,True,https://metroonline.page.link/7Lkw
Knorr Tomato Ketchup 400GM,249,False,225,566,10,Cooking Essentials,Cooking Ingredients,Sauces and Seasonings,Vinegars and Sauces,12641764,2026-09-06 17:37:06,True,https://metroonline.page.link/A4An
Ok Masoor Daal Washed Whole 1KG,225,False,245,1874,5,Cooking Essentials,OK,Pulses,,12641705,2026-09-06 17:37:06,True,https://metroonline.page.link/afcm
Shandar Super Fine 15Kg,2249,False,0,0,2,Cooking Essentials,Commodities,Flour,White Flour and Whole Wheat Flour,12641629,2026-09-06 17:37:06,False,https://metroonline.page.link/syyb
Knorr Green Chutney 400GM,399,False,369,386,7,Cooking Essentials,Cooking Ingredients,Sauces and Seasonings,,12641570,2026-09-06 17:37:06,True,https://metroonline.page.link/m5mh
Sunridge White Chakki Atta 10KG,1369,False,0,0,2,Cooking Essentials,Commodities,Flour,White Flour and Whole Wheat Flour,12641361,2026-09-06 17:37:06,False,https://metroonline.page.link/PkDv
Ok Lobia Red Whole 1KG,398,False,465,1416,10,Cooking Essentials,OK,Pulses,,12641355,2026-09-06 17:37:06,True,https://metroonline.page.link/9m79
Ok Daal Chana Whole 1KG,269,False,205,5920,5,Cooking Essentials,OK,Pulses,,9999972,2026-09-06 17:37:06,True,https://metroonline.page.link/roFH
Young's Mayonnaise Creamy 500ML,359,False,309,62,3,Cooking Essentials,Cooking Ingredients,Sauces and Seasonings,Pastes,12641312,2026-09-06 17:37:06,True,https://metroonline.page.link/Wqgi
Sunridge White Chakki Atta 5KG,689,False,0,0,2,Cooking Essentials,Commodities,Flour,White Flour and Whole Wheat Flour,12641246,2026-09-06 17:37:06,False,https://metroonline.page.link/nVfC
Habib Soybean Oil 4.5L Bottle,2770,False,0,0,3,Cooking Essentials,Commodities,Oil and Ghee,Cooking Oil,12641230,2026-09-06 17:37:06,True,https://metroonline.page.link/i8ZJ
Seasons Rice Bran Oil 5L,3050,False,0,0,3,Cooking Essentials,Commodities,Oil and Ghee,Cooking Oil,12641192,2026-09-06 17:37:06,True,https://metroonline.page.link/TzHb
Nature Own Tomato Paste 800GM,526,False,0,0,5,Cooking Essentials,Cooking Ingredients,Sauces and Seasonings,Pastes,12641130,2026-09-06 17:37:06,False,https://metroonline.page.link/EUNm
Punjab Desi Ghee Tin 1kg,1870,False,0,0,3,Cooking Essentials,Commodities,Oil and Ghee,,12641004,2026-09-06 17:37:06,False,https://metroonline.page.link/mxoq
Mehran Achar Gosht 100g,255,False,0,72,5,Cooking Essentials,Cooking Ingredients,Spices and Herbs,,12641002,2026-09-06 17:37:06,False,https://metroonline.page.link/hBUJ
Borges Extra Light Olive Oil Tin 4L,16650,False,0,20,3,Cooking Essentials,Commodities,Oil and Ghee,Olive Oil,12640888,2026-09-06 17:37:06,True,https://metroonline.page.link/5Vn6
Fauji Supreme Cooking Oil 1L x 12,5520,False,0,0,1,Cooking Essentials,Commodities,Oil and Ghee,Cooking Oil,12640874,2026-09-06 17:37:06,False,https://metroonline.page.link/MW1i
National Bombay Biryani Karachi Khaas Masala 70GM,155,False,95,95,10,Cooking Essentials,Cooking Ingredients,Spices and Herbs,Packaged Spices,12640857,2026-09-06 17:37:06,True,https://metroonline.page.link/gquM
Mueloliva Extra Virgin Olive Oil 500ML,3570,False,,0,2,Cooking Essentials,Commodities,Oil and Ghee,Olive Oil,37490612,2026-09-06 17:37:06,False,https://metroonline.page.link/VhZ8
Coroli Sunflower Oil 1.8 L,3830,False,0,0,3,Cooking Essentials,Commodities,Oil and Ghee,,12640757,2026-09-06 17:37:06,False,https://metroonline.page.link/eFRj
Dipitt Peri Peri Hot 290 GM,445,False,0,68,5,Cooking Essentials,Cooking Ingredients,Sauces and Seasonings,,12640756,2026-09-06 17:37:06,False,https://metroonline.page.link/Xvfy
Dipitt Sriracha Sauce 510 GM,505,False,0,0,5,Cooking Essentials,Cooking Ingredients,Sauces and Seasonings,,12640755,2026-09-06 17:37:06,False,https://metroonline.page.link/KQt9
Dipitt Classic Mayo 800 ML,540,False,0,35,5,Cooking Essentials,Cooking Ingredients,Sauces and Seasonings,,12640754,2026-09-06 17:37:06,True,https://metroonline.page.link/kBJC
Shan Refined Salt 800GM,75,False,0,148,5,Cooking Essentials,Cooking Ingredients,Spices and Herbs,,12640741,2026-09-06 17:37:06,True,https://metroonline.page.link/zYPQ
Dalda Pomace Olive Oil 4L,8800,False,0,18,3,Cooking Essentials,Commodities,Oil and Ghee,Olive Oil,12640677,2026-09-06 17:37:06,True,https://metroonline.page.link/xjH1
Pons Extra Virgin Olive Oil 250ML,2120,False,0,0,3,Cooking Essentials,Commodities,Oil and Ghee,Olive Oil,12640607,2026-09-06 17:37:06,False,https://metroonline.page.link/CQM1
Fauji Supreme Banaspati Ghee 1x5KG,2818,False,0,0,1,Cooking Essentials,Commodities,Oil and Ghee,Banaspati,12640605,2026-09-06 17:37:06,False,https://metroonline.page.link/s7aY
Seasons Corn oil Bottle 5L,3595,False,0,56,3,Cooking Essentials,Commodities,Oil and Ghee,Cooking Oil,12640482,2026-09-06 17:37:06,True,https://metroonline.page.link/kaqf
Knorr Crispy Coating Mix 1KG,1506,False,1263,14,7,Cooking Essentials,Cooking Ingredients,Sauces and Seasonings,Seasonings,12640481,2026-09-06 17:37:06,True,https://metroonline.page.link/VFUv
Sultan Sunflower Oil 1L x 5,2775,False,0,0,3,Cooking Essentials,Commodities,Oil and Ghee,Cooking Oil,12640480,2026-09-06 17:37:06,False,https://metroonline.page.link/SQUN
Al-Khubz Premium Fine Atta 5kg,975,False,0,0,2,Cooking Essentials,Commodities,Flour,White Flour and Whole Wheat Flour,12640346,2026-09-06 17:37:06,True,https://metroonline.page.link/W5Ug
AL-Khubz Chakki Gold Aata 5kg,985,False,0,0,2,Cooking Essentials,Commodities,Flour,White Flour and Whole Wheat Flour,12640345,2026-09-06 17:37:06,False,https://metroonline.page.link/hgTj
Ok Red Chilli Powder 200GM,185,False,185,950,5,Cooking Essentials,OK,Spices and Herbs,Desi Spices,12640276,2026-09-06 17:37:06,True,https://metroonline.page.link/Cmrr
National Bombay Biryani Karachi Khaas Masala 14GM,305,False,175,115,5,Cooking Essentials,Cooking Ingredients,Spices and Herbs,Packaged Spices,12640214,2026-09-06 17:37:06,True,https://metroonline.page.link/zwqe
NL Daal Mash Whole 1KG,509,False,0,23,3,Cooking Essentials,Commodities,Pulses,,12640206,2026-09-06 17:37:06,True,https://metroonline.page.link/KYxa
Pons Extra Virgin Organic Olive Oil 250ML,2290,False,0,0,3,Cooking Essentials,Commodities,Oil and Ghee,Olive Oil,12640086,2026-09-06 17:37:06,False,https://metroonline.page.link/AaXc
Shangrila Mint Coriander Sauce 330 GM,192,False,0,0,5,Cooking Essentials,Cooking Ingredients,Sauces and Seasonings,Vinegars and Sauces,12639969,2026-09-06 17:37:06,False,https://metroonline.page.link/MBpg
Shangrila Sweet Chilli Sauce 370 GM,549,False,0,96,5,Cooking Essentials,Cooking Ingredients,Sauces and Seasonings,Vinegars and Sauces,12639968,2026-09-06 17:37:06,True,https://metroonline.page.link/yJV3
Shangrila Sriracha Sauce 510GM,569,False,399,111,5,Cooking Essentials,Cooking Ingredients,Sauces and Seasonings,Vinegars and Sauces,12639967,2026-09-06 17:37:06,True,https://metroonline.page.link/1kLA
Shangrila Peri Peri Sauce 350GM,429,False,349,69,5,Cooking Essentials,Cooking Ingredients,Sauces and Seasonings,Vinegars and Sauces,12639966,2026-09-06 17:37:06,True,https://metroonline.page.link/NFeh
Shangrila Worcestershire 800 ML,329,False,0,169,5,Cooking Essentials,Cooking Ingredients,Sauces and Seasonings,Vinegars and Sauces,12639964,2026-09-06 17:37:06,True,https://metroonline.page.link/K1F7
Shangrila Worcestershire Sauce 300 ML,189,False,0,93,5,Cooking Essentials,Cooking Ingredients,Sauces and Seasonings,Vinegars and Sauces,12639963,2026-09-06 17:37:06,True,https://metroonline.page.link/Y1wa
Bakea White Pepper 80g,655,False,0,22,5,Cooking Essentials,Cooking Ingredients,Sauces and Seasonings,Seasonings,12639951,2026-09-06 17:37:06,True,https://metroonline.page.link/8rh6
Bakea Thyme Leaves 30g,199,False,0,24,5,Cooking Essentials,Cooking Ingredients,Sauces and Seasonings,Seasonings,12639950,2026-09-06 17:37:06,True,https://metroonline.page.link/qkTH
Bakea Tarragon Herbs 20g,349,False,0,127,5,Cooking Essentials,Cooking Ingredients,Sauces and Seasonings,Seasonings,12639949,2026-09-06 17:37:06,False,https://metroonline.page.link/gqCs
Bakea Rosemary Leaves 30GM,209,False,0,31,5,Cooking Essentials,Cooking Ingredients,Sauces and Seasonings,Seasonings,12639948,2026-09-06 17:37:06,False,https://metroonline.page.link/EUtM
Bakea Parsley Flakes 15g,235,False,0,43,5,Cooking Essentials,Cooking Ingredients,Sauces and Seasonings,Seasonings,12639944,2026-09-06 17:37:06,True,https://metroonline.page.link/ZkZF
Bakea Oregano Leaves 35g,935,False,0,39,5,Cooking Essentials,Cooking Ingredients,Sauces and Seasonings,Seasonings,12639941,2026-09-06 17:37:06,False,https://metroonline.page.link/FLLX
Bakea Oregano Leaves 20g,179,False,0,46,5,Cooking Essentials,Cooking Ingredients,Sauces and Seasonings,Seasonings,12639940,2026-09-06 17:37:06,True,https://metroonline.page.link/Aguu
Bakea Mixed Herbs 35g,199,False,0,3,5,Cooking Essentials,Cooking Ingredients,Sauces and Seasonings,Seasonings,12639939,2026-09-06 17:37:06,True,https://metroonline.page.link/EYST
Bakea Ginger Powder 60g,309,False,0,5,5,Cooking Essentials,Cooking Ingredients,Sauces and Seasonings,Seasonings,12639936,2026-09-06 17:37:06,True,https://metroonline.page.link/nwD1
Bakea Garlic Powder 80g,235,False,0,2,5,Cooking Essentials,Cooking Ingredients,Sauces and Seasonings,Seasonings,12639935,2026-09-06 17:37:06,False,https://metroonline.page.link/6V3i
Bakea Cayenne Chili Pepper 65g,529,False,0,1,5,Cooking Essentials,Cooking Ingredients,Sauces and Seasonings,Seasonings,12639924,2026-09-06 17:37:06,False,https://metroonline.page.link/SEDG
Bakea Black Pepper 80g,495,False,0,22,5,Cooking Essentials,Cooking Ingredients,Sauces and Seasonings,,12639919,2026-09-06 17:37:06,False,https://metroonline.page.link/qEgL
Bakea Basil Leaves 35g,185,False,0,50,5,Cooking Essentials,Cooking Ingredients,Sauces and Seasonings,,12639918,2026-09-06 17:37:06,True,https://metroonline.page.link/AH2f
Guard Easy Cook Sella Rice 25KG,12899,False,0,19,5,Cooking Essentials,Commodities,Rice,,12639909,2026-09-06 17:37:06,True,https://metroonline.page.link/hZ2W
Guard Super Kernel Rice 25KG,11849,False,0,11,5,Cooking Essentials,Commodities,Rice,,12639908,2026-09-06 17:37:06,True,https://metroonline.page.link/HK22
Shahenshah Rice Sella 20kg,7149,False,0,0,5,Cooking Essentials,Commodities,Rice,,12639902,2026-09-06 17:37:06,True,https://metroonline.page.link/RR64
Shahenshah Rice Sella 5kg,2295,False,0,0,5,Cooking Essentials,Commodities,Rice,,12639899,2026-09-06 17:37:06,True,https://metroonline.page.link/1dmE
Sooji per 500GM,108,False,0,42,10,Cooking Essentials,Commodities,Flour,White Flour and Whole Wheat Flour,12639799,2026-09-06 17:37:06,True,https://metroonline.page.link/AWWS
Falak Peri Peri Masala 80 Gm,349,False,0,72,5,Cooking Essentials,Cooking Ingredients,Spices and Herbs,,12639613,2026-09-06 17:37:06,True,https://metroonline.page.link/hCAM
Falak Dahi Bara Masala 80 Gm,349,False,0,70,5,Cooking Essentials,Cooking Ingredients,Spices and Herbs,,12639612,2026-09-06 17:37:06,True,https://metroonline.page.link/WGny
Falak Fries Masala 75 Gm,279,False,0,56,5,Cooking Essentials,Cooking Ingredients,Spices and Herbs,,12639611,2026-09-06 17:37:06,True,https://metroonline.page.link/fpaj
Falak Podina Raita Masala 80 Gm,249,False,0,62,5,Cooking Essentials,Cooking Ingredients,Spices and Herbs,,12639610,2026-09-06 17:37:06,True,https://metroonline.page.link/iaoM
Falak Zeera Raita Masala 75gm,499,False,0,45,5,Cooking Essentials,Cooking Ingredients,Spices and Herbs,,12639609,2026-09-06 17:37:06,True,https://metroonline.page.link/7o1s
Falak Chaat Masala 100gm,349,False,0,33,5,Cooking Essentials,Cooking Ingredients,Spices and Herbs,,12639608,2026-09-06 17:37:06,True,https://metroonline.page.link/tizP
Falak Kala Namak 120 Gm,95,False,0,119,5,Cooking Essentials,Cooking Ingredients,Spices and Herbs,,12639606,2026-09-06 17:37:06,False,https://metroonline.page.link/rnVZ
Falak Whole Black Pepper 100gm,1059,False,0,39,5,Cooking Essentials,Cooking Ingredients,Spices and Herbs,,12639605,2026-09-06 17:37:06,True,https://metroonline.page.link/yzpa
Falak Organic Rice 1.5kg,879,False,0,60,5,Cooking Essentials,Commodities,Rice,,12639604,2026-09-06 17:37:06,True,https://metroonline.page.link/6Xpv
Falak Easy Cook Sella Rice 25 Kg,10465,False,10499,36,5,Cooking Essentials,Commodities,Rice,,12639603,2026-09-06 17:37:06,True,https://metroonline.page.link/44E1
Falak Daily Rice 25 Kg,6325,False,0,29,5,Cooking Essentials,Commodities,Rice,,12639602,2026-09-06 17:37:06,True,https://metroonline.page.link/2Myd
Falak Select Rice 25 Kg,9175,False,0,24,5,Cooking Essentials,Commodities,Rice,,12639601,2026-09-06 17:37:06,True,https://metroonline.page.link/pr4w
Falak Premium Rice 25 Kg,10675,False,0,29,5,Cooking Essentials,Commodities,Rice,,12639600,2026-09-06 17:37:06,True,https://metroonline.page.link/QoMq
Falak Easy Cook Sella Rice 5 Kg,2685,False,2149,34,5,Cooking Essentials,Commodities,Rice,,12639599,2026-09-06 17:37:06,True,https://metroonline.page.link/ZDDZ
Bakea Onion Powder 95G,385,False,0,4,5,Cooking Essentials,Cooking Ingredients,Spices and Herbs,Packaged Spices,12639596,2026-09-06 17:37:06,False,https://metroonline.page.link/6nqc
Bakea Paprika Powder 75G,365,False,0,154,5,Cooking Essentials,Cooking Ingredients,Spices and Herbs,Packaged Spices,12639595,2026-09-06 17:37:06,False,https://metroonline.page.link/xpbJ
Mezan Olivola Oil 1L Pouch,652,False,0,27,3,Cooking Essentials,Commodities,Oil and Ghee,Olive Oil,12639428,2026-09-06 17:37:06,True,https://metroonline.page.link/AvXt
Borges Extra Virgin Olive Oil 2L,10070,False,0,13,3,Cooking Essentials,Commodities,Oil and Ghee,Olive Oil,12639365,2026-09-06 17:37:06,True,https://metroonline.page.link/JQ7w
Rossmoor Coconut Milk Powder 50GM,244,False,0,73,10,Cooking Essentials,Cooking Ingredients,Spices and Herbs,Packaged Spices,12638975,2026-09-06 17:37:06,True,https://metroonline.page.link/XnSn
Sunridge Super White Atta 5KG,1035,False,875,0,5,Cooking Essentials,Commodities,Flour,White Flour and Whole Wheat Flour,12638896,2026-09-06 17:37:06,True,https://metroonline.page.link/orq6
Soya Supreme Cooking Oil 3L,1855,False,0,27,3,Cooking Essentials,Commodities,Oil and Ghee,Cooking Oil,12638762,2026-09-06 17:37:06,True,https://metroonline.page.link/nndW
Young's Mayo Chup 500ML,424,False,369,7,5,Cooking Essentials,Cooking Ingredients,Sauces and Seasonings,Pastes,12638384,2026-09-06 17:37:06,True,https://metroonline.page.link/keEv
Dipitt Chilli Garlic Sauce 4KG,1541,False,0,35,5,Cooking Essentials,Cooking Ingredients,Sauces and Seasonings,Vinegars and Sauces,12638142,2026-09-06 17:37:06,True,https://metroonline.page.link/XFm1
Dipitt Tomato Ketchup 4KG,1541,False,0,319,5,Cooking Essentials,Cooking Ingredients,Sauces and Seasonings,Vinegars and Sauces,12638141,2026-09-06 17:37:06,True,https://metroonline.page.link/v1C1
Dipitt Real Mayo 4KG,3824,False,0,0,5,Cooking Essentials,Cooking Ingredients,Sauces and Seasonings,Vinegars and Sauces,12638139,2026-09-06 17:37:06,True,https://metroonline.page.link/WRxt
Ashrafi Chakki Atta 10KG,1969,False,0,0,3,Cooking Essentials,Commodities,Flour,White Flour and Whole Wheat Flour,12638135,2026-09-06 17:37:06,True,https://metroonline.page.link/hXgk
Kisan Banaspati Ghee Bucket 5kg,2785,False,0,0,3,Cooking Essentials,Commodities,Oil and Ghee,Banaspati,12638108,2026-09-06 17:37:06,False,https://metroonline.page.link/r6V7
Kisan Canola Oil 1L,555,False,0,19,3,Cooking Essentials,Commodities,Oil and Ghee,Cooking Oil,12638104,2026-09-06 17:37:06,True,https://metroonline.page.link/SYvD
Kisan Sunflower Oil 1L,555,False,0,0,3,Cooking Essentials,Commodities,Oil and Ghee,Cooking Oil,12638103,2026-09-06 17:37:06,True,https://metroonline.page.link/di4i
Kisan Cooking Oil Bottle 3L,1750,False,0,0,3,Cooking Essentials,Commodities,Oil and Ghee,Cooking Oil,12638102,2026-09-06 17:37:06,False,https://metroonline.page.link/AmnS
Dipitt Worcestershire Sauce 300GM,425,False,0,93,5,Cooking Essentials,Cooking Ingredients,Sauces and Seasonings,Vinegars and Sauces,12638087,2026-09-06 17:37:06,True,https://metroonline.page.link/Fsnz
Dipitt Chipotle Sauce 290gm,500,False,404,0,5,Cooking Essentials,Cooking Ingredients,Sauces and Seasonings,Vinegars and Sauces,12638086,2026-09-06 17:37:06,False,https://metroonline.page.link/HyiY
Dipitt Thousand Island Sauce 290gm,425,False,375,83,5,Cooking Essentials,Cooking Ingredients,Sauces and Seasonings,Vinegars and Sauces,12638085,2026-09-06 17:37:06,True,https://metroonline.page.link/m39n
Dipitt Spicy MayoÂ 450gm,490,True,410,102,5,Cooking Essentials,Cooking Ingredients,Sauces and Seasonings,Vinegars and Sauces,12638084,2026-09-06 17:37:06,True,https://metroonline.page.link/cd8y
Dipitt Garlic MayoÂ 450gm,490,False,0,32,5,Cooking Essentials,Cooking Ingredients,Sauces and Seasonings,Vinegars and Sauces,12638083,2026-09-06 17:37:06,False,https://metroonline.page.link/HLmL
Dipit Chilli Garlic Sauce 800GM,395,False,369,231,5,Cooking Essentials,Cooking Ingredients,Sauces and Seasonings,Vinegars and Sauces,12638081,2026-09-06 17:37:06,True,https://metroonline.page.link/pUx4
Dipitt Ketchup 900gm,405,False,0,103,5,Cooking Essentials,Cooking Ingredients,Sauces and Seasonings,Vinegars and Sauces,12638080,2026-09-06 17:37:06,True,https://metroonline.page.link/UkCH
Dipitt Chilli Garlic Sauce 450gm,240,False,0,150,5,Cooking Essentials,Cooking Ingredients,Sauces and Seasonings,Vinegars and Sauces,12638079,2026-09-06 17:37:06,True,https://metroonline.page.link/e3Vi
Dipitt KetchupÂ 450gm,240,False,0,75,5,Cooking Essentials,Cooking Ingredients,Sauces and Seasonings,Vinegars and Sauces,12638078,2026-09-06 17:37:06,True,https://metroonline.page.link/3muw
Dipitt Oyster Sauce 300 Gm,500,False,,473,5,Cooking Essentials,Cooking Ingredients,Sauces and Seasonings,Vinegars and Sauces,12638077,2026-09-06 17:37:06,True,https://metroonline.page.link/HYbG
Dipitt Sweet Thai Chili Sauce 300gm,375,False,0,104,5,Cooking Essentials,Cooking Ingredients,Sauces and Seasonings,Vinegars and Sauces,12638076,2026-09-06 17:37:06,True,https://metroonline.page.link/6991
Dipitt Apple Cider Vinegar 800ML,475,False,382,77,5,Cooking Essentials,Cooking Ingredients,Sauces and Seasonings,Vinegars and Sauces,12638075,2026-09-06 17:37:06,True,https://metroonline.page.link/7nkZ
Dipitt Natural Vinegar 800ml,250,False,0,59,5,Cooking Essentials,Cooking Ingredients,Sauces and Seasonings,Vinegars and Sauces,12638074,2026-09-06 17:37:06,True,https://metroonline.page.link/c1JW
Young Chicken Spread Fajita 500ML,739,False,,92,2,Cooking Essentials,Cooking Ingredients,Sauces and Seasonings,Pastes,12637997,2026-09-06 17:37:06,True,https://metroonline.page.link/97Vs
Falak Extreme Rice 25KG,11099,False,12999,32,5,Cooking Essentials,Commodities,Rice,,12637850,2026-09-06 17:37:06,True,https://metroonline.page.link/F6L7
Hellmanns Mayonnaise 100ML,125,False,119,0,10,Cooking Essentials,Cooking Ingredients,Sauces and Seasonings,,12637640,2026-09-06 17:37:06,False,https://metroonline.page.link/w9UF
Hellmanns Mayonnaise 200ML,225,False,210,0,10,Cooking Essentials,Cooking Ingredients,Sauces and Seasonings,,12637639,2026-09-06 17:37:06,False,https://metroonline.page.link/uWfW
Hellmann's Real Mayonnaise 900ML,989,False,869,85,10,Cooking Essentials,Cooking Ingredients,Sauces and Seasonings,,12637638,2026-09-06 17:37:06,True,https://metroonline.page.link/rh9t
Hellmanns Mayonnaise 450ML,569,False,,71,10,Cooking Essentials,Cooking Ingredients,Sauces and Seasonings,,12637637,2026-09-06 17:37:06,True,https://metroonline.page.link/REAw
Shandar Super Fine Atta 10KG,855,False,0,0,5,Cooking Essentials,Commodities,Flour,White Flour and Whole Wheat Flour,12637620,2026-09-06 17:37:06,True,https://metroonline.page.link/FYo8
Dipitt Chili Garlic 10g X100,480,False,0,570,5,Cooking Essentials,Cooking Ingredients,Sauces and Seasonings,Vinegars and Sauces,12637476,2026-09-06 17:37:06,True,https://metroonline.page.link/mfTK
Dipitt Ketchup 10g X100,480,False,0,2232,5,Cooking Essentials,Cooking Ingredients,Sauces and Seasonings,Vinegars and Sauces,12637475,2026-09-06 17:37:06,True,https://metroonline.page.link/RBMN
Shahenshah Rice Super Star 5kg,2499,False,0,0,5,Cooking Essentials,Commodities,Rice,,12637419,2026-09-06 17:37:06,True,https://metroonline.page.link/AfN2
PONS Pomace Olive Oil 1L,3550,False,0,0,3,Cooking Essentials,Commodities,Oil and Ghee,Olive Oil,12637292,2026-09-06 17:37:06,True,https://metroonline.page.link/eZJb
Young Garlic Mayo 200ML,269,False,0,57,5,Cooking Essentials,Cooking Ingredients,Sauces and Seasonings,Pastes,12637179,2026-09-06 17:37:06,True,https://metroonline.page.link/4NFM
Nandos Peri Peri Sauce Garlic 250GM,1249,False,0,42,3,Cooking Essentials,Cooking Ingredients,Sauces and Seasonings,Vinegars and Sauces,12637045,2026-09-06 17:37:06,False,https://metroonline.page.link/zy9M
Bayara Paprika Powder 1Kg,1699,False,0,0,2,Cooking Essentials,Cooking Ingredients,Spices and Herbs,Desi Spices,12636974,2026-09-06 17:37:06,False,https://metroonline.page.link/mNfW
BORGES Extra Virgin Olive Oil 750ML,4730,False,0,31,3,Cooking Essentials,Commodities,Oil and Ghee,Olive Oil,12636936,2026-09-06 17:37:06,False,https://metroonline.page.link/MztF
Knorr BBQ Sauce 400GM,399,False,217,401,5,Cooking Essentials,Cooking Ingredients,Sauces and Seasonings,Vinegars and Sauces,12636871,2026-09-06 17:37:06,True,https://metroonline.page.link/AYoR
Sugarie Powdered Brown Sugar 1KG,399,False,0,0,5,Cooking Essentials,Commodities,Sugar,,12636805,2026-09-06 17:37:06,True,https://metroonline.page.link/atd2
Tullo Banaspati Ghee 1KG X5,2850,False,2824,0,3,Cooking Essentials,Commodities,Oil and Ghee,Banaspati,12636773,2026-09-06 17:37:06,True,https://metroonline.page.link/L5Fs
Dil Dil Cooking Oil 1L x5,2555,False,0,0,3,Cooking Essentials,Commodities,Oil and Ghee,Cooking Oil,12636771,2026-09-06 17:37:06,False,https://metroonline.page.link/iWH9
OK SHAKKAR 400G,169,False,3217,0,5,Cooking Essentials,OK,Sugar,,12636746,2026-09-06 17:37:06,False,https://metroonline.page.link/Krg3
OK KALWANJI 100G,155,False,3409,0,5,Cooking Essentials,OK,Spices and Herbs,Desi Spices,12636745,2026-09-06 17:37:06,False,https://metroonline.page.link/ccja
OK FENNAL SEED 100G,95,False,4913,0,5,Cooking Essentials,OK,Spices and Herbs,Desi Spices,12636744,2026-09-06 17:37:06,False,https://metroonline.page.link/aWyd
OK CORIANDER WHOLE 200G,199,False,5441,0,5,Cooking Essentials,OK,Spices and Herbs,Desi Spices,12636743,2026-09-06 17:37:06,False,https://metroonline.page.link/bzjs
OK CORIANDER POWDER 200G,159,False,4849,0,5,Cooking Essentials,OK,Spices and Herbs,Desi Spices,12636742,2026-09-06 17:37:06,False,https://metroonline.page.link/nGDq
OK WHITE CUMIN SEED 200G,345,False,14005,0,5,Cooking Essentials,OK,Spices and Herbs,Desi Spices,12636741,2026-09-06 17:37:06,False,https://metroonline.page.link/9RyY
OK BLACK CUMIN SEED 100G,395,False,7553,0,5,Cooking Essentials,OK,Spices and Herbs,Desi Spices,12636739,2026-09-06 17:37:06,False,https://metroonline.page.link/UUvT
OK Methi Khushak 50gm,39,False,1105,0,5,Cooking Essentials,Cooking Ingredients,Spices and Herbs,Desi Spices,12636736,2026-09-06 17:37:06,False,https://metroonline.page.link/U868
OK Jaifal 100gm,269,False,9073,0,5,Cooking Essentials,Cooking Ingredients,Spices and Herbs,Desi Spices,12636734,2026-09-06 17:37:06,False,https://metroonline.page.link/CrKQ
OK BLACK PEPPER PWDR 100G,369,False,6801,0,5,Cooking Essentials,OK,Spices and Herbs,Salt and Pepper,12636733,2026-09-06 17:37:06,False,https://metroonline.page.link/NW27
OK WHITE PEPPER WHOLE 100G,425,False,9441,0,5,Cooking Essentials,OK,Spices and Herbs,Packaged Spices,12636731,2026-09-06 17:37:06,False,https://metroonline.page.link/QvN5
OK WHITE PEPPER POWDER 100G,439,False,9441,0,5,Cooking Essentials,OK,Spices and Herbs,Desi Spices,12636730,2026-09-06 17:37:06,False,https://metroonline.page.link/AbpH
Ok Red Chilli Powder 100GM,99,False,99,0,5,Cooking Essentials,OK,Spices and Herbs,Desi Spices,12636729,2026-09-06 17:37:06,True,https://metroonline.page.link/Rffs
OK RED CHILLI CURSHED 200G,185,False,6801,0,5,Cooking Essentials,OK,Spices and Herbs,Desi Spices,12636728,2026-09-06 17:37:06,False,https://metroonline.page.link/BFWQ
OK WHITE SESAME SEEDS 100G,85,False,2833,0,5,Cooking Essentials,OK,Spices and Herbs,Desi Spices,12636727,2026-09-06 17:37:06,False,https://metroonline.page.link/EXed
OK Misri 100gm,75,False,1521,0,5,Cooking Essentials,Cooking Ingredients,Spices and Herbs,Desi Spices,12636725,2026-09-06 17:37:06,False,https://metroonline.page.link/V1ok
OK SAGUDANA 200G,139,False,3409,0,5,Cooking Essentials,OK,Spices and Herbs,Desi Spices,12636724,2026-09-06 17:37:06,False,https://metroonline.page.link/r8z6
OK Methray 100gm,66,False,1713,0,5,Cooking Essentials,Cooking Ingredients,Spices and Herbs,Desi Spices,12636723,2026-09-06 17:37:06,False,https://metroonline.page.link/JqU8
OK Khashkhash 100gm,195,False,3777,0,5,Cooking Essentials,Cooking Ingredients,Spices and Herbs,Desi Spices,12636722,2026-09-06 17:37:06,False,https://metroonline.page.link/WQfT
OK Badian Khatai 50gm,95,False,5857,0,5,Cooking Essentials,Cooking Ingredients,Spices and Herbs,Desi Spices,12636720,2026-09-06 17:37:06,False,https://metroonline.page.link/eWCy
OK AJWAIN 100G,75,False,1521,0,5,Cooking Essentials,OK,Spices and Herbs,Desi Spices,12636718,2026-09-06 17:37:06,False,https://metroonline.page.link/swbZ
OK ANARDANA KHATTA 100G,159,False,3329,0,5,Cooking Essentials,OK,Spices and Herbs,Desi Spices,12636717,2026-09-06 17:37:06,False,https://metroonline.page.link/4T4m
OK TURMERIC POWDER 200G,175,False,4001,0,5,Cooking Essentials,OK,Spices and Herbs,Desi Spices,12636716,2026-09-06 17:37:06,False,https://metroonline.page.link/ZaVm
OK GREEN CARDAMOM 50G,799,False,10961,0,5,Cooking Essentials,OK,Spices and Herbs,Desi Spices,12636715,2026-09-06 17:37:06,False,https://metroonline.page.link/KRur
OK Cardamom Large 100gm,1035,False,18321,0,5,Cooking Essentials,Cooking Ingredients,Spices and Herbs,Desi Spices,12636714,2026-09-06 17:37:06,False,https://metroonline.page.link/1xHJ
OK CINNAMON STICK 100G,135,False,5665,0,5,Cooking Essentials,OK,Spices and Herbs,Desi Spices,12636713,2026-09-06 17:37:06,False,https://metroonline.page.link/sajs
OK CLOVE 100G,475,False,13409,0,5,Cooking Essentials,OK,Spices and Herbs,Desi Spices,12636711,2026-09-06 17:37:06,False,https://metroonline.page.link/RJGT
OK CHAT MASALA 100G,79,False,2353,0,5,Cooking Essentials,OK,Spices and Herbs,Packaged Spices,12636710,2026-09-06 17:37:06,False,https://metroonline.page.link/MdRM
OK GARAM MASALA WHOLE 200G,549,False,14353,0,5,Cooking Essentials,OK,Spices and Herbs,Packaged Spices,12636709,2026-09-06 17:37:06,False,https://metroonline.page.link/kBhh
OK Garam Masala Powder 200gm,559,False,14161,0,5,Cooking Essentials,Cooking Ingredients,Spices and Herbs,Packaged Spices,12636708,2026-09-06 17:37:06,False,https://metroonline.page.link/SMLV
OK Black Pepper Whole 100gm,355,False,6801,0,5,Cooking Essentials,Cooking Ingredients,Spices and Herbs,Salt and Pepper,12636707,2026-09-06 17:37:06,False,https://metroonline.page.link/TqFi
Sooji 500gm,135,False,4001,0,5,Cooking Essentials,Commodities,Flour,White Flour and Whole Wheat Flour,12636701,2026-09-06 17:37:06,True,https://metroonline.page.link/iKYj
Maida 500gm,159,False,3041,0,5,Cooking Essentials,Commodities,Flour,,12636698,2026-09-06 17:37:06,False,https://metroonline.page.link/TRCx
Sufi Extra Virgin Olive Oil 500ML,3000,False,0,0,3,Cooking Essentials,Commodities,Oil and Ghee,Olive Oil,12636657,2026-09-06 17:37:06,False,https://metroonline.page.link/ZzYm
Sufi Extra Virgin Olive Oil Bottle 1L,5500,False,0,0,3,Cooking Essentials,Commodities,Oil and Ghee,Olive Oil,12636655,2026-09-06 17:37:06,True,https://metroonline.page.link/o3K5
Sufi Pomace Olive Oil Bottle 1L,3000,False,0,0,3,Cooking Essentials,Commodities,Oil and Ghee,Olive Oil,12636654,2026-09-06 17:37:06,False,https://metroonline.page.link/cwie
Sunridge Fortified Chakki Atta 10KG,2059,False,1745,0,2,Cooking Essentials,Commodities,Flour,White Flour and Whole Wheat Flour,12636640,2026-09-06 17:37:06,True,https://metroonline.page.link/qKch
SUNRIDGE Fortified Chakki Atta 5KG,1035,False,875,0,2,Cooking Essentials,Commodities,Flour,White Flour and Whole Wheat Flour,12636469,2026-09-06 17:37:06,True,https://metroonline.page.link/1as7
Mehran Nihari Masala 120G,255,False,0,72,5,Cooking Essentials,Cooking Ingredients,Spices and Herbs,Packaged Spices,12636372,2026-09-06 17:37:06,False,https://metroonline.page.link/wEic
Mehran Karahi Gosht 100G,255,False,0,67,5,Cooking Essentials,Cooking Ingredients,Spices and Herbs,Packaged Spices,12636371,2026-09-06 17:37:06,True,https://metroonline.page.link/9hCb
Mehran Cummin Powder 50G,259,False,0,100,5,Cooking Essentials,Cooking Ingredients,Spices and Herbs,Packaged Spices,12636370,2026-09-06 17:37:06,True,https://metroonline.page.link/tPSK
Mehran Yakhni Pulao 50G,135,False,0,104,5,Cooking Essentials,Cooking Ingredients,Spices and Herbs,Packaged Spices,12636368,2026-09-06 17:37:06,True,https://metroonline.page.link/B1zf
Mehran Karahi Gosht Masala 50G,135,False,0,160,5,Cooking Essentials,Cooking Ingredients,Spices and Herbs,Packaged Spices,12636366,2026-09-06 17:37:06,True,https://metroonline.page.link/4REN
Kausar Basmati Rice 25KG,4345,False,0,0,5,Cooking Essentials,Commodities,Rice,,12636363,2026-09-06 17:37:06,False,https://metroonline.page.link/oDuV
Mehran Garam Masala Powder 50GM,275,False,0,69,5,Cooking Essentials,Cooking Ingredients,Spices and Herbs,Packaged Spices,12636275,2026-09-06 17:37:06,True,https://metroonline.page.link/PkgK
OK LOBIA WHITE 1KG,298,False,0,0,5,Cooking Essentials,OK,Pulses,,12628368,2026-09-06 17:37:06,True,https://metroonline.page.link/tkyg
EVA Cooking Oil Tin 16L,9000,False,,299,2,Cooking Essentials,Commodities,Oil and Ghee,Cooking Oil,12636197,2026-09-06 17:37:06,True,https://metroonline.page.link/zG87
Borges Extra Virgin Oil Bottle 5 Liter,21749,False,0,10,3,Cooking Essentials,Commodities,Oil and Ghee,Olive Oil,12632993,2026-09-06 17:37:06,True,https://metroonline.page.link/p7xd
Oregano Leaves Roos Moor 10GM,179,False,0,235,5,Cooking Essentials,Cooking Ingredients,Spices and Herbs,Packaged Spices,12625649,2026-09-06 17:37:06,True,https://metroonline.page.link/jqZh
Rossmore Thyme Leaves 10GM,159,False,0,170,5,Cooking Essentials,Cooking Ingredients,Spices and Herbs,Packaged Spices,12621458,2026-09-06 17:37:06,True,https://metroonline.page.link/iu9V
Rossmoor Oregano Ground 25g,99,False,0,263,20,Cooking Essentials,Cooking Ingredients,Spices and Herbs,Packaged Spices,12631473,2026-09-06 17:37:06,True,https://metroonline.page.link/f9Um
MUELOLIVA POMACE 1L,3374,False,3120,6,3,Cooking Essentials,Commodities,Oil and Ghee,Olive Oil,12636059,2026-09-06 17:37:06,False,https://metroonline.page.link/1ZQm
Mueloliva Extra Light Olive Oil  5L,20090,False,20100,0,2,Cooking Essentials,Commodities,Oil and Ghee,Olive Oil,12636058,2026-09-06 17:37:06,True,https://metroonline.page.link/LYbr
MUELOLIVA Extra Light Olive Oil 3L,13640,False,,0,3,Cooking Essentials,Commodities,Oil and Ghee,Olive Oil,12636057,2026-09-06 17:37:06,False,https://metroonline.page.link/xdQa
MUELOLIVA Extra Light Olive Oil 1L,5600,False,,0,3,Cooking Essentials,Commodities,Oil and Ghee,Olive Oil,12636056,2026-09-06 17:37:06,False,https://metroonline.page.link/Sc62
Mueloliva Extra VirginOlive Oil Tin 5L,22475,False,21400,1,2,Cooking Essentials,Commodities,Oil and Ghee,Olive Oil,12636055,2026-09-06 17:37:06,False,https://metroonline.page.link/sg4C
Mueloliva Extra Virgin Olive Oil  5L,22380,False,21400,3,2,Cooking Essentials,Commodities,Oil and Ghee,Olive Oil,12636054,2026-09-06 17:37:06,True,https://metroonline.page.link/T3X6
Mueloliva Extra Virgin Olive Oil  1L,5729,False,5450,0,2,Cooking Essentials,Commodities,Oil and Ghee,Olive Oil,12636053,2026-09-06 17:37:06,True,https://metroonline.page.link/1MiV
Knorr Spicy Marinade 900GM,1516,False,1228,0,10,Cooking Essentials,Cooking Ingredients,Sauces and Seasonings,Seasonings,12636007,2026-09-06 17:37:06,True,https://metroonline.page.link/L3To
Super Grain All Purpose Flour 1KG,819,False,0,18,5,Cooking Essentials,Commodities,Flour,White Flour and Whole Wheat Flour,12635936,2026-09-06 17:37:06,True,https://metroonline.page.link/rXRN
Super Grain Chapati Flour 1Kg,549,False,0,0,3,Cooking Essentials,Commodities,Flour,White Flour and Whole Wheat Flour,12635931,2026-09-06 17:37:06,True,https://metroonline.page.link/mqs8
Super Grain Super Weight Loss Atta 1Kg,569,False,0,27,3,Cooking Essentials,Commodities,Flour,White Flour and Whole Wheat Flour,12635930,2026-09-06 17:37:06,True,https://metroonline.page.link/zNTH
Super Grain Diet Atta 1Kg,489,False,0,-2,3,Cooking Essentials,Commodities,Flour,White Flour and Whole Wheat Flour,12635929,2026-09-06 17:37:06,True,https://metroonline.page.link/jC23
Shan Paya Masala 50GM,149,False,0,352,50,Cooking Essentials,Cooking Ingredients,Spices and Herbs,,12635926,2026-09-06 17:37:06,True,https://metroonline.page.link/t4dV
MUNDIAL Pomace Olive Oil Bottle 1L,3245,False,0,0,3,Cooking Essentials,Commodities,Oil and Ghee,Olive Oil,12635921,2026-09-06 17:37:06,True,https://metroonline.page.link/5d95
Ok Methray 100GM,66,False,650,220,3,Cooking Essentials,OK,Spices and Herbs,Desi Spices,12635887,2026-09-06 17:37:06,True,https://metroonline.page.link/e1eW
Ok Khashkhash 100GM,195,False,1444,202,3,Cooking Essentials,OK,Spices and Herbs,Desi Spices,12635885,2026-09-06 17:37:06,True,https://metroonline.page.link/DZHU
Ok Barley (Jo) Whole,235,False,1489,0,3,Cooking Essentials,OK,Flour,White Flour and Whole Wheat Flour,12635884,2026-09-06 17:37:06,True,https://metroonline.page.link/Yxd2
Ok Wheat Husk (Halem Mix) Whole,215,False,1117,0,3,Cooking Essentials,OK,Flour,White Flour and Whole Wheat Flour,12635883,2026-09-06 17:37:06,True,https://metroonline.page.link/m3HQ
Ok Daal Mash Shelled Whole,369,False,389,182,3,Cooking Essentials,OK,Pulses,,12635880,2026-09-06 17:37:06,True,https://metroonline.page.link/AJ1W
Ok Daal Mash Whole Whole,359,False,379,171,3,Cooking Essentials,OK,Pulses,,12635879,2026-09-06 17:37:06,True,https://metroonline.page.link/G1tM
Ok Daal Mong Shelled Whole,289,False,365,100,3,Cooking Essentials,OK,Pulses,,12635878,2026-09-06 17:37:06,True,https://metroonline.page.link/kp2J
Ok Daal Mong Whole,279,False,355,294,3,Cooking Essentials,OK,Pulses,,12635877,2026-09-06 17:37:06,True,https://metroonline.page.link/qhrZ
Ok White Chana Big 7-8mm Whole,265,False,265,75,3,Cooking Essentials,OK,Pulses,,12635875,2026-09-06 17:37:06,True,https://metroonline.page.link/Yy9p
Ok Daal Masoor Washed Whole,215,False,215,488,3,Cooking Essentials,OK,Pulses,,12635874,2026-09-06 17:37:06,True,https://metroonline.page.link/1Xgw
Ok Daal Mash Washed Whole,379,False,399,529,3,Cooking Essentials,OK,Pulses,,12635873,2026-09-06 17:37:06,True,https://metroonline.page.link/ZWRk
Ok Daal Mong Washed Whole,299,False,359,468,3,Cooking Essentials,OK,Pulses,,12635872,2026-09-06 17:37:06,True,https://metroonline.page.link/ZVk7
Ok Black Chana Whole,229,False,215,267,3,Cooking Essentials,OK,Pulses,,12635871,2026-09-06 17:37:06,True,https://metroonline.page.link/4E6C
Fine Life Sweet Fennel Seed 500GM,412,False,6483,17,3,Cooking Essentials,Cooking Ingredients,Spices and Herbs,Desi Spices,12635844,2026-09-06 17:37:06,True,https://metroonline.page.link/yaHV
Fine Life Sweet Fennel Seed 250GM,235,False,139,32,3,Cooking Essentials,Cooking Ingredients,Spices and Herbs,Desi Spices,12635843,2026-09-06 17:37:06,True,https://metroonline.page.link/M2Ma
MUNDIAL Extra Virgin Olive Oil 3L,13120,False,0,9,3,Cooking Essentials,Commodities,Oil and Ghee,Olive Oil,12635831,2026-09-06 17:37:06,True,https://metroonline.page.link/ok6m
Kisan Canola Oil 16L,9700,False,0,0,3,Cooking Essentials,Commodities,Oil and Ghee,Cooking Oil,12635830,2026-09-06 17:37:06,False,https://metroonline.page.link/W6xi
Mughal Rice Economy 5KG,1549,False,1235,27,5,Cooking Essentials,Commodities,Rice,,12635815,2026-09-06 17:37:06,True,https://metroonline.page.link/N2b6
BORGES Extra Light Olive Oil 500ML,3010,False,0,30,3,Cooking Essentials,Commodities,Oil and Ghee,Olive Oil,12635608,2026-09-06 17:37:06,False,https://metroonline.page.link/7ixa
SUGARIE Brown Sugar Powder 500GM,209,False,0,120,5,Cooking Essentials,Commodities,Sugar,,12635575,2026-09-06 17:37:06,True,https://metroonline.page.link/CJ1C
Metro Chef Pink Salt 800GM,60,False,55,6633,5,Cooking Essentials,Cooking Ingredients,Spices and Herbs,Salt and Pepper,9999958,2026-09-06 17:37:06,True,https://metroonline.page.link/E8xP
Young Creamy and Salted Mayonnaise 1L,649,False,0,9,5,Cooking Essentials,Cooking Ingredients,Sauces and Seasonings,Pastes,12635140,2026-09-06 17:37:06,True,https://metroonline.page.link/dBFV
Shan Kofta Masala 50GM,149,False,99,389,5,Cooking Essentials,Cooking Ingredients,Spices and Herbs,Packaged Spices,12634757,2026-09-06 17:37:06,True,https://metroonline.page.link/Kank
Strawberry Fine Atta 15KG,2415,False,1635,477,2,Cooking Essentials,Commodities,Flour,,12634689,2026-09-06 17:37:06,True,https://metroonline.page.link/cHpr
Pons Extra Virgin Olive Oil 5L PET,8139,False,0,0,3,Cooking Essentials,Commodities,Oil and Ghee,Olive Oil,12634649,2026-09-06 17:37:06,False,https://metroonline.page.link/YAaY
Mezan Canola Oil Bottle 1L ,593,False,0,44,3,Cooking Essentials,Commodities,Oil and Ghee,Cooking Oil,12634581,2026-09-06 17:37:06,False,https://metroonline.page.link/xhk6
National Tomato Ketchup 800GM,340,False,0,0,4,Cooking Essentials,Cooking Ingredients,Sauces and Seasonings,Vinegars and Sauces,12634250,2026-09-06 17:37:06,True,https://metroonline.page.link/5Lpx
Kisan Banaspati Ghee 16KG,9100,False,0,0,3,Cooking Essentials,Commodities,Oil and Ghee,Banaspati,12634247,2026-09-06 17:37:06,False,https://metroonline.page.link/5XHX
Season Corn Oil Bottle 4.5ltr,3235,False,2950,5,3,Cooking Essentials,Commodities,Oil and Ghee,,12633777,2026-09-06 17:37:06,True,https://metroonline.page.link/VXkX
Salman Pizza Sauce 385GM,455,False,359,53,3,Cooking Essentials,Cooking Ingredients,Sauces and Seasonings,Vinegars and Sauces,12633751,2026-09-06 17:37:06,True,https://metroonline.page.link/dKxR
SOYA SUPREME COOKING OIL 1L X5,2995,False,2895,40,3,Cooking Essentials,Commodities,Oil and Ghee,Cooking Oil,12633732,2026-09-06 17:37:06,True,https://metroonline.page.link/cLtS
White Sugar per 500GM,72,False,0,116,2,Cooking Essentials,Commodities,Sugar,,12633510,2026-09-06 17:37:06,True,https://metroonline.page.link/Npuj
Dalda Cooking Oil 2.5L,1560,False,0,56,3,Cooking Essentials,Commodities,Oil and Ghee,Cooking Oil,12633488,2026-09-06 17:37:06,True,https://metroonline.page.link/Tmkw
Guard Awami Basmati Rice 5KG,1545,False,0,68,5,Cooking Essentials,Commodities,Rice,,12633413,2026-09-06 17:37:06,True,https://metroonline.page.link/YZug
Youngs Chicken Spread Bbq 500ML,739,False,619,106,3,Cooking Essentials,Cooking Ingredients,Sauces and Seasonings,Pastes,12633410,2026-09-06 17:37:06,True,https://metroonline.page.link/WCzH
Tullo Banaspati Ghee 1KG,570,False,0,0,3,Cooking Essentials,Commodities,Oil and Ghee,Banaspati,12633394,2026-09-06 17:37:06,True,https://metroonline.page.link/8xSh
NATURELLE Banaspati Ghee 1KG x5,2950,False,0,30,3,Cooking Essentials,Commodities,Oil and Ghee,Banaspati,12633382,2026-09-06 17:37:06,True,https://metroonline.page.link/QZJ7
NATURELLE Cooking Oil Bottle 12L,7770,False,0,0,3,Cooking Essentials,Commodities,Oil and Ghee,Cooking Oil,12633381,2026-09-06 17:37:06,False,https://metroonline.page.link/61pT
NATURELLE Cooking Oil 1L X5,2950,False,0,28,3,Cooking Essentials,Commodities,Oil and Ghee,Cooking Oil,12633379,2026-09-06 17:37:06,True,https://metroonline.page.link/5yii
Sucral Sweetener Tablets 100,181,False,0,0,2,Cooking Essentials,Commodities,Sugar,,12633238,2026-09-06 17:37:06,False,https://metroonline.page.link/Y4tj
MEHRAN Red Chilli Powder 400GM,719,False,0,0,2,Cooking Essentials,Cooking Ingredients,Spices and Herbs,Packaged Spices,12633237,2026-09-06 17:37:06,False,https://metroonline.page.link/obj5
Mezan Canola Oil Can 10L,5575,False,0,0,3,Cooking Essentials,Commodities,Oil and Ghee,Cooking Oil,12633172,2026-09-06 17:37:06,False,https://metroonline.page.link/4KjL
Metro Chef Daal Channa Whole 1KG,319,False,229,1909,5,Cooking Essentials,Commodities,Pulses,,12633063,2026-09-06 17:37:06,True,https://metroonline.page.link/JXG5
Mehran Turmeric Powder 100GM,145,False,0,40,5,Cooking Essentials,Cooking Ingredients,Spices and Herbs,Packaged Spices,12633060,2026-09-06 17:37:06,True,https://metroonline.page.link/WTNH
American Garden Original BBQ Sauce 18OZ,2118,False,0,32,5,Cooking Essentials,Cooking Ingredients,Sauces and Seasonings,Vinegars and Sauces,12632985,2026-09-06 17:37:06,True,https://metroonline.page.link/pABv
Canolive Jerry Can Oil 10L,6800,False,0,3,3,Cooking Essentials,Commodities,Oil and Ghee,Cooking Oil,12632957,2026-09-06 17:37:06,True,https://metroonline.page.link/C68e
Ok Red Lobia Whole,189,False,449,366,5,Cooking Essentials,OK,Pulses,,12632953,2026-09-06 17:37:06,True,https://metroonline.page.link/scWx
Eva Cooking Oil 1L X5,2940,False,2770,81,3,Cooking Essentials,Commodities,Oil and Ghee,Cooking Oil,12632931,2026-09-06 17:37:06,False,https://metroonline.page.link/yxHi
Eva Sunflower Oil (Stand-up Pouch) 1L,625,False,0,7,3,Cooking Essentials,Commodities,Oil and Ghee,Cooking Oil,12632930,2026-09-06 17:37:06,True,https://metroonline.page.link/EDXG
Eva Canola Oil (Stand-up Pouch) 1L,620,False,0,3,3,Cooking Essentials,Commodities,Oil and Ghee,Cooking Oil,12632929,2026-09-06 17:37:06,True,https://metroonline.page.link/snww
Eva Canola Oil Bottle 3 LTR,1885,False,,32,3,Cooking Essentials,Commodities,Oil and Ghee,Cooking Oil,12632928,2026-09-06 17:37:06,True,https://metroonline.page.link/aayp
Falak Daily Basmati Rice 5 Kg,1849,False,0,88,5,Cooking Essentials,Commodities,Rice,,12632918,2026-09-06 17:37:06,True,https://metroonline.page.link/aUiP
Falak Bachat Rice 5KG,1459,False,0,57,5,Cooking Essentials,Commodities,Rice,,12632916,2026-09-06 17:37:06,True,https://metroonline.page.link/fgcP
Borges Olives Pomace Oil 5 LTR,12870,False,0,13,3,Cooking Essentials,Commodities,Oil and Ghee,Olive Oil,12632901,2026-09-06 17:37:06,False,https://metroonline.page.link/oFkw
Mehran Red Chilli Powder 200GM,379,False,0,100,5,Cooking Essentials,Cooking Ingredients,Spices and Herbs,Packaged Spices,12632646,2026-09-06 17:37:06,True,https://metroonline.page.link/gExC
Shangrila Pizza Sauce 450 GM,389,False,329,62,2,Cooking Essentials,Cooking Ingredients,Sauces and Seasonings,Vinegars and Sauces,12632606,2026-09-06 17:37:06,True,https://metroonline.page.link/gyJ7
MEZAN Cooking Oil Stand-up 1LTR X5,2950,False,2680,74,3,Cooking Essentials,Commodities,Oil and Ghee,Cooking Oil,12632484,2026-09-06 17:37:06,False,https://metroonline.page.link/dkWj
Seasons Cooking Oil 1L x5,2825,False,2799,291,3,Cooking Essentials,Commodities,Oil and Ghee,Cooking Oil,12632475,2026-09-06 17:37:06,True,https://metroonline.page.link/DYrx
Sugaries Granulated Brown Sugar 1KG,399,False,0,202,5,Cooking Essentials,Commodities,Sugar,,12632435,2026-09-06 17:37:06,True,https://metroonline.page.link/KYUX
Hellmann Cheese Mayonnaise 1KG ,1600,False,1242,48,10,Cooking Essentials,Cooking Ingredients,Sauces and Seasonings,Pastes,12632397,2026-09-06 17:37:06,False,https://metroonline.page.link/MDJi
National Tomato Ketchup 210Gm,125,True,110,113,2,Cooking Essentials,Cooking Ingredients,Sauces and Seasonings,Vinegars and Sauces,12632335,2026-09-06 17:37:06,True,https://metroonline.page.link/PaqM
Rossmoor Mustard Powder 100GM,149,False,0,162,4,Cooking Essentials,Cooking Ingredients,Spices and Herbs,Packaged Spices,12632321,2026-09-06 17:37:06,True,https://metroonline.page.link/ejQD
Knorr Tomato Ketchup 800GM CP,409,False,0,73,7,Cooking Essentials,Cooking Ingredients,Sauces and Seasonings,Vinegars and Sauces,12632314,2026-09-06 17:37:06,True,https://metroonline.page.link/EdyK
Young Mayonnaise Red Chilli Sauce 500ML,544,False,0,34,5,Cooking Essentials,Cooking Ingredients,Sauces and Seasonings,Pastes,12632269,2026-09-06 17:37:06,True,https://metroonline.page.link/acsR
MUELOLIVA Extra Virgin Olive Oil 250ML,1871,False,0,0,3,Cooking Essentials,Commodities,Oil and Ghee,Olive Oil,12632264,2026-09-06 17:37:06,False,https://metroonline.page.link/EB1H
Tullo Cooking Oil 1LTR X 5,2850,False,0,76,3,Cooking Essentials,Commodities,Oil and Ghee,Cooking Oil,12631994,2026-09-06 17:37:06,True,https://metroonline.page.link/b6mm
Tullo Cooking Oil 1LTR,570,False,564,0,3,Cooking Essentials,Commodities,Oil and Ghee,,12631993,2026-09-06 17:37:06,True,https://metroonline.page.link/KqUg
Seasons Canola Oil Can 10L,5790,False,0,23,3,Cooking Essentials,Commodities,Oil and Ghee,Cooking Oil,12631865,2026-09-06 17:37:06,True,https://metroonline.page.link/sdPf
YADGAR WHOLE WHEAT ATTA 5KG,979,False,0,0,3,Cooking Essentials,Commodities,Flour,White Flour and Whole Wheat Flour,12631860,2026-09-06 17:37:06,False,https://metroonline.page.link/Lufk
Dalda Corn Oil Tin 5l,3375,False,0,0,3,Cooking Essentials,Commodities,Oil and Ghee,Cooking Oil,12631708,2026-09-06 17:37:06,False,https://metroonline.page.link/kcGq
Dalda Corn Oil Bottle 3L,2280,False,,1,3,Cooking Essentials,Commodities,Oil and Ghee,Cooking Oil,12631707,2026-09-06 17:37:06,True,https://metroonline.page.link/rZMT
Coroli Corn Oil 1.8 L Bottle,4200,False,0,0,3,Cooking Essentials,Commodities,Oil and Ghee,Cooking Oil,12631705,2026-09-06 17:37:06,False,https://metroonline.page.link/7XN2
Coroli Corn Oil 3L,6800,False,0,3,3,Cooking Essentials,Commodities,Oil and Ghee,Cooking Oil,12631704,2026-09-06 17:37:06,True,https://metroonline.page.link/k1Ym
Kisan Banaspati Ghee Bucket 2.5L,1415,False,0,0,3,Cooking Essentials,Commodities,Oil and Ghee,Banaspati,12631702,2026-09-06 17:37:06,False,https://metroonline.page.link/Xhbj
Kisan Banaspati Ghee 1 KG x5,2775,False,0,1,3,Cooking Essentials,Commodities,Oil and Ghee,Banaspati,12631701,2026-09-06 17:37:06,False,https://metroonline.page.link/tVtX
Adam Desi Ghee 2.5 KG,6500,False,0,129,3,Cooking Essentials,Commodities,Oil and Ghee,Desi Ghee,12631698,2026-09-06 17:37:06,True,https://metroonline.page.link/MdCo
Adam Desi Ghee 500GM,1415,False,0,204,3,Cooking Essentials,Commodities,Oil and Ghee,Desi Ghee,12631696,2026-09-06 17:37:06,True,https://metroonline.page.link/YVkF
Hellmann Garlic Mayo 1KG ,1095,False,932,0,10,Cooking Essentials,Cooking Ingredients,Sauces and Seasonings,Pastes,12631479,2026-09-06 17:37:06,False,https://metroonline.page.link/SzQ9
Dalda Cooking Oil 1L x5,3015,False,2760,1368,3,Cooking Essentials,Commodities,Oil and Ghee,Cooking Oil,12631464,2026-09-06 17:37:06,True,https://metroonline.page.link/JxcT
Dipitt Hot Sauce 60ML,225,False,0,110,5,Cooking Essentials,Cooking Ingredients,Sauces and Seasonings,Vinegars and Sauces,12629987,2026-09-06 17:37:06,True,https://metroonline.page.link/3brL
Dipitt Habanero Sauce 60ML,225,False,0,0,5,Cooking Essentials,Cooking Ingredients,Sauces and Seasonings,Vinegars and Sauces,12629986,2026-09-06 17:37:06,False,https://metroonline.page.link/HVkz
Dipitt Chipotle Sauce 60ML,225,False,0,76,5,Cooking Essentials,Cooking Ingredients,Sauces and Seasonings,Vinegars and Sauces,12629985,2026-09-06 17:37:06,True,https://metroonline.page.link/dpjq
Dipitt Tabasco Sauce 60ml,250,False,0,76,5,Cooking Essentials,Cooking Ingredients,Sauces and Seasonings,Vinegars and Sauces,12629984,2026-09-06 17:37:06,True,https://metroonline.page.link/zbKW
Dipitt Pizza Sauce 300GM,375,False,0,64,5,Cooking Essentials,Cooking Ingredients,Sauces and Seasonings,Vinegars and Sauces,12629983,2026-09-06 17:37:06,True,https://metroonline.page.link/48jr
Dipitt Soy Sauce 310GM,425,False,0,125,5,Cooking Essentials,Cooking Ingredients,Sauces and Seasonings,Vinegars and Sauces,12629982,2026-09-06 17:37:06,True,https://metroonline.page.link/a3qa
Dipitt Habanero Ketchup 310GM,375,False,0,0,5,Cooking Essentials,Cooking Ingredients,Sauces and Seasonings,Vinegars and Sauces,12629981,2026-09-06 17:37:06,False,https://metroonline.page.link/VfoW
Dipitt Chilli Garlic 310g,275,False,249,279,5,Cooking Essentials,Cooking Ingredients,Sauces and Seasonings,Vinegars and Sauces,12629980,2026-09-06 17:37:06,True,https://metroonline.page.link/tw6b
Dipitt Tomato Ketchup 300GM,275,False,199,298,5,Cooking Essentials,Cooking Ingredients,Sauces and Seasonings,Vinegars and Sauces,12629979,2026-09-06 17:37:06,True,https://metroonline.page.link/AZHQ
Dipitt Hot Buffalo Sauce 300GM,450,False,0,139,5,Cooking Essentials,Cooking Ingredients,Sauces and Seasonings,Vinegars and Sauces,12629978,2026-09-06 17:37:06,True,https://metroonline.page.link/tmXW
Dipitt BBQ Sauce 300GM,380,False,335,134,5,Cooking Essentials,Cooking Ingredients,Sauces and Seasonings,Vinegars and Sauces,12629977,2026-09-06 17:37:06,True,https://metroonline.page.link/C5hC
Dipitt Buffalo Sauce 300GM,450,False,0,33,5,Cooking Essentials,Cooking Ingredients,Sauces and Seasonings,Vinegars and Sauces,12629976,2026-09-06 17:37:06,False,https://metroonline.page.link/UaSi
Dipitt Hot Sauce 300GM,400,False,349,126,5,Cooking Essentials,Cooking Ingredients,Sauces and Seasonings,Vinegars and Sauces,12629975,2026-09-06 17:37:06,True,https://metroonline.page.link/tDEm
Knorr DemiGlace Sauce 1KG,2317,False,1876,1,7,Cooking Essentials,Cooking Ingredients,Sauces and Seasonings,Vinegars and Sauces,12629866,2026-09-06 17:37:06,True,https://metroonline.page.link/9t7G
Knorr Batter Mix 1KG,1899,False,1538,64,7,Cooking Essentials,Cooking Ingredients,Sauces and Seasonings,Seasonings,12629862,2026-09-06 17:37:06,True,https://metroonline.page.link/WREB
Kisan Cooking Oil Bottle 5L,2890,False,0,31,3,Cooking Essentials,Commodities,Oil and Ghee,Cooking Oil,12629724,2026-09-06 17:37:06,False,https://metroonline.page.link/5APn
Hellmann Classic Mayonnaise 4Kg,2950,False,2671,332,10,Cooking Essentials,Cooking Ingredients,Sauces and Seasonings,Pastes,12629696,2026-09-06 17:37:06,True,https://metroonline.page.link/H39x
Knorr Chicken Powder 12Kg,16250,False,14725,30,7,Cooking Essentials,Cooking Ingredients,Sauces and Seasonings,Seasonings,12629693,2026-09-06 17:37:06,True,https://metroonline.page.link/JzPX
Hellmann Thousand Island Dressing 800ML,945,False,851,0,10,Cooking Essentials,Cooking Ingredients,Sauces and Seasonings,Vinegars and Sauces,12629686,2026-09-06 17:37:06,False,https://metroonline.page.link/TBG1
Knorr Professional Chicken Soup Stock 1Kg,2897,False,2302,3,7,Cooking Essentials,Cooking Ingredients,Sauces and Seasonings,Seasonings,12629685,2026-09-06 17:37:06,True,https://metroonline.page.link/BTpE
Muelolive Olive Pomace Oil Tin 4L,10983,False,10980,0,2,Cooking Essentials,Commodities,Oil and Ghee,Olive Oil,13471713,2026-09-06 17:37:06,True,https://metroonline.page.link/meeA
Kisan Canola Oil 1L X5,2775,False,0,4,3,Cooking Essentials,Commodities,Oil and Ghee,Cooking Oil,12629556,2026-09-06 17:37:06,True,https://metroonline.page.link/jQrx
OK DAAL MASH WASHED 1KG,399,False,0,0,3,Cooking Essentials,OK,Pulses,,12629458,2026-09-06 17:37:06,True,https://metroonline.page.link/QLJg
Kisan Sunflower Oil 1L X5,2775,False,0,1,3,Cooking Essentials,Commodities,Oil and Ghee,Cooking Oil,12629450,2026-09-06 17:37:06,True,https://metroonline.page.link/dQC1
Sufi Canola Oil 16LTR,9130,False,,60,3,Cooking Essentials,Commodities,Oil and Ghee,Cooking Oil,12629438,2026-09-06 17:37:06,True,https://metroonline.page.link/CnwQ
Sufi Banaspati Ghee Tin 10KG,6004,False,0,0,3,Cooking Essentials,Commodities,Oil and Ghee,Banaspati,12629430,2026-09-06 17:37:06,False,https://metroonline.page.link/fJ6R
Sufi Sunflower Stand up Pouch 1LTR,625,False,0,1,3,Cooking Essentials,Commodities,Oil and Ghee,Cooking Oil,12629427,2026-09-06 17:37:06,True,https://metroonline.page.link/uhDK
Sufi Canola Oil 1LTR,590,False,0,96,3,Cooking Essentials,Commodities,Oil and Ghee,Cooking Oil,12629426,2026-09-06 17:37:06,True,https://metroonline.page.link/88e1
Sufi Canola Oil Tin 5LTR,2950,False,0,23,3,Cooking Essentials,Commodities,Oil and Ghee,Cooking Oil,12629425,2026-09-06 17:37:06,False,https://metroonline.page.link/xzcU
Sufi Canola Oil Tin 10LTR,5900,False,0,72,3,Cooking Essentials,Commodities,Oil and Ghee,Cooking Oil,12629424,2026-09-06 17:37:06,True,https://metroonline.page.link/fawV
Sufi Soya Bean Oil Bottle 4.5LTR,2740,False,0,37,3,Cooking Essentials,Commodities,Oil and Ghee,Cooking Oil,12629422,2026-09-06 17:37:06,True,https://metroonline.page.link/zNtV
Sufi Soya Bean Oil 1LTR,590,False,0,0,3,Cooking Essentials,Commodities,Oil and Ghee,Cooking Oil,12629421,2026-09-06 17:37:06,True,https://metroonline.page.link/xVKv
Sufi Soyabean Oil Bottle 3LTR,1840,False,0,32,3,Cooking Essentials,Commodities,Oil and Ghee,Cooking Oil,12629420,2026-09-06 17:37:06,True,https://metroonline.page.link/kjq7
Tabasco Red Pepper Sauce,370,False,0,0,5,Cooking Essentials,Cooking Ingredients,Sauces and Seasonings,Vinegars and Sauces,12629379,2026-09-06 17:37:06,False,https://metroonline.page.link/oWjr
Metro Chef Iodized Salt 800GM,45,False,40,4461,4,Cooking Essentials,Cooking Ingredients,Spices and Herbs,Salt and Pepper,9999961,2026-09-06 17:37:06,True,https://metroonline.page.link/fEUP
Metro Chef Wheat Flour 5KG,785,False,0,0,3,Cooking Essentials,Commodities,Flour,,12629015,2026-09-06 17:37:06,True,https://metroonline.page.link/qLzq
Ok Baisan 1KG,350,False,255,8455,4,Cooking Essentials,OK,Pulses,,12628820,2026-09-06 17:37:06,False,https://metroonline.page.link/9Xjt
Naturelle Cooking Oil Bottle 4.5L,2750,False,0,48,3,Cooking Essentials,Commodities,Oil and Ghee,Cooking Oil,12628575,2026-09-06 17:37:06,True,https://metroonline.page.link/4erq
Shan Biryani Masala FP 200,559,False,0,239,5,Cooking Essentials,Cooking Ingredients,Spices and Herbs,Packaged Spices,12628552,2026-09-06 17:37:06,True,https://metroonline.page.link/6EwH
OK GREEN CARDAMOM 50G,799,False,0,0,5,Cooking Essentials,OK,Spices and Herbs,Desi Spices,12628549,2026-09-06 17:37:06,False,https://metroonline.page.link/gJLA
Knorr Chicken Cubes 18 GM,74,False,72,1,10,Cooking Essentials,Cooking Ingredients,Sauces and Seasonings,Seasonings,12628548,2026-09-06 17:37:06,True,https://metroonline.page.link/UXim
Diamond Flour (Atta) Special 25 KG,2025,False,0,0,3,Cooking Essentials,Commodities,Flour,,12628547,2026-09-06 17:37:06,False,https://metroonline.page.link/wMce
N  L White Lobia 1 KG,425,False,0,93,3,Cooking Essentials,Commodities,Pulses,,12628538,2026-09-06 17:37:06,True,https://metroonline.page.link/Dh9n
Khyber Basmati Rice 5 KG,1799,False,0,70,5,Cooking Essentials,Commodities,Rice,,12628535,2026-09-06 17:37:06,True,https://metroonline.page.link/Vk4V
Shan Bombay Biryani FP 240,559,False,0,348,5,Cooking Essentials,Cooking Ingredients,Sauces and Seasonings,Vinegars and Sauces,12628490,2026-09-06 17:37:06,True,https://metroonline.page.link/1YCf
Maida 500 GM,75,False,0,0,3,Cooking Essentials,Commodities,Flour,White Flour and Whole Wheat Flour,12628488,2026-09-06 17:37:06,False,https://metroonline.page.link/8s7M
National Classic Mayo 1 KG,625,False,540,170,2,Cooking Essentials,Cooking Ingredients,Sauces and Seasonings,Pastes,12628364,2026-09-06 17:37:06,True,https://metroonline.page.link/B7oQ
National Classic Mayo 500 GM,349,False,295,122,4,Cooking Essentials,Cooking Ingredients,Sauces and Seasonings,Pastes,12628363,2026-09-06 17:37:06,True,https://metroonline.page.link/uUvK
Knorr Chicken Powder 10 GM,29,False,25,1902,7,Cooking Essentials,Cooking Ingredients,Sauces and Seasonings,Seasonings,12628345,2026-09-06 17:37:06,True,https://metroonline.page.link/syUJ
Olivola Oil 3Ltr Bottle ,1925,False,,136,3,Cooking Essentials,Commodities,Oil and Ghee,Olive Oil,12628344,2026-09-06 17:37:06,True,https://metroonline.page.link/LPVi
Canolive Cooking Oil 1 LTR,665,False,0,65,3,Cooking Essentials,Commodities,Oil and Ghee,,12628343,2026-09-06 17:37:06,True,https://metroonline.page.link/1hax
Eva Cooking Oil Stand up 1L,610,False,0,3,3,Cooking Essentials,Commodities,Oil and Ghee,Cooking Oil,12628342,2026-09-06 17:37:06,True,https://metroonline.page.link/iBjB
Sufi Canola Oil Bottle 4.5 LTR,2740,False,,67,3,Cooking Essentials,Commodities,Oil and Ghee,Cooking Oil,12628341,2026-09-06 17:37:06,True,https://metroonline.page.link/Ewop
Seasons Canola Oil Bottle 4.5 LTR,2775,False,0,102,3,Cooking Essentials,Commodities,Oil and Ghee,Cooking Oil,12628340,2026-09-06 17:37:06,True,https://metroonline.page.link/mgfM
SUFI SUNFLOWER OIL BOTTLE 4.5L,2790,False,2815,161,3,Cooking Essentials,Commodities,Oil and Ghee,Cooking Oil,9999785,2026-09-06 17:37:06,True,https://metroonline.page.link/xDPV
Pak Desi Ghee Tin 5 KG,14700,False,0,20,3,Cooking Essentials,Commodities,Oil and Ghee,Desi Ghee,12628338,2026-09-06 17:37:06,False,https://metroonline.page.link/6vqz
Guard Brown Rice Jar 1.5 KG,825,False,0,41,3,Cooking Essentials,Commodities,Rice,,12628337,2026-09-06 17:37:06,True,https://metroonline.page.link/eT7G
Guard Tibar Basmati Rice 5 KG,2145,False,0,19,5,Cooking Essentials,Commodities,Rice,,12628336,2026-09-06 17:37:06,True,https://metroonline.page.link/QkhL
Ok Lobia Red 1KG,398,False,0,0,5,Cooking Essentials,OK,Pulses,,12628060,2026-09-06 17:37:06,False,https://metroonline.page.link/2N2L
Dalda Extra Virgin Olive Oil 3LTR,9200,False,0,0,3,Cooking Essentials,Commodities,Oil and Ghee,,12628047,2026-09-06 17:37:06,True,https://metroonline.page.link/Bon5
Rafhan Corn Oil Bottle 1 LTR,1070,False,999,133,5,Cooking Essentials,Commodities,Oil and Ghee,Cooking Oil,12627931,2026-09-06 17:37:06,True,https://metroonline.page.link/YrjE
Al-Khubz Whole Wheat Flour 5 KG,965,False,0,0,3,Cooking Essentials,Commodities,Flour,,12627510,2026-09-06 17:37:06,True,https://metroonline.page.link/fCYB
Al-Khubz Fine Flour 10 KG,1895,False,0,0,3,Cooking Essentials,Commodities,Flour,,12627509,2026-09-06 17:37:06,True,https://metroonline.page.link/t7iQ
Basmati Steam Rice Kaalar 5 KG 1121,2625,False,0,64,5,Cooking Essentials,Commodities,Rice,,12627505,2026-09-06 17:37:06,True,https://metroonline.page.link/fZPg
Falak Premium Pack 5 KG,2549,False,2199,127,5,Cooking Essentials,Commodities,Rice,,12622652,2026-09-06 17:37:06,True,https://metroonline.page.link/mZmP
Pons Extra Light Olive Oil 1 LTR,6035,False,0,0,3,Cooking Essentials,Commodities,Oil and Ghee,,12627501,2026-09-06 17:37:06,False,https://metroonline.page.link/RHj9
Pons Classic Olive Oil 1 LTR,5600,False,0,10,3,Cooking Essentials,Commodities,Oil and Ghee,,12627500,2026-09-06 17:37:06,True,https://metroonline.page.link/H6Sg
Mundial Pomace Olive Oil 3L,8745,False,0,0,3,Cooking Essentials,Commodities,Oil and Ghee,Olive Oil,12627499,2026-09-06 17:37:06,True,https://metroonline.page.link/wvPN
Pons Extra Virgin Olive Oil 3L,13150,False,0,0,3,Cooking Essentials,Commodities,Oil and Ghee,Olive Oil,12627498,2026-09-06 17:37:06,True,https://metroonline.page.link/2oh3
Pons Extra Virgin Olive Oil 5 LTR,21465,False,0,0,3,Cooking Essentials,Commodities,Oil and Ghee,Olive Oil,12627497,2026-09-06 17:37:06,True,https://metroonline.page.link/4b4i
Pons Extra Light Olive Oil 5 LTR,20970,False,0,0,3,Cooking Essentials,Commodities,Oil and Ghee,Olive Oil,12627496,2026-09-06 17:37:06,False,https://metroonline.page.link/h54q
Eva Canola Oil Bottle 5 LTR,3125,False,,78,3,Cooking Essentials,Commodities,Oil and Ghee,,12627495,2026-09-06 17:37:06,True,https://metroonline.page.link/f4RZ
Dalda Sunflower Oil 4.5 Ltr,2880,False,,21,3,Cooking Essentials,Commodities,Oil and Ghee,,12627492,2026-09-06 17:37:06,True,https://metroonline.page.link/v1PT
Dalda Canola Oil 4.5 LTR,2835,False,2695,55,3,Cooking Essentials,Commodities,Oil and Ghee,,12627491,2026-09-06 17:37:06,True,https://metroonline.page.link/F1iQ
Sunridge Chakki Atta 10 KG,1569,False,0,0,1,Cooking Essentials,Commodities,Flour,,12627474,2026-09-06 17:37:06,True,https://metroonline.page.link/Tng8
Sunridge Chakki Atta 5 KG,845,False,0,0,7,Cooking Essentials,Commodities,Flour,,12627473,2026-09-06 17:37:06,True,https://metroonline.page.link/fyBj
Ok White Cumin Seed 200GM,345,False,329,792,10,Cooking Essentials,OK,Spices and Herbs,Packaged Spices,12620261,2026-09-06 17:37:06,False,https://metroonline.page.link/yJJ4
Ok Black Pepper Powder 100GM,369,False,325,582,2,Cooking Essentials,OK,Spices and Herbs,Salt and Pepper,12626000,2026-09-06 17:37:06,True,https://metroonline.page.link/oSRn
Seasons Banaspati Ghee 1KG X5,2700,False,,98,3,Cooking Essentials,Commodities,Oil and Ghee,Banaspati,12625952,2026-09-06 17:37:06,True,https://metroonline.page.link/fpQ8
Eva Cooking Oil 3LTR,1855,False,0,53,3,Cooking Essentials,Commodities,Oil and Ghee,Cooking Oil,12625898,2026-09-06 17:37:06,True,https://metroonline.page.link/bRbs
Dalda Olive Oil Pomace 1LTR,2650,False,,20,3,Cooking Essentials,Commodities,Oil and Ghee,Olive Oil,12625873,2026-09-06 17:37:06,True,https://metroonline.page.link/UHUC
Ok Jaivatri 50GM,565,False,649,184,5,Cooking Essentials,OK,Spices and Herbs,Desi Spices,12623889,2026-09-06 17:37:06,True,https://metroonline.page.link/kAxK
Ok Daal Masoor Whole 1KG,225,False,245,0,3,Cooking Essentials,OK,Pulses,,12625750,2026-09-06 17:37:06,True,https://metroonline.page.link/zq6r
Mitchells Lemon Juice 300ML,199,False,260,289,5,Cooking Essentials,Cooking Ingredients,Sauces and Seasonings,Vinegars and Sauces,12625748,2026-09-06 17:37:06,True,https://metroonline.page.link/Jpou
Eva Sunflower Oil Standup Pouch 1L x 5,3125,False,2875,52,3,Cooking Essentials,Commodities,Oil and Ghee,Cooking Oil,12625723,2026-09-06 17:37:06,True,https://metroonline.page.link/zVJw
Mughal Pure Basmati Rice 5KG,1899,False,1515,26,5,Cooking Essentials,Commodities,Rice,,12625709,2026-09-06 17:37:06,True,https://metroonline.page.link/y44v
Ok Black Cumin Seed 100GM,395,False,369,282,10,Cooking Essentials,OK,Spices and Herbs,Desi Spices,12622350,2026-09-06 17:37:06,True,https://metroonline.page.link/8VCX
O`Real Chicken Cube Powder 20GM,69,False,0,291,5,Cooking Essentials,Cooking Ingredients,Sauces and Seasonings,Seasonings,12625641,2026-09-06 17:37:06,True,https://metroonline.page.link/LbxA
Ok Methi Khushak 50GM,39,False,0,287,10,Cooking Essentials,OK,Spices and Herbs,Packaged Spices,99930395,2026-09-06 17:37:06,True,https://metroonline.page.link/Gy2V
Ok Corriander Powder 200GM,159,False,149,429,5,Cooking Essentials,OK,Spices and Herbs,Desi Spices,12625624,2026-09-06 17:37:06,True,https://metroonline.page.link/bUWx
Ok Anardana Khatta 100GM,159,False,0,2,2,Cooking Essentials,OK,Spices and Herbs,Desi Spices,12622546,2026-09-06 17:37:06,True,https://metroonline.page.link/Kv2p
Red Lobia NL 1KG,625,False,0,253,3,Cooking Essentials,Commodities,Pulses,,12625599,2026-09-06 17:37:06,True,https://metroonline.page.link/AsJ9
Ok Anardana Meetha 100GM,135,False,0,281,2,Cooking Essentials,OK,Spices and Herbs,Desi Spices,12621975,2026-09-06 17:37:06,True,https://metroonline.page.link/BKaQ
Mehran Qorma Masala 50 GM,135,False,0,100,2,Cooking Essentials,Cooking Ingredients,Spices and Herbs,Packaged Spices,12625494,2026-09-06 17:37:06,True,https://metroonline.page.link/LKhK
OReal Pulao Cube Powder 20 GM,69,False,0,329,5,Cooking Essentials,Cooking Ingredients,Sauces and Seasonings,Seasonings,12625492,2026-09-06 17:37:06,True,https://metroonline.page.link/m3f8
Fine Life Super Kernel Basmati Rice 5 KG ,2557,False,0,0,5,Cooking Essentials,Commodities,Rice,,12625476,2026-09-06 17:37:06,False,https://metroonline.page.link/kE6q
White Rice Super Basmati 1 KG,449,False,0,0,3,Cooking Essentials,Commodities,Rice,,12625429,2026-09-06 17:37:06,False,https://metroonline.page.link/NjmE
Brown Rice Super Basmati 1 KG,449,False,0,0,3,Cooking Essentials,Commodities,Rice,,12625428,2026-09-06 17:37:06,False,https://metroonline.page.link/ndoZ
Brown Sugar Soft 400 GM,283,False,0,0,3,Cooking Essentials,Commodities,Sugar,,12625391,2026-09-06 17:37:06,False,https://metroonline.page.link/JP26
Brown Sugar Crystal 400 GM,283,False,0,0,3,Cooking Essentials,Commodities,Sugar,,12625389,2026-09-06 17:37:06,False,https://metroonline.page.link/1gc6
Olive Oil 235ML,832,False,0,0,1,Cooking Essentials,Commodities,Oil and Ghee,Olive Oil,12625377,2026-09-06 17:37:06,False,https://metroonline.page.link/FAFA
Pulao Cubes Non Shrink 18 GM,74,False,69,556,7,Cooking Essentials,Cooking Ingredients,Sauces and Seasonings,Seasonings,12625355,2026-09-06 17:37:06,True,https://metroonline.page.link/EWsj
Rafhan Corn Oil Bottle 3LTR,2900,False,2799,60,3,Cooking Essentials,Commodities,Oil and Ghee,Cooking Oil,12625315,2026-09-06 17:37:06,True,https://metroonline.page.link/39AL
RAFHAN CORN OIL 3L,2900,False,2849,95,5,Cooking Essentials,Commodities,Oil and Ghee,Cooking Oil,9999781,2026-09-06 17:37:06,True,https://metroonline.page.link/9oR3
Rafhan Corn Oil Tin 16 L,14320,False,0,43,5,Cooking Essentials,Commodities,Oil and Ghee,Cooking Oil,12625313,2026-09-06 17:37:06,True,https://metroonline.page.link/KW7C
Rafhan Corn Flour 10 KG ,4650,False,3535,6,7,Cooking Essentials,Cooking Ingredients,Sauces and Seasonings,Seasonings,12625286,2026-09-06 17:37:06,True,https://metroonline.page.link/JFTv
Knorr Chilli Garlic 800 GM,419,False,0,-5,7,Cooking Essentials,Cooking Ingredients,Sauces and Seasonings,Vinegars and Sauces,12625279,2026-09-06 17:37:06,False,https://metroonline.page.link/S77x
Knorr Lime Powder 400 GM,1150,False,1080,669,5,Cooking Essentials,Cooking Ingredients,Sauces and Seasonings,Seasonings,12625274,2026-09-06 17:37:06,True,https://metroonline.page.link/ACVd
1LTR Cooking Oil Golden Sun,555,False,0,0,3,Cooking Essentials,Commodities,Oil and Ghee,Cooking Oil,12625218,2026-09-06 17:37:06,True,https://metroonline.page.link/Exim
1LTR Kausar Canola Oil,540,False,0,39,3,Cooking Essentials,Commodities,Oil and Ghee,Cooking Oil,12625217,2026-09-06 17:37:06,True,https://metroonline.page.link/7mqj
Ok Daal Moong Washed 1KG,319,False,379,0,5,Cooking Essentials,OK,Pulses,,9999663,2026-09-06 17:37:06,True,https://metroonline.page.link/X75e
OK WHITE CHANA BIG 1KG,285,False,285,0,5,Cooking Essentials,OK,Pulses,,9999787,2026-09-06 17:37:06,True,https://metroonline.page.link/gMsq
OK WHITE CHANA SMALL 1KG,219,False,239,0,2,Cooking Essentials,OK,Pulses,,9999719,2026-09-06 17:37:06,True,https://metroonline.page.link/BZTe
Mughal Rice Blended Basmati 5KG,1649,False,1315,42,5,Cooking Essentials,Commodities,Rice,,12625164,2026-09-06 17:37:06,True,https://metroonline.page.link/mwvh
Sufi Sunflower Oil Bottle 3L,1870,False,0,118,3,Cooking Essentials,Commodities,Oil and Ghee,Cooking Oil,12625065,2026-09-06 17:37:06,True,https://metroonline.page.link/xsQp
Green Cardamom 100GM,1700,False,0,0,5,Cooking Essentials,Cooking Ingredients,Spices and Herbs,Desi Spices,12625021,2026-09-06 17:37:06,True,https://metroonline.page.link/Lqbw
Vatani White Cumin Powder 60GM,675,False,575,68,5,Cooking Essentials,Cooking Ingredients,Spices and Herbs,Packaged Spices,12625009,2026-09-06 17:37:06,True,https://metroonline.page.link/bswA
Vatani Garam Masala Powder 60GM,450,False,379,58,5,Cooking Essentials,Cooking Ingredients,Spices and Herbs,Packaged Spices,12625007,2026-09-06 17:37:06,True,https://metroonline.page.link/LAJx
Vatani Cinnamon Powder 60GM,220,False,189,61,5,Cooking Essentials,Cooking Ingredients,Spices and Herbs,Packaged Spices,12625006,2026-09-06 17:37:06,True,https://metroonline.page.link/FPnU
Vatani Green Cardamom 40GM,930,False,789,50,5,Cooking Essentials,Cooking Ingredients,Spices and Herbs,Packaged Spices,12625005,2026-09-06 17:37:06,True,https://metroonline.page.link/AiZP
Vatani Green Cardamom Powder 40GM,940,False,799,36,5,Cooking Essentials,Cooking Ingredients,Spices and Herbs,Packaged Spices,12625004,2026-09-06 17:37:06,True,https://metroonline.page.link/cJ1F
Vatani Brown Cardamom 40GM,680,False,579,24,5,Cooking Essentials,Cooking Ingredients,Spices and Herbs,Packaged Spices,12625003,2026-09-06 17:37:06,True,https://metroonline.page.link/1UF1
Vatani Black Pepper Powder 75GM,495,False,419,28,5,Cooking Essentials,Cooking Ingredients,Spices and Herbs,Packaged Spices,12625002,2026-09-06 17:37:06,True,https://metroonline.page.link/8dtY
Vatani  White Cumin 140GM,575,False,489,27,5,Cooking Essentials,Cooking Ingredients,Spices and Herbs,Packaged Spices,12625001,2026-09-06 17:37:06,True,https://metroonline.page.link/EZyt
Vatani Fennel Seed 135GM,440,False,375,37,5,Cooking Essentials,Cooking Ingredients,Spices and Herbs,Packaged Spices,12625000,2026-09-06 17:37:06,True,https://metroonline.page.link/PxYU
Vatani Cinnamon 80GM,200,False,169,36,5,Cooking Essentials,Cooking Ingredients,Sauces and Seasonings,Seasonings,12624998,2026-09-06 17:37:06,True,https://metroonline.page.link/t9pG
Vatani White Cumin 480GM,1700,False,1445,44,5,Cooking Essentials,Cooking Ingredients,Spices and Herbs,Packaged Spices,12624997,2026-09-06 17:37:06,True,https://metroonline.page.link/7pGc
Vatani Coriander Seed 350GM,620,False,525,51,5,Cooking Essentials,Cooking Ingredients,Spices and Herbs,Packaged Spices,12624996,2026-09-06 17:37:06,True,https://metroonline.page.link/XcbJ
Vatani Coriander powder 480GM,390,False,335,62,5,Cooking Essentials,Cooking Ingredients,Sauces and Seasonings,Seasonings,12624995,2026-09-06 17:37:06,True,https://metroonline.page.link/KNpL
Rafhan Corn Oil 10 Litre,8150,False,0,48,3,Cooking Essentials,Commodities,Oil and Ghee,Cooking Oil,12624906,2026-09-06 17:37:06,True,https://metroonline.page.link/GifV
Rafhan Corn Oil 5L,4350,False,0,79,3,Cooking Essentials,Commodities,Oil and Ghee,Cooking Oil,12624905,2026-09-06 17:37:06,True,https://metroonline.page.link/jhcu
NL Mix Daal Family Pack 500GM x 5,855,False,1075,157,3,Cooking Essentials,Commodities,Pulses,,12624863,2026-09-06 17:37:06,True,https://metroonline.page.link/hQ6y
NL Besan 1 KG,339,False,0,158,3,Cooking Essentials,Commodities,Flour,,12624862,2026-09-06 17:37:06,True,https://metroonline.page.link/WtxL
NL Masoor Whole 1 KG,355,False,0,231,3,Cooking Essentials,Commodities,Pulses,,12624861,2026-09-06 17:37:06,True,https://metroonline.page.link/tYqT
NL Daal Moong Washed 1 KG,555,False,0,265,3,Cooking Essentials,Commodities,Pulses,,12624860,2026-09-06 17:37:06,True,https://metroonline.page.link/1VoT
National Pink Salt 800GM,69,False,69,5575,5,Cooking Essentials,Cooking Ingredients,Spices and Herbs,Salt and Pepper,12624843,2026-09-06 17:37:06,True,https://metroonline.page.link/1FJq
National Pulao Masala 140GM,305,False,225,12,5,Cooking Essentials,Cooking Ingredients,Spices and Herbs,Packaged Spices,12624810,2026-09-06 17:37:06,True,https://metroonline.page.link/GrXu
Dewdrop Tomato Paste 800GM,550,True,460,932,5,Cooking Essentials,Cooking Ingredients,Sauces and Seasonings,Vinegars and Sauces,12624736,2026-09-06 17:37:06,True,https://metroonline.page.link/iatd
Rossmoor Paprika Powder 25 GM,99,False,0,286,5,Cooking Essentials,Cooking Ingredients,Spices and Herbs,Packaged Spices,12624610,2026-09-06 17:37:06,True,https://metroonline.page.link/GQWp
Shan Garam Masala 50 GM,319,False,0,300,5,Cooking Essentials,Cooking Ingredients,Spices and Herbs,Packaged Spices,12624609,2026-09-06 17:37:06,True,https://metroonline.page.link/uK9J
Metro Chef Extra Virgin Olive Oil 5L,20999,False,16999,65,3,Cooking Essentials,Commodities,Oil and Ghee,Olive Oil,12624593,2026-09-06 17:37:06,True,https://metroonline.page.link/MqwD
Oreal Krispy French Fries Mix 65 GM,195,False,0,41,5,Cooking Essentials,Cooking Ingredients,Sauces and Seasonings,Seasonings,12624589,2026-09-06 17:37:06,True,https://metroonline.page.link/KK5z
National Biryani Masala 1 KG,1549,False,0,76,5,Cooking Essentials,Cooking Ingredients,Spices and Herbs,Packaged Spices,12624579,2026-09-06 17:37:06,False,https://metroonline.page.link/CC8w
National Karahi Gosht Masala 1 KG,1549,False,0,48,5,Cooking Essentials,Cooking Ingredients,Spices and Herbs,Packaged Spices,12624578,2026-09-06 17:37:06,False,https://metroonline.page.link/Lzm6
National Tikka Masala 1 KG,1549,False,0,56,5,Cooking Essentials,Cooking Ingredients,Spices and Herbs,Packaged Spices,12624577,2026-09-06 17:37:06,False,https://metroonline.page.link/pLni
Sucral Sweetner Jar 84 GM,509,False,0,0,2,Cooking Essentials,Commodities,Sugar,,12624545,2026-09-06 17:37:06,False,https://metroonline.page.link/5iFb
Seasons Corn Oil Can 10LTR,7225,False,0,37,3,Cooking Essentials,Commodities,Oil and Ghee,Cooking Oil,12624541,2026-09-06 17:37:06,True,https://metroonline.page.link/6avF
Knorr Tomato Ketchup 8GM X 100,708,False,502,0,10,Cooking Essentials,Cooking Ingredients,Sauces and Seasonings,Vinegars and Sauces,12624537,2026-09-06 17:37:06,True,https://metroonline.page.link/FztE
Mother Choice Icing Sugar 900 GM,469,False,0,1353,3,Cooking Essentials,Commodities,Sugar,,12624530,2026-09-06 17:37:06,True,https://metroonline.page.link/69Qt
Knorr Chilli Garlic Sauce 8GMX100,769,False,564,5,10,Cooking Essentials,Cooking Ingredients,Sauces and Seasonings,Vinegars and Sauces,12624525,2026-09-06 17:37:06,True,https://metroonline.page.link/PRHt
MONDIAL POMACE OLIVE OIL 4L,10949,False,10549,24,3,Cooking Essentials,Commodities,Oil and Ghee,Olive Oil,9999791,2026-09-06 17:37:06,True,https://metroonline.page.link/F5gA
Olivola Oil 1 LTR x5,3200,False,3035,186,3,Cooking Essentials,Commodities,Oil and Ghee,Olive Oil,12624486,2026-09-06 17:37:06,True,https://metroonline.page.link/WmjB
Shan Sindhi Biryani Masala 130GM,289,False,0,403,5,Cooking Essentials,Cooking Ingredients,Spices and Herbs,Packaged Spices,12624461,2026-09-06 17:37:06,True,https://metroonline.page.link/Ywc1
Royal White Chana Kabuli 1 KG,545,False,0,265,3,Cooking Essentials,Commodities,Pulses,,12624442,2026-09-06 17:37:06,True,https://metroonline.page.link/pwvd
NL White Chana 1 KG,375,False,0,289,3,Cooking Essentials,Commodities,Pulses,,12624441,2026-09-06 17:37:06,True,https://metroonline.page.link/s9mW
NL Daal Masor Washed 1 KG,355,False,0,219,3,Cooking Essentials,Commodities,Pulses,,12624440,2026-09-06 17:37:06,True,https://metroonline.page.link/nudV
NL Daal Mash Washed 1 KG,695,False,0,376,3,Cooking Essentials,Commodities,Pulses,,12624439,2026-09-06 17:37:06,True,https://metroonline.page.link/MhcV
NL Daal Chana Bold 1 KG,375,False,0,200,3,Cooking Essentials,Commodities,Pulses,,12624438,2026-09-06 17:37:06,True,https://metroonline.page.link/Czvd
NL Daal Chana 1KG,355,False,0,220,3,Cooking Essentials,Commodities,Pulses,,12624436,2026-09-06 17:37:06,True,https://metroonline.page.link/STc9
NL Black Chana 1 KG,345,False,0,268,3,Cooking Essentials,Commodities,Pulses,,12624435,2026-09-06 17:37:06,True,https://metroonline.page.link/hXR6
Dalda Sunflower Oil 1LTR X5,3080,False,2805,95,3,Cooking Essentials,Commodities,Oil and Ghee,Cooking Oil,12624428,2026-09-06 17:37:06,True,https://metroonline.page.link/MsUA
Olivola Oil Bottle 5 LTR,2888,False,0,0,3,Cooking Essentials,Commodities,Oil and Ghee,Olive Oil,12624426,2026-09-06 17:37:06,False,https://metroonline.page.link/NoYa
Pons Extra Virgin Olive Oil 1L,6250,False,0,14,3,Cooking Essentials,Commodities,Oil and Ghee,Olive Oil,12624290,2026-09-06 17:37:06,True,https://metroonline.page.link/A9Fe
Pons Olive Oil Pomace 4L,11600,False,9000,19,3,Cooking Essentials,Commodities,Oil and Ghee,Olive Oil,12624289,2026-09-06 17:37:06,True,https://metroonline.page.link/AJwV
Shan kali Mirch Powder 50 GM,309,False,0,280,5,Cooking Essentials,Cooking Ingredients,Spices and Herbs,Packaged Spices,12624243,2026-09-06 17:37:06,True,https://metroonline.page.link/i5D3
Mehran Black Pepper Powder 50 GM,269,False,0,35,5,Cooking Essentials,Cooking Ingredients,Spices and Herbs,Packaged Spices,12624241,2026-09-06 17:37:06,True,https://metroonline.page.link/LwtL
National Coriander Powder 200 GM,335,False,0,0,5,Cooking Essentials,Cooking Ingredients,Spices and Herbs,Packaged Spices,12624240,2026-09-06 17:37:06,True,https://metroonline.page.link/2D2o
Oreal Batter Mix 600 GM,995,False,0,33,5,Cooking Essentials,Cooking Ingredients,Sauces and Seasonings,Seasonings,12624234,2026-09-06 17:37:06,True,https://metroonline.page.link/GwEZ
Oreal Chicken Powder Pack 1 KG,1295,False,0,93,5,Cooking Essentials,Cooking Ingredients,Sauces and Seasonings,Seasonings,12624233,2026-09-06 17:37:06,True,https://metroonline.page.link/uL1r
Oreal Chicken Powder Jar 1 KG,1395,False,0,33,5,Cooking Essentials,Cooking Ingredients,Sauces and Seasonings,Seasonings,12624232,2026-09-06 17:37:06,True,https://metroonline.page.link/51G8
Shan Easy Cook Haleem Mix 300 GM,349,False,0,336,5,Cooking Essentials,Cooking Ingredients,Spices and Herbs,Packaged Spices,12624230,2026-09-06 17:37:06,True,https://metroonline.page.link/deDj
Oreal Krispy Fried Chicken Mix 135 GM,199,False,0,35,5,Cooking Essentials,Cooking Ingredients,Sauces and Seasonings,Seasonings,12624229,2026-09-06 17:37:06,True,https://metroonline.page.link/Fu5e
Oreal Fried Rice Mix 50 GM,199,False,0,56,5,Cooking Essentials,Cooking Ingredients,Sauces and Seasonings,Seasonings,12624227,2026-09-06 17:37:06,True,https://metroonline.page.link/HHg5
Borges Extra Virgin Tin 4 Litre,17610,False,0,10,3,Cooking Essentials,Commodities,Oil and Ghee,Olive Oil,12624224,2026-09-06 17:37:06,True,https://metroonline.page.link/DrjF
National Qorma Masala 1 KG,1549,False,0,55,5,Cooking Essentials,Cooking Ingredients,Spices and Herbs,Packaged Spices,12624223,2026-09-06 17:37:06,False,https://metroonline.page.link/hfcM
Knorr Italian Sauce 700GM,612,False,493,55,10,Cooking Essentials,Cooking Ingredients,Sauces and Seasonings,Vinegars and Sauces,12624216,2026-09-06 17:37:06,True,https://metroonline.page.link/tWzB
Borges Pomace Olive Oil 4 Litre,10790,False,8400,27,3,Cooking Essentials,Commodities,Oil and Ghee,Olive Oil,12624215,2026-09-06 17:37:06,True,https://metroonline.page.link/CrMa
Sucral Sweetner Pack 250GM,913,False,0,0,3,Cooking Essentials,Commodities,Sugar,,12624214,2026-09-06 17:37:06,False,https://metroonline.page.link/68W5
Sucral Sweetner Tablets 200,332,False,0,0,2,Cooking Essentials,Commodities,Sugar,,12624213,2026-09-06 17:37:06,False,https://metroonline.page.link/sd8Y
Knorr American BBQ Sauce 800GM,863,False,679,133,7,Cooking Essentials,Cooking Ingredients,Sauces and Seasonings,Vinegars and Sauces,12624198,2026-09-06 17:37:06,True,https://metroonline.page.link/NnP4
Sufi Banaspati Ghee 16KG,9330,False,0,6,3,Cooking Essentials,Commodities,Oil and Ghee,Banaspati,12624196,2026-09-06 17:37:06,True,https://metroonline.page.link/aMRp
Ziafat Deep Frying Oil Tin 16 LTR ,7850,False,0,241,3,Cooking Essentials,Commodities,Oil and Ghee,,12624195,2026-09-06 17:37:06,True,https://metroonline.page.link/yQWj
Aghaaz Deep Frying & Cooking Oil Tin 16LT,8586,False,0,1380,3,Cooking Essentials,Commodities,Oil and Ghee,,12624194,2026-09-06 17:37:06,True,https://metroonline.page.link/YK6x
Hellmann Real Mayonnaise 4 Liter,5400,True,5030,182,10,Cooking Essentials,Cooking Ingredients,Sauces and Seasonings,Pastes,12624186,2026-09-06 17:37:06,True,https://metroonline.page.link/GnsQ
Shezan White Vinegar 3000ML ,629,False,0,192,5,Cooking Essentials,Cooking Ingredients,Sauces and Seasonings,,12624181,2026-09-06 17:37:06,True,https://metroonline.page.link/dthH
Naturelle Cooking Oil Bottle 3LTR,1990,False,0,0,3,Cooking Essentials,Commodities,Oil and Ghee,Cooking Oil,12624118,2026-09-06 17:37:06,False,https://metroonline.page.link/8A4z
Guard Ultimate Basmati Rice 5 KG,2845,False,2399,110,5,Cooking Essentials,Commodities,Rice,,12624115,2026-09-06 17:37:06,True,https://metroonline.page.link/AK3o
Haleeb Asli Desi Ghee Tin 870GM,2800,False,0,202,3,Cooking Essentials,Commodities,Oil and Ghee,Desi Ghee,12624114,2026-09-06 17:37:06,True,https://metroonline.page.link/1mQd
Ok Jaifal 100GM,269,False,0,104,5,Cooking Essentials,OK,Spices and Herbs,Desi Spices,12623888,2026-09-06 17:37:06,True,https://metroonline.page.link/Yx3X
Eva Standup Canola Oil 1LTR x5 ,3095,False,,122,3,Cooking Essentials,Commodities,Oil and Ghee,Cooking Oil,12623784,2026-09-06 17:37:06,True,https://metroonline.page.link/NmDL
Kausar Cooking Oil 1 LTR X 5 ,2700,False,0,393,3,Cooking Essentials,Commodities,Oil and Ghee,Cooking Oil,12623783,2026-09-06 17:37:06,True,https://metroonline.page.link/iGYT
Falak Peshawar Sella Rice 5kg,2365,False,0,33,5,Cooking Essentials,Commodities,Rice,,12623775,2026-09-06 17:37:06,True,https://metroonline.page.link/KzJJ
Guard Easy Cook Sella Rice 1 KG,549,False,0,0,3,Cooking Essentials,Commodities,Rice,,12623759,2026-09-06 17:37:06,False,https://metroonline.page.link/bBei
Mughal Super Sella Rice 5 KG,2545,False,2035,37,5,Cooking Essentials,Commodities,Rice,,12623758,2026-09-06 17:37:06,True,https://metroonline.page.link/A4s5
Super Guard Easy Cook Sella Rice 5 KG,2745,False,0,114,5,Cooking Essentials,Commodities,Rice,,12623755,2026-09-06 17:37:06,True,https://metroonline.page.link/rQJF
Mughal Badshah Rice 5 KG,2695,False,2149,29,5,Cooking Essentials,Commodities,Rice,,12623754,2026-09-06 17:37:06,True,https://metroonline.page.link/UWDy
Metro Chef Olive Oil Pomace 5L,13999,False,11999,243,3,Cooking Essentials,Commodities,Oil and Ghee,Olive Oil,12623752,2026-09-06 17:37:06,True,https://metroonline.page.link/HqNe
Falak Rice Select 5KG,2185,False,2119,94,5,Cooking Essentials,Commodities,Rice,,12623751,2026-09-06 17:37:06,True,https://metroonline.page.link/z6nM
Ok Garam Masala Whole 200GM,549,False,539,1142,10,Cooking Essentials,OK,Spices and Herbs,Packaged Spices,12620220,2026-09-06 17:37:06,True,https://metroonline.page.link/3NqV
Shan Qasuri Methi 25GM,79,False,0,303,5,Cooking Essentials,Cooking Ingredients,Spices and Herbs,Packaged Spices,12623531,2026-09-06 17:37:06,True,https://metroonline.page.link/WiW1
American Garden Hot Sauce 3OZ,529,False,0,52,5,Cooking Essentials,Cooking Ingredients,Sauces and Seasonings,Seasonings,12623512,2026-09-06 17:37:06,True,https://metroonline.page.link/eLZv
Canderal Tablets 100PCS,299,False,0,901,3,Cooking Essentials,Commodities,Sugar,,12623497,2026-09-06 17:37:06,False,https://metroonline.page.link/eHpN
American Garden Yellow Mustard 14OZ,1699,False,0,73,5,Cooking Essentials,Cooking Ingredients,Sauces and Seasonings,Pastes,12623433,2026-09-06 17:37:06,False,https://metroonline.page.link/F9bt
Nandos Peri Peri Medium 250 GM,1249,False,0,51,5,Cooking Essentials,Cooking Ingredients,Sauces and Seasonings,Vinegars and Sauces,12623399,2026-09-06 17:37:06,False,https://metroonline.page.link/nm16
Dalda Olive Oil Extra Virgin 1 LTR,3325,False,0,25,3,Cooking Essentials,Commodities,Oil and Ghee,Olive Oil,12623361,2026-09-06 17:37:06,True,https://metroonline.page.link/mErb
Habib Cooking Oil 5LTR,2925,False,0,0,3,Cooking Essentials,Commodities,Oil and Ghee,Cooking Oil,12623360,2026-09-06 17:37:06,False,https://metroonline.page.link/vKA3
Mother Choice Caster Sugar 300 GM,169,False,0,541,3,Cooking Essentials,Commodities,Sugar,,12623320,2026-09-06 17:37:06,True,https://metroonline.page.link/2XmK
Guard Super Kernel Rice 1 KG,509,False,0,0,3,Cooking Essentials,Commodities,Rice,,12623315,2026-09-06 17:37:06,True,https://metroonline.page.link/DWGx
Guard Rice Awami Basmati 1KG,309,False,0,0,3,Cooking Essentials,Commodities,Rice,,12623269,2026-09-06 17:37:06,True,https://metroonline.page.link/juN5
Mother Choice Brown Sugar 300 GM,169,False,0,153,3,Cooking Essentials,Commodities,Sugar,,12623235,2026-09-06 17:37:06,True,https://metroonline.page.link/Cg7L
Shan Nihari Masala 120 GM,289,False,0,265,5,Cooking Essentials,Cooking Ingredients,Spices and Herbs,Packaged Spices,12623232,2026-09-06 17:37:06,True,https://metroonline.page.link/myzJ
Shangrila Green Chilli Sauce 400GM,249,False,195,80,5,Cooking Essentials,Cooking Ingredients,Sauces and Seasonings,Vinegars and Sauces,12623214,2026-09-06 17:37:06,True,https://metroonline.page.link/JE1b
Nando Peri Peri Hot Sauce 250ML,1249,False,0,44,5,Cooking Essentials,Cooking Ingredients,Sauces and Seasonings,Seasonings,12623153,2026-09-06 17:37:06,True,https://metroonline.page.link/MbXT
Young Mayonnaise Creamy 2Litre,939,False,0,121,5,Cooking Essentials,Cooking Ingredients,Sauces and Seasonings,Pastes,12623148,2026-09-06 17:37:06,True,https://metroonline.page.link/zcdD
Dalda Cooking Oil 4.5 Litre,2875,True,2769,158,3,Cooking Essentials,Commodities,Oil and Ghee,Cooking Oil,12623137,2026-09-06 17:37:06,True,https://metroonline.page.link/9365
Pak Desi Ghee 2.5KG,7500,False,0,29,3,Cooking Essentials,Commodities,Oil and Ghee,Desi Ghee,12623132,2026-09-06 17:37:06,True,https://metroonline.page.link/Fgma
Mehran Biryani 100 GM,255,False,0,59,2,Cooking Essentials,Cooking Ingredients,Spices and Herbs,Packaged Spices,12623113,2026-09-06 17:37:06,True,https://metroonline.page.link/2jTG
Kausar Banaspati Ghee 1KG,550,False,0,39,3,Cooking Essentials,Commodities,Oil and Ghee,Banaspati,12623101,2026-09-06 17:37:06,True,https://metroonline.page.link/oNbi
Mezan Cooking Oil 1Litre,590,False,599,4,3,Cooking Essentials,Commodities,Oil and Ghee,Cooking Oil,12623098,2026-09-06 17:37:06,True,https://metroonline.page.link/ci8W
Rafhan Corn Flour 1.2 KG,650,False,481,499,5,Cooking Essentials,Cooking Ingredients,Sauces and Seasonings,Seasonings,12623061,2026-09-06 17:37:06,True,https://metroonline.page.link/ncVw
National Dehli Nihari 56GM,155,False,99,568,5,Cooking Essentials,Cooking Ingredients,Spices and Herbs,Packaged Spices,12623053,2026-09-06 17:37:06,True,https://metroonline.page.link/gD61
Mother Choice Icing Sugar 300 GM,169,False,0,498,3,Cooking Essentials,Commodities,Sugar,,12623049,2026-09-06 17:37:06,True,https://metroonline.page.link/9iTW
Shan Pulao Biryani 50 GM,149,False,99,348,5,Cooking Essentials,Cooking Ingredients,Spices and Herbs,Packaged Spices,12623025,2026-09-06 17:37:06,True,https://metroonline.page.link/Zp8j
Raai Per 50GM,22,False,0,54,5,Cooking Essentials,Cooking Ingredients,Spices and Herbs,Desi Spices,12623019,2026-09-06 17:37:06,True,https://metroonline.page.link/VY4j
Soonth Per KG,73250,False,0,30,5,Cooking Essentials,Cooking Ingredients,Spices and Herbs,Desi Spices,12623018,2026-09-06 17:37:06,True,https://metroonline.page.link/WuQ7
Shan Achar Gosht 50 GM,149,False,99,263,5,Cooking Essentials,Cooking Ingredients,Spices and Herbs,Packaged Spices,12623005,2026-09-06 17:37:06,True,https://metroonline.page.link/DwxQ
Habib Cooking Oil 1LTR,575,False,0,37,3,Cooking Essentials,Commodities,Oil and Ghee,Cooking Oil,12622899,2026-09-06 17:37:06,True,https://metroonline.page.link/K914
Falak Extreme Rice 5 KG,2799,False,2399,242,5,Cooking Essentials,Commodities,Rice,,12622880,2026-09-06 17:37:06,True,https://metroonline.page.link/VmBd
Borges Olive Oil Extra Virgin 1 Litre,5510,False,5100,32,3,Cooking Essentials,Commodities,Oil and Ghee,Olive Oil,12622879,2026-09-06 17:37:06,True,https://metroonline.page.link/Ysqd
National Haleem Masala 43GM,155,False,115,79,2,Cooking Essentials,Cooking Ingredients,Spices and Herbs,Packaged Spices,12622870,2026-09-06 17:37:06,True,https://metroonline.page.link/RkXq
Sufi Soyabean Oil 1 Litre x5,2950,False,2950,102,3,Cooking Essentials,Commodities,Oil and Ghee,Cooking Oil,12622854,2026-09-06 17:37:06,True,https://metroonline.page.link/wMrt
Shan Haldi Powder 100 GM,269,False,0,191,5,Cooking Essentials,Cooking Ingredients,Spices and Herbs,Packaged Spices,12622811,2026-09-06 17:37:06,True,https://metroonline.page.link/VFA8
Kalaar Rice Super Basmati 5KG,2549,False,2250,81,5,Cooking Essentials,Commodities,Rice,,12622802,2026-09-06 17:37:06,True,https://metroonline.page.link/HN76
Till Black per 100GM,86,False,0,86,5,Cooking Essentials,Cooking Ingredients,Spices and Herbs,Desi Spices,12622781,2026-09-06 17:37:06,True,https://metroonline.page.link/Kchy
Chicken Masala Per KG,49950,False,0,67,5,Cooking Essentials,Cooking Ingredients,Spices and Herbs,Desi Spices,12622780,2026-09-06 17:37:06,True,https://metroonline.page.link/wjDB
Mehran Achar Gosht Masala 50 GM,135,False,0,144,2,Cooking Essentials,Cooking Ingredients,Spices and Herbs,Packaged Spices,12622762,2026-09-06 17:37:06,True,https://metroonline.page.link/YctQ
Shan Chicken White Karahi 40GM,149,False,0,272,5,Cooking Essentials,Cooking Ingredients,Spices and Herbs,Packaged Spices,12622761,2026-09-06 17:37:06,True,https://metroonline.page.link/bY2J
Chashnik Brown Sugar 500GM,165,False,0,179,3,Cooking Essentials,Commodities,Sugar,,12622742,2026-09-06 17:37:06,True,https://metroonline.page.link/9o3Y
Oreal Meat Tenderizer 100GM,249,False,225,83,5,Cooking Essentials,Cooking Ingredients,Sauces and Seasonings,Seasonings,12622735,2026-09-06 17:37:06,True,https://metroonline.page.link/XnEs
Mughal Super Kernel Basmati Rice 5 KG,2465,False,1965,54,5,Cooking Essentials,Commodities,Rice,,12622650,2026-09-06 17:37:06,True,https://metroonline.page.link/guwq
Eva Banaspati Ghee 1KG X 5,2950,False,0,26,3,Cooking Essentials,Commodities,Oil and Ghee,Banaspati,12622649,2026-09-06 17:37:06,True,https://metroonline.page.link/DuK3
Mehran Biryani Masala 50GM,135,False,0,144,2,Cooking Essentials,Cooking Ingredients,Spices and Herbs,Packaged Spices,12622636,2026-09-06 17:37:06,True,https://metroonline.page.link/5Zvx
Shan Chicken Masala 59GM,149,False,0,418,5,Cooking Essentials,Cooking Ingredients,Spices and Herbs,Packaged Spices,12622632,2026-09-06 17:37:06,True,https://metroonline.page.link/k74Y
American Garden Hot Sauce 6OZ,846,False,0,0,5,Cooking Essentials,Cooking Ingredients,Sauces and Seasonings,Seasonings,12622598,2026-09-06 17:37:06,True,https://metroonline.page.link/2Jpn
Shan Haleem Masala 60GM,149,False,99,396,5,Cooking Essentials,Cooking Ingredients,Spices and Herbs,Packaged Spices,12622557,2026-09-06 17:37:06,True,https://metroonline.page.link/sL1C
Sufi Sunflower Oil 1LTR,605,False,0,63,3,Cooking Essentials,Commodities,Oil and Ghee,Cooking Oil,12622537,2026-09-06 17:37:06,True,https://metroonline.page.link/mMrb
Nando Peri Peri Extra Hot 250GM,1249,False,0,18,5,Cooking Essentials,Cooking Ingredients,Sauces and Seasonings,Seasonings,12622526,2026-09-06 17:37:06,True,https://metroonline.page.link/ZVqC
Mezan Canola Oil 1LTR X 5,2925,False,0,127,3,Cooking Essentials,Commodities,Oil and Ghee,Cooking Oil,12622521,2026-09-06 17:37:06,True,https://metroonline.page.link/4JiU
Zarafa Steamed Rice 25KG,10099,False,0,0,3,Cooking Essentials,Commodities,Rice,,12622520,2026-09-06 17:37:06,True,https://metroonline.page.link/wmcf
Shan Fry Karahi Gosht 100 GM,289,False,0,0,5,Cooking Essentials,Cooking Ingredients,Spices and Herbs,Packaged Spices,12622509,2026-09-06 17:37:06,True,https://metroonline.page.link/mipg
Shezan Mango Chutney 360GM,265,False,229,0,5,Cooking Essentials,Cooking Ingredients,Sauces and Seasonings,Vinegars and Sauces,12622508,2026-09-06 17:37:06,False,https://metroonline.page.link/4veN
Sufi Banaspati Ghee 2.5 KG,1565,False,0,3,3,Cooking Essentials,Commodities,Oil and Ghee,Banaspati,12622489,2026-09-06 17:37:06,False,https://metroonline.page.link/Y8Db
Syed Diet Atta 2.5KG,869,False,0,0,3,Cooking Essentials,Commodities,Flour,White Flour and Whole Wheat Flour,12622488,2026-09-06 17:37:06,True,https://metroonline.page.link/ZUK9
Golden Sun Canola Oil 1LTR x5,2760,False,0,0,3,Cooking Essentials,Commodities,Oil and Ghee,Cooking Oil,12622486,2026-09-06 17:37:06,True,https://metroonline.page.link/NKR9
Mezan Canola Oil Bottle 5LTR,2560,False,2540,0,3,Cooking Essentials,Commodities,Oil and Ghee,Cooking Oil,12622485,2026-09-06 17:37:06,False,https://metroonline.page.link/ubHC
Youngs Mayo Garlic Sauce 500ML,584,False,510,170,5,Cooking Essentials,Cooking Ingredients,Sauces and Seasonings,Pastes,12622473,2026-09-06 17:37:06,True,https://metroonline.page.link/W8Qb
Mehran Chaat Masala 100 GM,169,False,0,144,5,Cooking Essentials,Cooking Ingredients,Spices and Herbs,Packaged Spices,12622452,2026-09-06 17:37:06,True,https://metroonline.page.link/vCWK
Sufi Banaspati Ghee 1 KG,605,False,0,28,3,Cooking Essentials,Commodities,Oil and Ghee,Banaspati,12622447,2026-09-06 17:37:06,True,https://metroonline.page.link/NeU7
Sufi Sunflower Oil 10Litre,6200,False,0,168,3,Cooking Essentials,Commodities,Oil and Ghee,Cooking Oil,12622441,2026-09-06 17:37:06,True,https://metroonline.page.link/Fy8h
Mehran Qorma Masala 100GM,255,False,0,63,2,Cooking Essentials,Cooking Ingredients,Spices and Herbs,Packaged Spices,12622421,2026-09-06 17:37:06,True,https://metroonline.page.link/wCSf
Haleem Mix Masala Per 50GM,47,False,0,30,5,Cooking Essentials,Cooking Ingredients,Spices and Herbs,Desi Spices,12622408,2026-09-06 17:37:06,True,https://metroonline.page.link/erFX
Mehran Bombay Biryani 65 GM,135,False,0,60,2,Cooking Essentials,Cooking Ingredients,Spices and Herbs,Packaged Spices,12622390,2026-09-06 17:37:06,True,https://metroonline.page.link/7b45
Eva Cooking Oil Bottle 5LTR,3075,False,0,67,3,Cooking Essentials,Commodities,Oil and Ghee,Cooking Oil,12622320,2026-09-06 17:37:06,True,https://metroonline.page.link/vGZb
Oreal Chicken Powder 150 GM,289,False,210,74,5,Cooking Essentials,Cooking Ingredients,Sauces and Seasonings,Seasonings,12622303,2026-09-06 17:37:06,True,https://metroonline.page.link/Dnsm
Rossmoor Mustard Paste 226GM,455,False,0,426,5,Cooking Essentials,Cooking Ingredients,Sauces and Seasonings,Vinegars and Sauces,12622294,2026-09-06 17:37:06,True,https://metroonline.page.link/dng8
Mitchell Ginger Paste 320GM,549,False,0,64,5,Cooking Essentials,Cooking Ingredients,Sauces and Seasonings,Vinegars and Sauces,12622285,2026-09-06 17:37:06,True,https://metroonline.page.link/5zww
American Garden Soy Sauce 10OZ,1270,False,0,0,5,Cooking Essentials,Cooking Ingredients,Sauces and Seasonings,Seasonings,12622277,2026-09-06 17:37:06,True,https://metroonline.page.link/VrQ8
Seasons Cooking Oil 16LTR,9450,False,0,335,3,Cooking Essentials,Commodities,Oil and Ghee,Cooking Oil,12622257,2026-09-06 17:37:06,True,https://metroonline.page.link/NqLE
National Garam Masala Powder 50 GM,305,False,0,590,5,Cooking Essentials,Cooking Ingredients,Spices and Herbs,Packaged Spices,12622251,2026-09-06 17:37:06,False,https://metroonline.page.link/37zS
Mehran Easy Cook Haleem Mix 345GM,289,False,0,71,5,Cooking Essentials,Cooking Ingredients,Spices and Herbs,Packaged Spices,12622246,2026-09-06 17:37:06,True,https://metroonline.page.link/g6fJ
Shan Lal Mirch Powder 200 GM,379,False,379,0,5,Cooking Essentials,Cooking Ingredients,Spices and Herbs,Packaged Spices,12622239,2026-09-06 17:37:06,True,https://metroonline.page.link/6tQi
Shangrila Chilli Sauce 800 ML,301,False,0,162,5,Cooking Essentials,Cooking Ingredients,Sauces and Seasonings,Vinegars and Sauces,12622234,2026-09-06 17:37:06,True,https://metroonline.page.link/ivdd
Mitchell Garlic Paste 320GM,495,False,0,98,5,Cooking Essentials,Cooking Ingredients,Sauces and Seasonings,Vinegars and Sauces,12622231,2026-09-06 17:37:06,True,https://metroonline.page.link/DAfc
Shan Fry Karahi Gosht 50 GM,149,False,0,572,5,Cooking Essentials,Cooking Ingredients,Spices and Herbs,Packaged Spices,12622218,2026-09-06 17:37:06,True,https://metroonline.page.link/QpR8
Canderel Tablets 200 X1,550,False,0,196,3,Cooking Essentials,Commodities,Sugar,,12622167,2026-09-06 17:37:06,False,https://metroonline.page.link/swnM
Knorr Sauce Chilli Garlic 4 KG,2443,False,2224,48,7,Cooking Essentials,Cooking Ingredients,Sauces and Seasonings,Vinegars and Sauces,12622161,2026-09-06 17:37:06,True,https://metroonline.page.link/kNk8
Young French Mayonnaise 2 KG,939,False,0,596,2,Cooking Essentials,Cooking Ingredients,Sauces and Seasonings,Pastes,12622154,2026-09-06 17:37:06,True,https://metroonline.page.link/4mzP
Knorr Chicken Powder 1 KG,1750,False,0,460,7,Cooking Essentials,Cooking Ingredients,Sauces and Seasonings,Seasonings,12622138,2026-09-06 17:37:06,True,https://metroonline.page.link/1h4d
Pak Desi Ghee 500 GM,1470,False,0,0,3,Cooking Essentials,Commodities,Oil and Ghee,Desi Ghee,12622120,2026-09-06 17:37:06,False,https://metroonline.page.link/xR48
Dalda Canola Oil 10 Litre,6000,False,0,78,3,Cooking Essentials,Commodities,Oil and Ghee,Cooking Oil,12622119,2026-09-06 17:37:06,True,https://metroonline.page.link/EdFX
National Shami Kabab Masala 45GM,155,False,115,327,2,Cooking Essentials,Cooking Ingredients,Spices and Herbs,Packaged Spices,12622099,2026-09-06 17:37:06,True,https://metroonline.page.link/kPTo
FAUJI Supreme Cooking Oil 1L x5,2818,False,0,0,1,Cooking Essentials,Commodities,Oil and Ghee,Cooking Oil,12622098,2026-09-06 17:37:06,False,https://metroonline.page.link/h2qE
Shangrila Bbq Sauce 400GM,289,False,229,314,5,Cooking Essentials,Cooking Ingredients,Sauces and Seasonings,Vinegars and Sauces,12622090,2026-09-06 17:37:06,True,https://metroonline.page.link/29rz
Pak Desi Ghee Tin 0.5 KG,1460,False,0,0,3,Cooking Essentials,Commodities,Oil and Ghee,Desi Ghee,12622077,2026-09-06 17:37:06,False,https://metroonline.page.link/LpLS
SHEZAN Green CHILI SAUCE 1KG,385,False,0,0,5,Cooking Essentials,Cooking Ingredients,Sauces and Seasonings,Vinegars and Sauces,12622039,2026-09-06 17:37:06,False,https://metroonline.page.link/aQRC
National Tomato Ketchup 3.25 KG,1199,False,999,8,5,Cooking Essentials,Cooking Ingredients,Sauces and Seasonings,Vinegars and Sauces,12622022,2026-09-06 17:37:06,True,https://metroonline.page.link/YWwR
Shangrila Vinegar 300ML,129,False,0,331,5,Cooking Essentials,Cooking Ingredients,Sauces and Seasonings,Vinegars and Sauces,12622015,2026-09-06 17:37:06,True,https://metroonline.page.link/uWLK
National White Synthetic Vinegar 725 ML,219,False,201,2,5,Cooking Essentials,Cooking Ingredients,Sauces and Seasonings,Vinegars and Sauces,12622008,2026-09-06 17:37:06,True,https://metroonline.page.link/pu8k
Mitchells Ginger Garlic Paste 320 GM,495,False,0,0,5,Cooking Essentials,Cooking Ingredients,Sauces and Seasonings,Vinegars and Sauces,12621992,2026-09-06 17:37:06,True,https://metroonline.page.link/8DwL
Shan Fish Masala 50 GM,149,False,0,278,5,Cooking Essentials,Cooking Ingredients,Spices and Herbs,Packaged Spices,12621979,2026-09-06 17:37:06,True,https://metroonline.page.link/WfSN
Dalda Olive Oil Extra Virgin 500ML,2000,False,0,0,3,Cooking Essentials,Commodities,Oil and Ghee,Olive Oil,12621960,2026-09-06 17:37:06,False,https://metroonline.page.link/zDc1
Sufi Canola Oil 3LTR,1840,False,0,119,3,Cooking Essentials,Commodities,Oil and Ghee,Cooking Oil,12621959,2026-09-06 17:37:06,True,https://metroonline.page.link/DNTA
Sufi Canola Oil 10LTR,5980,False,0,76,3,Cooking Essentials,Commodities,Oil and Ghee,Cooking Oil,12621956,2026-09-06 17:37:06,True,https://metroonline.page.link/Sj3A
Shangrila Chilli Garlic Sauce 400GM,220,True,194,549,5,Cooking Essentials,Cooking Ingredients,Sauces and Seasonings,Vinegars and Sauces,12621949,2026-09-06 17:37:06,True,https://metroonline.page.link/nWf1
Shan Bombay Biryani 130 GM,289,False,0,715,5,Cooking Essentials,Cooking Ingredients,Spices and Herbs,Packaged Spices,12621921,2026-09-06 17:37:06,True,https://metroonline.page.link/9M6A
HABIB BANASPATI GHEE 1KG X5,2855,False,2795,88,3,Cooking Essentials,Commodities,Oil and Ghee,Banaspati,9999795,2026-09-06 17:37:06,True,https://metroonline.page.link/hEeo
Eva Sunflower Oil 1LTR X 5,3025,False,0,45,3,Cooking Essentials,Commodities,Oil and Ghee,Cooking Oil,12621914,2026-09-06 17:37:06,True,https://metroonline.page.link/YyzY
Knorr Tomato Ketchup 4KG,2270,False,2066,40,7,Cooking Essentials,Cooking Ingredients,Sauces and Seasonings,Vinegars and Sauces,12621912,2026-09-06 17:37:06,True,https://metroonline.page.link/561Z
Shan Bihari Kabab Masala 50GM,149,False,89,0,5,Cooking Essentials,Cooking Ingredients,Spices and Herbs,Packaged Spices,12621904,2026-09-06 17:37:06,True,https://metroonline.page.link/1J51
Oreal Chicken Manchurian 65 GM,199,False,0,74,5,Cooking Essentials,Cooking Ingredients,Sauces and Seasonings,Seasonings,12621891,2026-09-06 17:37:06,True,https://metroonline.page.link/AZQ9
Shan Punjabi Pulao Masala 50 GM,149,False,0,273,5,Cooking Essentials,Cooking Ingredients,Spices and Herbs,Packaged Spices,12621888,2026-09-06 17:37:06,True,https://metroonline.page.link/3qrr
Mehran Bombay Biryani 100 GM,255,False,0,99,2,Cooking Essentials,Cooking Ingredients,Spices and Herbs,Packaged Spices,12621887,2026-09-06 17:37:06,True,https://metroonline.page.link/3cK2
Golden Sun Banaspati Ghee 1KG x5,2760,False,0,0,3,Cooking Essentials,Commodities,Oil and Ghee,Banaspati,12621873,2026-09-06 17:37:06,True,https://metroonline.page.link/HfzD
Shezan Tomato Ketchup 500 GM,209,False,0,0,5,Cooking Essentials,Cooking Ingredients,Sauces and Seasonings,Vinegars and Sauces,12621841,2026-09-06 17:37:06,True,https://metroonline.page.link/oonQ
Pak Standup Desi Ghee Pouch 1 KG,3120,False,0,133,3,Cooking Essentials,Commodities,Oil and Ghee,Desi Ghee,12621796,2026-09-06 17:37:06,True,https://metroonline.page.link/wh9W
Shan Achar Gosht 100 GM,289,False,0,240,5,Cooking Essentials,Cooking Ingredients,Spices and Herbs,Packaged Spices,12621787,2026-09-06 17:37:06,True,https://metroonline.page.link/m12y
Seasons Canola Oil  Bottle 3LTR,1865,False,0,326,3,Cooking Essentials,Commodities,Oil and Ghee,Cooking Oil,12621768,2026-09-06 17:37:06,True,https://metroonline.page.link/UZ45
Ok Awami Rice Whole 5KG,1199,False,1099,834,5,Cooking Essentials,OK,Rice,,12621767,2026-09-06 17:37:06,True,https://metroonline.page.link/SkVy
Mitchell Sauce Imlee 300GM,345,False,0,159,5,Cooking Essentials,Cooking Ingredients,Sauces and Seasonings,Vinegars and Sauces,12621753,2026-09-06 17:37:06,True,https://metroonline.page.link/VZT5
Olpers Desi Ghee Tarka 1KG,2960,False,2795,0,3,Cooking Essentials,Commodities,Oil and Ghee,Desi Ghee,12621747,2026-09-06 17:37:06,True,https://metroonline.page.link/QAKh
Kausar Banaspati Ghee 1KG x5,2750,False,,170,3,Cooking Essentials,Commodities,Oil and Ghee,Banaspati,12621718,2026-09-06 17:37:06,True,https://metroonline.page.link/Tcc3
Knorr Crispy Chicken Fried 75 GM,101,False,91,0,7,Cooking Essentials,Cooking Ingredients,Sauces and Seasonings,Seasonings,12621698,2026-09-06 17:37:06,False,https://metroonline.page.link/KRcf
Habib Banaspati Ghee 1KG,575,False,0,1057,3,Cooking Essentials,Commodities,Oil and Ghee,Banaspati,12621695,2026-09-06 17:37:06,True,https://metroonline.page.link/ZTXk
Metro Chef Extra Virgin Olive Oil 750ML,3499,False,2599,0,3,Cooking Essentials,Commodities,Oil and Ghee,Olive Oil,12621694,2026-09-06 17:37:06,True,https://metroonline.page.link/gVwN
Shan Qorma Masala 100 GM,289,False,0,392,5,Cooking Essentials,Cooking Ingredients,Spices and Herbs,Packaged Spices,12621682,2026-09-06 17:37:06,True,https://metroonline.page.link/jsRU
Shan Chicken Tikka 100 GM,289,False,0,700,5,Cooking Essentials,Cooking Ingredients,Spices and Herbs,Packaged Spices,12621678,2026-09-06 17:37:06,True,https://metroonline.page.link/jZNd
Seasons Corn Oil Bottle 3L,2160,False,1980,44,3,Cooking Essentials,Commodities,Oil and Ghee,Cooking Oil,12621669,2026-09-06 17:37:06,True,https://metroonline.page.link/TPpS
Golden Sun Cooking Oil 1 LTR X 5,2760,False,0,0,3,Cooking Essentials,Commodities,Oil and Ghee,Cooking Oil,12621667,2026-09-06 17:37:06,True,https://metroonline.page.link/wdKn
Ok Banaspati Ghee (North) 1KG x 5,2699,False,2150,0,3,Cooking Essentials,OK,Oil and Ghee,Banaspati,12621664,2026-09-06 17:37:06,True,https://metroonline.page.link/vBPa
Shan Shami Kabab Masala 50 GM,149,False,99,0,5,Cooking Essentials,Cooking Ingredients,Spices and Herbs,Packaged Spices,12621650,2026-09-06 17:37:06,True,https://metroonline.page.link/kYQx
Shangrila Chli Sauce 275ML,169,False,139,106,5,Cooking Essentials,Cooking Ingredients,Sauces and Seasonings,Vinegars and Sauces,12621645,2026-09-06 17:37:06,True,https://metroonline.page.link/AMt5
American Garden Yellow Mustard 8OZ,999,False,0,111,5,Cooking Essentials,Cooking Ingredients,Sauces and Seasonings,Vinegars and Sauces,12621621,2026-09-06 17:37:06,True,https://metroonline.page.link/WV9u
Desi Ghee Tin Pak 1 KG Net Weight 870 Gm,3050,False,2850,149,3,Cooking Essentials,Commodities,Oil and Ghee,Desi Ghee,12621612,2026-09-06 17:37:06,True,https://metroonline.page.link/F9Zz
Shan Chat Masala 50 GM,119,False,0,3259,5,Cooking Essentials,Cooking Ingredients,Spices and Herbs,Packaged Spices,12621610,2026-09-06 17:37:06,True,https://metroonline.page.link/ZfnG
Shan Qorma Masala 50 GM,149,False,0,330,5,Cooking Essentials,Cooking Ingredients,Spices and Herbs,Packaged Spices,12621609,2026-09-06 17:37:06,True,https://metroonline.page.link/MSwX
Youngs Sandwich Spread 200ML,249,False,215,42,5,Cooking Essentials,Cooking Ingredients,Sauces and Seasonings,Pastes,12621605,2026-09-06 17:37:06,True,https://metroonline.page.link/cUfD
National Krahi Gosht Masala 94GM,305,False,225,0,5,Cooking Essentials,Cooking Ingredients,Spices and Herbs,Packaged Spices,12621571,2026-09-06 17:37:06,True,https://metroonline.page.link/6wFi
Shan Shahi Haleem Mix 300 GM,349,False,0,336,5,Cooking Essentials,Cooking Ingredients,Spices and Herbs,Packaged Spices,12621549,2026-09-06 17:37:06,True,https://metroonline.page.link/acNK
Shan Chappli Kabab 100 GM,149,False,99,0,5,Cooking Essentials,Cooking Ingredients,Spices and Herbs,Packaged Spices,12621517,2026-09-06 17:37:06,True,https://metroonline.page.link/RPoG
National Qorma Masala 86GM,305,False,225,771,2,Cooking Essentials,Cooking Ingredients,Spices and Herbs,Packaged Spices,12621509,2026-09-06 17:37:06,True,https://metroonline.page.link/BWqP
Super Guard Kernel Basmati Rice 5 KG,2545,False,0,149,5,Cooking Essentials,Commodities,Rice,,12621500,2026-09-06 17:37:06,True,https://metroonline.page.link/G1h2
National Kasuri Methi 25 GM,75,False,0,103,5,Cooking Essentials,Cooking Ingredients,Spices and Herbs,Packaged Spices,12621471,2026-09-06 17:37:06,True,https://metroonline.page.link/kSXP
Dalda Olive Oil Pomace 500ML,1550,False,,28,3,Cooking Essentials,Commodities,Oil and Ghee,Olive Oil,12621461,2026-09-06 17:37:06,True,https://metroonline.page.link/ZXpr
National Achar Gosht 86GM,305,False,225,14,2,Cooking Essentials,Cooking Ingredients,Spices and Herbs,Packaged Spices,12621454,2026-09-06 17:37:06,True,https://metroonline.page.link/4u6o
Borges Extra Virgin Olive Oil  500ML,3210,False,3000,34,3,Cooking Essentials,Commodities,Oil and Ghee,Olive Oil,12621444,2026-09-06 17:37:06,True,https://metroonline.page.link/cjZv
Sufi Canola Standup Pouch 1LTR X5,3060,False,,55,3,Cooking Essentials,Commodities,Oil and Ghee,Cooking Oil,12621443,2026-09-06 17:37:06,True,https://metroonline.page.link/Q56i
National Turmeric (Haldi) Powder 100 GM,259,False,89,584,5,Cooking Essentials,Cooking Ingredients,Spices and Herbs,Packaged Spices,12621438,2026-09-06 17:37:06,True,https://metroonline.page.link/dWuU
Eva Cooking Oil 1LTR X 5 (Stand-up Pouch),3050,False,,156,3,Cooking Essentials,Commodities,Oil and Ghee,Cooking Oil,12621420,2026-09-06 17:37:06,True,https://metroonline.page.link/Qzvb
Dalda Cooking Oil 5LTR,3030,False,,168,3,Cooking Essentials,Commodities,Oil and Ghee,Cooking Oil,12621419,2026-09-06 17:37:06,True,https://metroonline.page.link/hVPm
Seasons Canola Oil 1LTR X 5,2975,False,,288,3,Cooking Essentials,Commodities,Oil and Ghee,Cooking Oil,12621418,2026-09-06 17:37:06,True,https://metroonline.page.link/3ExG
American Garden Apple Cider Vinegar 16 OZ,725,False,0,97,5,Cooking Essentials,Cooking Ingredients,Sauces and Seasonings,Vinegars and Sauces,12621408,2026-09-06 17:37:06,True,https://metroonline.page.link/VMnP
National Sindhi Biryani 41GM,155,False,115,264,2,Cooking Essentials,Cooking Ingredients,Spices and Herbs,Packaged Spices,12621388,2026-09-06 17:37:06,True,https://metroonline.page.link/YjJt
Zarafa Sella 1121 KAINAT-25Kg,9549,False,0,0,2,Cooking Essentials,Commodities,Rice,,12621382,2026-09-06 17:37:06,True,https://metroonline.page.link/B6JY
Shan Tandoori Masala 50 GM,149,False,0,349,5,Cooking Essentials,Cooking Ingredients,Spices and Herbs,Packaged Spices,12621362,2026-09-06 17:37:06,True,https://metroonline.page.link/ujqy
Dalda Banaspati Ghee 2.5KG,1560,False,0,319,3,Cooking Essentials,Commodities,Oil and Ghee,Banaspati,12621354,2026-09-06 17:37:06,True,https://metroonline.page.link/xa1T
Canolive Cooking Oil Bottle 3 LTR,2085,False,0,110,3,Cooking Essentials,Commodities,Oil and Ghee,Cooking Oil,12621353,2026-09-06 17:37:06,True,https://metroonline.page.link/BbDx
Bombay Biryani Masala Per KG,49950,False,0,388,5,Cooking Essentials,Cooking Ingredients,Spices and Herbs,Desi Spices,12621328,2026-09-06 17:37:06,True,https://metroonline.page.link/CsuY
Cumin Seed Powder Per KG,83250,False,0,53,5,Cooking Essentials,Cooking Ingredients,Spices and Herbs,Desi Spices,12621326,2026-09-06 17:37:06,True,https://metroonline.page.link/8ik9
Misri Per KG,23950,False,0,229,5,Cooking Essentials,Cooking Ingredients,Spices and Herbs,Desi Spices,12621325,2026-09-06 17:37:06,True,https://metroonline.page.link/3WLV
Dalda Banaspati Ghee 1 KG,603,False,0,12,3,Cooking Essentials,Commodities,Oil and Ghee,Banaspati,12621267,2026-09-06 17:37:06,True,https://metroonline.page.link/TzLe
Shezan White Vinegar 800 ML,189,False,165,304,5,Cooking Essentials,Cooking Ingredients,Sauces and Seasonings,Vinegars and Sauces,12621263,2026-09-06 17:37:06,True,https://metroonline.page.link/CSFQ
MEZAN BANASPATI GHEE 1KG X5,2950,False,2899,110,3,Cooking Essentials,Commodities,Oil and Ghee,Banaspati,9999788,2026-09-06 17:37:06,True,https://metroonline.page.link/4Cru
National Red Chilli Powder 400 GM,699,False,0,114,5,Cooking Essentials,Cooking Ingredients,Spices and Herbs,Packaged Spices,12621250,2026-09-06 17:37:06,True,https://metroonline.page.link/JuNx
Shan Biryani Masala 50 GM,149,False,0,0,5,Cooking Essentials,Cooking Ingredients,Spices and Herbs,Packaged Spices,12621248,2026-09-06 17:37:06,True,https://metroonline.page.link/pFid
Shangrila Trio Pack 800 ML,775,True,635,810,2,Cooking Essentials,Cooking Ingredients,Sauces and Seasonings,Vinegars and Sauces,12621245,2026-09-06 17:37:06,True,https://metroonline.page.link/NnC4
Shangrila Imli Ginger Sauce 400GM,249,False,195,337,5,Cooking Essentials,Cooking Ingredients,Sauces and Seasonings,Vinegars and Sauces,12621240,2026-09-06 17:37:06,True,https://metroonline.page.link/bX6H
Canolive Cooking Oil Bottle 5LTR,2153,False,0,0,3,Cooking Essentials,Commodities,Oil and Ghee,Cooking Oil,12621234,2026-09-06 17:37:06,False,https://metroonline.page.link/ebr8
Jaifal Per KG,2135,False,0,0,5,Cooking Essentials,Cooking Ingredients,Spices and Herbs,Desi Spices,12621215,2026-09-06 17:37:06,False,https://metroonline.page.link/J51h
Shangrila Soy Sauce 300 ML,159,False,119,219,2,Cooking Essentials,Cooking Ingredients,Sauces and Seasonings,Vinegars and Sauces,12621209,2026-09-06 17:37:06,True,https://metroonline.page.link/P2QA
Shan Nihari Masala 60 GM,149,False,124,848,5,Cooking Essentials,Cooking Ingredients,Spices and Herbs,Packaged Spices,12621190,2026-09-06 17:37:06,True,https://metroonline.page.link/VA8f
National Red Chilli Powder 200 GM,365,False,0,0,5,Cooking Essentials,Cooking Ingredients,Spices and Herbs,Packaged Spices,12621186,2026-09-06 17:37:06,True,https://metroonline.page.link/rKGN
Shangrila Tomato Ketchup,129,False,99,3369,5,Cooking Essentials,Cooking Ingredients,Sauces and Seasonings,Vinegars and Sauces,12621170,2026-09-06 17:37:06,True,https://metroonline.page.link/q8Tz
SUFI SUNFLOWER S.UP POCH 1L X5,3120,False,3115,42,3,Cooking Essentials,Commodities,Oil and Ghee,Cooking Oil,9999782,2026-09-06 17:37:06,True,https://metroonline.page.link/Ykiw
Shan Biryani Masala 100GM,289,False,0,444,5,Cooking Essentials,Cooking Ingredients,Spices and Herbs,Packaged Spices,12621143,2026-09-06 17:37:06,True,https://metroonline.page.link/NFzK
Shan Bombay Biryani 60 GM,149,False,0,418,5,Cooking Essentials,Cooking Ingredients,Spices and Herbs,Packaged Spices,12621141,2026-09-06 17:37:06,True,https://metroonline.page.link/tRkT
Shan Tikka Boti Masala 50 GM,149,False,99,487,5,Cooking Essentials,Cooking Ingredients,Spices and Herbs,Packaged Spices,12621140,2026-09-06 17:37:06,True,https://metroonline.page.link/LuiD
Shan Seekh Kabab Masala 50 GM,149,False,0,596,5,Cooking Essentials,Cooking Ingredients,Spices and Herbs,Packaged Spices,12621128,2026-09-06 17:37:06,True,https://metroonline.page.link/anq1
Dil Dil Banaspati Ghee 1KG x5,2555,False,0,31,3,Cooking Essentials,Commodities,Oil and Ghee,Banaspati,12621111,2026-09-06 17:37:06,False,https://metroonline.page.link/hBCA
Karahi Gosht Masala Per 50GM,50,False,0,225,5,Cooking Essentials,Cooking Ingredients,Spices and Herbs,Desi Spices,12621098,2026-09-06 17:37:06,True,https://metroonline.page.link/UNVz
Methery Per KG,19250,False,0,80,5,Cooking Essentials,Cooking Ingredients,Spices and Herbs,Desi Spices,12621097,2026-09-06 17:37:06,True,https://metroonline.page.link/nFvw
Shangrilla Chilli Sauce 120ML,89,False,0,54,5,Cooking Essentials,Cooking Ingredients,Sauces and Seasonings,Vinegars and Sauces,12621088,2026-09-06 17:37:06,True,https://metroonline.page.link/dyX7
National Chilli Garlic 500 GM,239,False,187,16,5,Cooking Essentials,Cooking Ingredients,Sauces and Seasonings,Vinegars and Sauces,12621084,2026-09-06 17:37:06,True,https://metroonline.page.link/bmtD
National Karahi Gosht Masala 47GM,155,False,115,395,2,Cooking Essentials,Cooking Ingredients,Spices and Herbs,Packaged Spices,12621042,2026-09-06 17:37:06,True,https://metroonline.page.link/5fUE
Dalda Canola Oil Bottle 3LTR,1900,False,,66,3,Cooking Essentials,Commodities,Oil and Ghee,Cooking Oil,12621037,2026-09-06 17:37:06,True,https://metroonline.page.link/qymG
CANOLIVE COOKING OIL 1L X5,3325,False,3249,840,3,Cooking Essentials,Commodities,Oil and Ghee,Cooking Oil,9999855,2026-09-06 17:37:06,True,https://metroonline.page.link/YU9o
National Fish Masala 50 GM ,155,False,0,176,2,Cooking Essentials,Cooking Ingredients,Spices and Herbs,Packaged Spices,12621024,2026-09-06 17:37:06,True,https://metroonline.page.link/ZCg4
Youngs Chicken Spread 1KG,1254,False,1080,612,5,Cooking Essentials,Cooking Ingredients,Sauces and Seasonings,Pastes,12621022,2026-09-06 17:37:06,True,https://metroonline.page.link/8mn2
Metro Chef Wheat Flour 10KG,1100,False,845,0,3,Cooking Essentials,Commodities,Flour,White Flour and Whole Wheat Flour,12621020,2026-09-06 17:37:06,True,https://metroonline.page.link/f3jw
Chaar Gond Per 100GM,120,False,0,9000,5,Cooking Essentials,Cooking Ingredients,Spices and Herbs,Desi Spices,12621002,2026-09-06 17:37:06,True,https://metroonline.page.link/WHMS
Dalda Banspati Ghee 5 KG ,3030,False,,208,3,Cooking Essentials,Commodities,Oil and Ghee,Banaspati,12620935,2026-09-06 17:37:06,True,https://metroonline.page.link/86SK
Ok Cooking Oil (North) 1L,510,False,545,18,3,Cooking Essentials,OK,Oil and Ghee,Cooking Oil,12620931,2026-09-06 17:37:06,True,https://metroonline.page.link/nwMu
Four Seeds (Char Maghz) per 100GM,120,False,0,73,5,Cooking Essentials,Cooking Ingredients,Spices and Herbs,Desi Spices,12620913,2026-09-06 17:37:06,True,https://metroonline.page.link/hyJz
Till White (Sesame seeds) Per 100GM,60,False,0,1000,5,Cooking Essentials,Cooking Ingredients,Spices and Herbs,Desi Spices,12620910,2026-09-06 17:37:06,True,https://metroonline.page.link/2PJT
Shezan Sauce Chilli Garlic 1 KG,385,False,0,102,5,Cooking Essentials,Cooking Ingredients,Sauces and Seasonings,Vinegars and Sauces,12620906,2026-09-06 17:37:06,True,https://metroonline.page.link/ibYJ
National Black Pepper Powder 50 GM,305,False,0,37,5,Cooking Essentials,Cooking Ingredients,Spices and Herbs,Packaged Spices,12620894,2026-09-06 17:37:06,True,https://metroonline.page.link/oxtF
Shan Chicken Tikka 50 GM,149,False,0,325,5,Cooking Essentials,Cooking Ingredients,Spices and Herbs,Packaged Spices,12620878,2026-09-06 17:37:06,True,https://metroonline.page.link/oT5A
Dalda Cooking Oil 1LTR,603,False,635,17,3,Cooking Essentials,Commodities,Oil and Ghee,Cooking Oil,12620877,2026-09-06 17:37:06,True,https://metroonline.page.link/G9yE
Jalvatri Per KG,466750,False,0,0,5,Cooking Essentials,Cooking Ingredients,Spices and Herbs,Desi Spices,12620852,2026-09-06 17:37:06,True,https://metroonline.page.link/AcLv
Garlic Powder Per 50GM,37,False,0,58,5,Cooking Essentials,Cooking Ingredients,Spices and Herbs,Desi Spices,12620851,2026-09-06 17:37:06,True,https://metroonline.page.link/hLGh
Shangrila Soy Sauce 120ML,79,False,65,80,5,Cooking Essentials,Cooking Ingredients,Sauces and Seasonings,Vinegars and Sauces,12620796,2026-09-06 17:37:06,True,https://metroonline.page.link/LQ2i
Shan Chat Masala 100 GM,189,False,0,3709,5,Cooking Essentials,Cooking Ingredients,Spices and Herbs,Packaged Spices,12620790,2026-09-06 17:37:06,True,https://metroonline.page.link/xhHt
Shangrila Soy Sauce 800 ML,299,False,249,279,5,Cooking Essentials,Cooking Ingredients,Sauces and Seasonings,Vinegars and Sauces,12620788,2026-09-06 17:37:06,True,https://metroonline.page.link/i8Nn
National Tikka Masala 80GM,305,False,189,2,2,Cooking Essentials,Cooking Ingredients,Spices and Herbs,Packaged Spices,12620759,2026-09-06 17:37:06,True,https://metroonline.page.link/cbTQ
Ok Banaspati Ghee (North) 1KG,540,False,509,0,3,Cooking Essentials,OK,Oil and Ghee,Banaspati,12620749,2026-09-06 17:37:06,True,https://metroonline.page.link/cXrS
National Achaar Gosht Masala 43GM,155,False,115,284,2,Cooking Essentials,Cooking Ingredients,Spices and Herbs,Packaged Spices,12620693,2026-09-06 17:37:06,True,https://metroonline.page.link/hTTz
National Chilli Garlic 800GM,412,False,334,306,2,Cooking Essentials,Cooking Ingredients,Sauces and Seasonings,Vinegars and Sauces,12620691,2026-09-06 17:37:06,True,https://metroonline.page.link/Tdy9
Shangrila Vinegar 700ML,229,False,170,130,5,Cooking Essentials,Cooking Ingredients,Sauces and Seasonings,Vinegars and Sauces,12620686,2026-09-06 17:37:06,True,https://metroonline.page.link/iDZP
Diamond Flour 10KG,805,False,0,0,3,Cooking Essentials,Commodities,Flour,White Flour and Whole Wheat Flour,12620675,2026-09-06 17:37:06,True,https://metroonline.page.link/zMeb
National Bombay Biryani 70 GM,115,False,0,0,5,Cooking Essentials,Cooking Ingredients,Spices and Herbs,Packaged Spices,12620674,2026-09-06 17:37:06,True,https://metroonline.page.link/MVnt
Kausar Canola Oil 1LTR x5,2700,False,,226,3,Cooking Essentials,Commodities,Oil and Ghee,Cooking Oil,12620664,2026-09-06 17:37:06,True,https://metroonline.page.link/M7H7
Dalda Cooking Oil Bottle 3LTR,1900,False,,106,3,Cooking Essentials,Commodities,Oil and Ghee,Cooking Oil,12620662,2026-09-06 17:37:06,True,https://metroonline.page.link/kR9s
Knorr Cream of Chicken Soup 50 GM,199,False,0,0,7,Cooking Essentials,Cooking Ingredients,Sauces and Seasonings,Seasonings,12620654,2026-09-06 17:37:06,False,https://metroonline.page.link/mQp8
Shangrila Chilli Garlic 800 GM,380,True,355,292,5,Cooking Essentials,Cooking Ingredients,Sauces and Seasonings,Vinegars and Sauces,12620640,2026-09-06 17:37:06,True,https://metroonline.page.link/yq4D
National Tikka Masala 40GM,155,False,99,18,2,Cooking Essentials,Cooking Ingredients,Spices and Herbs,Packaged Spices,12620632,2026-09-06 17:37:06,True,https://metroonline.page.link/oHSB
Shan Sindhi Biryani 60 GM,149,False,0,410,5,Cooking Essentials,Cooking Ingredients,Spices and Herbs,Packaged Spices,12620604,2026-09-06 17:37:06,True,https://metroonline.page.link/CZmw
Qorma Masala Per 500GM,500,False,0,488,5,Cooking Essentials,Cooking Ingredients,Spices and Herbs,Desi Spices,12620599,2026-09-06 17:37:06,True,https://metroonline.page.link/W7JN
National Tomato Ketchup 400GM,235,False,187,3867,5,Cooking Essentials,Cooking Ingredients,Sauces and Seasonings,Vinegars and Sauces,12620590,2026-09-06 17:37:06,True,https://metroonline.page.link/gvbh
Ok Cooking Oil (North) 1L x 5,2549,False,2015,264,3,Cooking Essentials,OK,Oil and Ghee,Cooking Oil,12620566,2026-09-06 17:37:06,True,https://metroonline.page.link/MUsn
NATIONAL QORMA MASALA 43G,155,False,115,223,133333,Cooking Essentials,Spices and Herbs,Packaged Spices,Packaged Spices,12620541,2026-09-06 17:37:06,True,https://metroonline.page.link/Zadn
Shangrila Chinese Sauce Trio Pack 275ML,449,False,349,673,5,Cooking Essentials,Cooking Ingredients,Sauces and Seasonings,Vinegars and Sauces,12620527,2026-09-06 17:37:06,True,https://metroonline.page.link/EP41
Supreme Guard Basmati Rice 5 KG,2845,False,0,134,5,Cooking Essentials,Commodities,Rice,,12620461,2026-09-06 17:37:06,True,https://metroonline.page.link/T48d
HABIB COOKING OIL 1L X5,2855,False,2795,1457,10,Cooking Essentials,Commodities,Oil and Ghee,Cooking Oil,9999790,2026-09-06 17:37:06,True,https://metroonline.page.link/XezJ
National Biryani Masala 78GM,305,False,225,7,5,Cooking Essentials,Cooking Ingredients,Spices and Herbs,Packaged Spices,12620458,2026-09-06 17:37:06,True,https://metroonline.page.link/Z8cu
MEZAN COOKING OIL 1L X5,2969,False,2899,286,3,Cooking Essentials,Commodities,Oil and Ghee,Cooking Oil,9999833,2026-09-06 17:37:06,True,https://metroonline.page.link/L9uA
Shangrila Tomato Ketchup 400GM,220,True,194,2114,5,Cooking Essentials,Cooking Ingredients,Sauces and Seasonings,Vinegars and Sauces,12620447,2026-09-06 17:37:06,True,https://metroonline.page.link/3txP
National Bombay Biryani 140 GM,225,False,0,0,5,Cooking Essentials,Cooking Ingredients,Spices and Herbs,Packaged Spices,12620435,2026-09-06 17:37:06,False,https://metroonline.page.link/wB9s
Tukh Malanga Per 100GM,80,False,0,215,5,Cooking Essentials,Cooking Ingredients,Spices and Herbs,Desi Spices,12620419,2026-09-06 17:37:06,True,https://metroonline.page.link/1B2S
Gurr per KG,305,False,0,906,3,Cooking Essentials,Commodities,Sugar,,12620414,2026-09-06 17:37:06,True,https://metroonline.page.link/Giaq
Ajwain Per 50GM,23,False,0,84,5,Cooking Essentials,Cooking Ingredients,Spices and Herbs,Desi Spices,12620398,2026-09-06 17:37:06,True,https://metroonline.page.link/Vc64
Young Chicken Spread 200 ML,304,False,285,3202,5,Cooking Essentials,Cooking Ingredients,Sauces and Seasonings,Pastes,12620395,2026-09-06 17:37:06,True,https://metroonline.page.link/YTCj
Knorr Chicken Corn Soup 43GM,170,False,149,7731,7,Cooking Essentials,Cooking Ingredients,Sauces and Seasonings,Seasonings,12620379,2026-09-06 17:37:06,True,https://metroonline.page.link/Nhjv
Badia Khatai Per 50GM,67,False,0,21,5,Cooking Essentials,Cooking Ingredients,Spices and Herbs,Desi Spices,12620373,2026-09-06 17:37:06,True,https://metroonline.page.link/puFb
Rafhan Corn Flour 275GM,189,False,179,9,10,Cooking Essentials,Commodities,Flour,White Flour and Whole Wheat Flour,9999976,2026-09-06 17:37:06,True,https://metroonline.page.link/SXei
Shan Iodized Salt 800 GM,75,False,0,528,5,Cooking Essentials,Cooking Ingredients,Spices and Herbs,Salt and Pepper,12620346,2026-09-06 17:37:06,True,https://metroonline.page.link/fYyM
National Biryani Masala 39GM,155,False,115,206,5,Cooking Essentials,Cooking Ingredients,Spices and Herbs,Packaged Spices,12620343,2026-09-06 17:37:06,True,https://metroonline.page.link/8ZNc
Mitchells Tomato Ketchup 800 GM,429,False,0,200,5,Cooking Essentials,Cooking Ingredients,Sauces and Seasonings,Vinegars and Sauces,12620337,2026-09-06 17:37:06,True,https://metroonline.page.link/UjQv
National Chaat Masala 50 GM,109,False,114,140,10,Cooking Essentials,Cooking Ingredients,Spices and Herbs,Packaged Spices,12620336,2026-09-06 17:37:06,True,https://metroonline.page.link/wHaJ
Ok Turmeric Powder 200GM,175,False,149,65,2,Cooking Essentials,OK,Spices and Herbs,Desi Spices,12620330,2026-09-06 17:37:06,True,https://metroonline.page.link/E6SE
Cloves Whole Per 50GM,193,False,0,79,5,Cooking Essentials,Cooking Ingredients,Spices and Herbs,Desi Spices,12620293,2026-09-06 17:37:06,True,https://metroonline.page.link/NbMJ
Maida (White Flour) Per KG,179,False,0,2137,3,Cooking Essentials,Commodities,Flour,White Flour and Whole Wheat Flour,12620282,2026-09-06 17:37:06,True,https://metroonline.page.link/28EU
FINE LIFE WHITE SUGAR 1KG,175,False,0,895,2,Cooking Essentials,Commodities,Sugar,,12620264,2026-09-06 17:37:06,True,https://metroonline.page.link/hPKN
Knorr Chilli Garlic 800 GM,441,False,409,795,10,Cooking Essentials,Cooking Ingredients,Sauces and Seasonings,Vinegars and Sauces,12620246,2026-09-06 17:37:06,True,https://metroonline.page.link/tsKq
Knorr Hot And Sour Soup 50 GM,169,False,132,134,7,Cooking Essentials,Cooking Ingredients,Sauces and Seasonings,Seasonings,12620225,2026-09-06 17:37:06,True,https://metroonline.page.link/VED4
Dalda Canola Oil 1L x 5,3075,True,2969,139,3,Cooking Essentials,Commodities,Oil and Ghee,Cooking Oil,12620212,2026-09-06 17:37:06,True,https://metroonline.page.link/uGXw
Young French Mayonnaise 200 GM,167,False,154,1759,5,Cooking Essentials,Cooking Ingredients,Sauces and Seasonings,Pastes,12620192,2026-09-06 17:37:06,True,https://metroonline.page.link/RdxE
Shangrila Tomato Ketchup 800GM,380,True,355,639,5,Cooking Essentials,Cooking Ingredients,Sauces and Seasonings,Vinegars and Sauces,12620189,2026-09-06 17:37:06,True,https://metroonline.page.link/X8Qq
Youngs Chicken Spread 500ML,720,True,650,1569,5,Cooking Essentials,Cooking Ingredients,Sauces and Seasonings,Pastes,12620174,2026-09-06 17:37:06,True,https://metroonline.page.link/gvW9
Ok Green Cardamom 50GM,799,False,699,1174,2,Cooking Essentials,OK,Spices and Herbs,Desi Spices,12620171,2026-09-06 17:37:06,True,https://metroonline.page.link/vRwu
Knorr Tomato Ketchup 800GM,441,False,389,563,10,Cooking Essentials,Cooking Ingredients,Sauces and Seasonings,Vinegars and Sauces,12620161,2026-09-06 17:37:06,True,https://metroonline.page.link/4D9Y
Big Cardamom Per KG,433250,False,0,101,5,Cooking Essentials,Cooking Ingredients,Spices and Herbs,Desi Spices,12620157,2026-09-06 17:37:06,True,https://metroonline.page.link/U8P4
Biryani Masala Per 100GM,100,False,,327,5,Cooking Essentials,Cooking Ingredients,Spices and Herbs,Desi Spices,12620140,2026-09-06 17:37:06,True,https://metroonline.page.link/uhhc
National Chaat Masala 100 GM,179,False,0,313,2,Cooking Essentials,Cooking Ingredients,Spices and Herbs,Packaged Spices,12620139,2026-09-06 17:37:06,True,https://metroonline.page.link/t1Ae
Shezan Tomato Ketchup 800GM,385,False,218,182,5,Cooking Essentials,Cooking Ingredients,Sauces and Seasonings,Vinegars and Sauces,12620138,2026-09-06 17:37:06,True,https://metroonline.page.link/5GY7
National Tomato Ketchup 800GM,412,False,334,-10,2,Cooking Essentials,Cooking Ingredients,Sauces and Seasonings,Vinegars and Sauces,12620131,2026-09-06 17:37:06,True,https://metroonline.page.link/3T5M
OK BLACK CHANA 1KG,249,False,0,0,2,Cooking Essentials,OK,Pulses,,12620120,2026-09-06 17:37:06,True,https://metroonline.page.link/7ffr
Youngs Mayo Classic 1KG,637,False,610,2141,2,Cooking Essentials,Cooking Ingredients,Sauces and Seasonings,Pastes,12620110,2026-09-06 17:37:06,True,https://metroonline.page.link/iL8b
National Iodized Table Salt 80GM,49,False,50,538,5,Cooking Essentials,Cooking Ingredients,Spices and Herbs,Salt and Pepper,12620100,2026-09-06 17:37:06,True,https://metroonline.page.link/rcqo
Sufi Canola Oil 1LTR x5,2955,False,2925,312,3,Cooking Essentials,Commodities,Oil and Ghee,Cooking Oil,12620094,2026-09-06 17:37:06,True,https://metroonline.page.link/RKTz
Cinnamon Sticks Whole,999,False,0,95,5,Cooking Essentials,Cooking Ingredients,Spices and Herbs,Desi Spices,12620082,2026-09-06 17:37:06,True,https://metroonline.page.link/jQef
FINE LIFE WHITE SUGAR 2KG,346,False,0,6292,2,Cooking Essentials,Commodities,Sugar,,12620079,2026-09-06 17:37:06,False,https://metroonline.page.link/C7Lp
FINE LIFE WHITE SUGAR 5KG,855,False,0,0,2,Cooking Essentials,Commodities,Sugar,,12620070,2026-09-06 17:37:06,True,https://metroonline.page.link/Mn4W
METRO CHEF BAISAN 1KG,309,False,249,245,5,Cooking Essentials,Commodities,Pulses,,12620066,2026-09-06 17:37:06,True,https://metroonline.page.link/pHjj
Dalda Banaspati Ghee 1KG x 5,3015,False,2850,1093,3,Cooking Essentials,Commodities,Oil and Ghee,Banaspati,12620064,2026-09-06 17:37:06,True,https://metroonline.page.link/UTMD
Sufi Banaspati Ghee 1KG x 5,3040,False,2990,771,3,Cooking Essentials,Commodities,Oil and Ghee,Banaspati,12620051,2026-09-06 17:37:06,True,https://metroonline.page.link/Tsoe
Sufi Sunflower Oil 1LTR x5,3065,True,2925,118,3,Cooking Essentials,Commodities,Oil and Ghee,Cooking Oil,12620047,2026-09-06 17:37:06,True,https://metroonline.page.link/m6qq
Young French Mayonnaise 500 GM,360,True,325,3140,2,Cooking Essentials,Cooking Ingredients,Sauces and Seasonings,Pastes,12620042,2026-09-06 17:37:06,True,https://metroonline.page.link/uW4j
OK DAAL CHANA 1KG,269,False,229,-1,3,Cooking Essentials,OK,Pulses,,9999811,2026-09-06 17:37:06,True,https://metroonline.page.link/E9rp
National Iodized Salt 800GM,49,False,50,511,5,Cooking Essentials,Cooking Ingredients,Spices and Herbs,Salt and Pepper,12620010,2026-09-06 17:37:06,True,https://metroonline.page.link/ZnSP
Fine Life Fennel Seed 250GM,575,False,0,18,10,Cooking Essentials,Cooking Ingredients,Spices and Herbs,Desi Spices,66508327,2026-09-06 17:37:06,True,https://metroonline.page.link/f65Z
Dalda Sunflower Oil Stand up Pouch 1L x5,3130,False,0,92,3,Cooking Essentials,Commodities,Oil and Ghee,Cooking Oil,59103062,2026-09-06 17:37:06,True,https://metroonline.page.link/qHCM
Metro Chef Kainat Steamed Rice Whole 5KG,1949,False,1875,1222,5,Cooking Essentials,Commodities,Rice,,9999959,2026-09-06 17:37:06,True,https://metroonline.page.link/gpbb
Mueloliva Extra Light Olive Oil 500ML,3220,False,,0,2,Cooking Essentials,Commodities,Oil and Ghee,Olive Oil,13561605,2026-09-06 17:37:06,False,https://metroonline.page.link/9Awy
Mueloliva Extra Light Olive Oil 1L,5710,False,0,0,2,Cooking Essentials,Commodities,Oil and Ghee,Olive Oil,13614275,2026-09-06 17:37:06,False,https://metroonline.page.link/4Bkq
Mueloliva Pomace 500ML,2120,False,0,0,2,Cooking Essentials,Commodities,Oil and Ghee,Olive Oil,13671467,2026-09-06 17:37:06,False,https://metroonline.page.link/Bu6r
Mueloliva Olive Pomace Oil Bottle 3L,8956,False,9300,0,2,Cooking Essentials,Commodities,Oil and Ghee,Olive Oil,13723035,2026-09-06 17:37:06,True,https://metroonline.page.link/Tgfu
Mueloliva Picuda Extra Virgin Olive Oil 1L,6132,False,6000,0,2,Cooking Essentials,Commodities,Oil and Ghee,Olive Oil,13781053,2026-09-06 17:37:06,False,https://metroonline.page.link/brH4
Seasons Canola Oil 1L,595,False,0,58,3,Cooking Essentials,Commodities,Oil and Ghee,Cooking Oil,98177867,2026-09-06 17:37:06,True,https://metroonline.page.link/i9Y6
Coriander Whole Seeds Per 500GM,380,False,0,1000,5,Cooking Essentials,Cooking Ingredients,Spices and Herbs,Desi Spices,12620053,2026-09-06 17:37:06,True,https://metroonline.page.link/2qq7
EVA CANOLA OIL JERRY CAN 10L,6250,False,5760,23,3,Cooking Essentials,Commodities,Oil and Ghee,Cooking Oil,29668534,2026-09-06 17:37:06,True,https://metroonline.page.link/RFgi
OK Fried Onion 400GM,399,False,0,0,10,Cooking Essentials,Cooking Ingredients,Spices and Herbs,Packaged Spices,67739796,2026-09-06 17:37:06,False,https://metroonline.page.link/ss6B
Ok Cumin Seed Powder 500GM,1025,False,0,278,10,Cooking Essentials,OK,Spices and Herbs,Packaged Spices,67739805,2026-09-06 17:37:06,False,https://metroonline.page.link/CM3F
Key Hot Tabasco Sauce 225ML,199,False,176,37,10,Cooking Essentials,Cooking Ingredients,Sauces and Seasonings,Vinegars and Sauces,90305598,2026-09-06 17:37:06,True,https://metroonline.page.link/gL77
OK GREEN CARDAMOM 50G,799,False,,0,5,Cooking Essentials,OK,Spices and Herbs,Desi Spices,99989663,2026-09-06 17:37:06,False,https://metroonline.page.link/T1Es
Metro Chef Super Kernel Basmati Rice Whole 5KG,2025,False,1925,382,3,Cooking Essentials,Commodities,Rice,,9999850,2026-09-06 17:37:06,True,https://metroonline.page.link/TxgH
Fine Life Basmati Rice Whole 5KG,1750,False,1525,0,3,Cooking Essentials,Commodities,Rice,,72428569,2026-09-06 17:37:06,True,https://metroonline.page.link/W2aP
Metro Chef Kainat Sella Rice Whole 5KG,1875,False,1875,516,3,Cooking Essentials,Commodities,Rice,,9999829,2026-09-06 17:37:06,True,https://metroonline.page.link/WfZd
Metro Chef Super Kernel Basmati Rice Whole 1KG,409,False,379,836,3,Cooking Essentials,Commodities,Rice,,72909112,2026-09-06 17:37:06,True,https://metroonline.page.link/s5dd
Metro Chef Kainat Steamed Rice Whole 1KG,379,False,369,896,3,Cooking Essentials,Commodities,Rice,,73124687,2026-09-06 17:37:06,True,https://metroonline.page.link/BxA7
Metro Chef Kainat Sella Rice Whole 1KG,365,False,369,1493,3,Cooking Essentials,Commodities,Rice,,73311446,2026-09-06 17:37:06,True,https://metroonline.page.link/MzZL
Hellmanns Mayonnaise Thick & Creamy 475ML,399,False,375,209,5,Cooking Essentials,Cooking Ingredients,Sauces and Seasonings,Pastes,84419408,2026-09-06 17:37:06,True,https://metroonline.page.link/7PHe
Hellmanns Mayo Thick & Creamy 900ML,699,False,665,197,5,Cooking Essentials,Cooking Ingredients,Sauces and Seasonings,Pastes,84563362,2026-09-06 17:37:06,True,https://metroonline.page.link/sQLh
Knorr Chicken Pulao Cubes Pack of 6,429,False,369,0,5,Cooking Essentials,Cooking Ingredients,Spices and Herbs,Packaged Spices,84866584,2026-09-06 17:37:06,False,https://metroonline.page.link/gdEX
Knorr Chicken Cubes Pack of 6,429,False,369,0,5,Cooking Essentials,Cooking Ingredients,Spices and Herbs,Packaged Spices,85022752,2026-09-06 17:37:06,False,https://metroonline.page.link/JUFL
Baisan Per 500GM,120,False,0,0,,Cooking Essentials,Commodities,Flour,,12640496,2026-09-06 17:37:06,True,https://metroonline.page.link/U5gM
Sufi Banaspati Gee 1KG x 16,9270,False,,0,15,Cooking Essentials,Commodities,Oil and Ghee,Banaspati,78484890,2026-09-06 17:37:06,True,https://metroonline.page.link/cwFY
Mezan Canola Oil Bottle 1L x5,2950,False,,0,2,Cooking Essentials,Commodities,Oil and Ghee,Cooking Oil,52060277,2026-09-06 17:37:06,True,https://metroonline.page.link/LSHX
Black Till per 100GM,86,False,,1000,5,Cooking Essentials,Cooking Ingredients,Spices and Herbs,Desi Spices,95238985,2026-09-06 17:37:06,True,https://metroonline.page.link/D3js
Dalda Canola Oil Stand up 1L x5,3080,False,,73,3,Cooking Essentials,Commodities,Oil and Ghee,Cooking Oil,99142191,2026-09-06 17:37:06,True,https://metroonline.page.link/pm6r
Dalda Canola Oil Stand up 1L,616,False,,60,4,Cooking Essentials,Commodities,Oil and Ghee,Cooking Oil,99315767,2026-09-06 17:37:06,True,https://metroonline.page.link/FCqM
Seasons Banaspati Ghee 16 Kg,8590,False,,6,5,Cooking Essentials,Commodities,Oil and Ghee,,21404308,2026-09-06 17:37:06,True,https://metroonline.page.link/7zeq
PAK Super Atta 10KG,765,False,,1000,3,Cooking Essentials,Commodities,Flour,,37321035,2026-09-06 17:37:06,False,https://metroonline.page.link/VJyD
Moiz White Refined Sugar 2KG,318,False,,0,5,Cooking Essentials,Commodities,Sugar,,39108470,2026-09-06 17:37:06,False,https://metroonline.page.link/xDwr
Mezan Banaspti Ghee Tin 16Kg,9100,False,,21,3,Cooking Essentials,Commodities,Oil and Ghee,,83137816,2026-09-06 17:37:06,True,https://metroonline.page.link/4nRK
Shams Grains Special Atta 20KG,2200,False,,0,3,Cooking Essentials,Commodities,Flour,White Flour and Whole Wheat Flour,16482599,2026-09-06 17:37:06,True,https://metroonline.page.link/isKw
Young's Ranch Sauce 1 Litre,869,False,,34,3,Cooking Essentials,Cooking Ingredients,Sauces and Seasonings,Vinegars and Sauces,33077202,2026-09-06 17:37:06,True,
Habib Canola Oil 1Lx5,2960,False,,0,3,Cooking Essentials,Commodities,Oil and Ghee,Cooking Oil,69649636,2026-09-06 17:37:06,True,
Knorr White Sauce 900G,2242,False,1890,0,10,Cooking Essentials,Cooking Ingredients,Sauces and Seasonings,Seasonings,54289852,2026-09-06 17:37:06,False,
Pure Zafarani 1121 Steam Everyday 25Kg,9275,False,,0,5,Cooking Essentials,Commodities,Rice,,59284594,2026-09-06 17:37:06,True,
Pure Zafarani 1121 Sella 25Kg,9649,False,,0,5,Cooking Essentials,Commodities,Rice,,10098940,2026-09-06 17:37:06,False,https://metroonline.page.link/iG61
Ghiza Riwayati Atta 5Kg,1055,False,619,4,5,Cooking Essentials,Commodities,Flour,White Flour and Whole Wheat Flour,86874288,2026-09-06 17:37:06,False,
Shahtaj Cooking Oil 1L x 5,2950,True,2675,234,5,Cooking Essentials,Commodities,Oil and Ghee,Cooking Oil,9999889,2026-09-06 17:37:06,True,
Shahtaj Banaspati Ghee 1KG x 5,2950,True,2749,10,5,Cooking Essentials,Commodities,Oil and Ghee,Banaspati,67172079,2026-09-06 17:37:06,True,
Shahtaj Canola Oil 1L x 5 Standup Pouch,2850,False,2840,10,5,Cooking Essentials,Commodities,Oil and Ghee,Cooking Oil,67172080,2026-09-06 17:37:06,True,https://metroonline.page.link/2WQw
Shahtaj Cooking Oil 1L x 5 Standup Pouch,2850,False,2700,36,5,Cooking Essentials,Commodities,Oil and Ghee,Cooking Oil,99930401,2026-09-06 17:37:06,True,
Soya Per Pack,249,False,,0,,Cooking Essentials,Cooking Ingredients,Spices and Herbs,,67139526,2026-09-06 17:37:06,False,
Shams Grains Special Atta 10KG,1100,False,,0,10,Cooking Essentials,Commodities,Flour,White Flour and Whole Wheat Flour,87709803,2026-09-06 17:37:06,True,https://metroonline.page.link/gpyh
METRO CHEF BAISAN 1KG,279,False,249,0,10,Cooking Essentials,Commodities,Pulses,,78425660,2026-09-06 17:37:06,True,
National Chili Garlic Sauce 210G,135,False,,139,10,Cooking Essentials,Cooking Ingredients,Sauces and Seasonings,Vinegars and Sauces,23844931,2026-09-06 17:37:06,True,
Shahtaj Cooking Oil 1 Litre,550,False,,67,10,Cooking Essentials,Commodities,Oil and Ghee,,86330927,2026-09-06 17:37:06,True,
Shahtaj Cooking Oil Stand Up 1 Litre,570,False,,19,10,Cooking Essentials,Commodities,Oil and Ghee,Cooking Oil,86560273,2026-09-06 17:37:06,True,
Shahtaj Canola Oil Stand up 1 Litre ,570,False,,45,10,Cooking Essentials,Commodities,Oil and Ghee,,86701069,2026-09-06 17:37:06,True,
Shahtaj Banaspati Ghee 1Kg,560,False,,34,10,Cooking Essentials,Commodities,Oil and Ghee,Banaspati,86839210,2026-09-06 17:37:06,True,
Metro Chef Kainat Sella Rice Whole 25KG,9999,False,9299,40,1,Cooking Essentials,Commodities,Rice,,9999622,2026-09-06 17:37:06,True,
Ok Awami Rice Whole,229,False,215,876,3,Cooking Essentials,OK,Rice,,87075096,2026-09-06 17:37:06,True,
Metro Chef Kainat Sella Rice Whole,345,False,359,5435,3,Cooking Essentials,Commodities,Rice,,87075099,2026-09-06 17:37:06,True,
Metro Chef Kainat Steamed Rice Whole,359,False,359,4265,3,Cooking Essentials,Commodities,Rice,,87075102,2026-09-06 17:37:06,True,
Metro Chef Kainat Steamed Rice Whole 25KG,19998,False,9399,0,3,Cooking Essentials,Commodities,Rice,,87075105,2026-09-06 17:37:06,True,
Metro Chef Super Kernel Basmati Rice Whole,389,False,379,2573,3,Cooking Essentials,Commodities,Rice,,87075107,2026-09-06 17:37:06,True,
Hilal Cooking Oil 1L,500,False,0,2,5,Cooking Essentials,Commodities,Oil and Ghee,Cooking Oil,39443797,2026-09-06 17:37:06,True,
Metro Chef Flour Chakki 5KG,4875,False,749,13333,,Cooking Essentials,Commodities,Flour,White Flour and Whole Wheat Flour,32197823,2026-09-06 17:37:06,True,https://metroonline.page.link/CyFT
Metro Chef Cooking Oil 1L,550,False,0,133333,133333,Cooking Essentials,Commodities,Oil and Ghee,,61102528,2026-09-06 17:37:06,True,
Vatani Onion Powder 64GM,210,False,179,10,5,Cooking Essentials,Cooking Ingredients,Sauces and Seasonings,Seasonings,40244592,2026-09-06 17:37:06,True,
Vatani Black Seed 70GM,240,False,205,10,5,Cooking Essentials,Cooking Ingredients,Sauces and Seasonings,Seasonings,40244599,2026-09-06 17:37:06,True,
Vatani Red Chilli Powder 525GM,1250,False,1059,10,5,Cooking Essentials,Cooking Ingredients,Sauces and Seasonings,Seasonings,40244601,2026-09-06 17:37:06,True,
Vatani Carom Seed 70GM,150,False,129,10,5,Cooking Essentials,Cooking Ingredients,Sauces and Seasonings,Seasonings,40244602,2026-09-06 17:37:06,True,
Vatani White Pepper Powder 65GM,500,False,425,10,5,Cooking Essentials,Cooking Ingredients,Sauces and Seasonings,Seasonings,40244604,2026-09-06 17:37:06,True,
Vatani Black Pepper Corn 70GM,440,False,375,10,5,Cooking Essentials,Cooking Ingredients,Sauces and Seasonings,Seasonings,40244605,2026-09-06 17:37:06,True,
Vatani Garam Masala 140GM,930,False,789,10,5,Cooking Essentials,Cooking Ingredients,Sauces and Seasonings,Seasonings,40244606,2026-09-06 17:37:06,True,
Vatani Garlic Powder 82GM,200,False,169,10,5,Cooking Essentials,Cooking Ingredients,Sauces and Seasonings,Seasonings,40244608,2026-09-06 17:37:06,True,
Vatani Sesame Seed 70GM,190,False,165,10,5,Cooking Essentials,Cooking Ingredients,Sauces and Seasonings,Seasonings,40244612,2026-09-06 17:37:06,True,
Vatani Red Chilili Flakes 400GM,940,False,799,10,5,Cooking Essentials,Cooking Ingredients,Sauces and Seasonings,Seasonings,40244614,2026-09-06 17:37:06,True,
Vatani Turmeric Powder 165GM,390,False,335,10,5,Cooking Essentials,Cooking Ingredients,Sauces and Seasonings,Seasonings,40244616,2026-09-06 17:37:06,True,
Vatani Red Chilli Powder 150GM,420,False,359,10,5,Cooking Essentials,Cooking Ingredients,Sauces and Seasonings,Seasonings,40244618,2026-09-06 17:37:06,True,
Vatani Chaat Masala 180GM,385,False,329,10,5,Cooking Essentials,Cooking Ingredients,Sauces and Seasonings,Seasonings,40244619,2026-09-06 17:37:06,True,
Vatani Red Chilli Flakes 120GM,380,False,325,10,5,Cooking Essentials,Cooking Ingredients,Sauces and Seasonings,Seasonings,40244620,2026-09-06 17:37:06,True,
Vatani Corriander Powder 120GM,290,False,245,10,5,Cooking Essentials,Cooking Ingredients,Sauces and Seasonings,Seasonings,40244622,2026-09-06 17:37:06,True,
National Chilli Garlic Sauce 210GM,125,True,110,10,5,Cooking Essentials,Cooking Ingredients,Sauces and Seasonings,Vinegars and Sauces,40245057,2026-09-06 17:37:06,True,https://metroonline.page.link/peif
Andaaz Cooking Oil 1L (Pack of 5),2450,False,0,10,5,Cooking Essentials,Commodities,Oil and Ghee,Cooking Oil,40245058,2026-09-06 17:37:06,True,
Andaaz Canola Oil 1L (Pack of 5),2450,False,,10,5,Cooking Essentials,Commodities,Oil and Ghee,Cooking Oil,40245060,2026-09-06 17:37:06,True,https://metroonline.page.link/Cgy3
Borges Pure Olive Oil 200ML,1280,False,0,10,5,Cooking Essentials,Commodities,Oil and Ghee,Olive Oil,40245062,2026-09-06 17:37:06,True,
Seasons Cooking Oil Plus 1L (Pack of 5),3025,True,2845,10,5,Cooking Essentials,Commodities,Oil and Ghee,Cooking Oil,40245064,2026-09-06 17:37:06,True,
Olpers Mozzarella Cheese Block 200GM ,670,False,0,0,10,Dairy,Cheese and Cream,Cheese,,12643110,2026-09-06 17:37:10,True,https://metroonline.page.link/93R4
Nurpur Milk 1.5L x8,4390,False,4120,1000000,3,Dairy,Milk,UHT and Pasteurized Milk,,12643041,2026-09-06 17:37:10,True,https://metroonline.page.link/u1P6
Deens Cheddar Cheese 2KG,3499,False,3149,0,12,Dairy,Cheese and Cream,Cheese,,12643010,2026-09-06 17:37:10,True,https://metroonline.page.link/dG5P
Nurpur UHT Milk 1.5 LTR,515,False,480,4283,12,Dairy,Milk,UHT and Pasteurized Milk,,12643008,2026-09-06 17:37:10,True,https://metroonline.page.link/29U5
Fauji Corn Flakes Strawberry 250GM,709,False,0,0,5,Dairy,Breakfast,Cereals,,12642954,2026-09-06 17:37:10,True,https://metroonline.page.link/ac2M
Olpers UHT Milk 1L x12 Promo Pack,4140,False,0,1000000,2,Dairy,Milk,UHT and Pasteurized Milk,,12637748,2026-09-06 17:37:10,False,https://metroonline.page.link/x9u1
Nurpur Cream 200ML X24,5645,False,0,1000,3,Dairy,Cheese and Cream,Cream,,12642368,2026-09-06 17:37:10,True,https://metroonline.page.link/LUoP
Nature Home Peanut Butter Creamy 510GM,1499,False,0,66,4,Dairy,Breakfast,"Jams, Honey and Spreads",,12641907,2026-09-06 17:37:10,True,https://metroonline.page.link/BZFS
Nature's Home Peanut Butter Chocolate 340GM,1049,False,689,94,4,Dairy,Breakfast,"Jams, Honey and Spreads",,12641904,2026-09-06 17:37:10,True,https://metroonline.page.link/MCui
Nature Home Peanut Butter Creamy 340GM,1049,False,0,69,4,Dairy,Breakfast,"Jams, Honey and Spreads",,12641898,2026-09-06 17:37:10,True,https://metroonline.page.link/HDDE
Nature Home Peanut Butter Chunky 510GM,1499,False,0,52,5,Dairy,Breakfast,"Jams, Honey and Spreads",,12641817,2026-09-06 17:37:10,True,https://metroonline.page.link/GWs9
Menu Open Eggs per Dozen,264,False,275,0,5,Dairy,Eggs,Plain Eggs,,12641740,2026-09-06 17:37:10,False,https://metroonline.page.link/3AsA
Haleeb Asli UHT Milk 225ML,75,False,75,6223,12,Dairy,Milk,UHT and Pasteurized Milk,,12641611,2026-09-06 17:37:10,True,https://metroonline.page.link/LE4y
Nescafe Chilled Hazelnut 220ML x 12,1879,False,0,1000000,12,Dairy,Milk,Flavored Milk,,12641610,2026-09-06 17:37:10,True,https://metroonline.page.link/TVpu
Milo Pet Bottle 220ml x 12,1937,False,1750,1000000,1,Dairy,Milk,Flavored Milk,,12641608,2026-09-06 17:37:10,True,https://metroonline.page.link/8nrF
Milo Pet Bottle 220ml,155,False,149,1591,12,Dairy,Milk,Flavored Milk,,12641607,2026-09-06 17:37:10,True,https://metroonline.page.link/wpLs
Adam Burger Slices 1KG,2015,False,0,36,12,Dairy,Cheese and Cream,Cheese,,12641480,2026-09-06 17:37:10,True,https://metroonline.page.link/yg5Z
Nurpur UHT Milk 125ML X24,1245,False,0,1000,3,Dairy,Milk,UHT and Pasteurized Milk,,12641467,2026-09-06 17:37:10,True,https://metroonline.page.link/4B4U
Youngs ChocoBliss Hazelnut Choco Spread 675GM,1600,False,0,84,10,Dairy,Breakfast,"Jams, Honey and Spreads",,12641366,2026-09-06 17:37:10,True,https://metroonline.page.link/a1Gh
Nestle Laban 350ML,232,False,0,0,12,Dairy,Yogurt,Plain Yogurt and Flavored yogurt,,12641363,2026-09-06 17:37:10,True,https://metroonline.page.link/apbx
Fauji Choco Corn Flakes 250GM,849,False,0,0,3,Dairy,Breakfast,Cereals,,12641353,2026-09-06 17:37:10,True,https://metroonline.page.link/44vU
Haleeb Premium Butter 200GM,540,False,379,258,5,Dairy,Butter and Margarine,Butter,,12641341,2026-09-06 17:37:10,False,https://metroonline.page.link/NZ49
Nestle Sweetened Breakfast Cream 180ML,200,False,190,0,12,Dairy,Cheese and Cream,Cream,,12641298,2026-09-06 17:37:10,False,https://metroonline.page.link/RyX8
Nestle Milkpak Chocolate Cream 180ML,177,False,0,0,12,Dairy,Cheese and Cream,Cream,,12641103,2026-09-06 17:37:10,False,https://metroonline.page.link/LkjW
Nestle Milkpak Chocolate Cream 180ML x24,4776,False,0,1000000,12,Dairy,Cheese and Cream,Cream,,12641102,2026-09-06 17:37:10,False,https://metroonline.page.link/SQqp
Olpers Badam Zafran Flavoured Milk,2250,False,0,1000000,12,Dairy,Milk,Flavored Milk,,12640930,2026-09-06 17:37:10,False,https://metroonline.page.link/G6UL
Oolala Badam Zaffran Milk 225ML X12,1080,False,0,1000000,5,Dairy,Milk,Flavored Milk,,12640881,2026-09-06 17:37:10,False,https://metroonline.page.link/d3m6
Oolala Banana Fruit Milk 180ML x 12,1020,False,0,1000000,5,Dairy,Milk,Flavored Milk,,12640880,2026-09-06 17:37:10,False,https://metroonline.page.link/rAhJ
Mitchell's Jam Apple 1X6 950 GM,689,False,520,105,4,Dairy,Breakfast,"Jams, Honey and Spreads",,12640822,2026-09-06 17:37:10,True,https://metroonline.page.link/kbMa
Koko Krunch Economy Pack 500 GM,1749,False,1617,0,5,Dairy,Breakfast,Cereals,,12640753,2026-09-06 17:37:10,True,https://metroonline.page.link/i2kz
MilkFields UHT Full Cream Milk 1L x12,4300,False,3799,1000000,3,Dairy,Milk,UHT and Pasteurized Milk,,12640498,2026-09-06 17:37:10,True,https://metroonline.page.link/Bmm2
MilkFields UHT Full Cream Milk 250ML x27,2500,False,2199,1000000,3,Dairy,Milk,UHT and Pasteurized Milk,,12640478,2026-09-06 17:37:10,False,https://metroonline.page.link/Y9B6
Dayfresh Flavored Banana Milk 225ML x12,1176,False,0,1000000,2,Dairy,Milk,Flavored Milk,,12640471,2026-09-06 17:37:10,False,https://metroonline.page.link/5edT
Nestle Trix Cereal 330GM,1599,False,0,1000000,5,Dairy,Breakfast,Cereals,,12640395,2026-09-06 17:37:10,True,https://metroonline.page.link/y5Pt
MILKFIELDS UHT MILK 250ML,95,False,85,2022,12,Dairy,Milk,UHT and Pasteurized Milk,,9999957,2026-09-06 17:37:10,True,https://metroonline.page.link/AzXA
Pinar Cream Cheese 500 GM,1869,False,0,0,5,Dairy,Cheese and Cream,Cheese,,12640264,2026-09-06 17:37:10,True,https://metroonline.page.link/91Zg
Pinar Cream Cheese 240 GM,969,False,0,0,5,Dairy,Cheese and Cream,Cheese,,12640262,2026-09-06 17:37:10,True,https://metroonline.page.link/mXtT
Pinar Cream Cheese 140 GM,599,False,0,0,5,Dairy,Cheese and Cream,Cheese,,12640261,2026-09-06 17:37:10,True,https://metroonline.page.link/oWyL
Swiss Premium Cheese Spread Cheddar 250 GM,880,False,0,0,50,Dairy,Cheese and Cream,Cheese,,12640260,2026-09-06 17:37:10,True,https://metroonline.page.link/SGHt
Happy Cow Cheddar Cheese 400 GM,2380,False,0,9,12,Dairy,Cheese and Cream,Cheese,,12640259,2026-09-06 17:37:10,True,https://metroonline.page.link/gcfn
Arizona Fields Pizza Cheese Slices 200 GM,799,False,0,23,5,Dairy,Cheese and Cream,Cheese,,12640258,2026-09-06 17:37:10,True,https://metroonline.page.link/KKt1
Arizona Fields Sandwich Cheese Slices 200 GM,799,False,0,21,12,Dairy,Cheese and Cream,Cheese,,12640257,2026-09-06 17:37:10,True,https://metroonline.page.link/ctda
Day Fresh UHT Milk 250 ML,100,False,0,0,12,Dairy,Milk,UHT and Pasteurized Milk,,12640256,2026-09-06 17:37:10,True,https://metroonline.page.link/txGZ
Day Fresh Mozzarella Cheese 400 GM,869,False,0,0,5,Dairy,Cheese and Cream,Cheese,,12640254,2026-09-06 17:37:10,False,https://metroonline.page.link/wsgg
Day Fresh Mozzarella Cheese 200 GM,549,False,0,0,5,Dairy,Cheese and Cream,Cheese,,12640253,2026-09-06 17:37:10,True,https://metroonline.page.link/oFDr
Day Fresh Flavored Milk Banana 225 ML,99,False,74,3,12,Dairy,Milk,Flavored Milk,,12640252,2026-09-06 17:37:10,True,https://metroonline.page.link/Wxoo
Day Fresh UHT Milk 235 ML,100,False,0,1,12,Dairy,Milk,UHT and Pasteurized Milk,,12640251,2026-09-06 17:37:10,True,https://metroonline.page.link/3vPA
Adams Chilli Cheese 200 GM,580,False,0,79,12,Dairy,Cheese and Cream,Cheese,,12640250,2026-09-06 17:37:10,True,https://metroonline.page.link/AwLU
Adams Mozzarella Cheese 200 GM,670,False,670,142,5,Dairy,Cheese and Cream,Cheese,,12640249,2026-09-06 17:37:10,True,https://metroonline.page.link/FofQ
NURPUR Butter Unsalted 200 GM,900,True,730,1218,5,Dairy,Butter and Margarine,Butter,,12640245,2026-09-06 17:37:10,True,https://metroonline.page.link/1rUh
Nurpur Cheddar Cheese Block 200GM,595,False,570,68,12,Dairy,Cheese and Cream,Cheese,,9999814,2026-09-06 17:37:10,True,https://metroonline.page.link/mMDo
NURPUR Flavored Milk Strawberry 200ML,95,False,0,95,12,Dairy,Milk,Flavored Milk,,12640243,2026-09-06 17:37:10,True,https://metroonline.page.link/isTt
NURPUR Flavored Milk Badam Zafran 200 ML,95,False,,202,12,Dairy,Milk,Flavored Milk,,12640242,2026-09-06 17:37:10,True,https://metroonline.page.link/T1Yc
NURPUR UHT Milk 125 ML,51,False,34,0,12,Dairy,Milk,UHT and Pasteurized Milk,,12640241,2026-09-06 17:37:10,True,https://metroonline.page.link/uy4h
NURPUR Butter 10GM x100,6900,False,0,18,5,Dairy,Butter and Margarine,Butter,,12640240,2026-09-06 17:37:10,False,https://metroonline.page.link/pPfH
Maska Butter Spread 400 GM,559,False,0,47,5,Dairy,Butter and Margarine,Butter,,12640239,2026-09-06 17:37:10,True,https://metroonline.page.link/By8u
Maska Butter Spread 100 GM,169,False,,56,5,Dairy,Butter and Margarine,Butter,,12640238,2026-09-06 17:37:10,True,https://metroonline.page.link/MHV2
Swiss Premium Cheese Cheddar 180 GM,650,False,0,0,5,Dairy,Cheese and Cream,Cheese,,12640230,2026-09-06 17:37:10,False,https://metroonline.page.link/Rkzh
Swiss Premium Cheese Spread Original 250 GM,880,False,599,0,50,Dairy,Cheese and Cream,Cheese,,12640228,2026-09-06 17:37:10,True,https://metroonline.page.link/cM4S
Arizona Fields Burger Cheese Slices 200 GM,799,False,0,22,12,Dairy,Cheese and Cream,Cheese,,12640083,2026-09-06 17:37:10,True,https://metroonline.page.link/jVN2
Asli Full Cream Milk 225ML x27,2130,False,0,1000000,10,Dairy,Milk,UHT and Pasteurized Milk,,12640045,2026-09-06 17:37:10,True,https://metroonline.page.link/dsgG
Adams Extra Light Cheese Diet Slices 200GM,670,False,0,36,12,Dairy,Cheese and Cream,Cheese,,12639703,2026-09-06 17:37:10,True,https://metroonline.page.link/DktY
MILKFIELDS UHT MILK 1L,360,False,329,1723,12,Dairy,Milk,UHT and Pasteurized Milk,,9999963,2026-09-06 17:37:10,True,https://metroonline.page.link/xCJP
Nestle Milkpak A2 1L,236,False,0,0,12,Dairy,Milk,UHT and Pasteurized Milk,,12638871,2026-09-06 17:37:10,False,https://metroonline.page.link/SqGS
Nestle Milkpak A2 200ML,59,False,0,0,12,Dairy,Milk,UHT and Pasteurized Milk,,12638801,2026-09-06 17:37:10,False,https://metroonline.page.link/R8F3
Adams Sandwich Cheese Slices 200 GM,630,False,0,59,12,Dairy,Cheese and Cream,Cheese,,12638460,2026-09-06 17:37:10,True,https://metroonline.page.link/VRJN
Nurpur Cheddar Cheese Slices 200GM,595,False,0,2,10,Dairy,Cheese and Cream,Cheese,,12638390,2026-09-06 17:37:10,True,https://metroonline.page.link/16MS
Nurpur Dairy Cream 200ML,225,False,0,11,12,Dairy,Cheese and Cream,Cream,,12638389,2026-09-06 17:37:10,True,https://metroonline.page.link/68Lf
Day Fresh Cheddar Cheese 400 GM,809,False,0,0,12,Dairy,Cheese and Cream,Cheese,,12638164,2026-09-06 17:37:10,False,https://metroonline.page.link/EW72
Nurpur White Butter 1KG,2835,False,0,242,1,Dairy,Butter and Margarine,Butter,,12638162,2026-09-06 17:37:10,True,https://metroonline.page.link/WiLn
Nestle Koko Krunch 80GM,365,False,0,56,5,Dairy,Breakfast,Cereals,,12637879,2026-09-06 17:37:10,True,https://metroonline.page.link/aTxk
PREMA Pure Butter Plain 190GM,684,False,0,31,5,Dairy,Butter and Margarine,Butter,,12637784,2026-09-06 17:37:10,True,https://metroonline.page.link/jSBd
Nestle Milkpak  UHT 1L x12,4125,False,0,1000000,2,Dairy,Milk,UHT and Pasteurized Milk,,12637558,2026-09-06 17:37:10,False,https://metroonline.page.link/RpUz
Adam Cottage Cheese 200G,530,False,499,127,5,Dairy,Cheese and Cream,Cheese,,12637293,2026-09-06 17:37:10,True,https://metroonline.page.link/1WFB
Olpers Procal 1L,390,False,0,660,12,Dairy,Milk,UHT and Pasteurized Milk,,12636896,2026-09-06 17:37:10,True,https://metroonline.page.link/gLQj
Olpers Flavored Milk Strawberry 180ML x24,2250,False,0,1000000,12,Dairy,Milk,Flavored Milk,,12636790,2026-09-06 17:37:10,True,https://metroonline.page.link/yjZ1
Olper Flavored Milk Strawberry 180ML,95,False,69,548,12,Dairy,Milk,Flavored Milk,,12636789,2026-09-06 17:37:10,True,https://metroonline.page.link/ojwn
Olpers Flavored Milk Chocolate 180ML,95,False,69,284,12,Dairy,Milk,Flavored Milk,,12636788,2026-09-06 17:37:10,True,https://metroonline.page.link/oiQS
Olpers Flavored Milk Chocolate 180ML x24,2250,False,0,1000000,12,Dairy,Milk,Flavored Milk,,12636785,2026-09-06 17:37:10,False,https://metroonline.page.link/9z54
Olpers Flavored Milk Chocolate 180ML x12,1125,False,0,1000000,12,Dairy,Milk,Flavored Milk,,12636783,2026-09-06 17:37:10,True,https://metroonline.page.link/ziQm
Dairy Omung Dobala Cream 125ML x24,1261,False,0,1000000,5,Dairy,Cheese and Cream,Cream,,12636775,2026-09-06 17:37:10,False,https://metroonline.page.link/59Q8
Dairy Omung Dobala Cream 125ML,54,False,0,0,12,Dairy,Cheese and Cream,Cream,,12636774,2026-09-06 17:37:10,False,https://metroonline.page.link/54go
Nature Own White Oats 200GM,219,False,,256,5,Dairy,Breakfast,Cereals,,12636757,2026-09-06 17:37:10,True,https://metroonline.page.link/E39B
Prema Yogurt Pouch Value Pack 500GM,210,False,0,1,12,Dairy,Yogurt,Plain Yogurt and Flavored yogurt,,12636484,2026-09-06 17:37:10,True,https://metroonline.page.link/m5Nr
Dayfresh Lactose Free Milk 1L,420,False,370,48,12,Dairy,Milk,UHT and Pasteurized Milk,,12636303,2026-09-06 17:37:10,True,https://metroonline.page.link/8wDj
Asli UHT Milk 1000ML x12,3750,False,3349,1000000,3,Dairy,Milk,UHT and Pasteurized Milk,,12636185,2026-09-06 17:37:10,False,https://metroonline.page.link/oac1
American Garden Creamy Peanut Butter 12OZ,2099,False,0,47,3,Dairy,Breakfast,"Jams, Honey and Spreads",,12635941,2026-09-06 17:37:10,True,https://metroonline.page.link/omFi
Nestle Nido Full Cream Fortigrow 800GM,2300,False,1839,1790,3,Dairy,Milk,Powdered Milk,,12635750,2026-09-06 17:37:10,True,https://metroonline.page.link/M6vf
Mitchells Strawberry Jam 1050GM,805,False,0,61,5,Dairy,Breakfast,"Jams, Honey and Spreads",,12635292,2026-09-06 17:37:10,True,https://metroonline.page.link/1ozX
NURPUR MOZZ BLOCK 200G,640,False,620,59,5,Dairy,Cheese and Cream,Cheese,,9999786,2026-09-06 17:37:10,True,https://metroonline.page.link/aGfX
Nature's Own White Oats 500GM,499,False,449,168,5,Dairy,Breakfast,Cereals,,12635000,2026-09-06 17:37:10,True,https://metroonline.page.link/nBxa
Nestle Butter 10KG,30000,False,0,0,2,Dairy,Butter and Margarine,Butter,,12634640,2026-09-06 17:37:10,False,https://metroonline.page.link/58fm
Olpers Dairy Cream 125ML,130,False,110,0,12,Dairy,Cheese and Cream,Cream,,12634176,2026-09-06 17:37:10,False,https://metroonline.page.link/zYrH
Creamyum Cream 200ML x24,3763,False,3500,1000000,10,Dairy,Cheese and Cream,Cream,,12633763,2026-09-06 17:37:10,True,https://metroonline.page.link/f5yU
Haleeb Cream 200ML x24,5410,False,4799,1000000,10,Dairy,Cheese and Cream,Cream,,12633750,2026-09-06 17:37:10,True,https://metroonline.page.link/49Fi
Olpers Procal 1LX12,4650,False,0,1000000,3,Dairy,Milk,UHT and Pasteurized Milk,,12633735,2026-09-06 17:37:10,True,https://metroonline.page.link/qdso
Nescafe Chilled Latte 200ML x24,2377,False,0,1000000,2,Dairy,Milk,Flavored Milk,,12633730,2026-09-06 17:37:10,True,https://metroonline.page.link/9a8D
OLPERS Full Cream Milk Powder 390GM,1200,False,0,0,3,Dairy,Milk,Powdered Milk,,12633716,2026-09-06 17:37:10,False,https://metroonline.page.link/nVEc
Good Milk UHT 235ML X27,2430,False,2225,1000000,2,Dairy,Milk,UHT and Pasteurized Milk,,12633529,2026-09-06 17:37:10,False,https://metroonline.page.link/Ax9y
FAUJI Honey Corn Flakes 250GM,849,False,0,0,5,Dairy,Breakfast,Cereals,,12633456,2026-09-06 17:37:10,True,https://metroonline.page.link/jk1K
CROWN Peanut Butter Chunky 12OZ,1429,False,0,35,5,Dairy,Breakfast,"Jams, Honey and Spreads",,12633415,2026-09-06 17:37:10,True,https://metroonline.page.link/uMHN
CROWN Peanut Butter Creamy 12OZ,1429,False,0,6,5,Dairy,Breakfast,"Jams, Honey and Spreads",,12633414,2026-09-06 17:37:10,True,https://metroonline.page.link/npxu
Youngs Honey Pet Bottle 1KG,1750,False,1315,28,5,Dairy,Breakfast,"Jams, Honey and Spreads",,12633372,2026-09-06 17:37:10,True,https://metroonline.page.link/SCJ7
FAUJI Corn Flakes Mango 250GM,709,False,0,0,5,Dairy,Breakfast,Cereals,,12633355,2026-09-06 17:37:10,True,https://metroonline.page.link/kv59
Adams Mozzarella Cheese Block 200GM,670,False,625,45,5,Dairy,Cheese and Cream,Cheese,,12633349,2026-09-06 17:37:10,True,https://metroonline.page.link/WHQE
Butter Spread 200GM MASKA ,299,False,0,85,5,Dairy,Butter and Margarine,Butter,,12633336,2026-09-06 17:37:10,True,https://metroonline.page.link/svtA
Olpers Procal 200ML X24,2260,False,0,1000000,12,Dairy,Milk,UHT and Pasteurized Milk,,12633324,2026-09-06 17:37:10,True,https://metroonline.page.link/LQSk
Adam Cheese Mozzarella Danish 400GM,1275,False,1195,63,5,Dairy,Cheese and Cream,Cheese,,12633254,2026-09-06 17:37:10,True,https://metroonline.page.link/mrjJ
FAUJI Barley Porridge 100GM,169,False,0,76,5,Dairy,Breakfast,Cereals,,12633170,2026-09-06 17:37:10,True,https://metroonline.page.link/DHNs
YOUNGS Beehives Honey Bottle 250GM,690,False,0,59,5,Dairy,Breakfast,"Jams, Honey and Spreads",,12633079,2026-09-06 17:37:10,True,https://metroonline.page.link/r7iu
SB Omega Gold Eggs 30 ,990,False,0,0,3,Dairy,Eggs,Plain Eggs,,12632642,2026-09-06 17:37:10,True,https://metroonline.page.link/1xpX
Adams Mozzarella Cheese Block 400GM,1275,False,1050,30,5,Dairy,Cheese and Cream,Cheese,,12632639,2026-09-06 17:37:10,True,https://metroonline.page.link/DNe2
Nature Own White Oats Tin 400GM,690,False,649,199,5,Dairy,Breakfast,Cereals,,12632472,2026-09-06 17:37:10,True,https://metroonline.page.link/qaUX
MILKPAK Dairy Whipping Cream 200ML,252,False,0,284,12,Dairy,Cheese and Cream,Cream,,12632469,2026-09-06 17:37:10,True,https://metroonline.page.link/vnUQ
Adams Toast Cheese Slices 200GM,630,False,0,28,12,Dairy,Cheese and Cream,Cheese,,12632434,2026-09-06 17:37:10,True,https://metroonline.page.link/f3L9
Adam Cheddar Cheese 400GM,1150,False,1150,70,12,Dairy,Cheese and Cream,Cheese,,12632284,2026-09-06 17:37:10,True,https://metroonline.page.link/iPqK
Comelle Sweetened Milk Tin 1KG,910,False,0,140,3,Dairy,Milk,Flavored Milk,,12632216,2026-09-06 17:37:10,True,https://metroonline.page.link/hq5w
Comelle Full Cream Milk 910GM,2200,False,1539,165,3,Dairy,Milk,Powdered Milk,,12632214,2026-09-06 17:37:10,True,https://metroonline.page.link/vBsN
Skimillac Pouch 1KG,2100,False,0,36,3,Dairy,Milk,Powdered Milk,,12632213,2026-09-06 17:37:10,True,https://metroonline.page.link/EsZF
Millac Milk Powder 910GM,2300,False,1699,455,3,Dairy,Milk,Powdered Milk,,12632212,2026-09-06 17:37:10,True,https://metroonline.page.link/4Duh
Flora Margarine Spread 500GM,1185,False,0,0,5,Dairy,Butter and Margarine,Margarine,,12632207,2026-09-06 17:37:10,False,https://metroonline.page.link/VWE3
Plain Yogurt Pouch  1 KG,131,False,0,0,12,Dairy,Yogurt,Plain Yogurt and Flavored yogurt,,12631692,2026-09-06 17:37:10,False,https://metroonline.page.link/cnrC
Milo Cereal  150GM,847,False,629,177,5,Dairy,Breakfast,Cereals,,12631636,2026-09-06 17:37:10,True,https://metroonline.page.link/CBnR
Young's Beehives Honey 170GM,480,False,0,29,5,Dairy,Breakfast,"Jams, Honey and Spreads",,12631511,2026-09-06 17:37:10,True,https://metroonline.page.link/RRFR
Youngs Chocobliss Hazelnut Spread 350GM,900,False,769,146,10,Dairy,Breakfast,"Jams, Honey and Spreads",,12631348,2026-09-06 17:37:10,True,https://metroonline.page.link/BGcN
Nestle Milkpak Yogurt 1KG,366,False,0,0,12,Dairy,Yogurt,Plain Yogurt and Flavored yogurt,,12631346,2026-09-06 17:37:10,False,https://metroonline.page.link/sFR5
Polac Condensed Milk Tin 390GM,999,False,0,48,3,Dairy,Milk,Flavored Milk,,12630856,2026-09-06 17:37:10,False,https://metroonline.page.link/Y9Jk
Olpers Full Cream Milk Powder 800GM,2300,False,0,0,3,Dairy,Milk,Powdered Milk,,12629994,2026-09-06 17:37:10,True,https://metroonline.page.link/CSrD
Youngs Chocolate Spread Jar 600GM,1090,False,0,8,5,Dairy,Breakfast,"Jams, Honey and Spreads",,12629663,2026-09-06 17:37:10,True,https://metroonline.page.link/j9dY
Fauji Choco Corn Pops 150GM,519,False,0,202,5,Dairy,Breakfast,Cereals,,12629581,2026-09-06 17:37:10,True,https://metroonline.page.link/eCG3
Oolala Banana Fruit Milk 225ML X12,1140,False,0,1000000,5,Dairy,Milk,Flavored Milk,,12629554,2026-09-06 17:37:10,False,https://metroonline.page.link/YGzb
Oolala Strawberry 225ML X 12,1080,False,0,1000000,5,Dairy,Milk,Flavored Milk,,12629460,2026-09-06 17:37:10,False,https://metroonline.page.link/rXma
Comelle Sweetened Milk Tin 397GM,420,False,365,305,10,Dairy,Milk,Flavored Milk,,12629457,2026-09-06 17:37:10,True,https://metroonline.page.link/xmej
Adam Danish Mozarrela 2 KG,4760,False,0,67,5,Dairy,Cheese and Cream,Cheese,,12628540,2026-09-06 17:37:10,True,https://metroonline.page.link/qEcB
Prema BlueBerry Yogurt 90 GM,120,False,0,11,12,Dairy,Yogurt,Plain Yogurt and Flavored yogurt,,12628534,2026-09-06 17:37:10,True,https://metroonline.page.link/kQS4
Happy Cow Regular Cheese Slices 840 GM,4130,False,0,23,12,Dairy,Cheese and Cream,Cheese,,12628533,2026-09-06 17:37:10,True,https://metroonline.page.link/EHRM
Adam Pizza Cheese 2 KG,4080,False,0,46,5,Dairy,Cheese and Cream,Cheese,,12628532,2026-09-06 17:37:10,True,https://metroonline.page.link/7Bdf
Pediasure Strawberry 400GM,3515,False,0,0,3,Dairy,Milk,Powdered Milk,,12628501,2026-09-06 17:37:10,True,https://metroonline.page.link/m9w8
Prema Strawberry Yogurt 90 GM,120,False,0,0,12,Dairy,Yogurt,Plain Yogurt and Flavored yogurt,,12628498,2026-09-06 17:37:10,True,https://metroonline.page.link/vLsf
Prema Strawberry Yogurt 80 GM,105,False,0,4,12,Dairy,Yogurt,Plain Yogurt and Flavored yogurt,,12628495,2026-09-06 17:37:10,False,https://metroonline.page.link/uPu9
Oolala Banana Milk 235 ML,95,False,0,0,12,Dairy,Milk,Flavored Milk,,12628335,2026-09-06 17:37:10,False,https://metroonline.page.link/VfdQ
Day Fresh Strawberry Milk 235 ML X 12,1164,False,1049,1000000,3,Dairy,Milk,Flavored Milk,,12628334,2026-09-06 17:37:10,False,https://metroonline.page.link/GT8L
Day Fresh Choco Milk 235 ML X 12,1188,False,0,1000000,12,Dairy,Milk,Flavored Milk,,12628333,2026-09-06 17:37:10,False,https://metroonline.page.link/wz2j
Adam Cheddar Cheese 2 KG,3825,False,0,71,12,Dairy,Cheese and Cream,Cheese,,12628332,2026-09-06 17:37:10,True,https://metroonline.page.link/bDFJ
Dairy Omung 1.5 LTR X 8,3340,False,,1000000,3,Dairy,Milk,UHT and Pasteurized Milk,,12628273,2026-09-06 17:37:10,False,https://metroonline.page.link/sJHj
Nestle Nido 3+ 800 GM,2400,False,2175,397,3,Dairy,Milk,Powdered Milk,,12628058,2026-09-06 17:37:10,True,https://metroonline.page.link/FEf8
Fine Life UHT Milk 1L,310,False,305,1552,12,Dairy,Milk,UHT and Pasteurized Milk,,12628053,2026-09-06 17:37:10,True,https://metroonline.page.link/42ki
Fine Life UHT Milk 1L x 12,3650,False,3645,1000000,4,Dairy,Milk,UHT and Pasteurized Milk,,12628052,2026-09-06 17:37:10,True,https://metroonline.page.link/LB8E
Youngs Chocobliss Milky Chocolate Spread 350GM,801,False,679,717,10,Dairy,Breakfast,"Jams, Honey and Spreads",,12627790,2026-09-06 17:37:10,True,https://metroonline.page.link/Ukqj
ADAM Pizza Cheese 400GM,1275,False,0,34,5,Dairy,Cheese and Cream,Cheese,,12627475,2026-09-06 17:37:10,True,https://metroonline.page.link/qQJY
Olpers Milk 250ML x27,2593,False,0,1000000,2,Dairy,Milk,UHT and Pasteurized Milk,,12627267,2026-09-06 17:37:10,True,https://metroonline.page.link/g8nB
SB Omega Gold Eggs 12,408,False,365,0,5,Dairy,Eggs,Plain Eggs,,12627257,2026-09-06 17:37:10,True,https://metroonline.page.link/pfBD
Nestle Zeera Raita 250GM,152,False,140,0,12,Dairy,Yogurt,Plain Yogurt and Flavored yogurt,,12625960,2026-09-06 17:37:10,False,https://metroonline.page.link/qqbf
Olpers UHT Milk 250ML,95,False,95,7810,12,Dairy,Milk,UHT and Pasteurized Milk,,12625881,2026-09-06 17:37:10,True,https://metroonline.page.link/ZX3T
Nurpur UHT Milk 250ML,95,False,0,0,12,Dairy,Milk,UHT and Pasteurized Milk,,12625854,2026-09-06 17:37:10,False,https://metroonline.page.link/bqa7
Day Fresh Flavored Milk Zafran 225 ML,99,False,95,62,12,Dairy,Milk,Flavored Milk,,12625823,2026-09-06 17:37:10,True,https://metroonline.page.link/wUhi
Nestle Podina Raita 250G,152,False,0,0,12,Dairy,Yogurt,Plain Yogurt and Flavored yogurt,,12625802,2026-09-06 17:37:10,False,https://metroonline.page.link/HX3E
Day Fresh Flavored Milk Strawberry 225 ML,99,False,95,48,12,Dairy,Milk,Flavored Milk,,12625791,2026-09-06 17:37:10,True,https://metroonline.page.link/c14z
Fauji Wheat Porridge 1KG,709,False,629,238,5,Dairy,Breakfast,Cereals,,12625763,2026-09-06 17:37:10,True,https://metroonline.page.link/b5wh
Fauji Muesli 250G,999,False,745,213,5,Dairy,Breakfast,Cereals,,12625756,2026-09-06 17:37:10,True,https://metroonline.page.link/P6vQ
Day Fresh Flavored Milk Chocolate 225 ML,98,False,95,19,12,Dairy,Milk,Flavored Milk,,12625727,2026-09-06 17:37:10,True,https://metroonline.page.link/zFU9
GoodMilk UHT Cream 200ML,209,False,0,0,12,Dairy,Cheese and Cream,Cream,,12625689,2026-09-06 17:37:10,False,https://metroonline.page.link/XxBz
Adams Cheddar Cheese 907 GM,1800,False,0,50,12,Dairy,Cheese and Cream,Cheese,,12625666,2026-09-06 17:37:10,True,https://metroonline.page.link/kVtT
Nutella Chocolate Spread 180GM,1006,False,0,0,5,Dairy,Breakfast,"Jams, Honey and Spreads",,12625615,2026-09-06 17:37:10,False,https://metroonline.page.link/92xJ
Milkpak Yoghurt 500G,193,False,0,0,12,Dairy,Yogurt,Plain Yogurt and Flavored yogurt,,12625609,2026-09-06 17:37:10,False,https://metroonline.page.link/cN2h
Nestle Yogurt Sweet and Tasty 400GM,234,False,0,0,12,Dairy,Yogurt,,,12625573,2026-09-06 17:37:10,True,https://metroonline.page.link/G2NJ
Honey Berry 500 GM,1847,False,0,0,5,Dairy,Breakfast,"Jams, Honey and Spreads",,12625402,2026-09-06 17:37:10,False,https://metroonline.page.link/RMRW
Honey Berry 250 GM,938,False,0,-20,5,Dairy,Breakfast,"Jams, Honey and Spreads",,12625401,2026-09-06 17:37:10,False,https://metroonline.page.link/reiT
Nurpur Butter 100GM,385,False,330,24,5,Dairy,Butter and Margarine,Butter,,12624851,2026-09-06 17:37:10,True,https://metroonline.page.link/n8CG
Nutella Chocolate Spread 3 KG,12057,False,0,0,5,Dairy,Breakfast,"Jams, Honey and Spreads",,12624808,2026-09-06 17:37:10,False,https://metroonline.page.link/naWX
Puck Cheese Spread 910 GM,3560,False,0,0,5,Dairy,Cheese and Cream,Cheese,,12624689,2026-09-06 17:37:10,True,https://metroonline.page.link/TJLe
Puck Cream Cheese 200 GM,1095,False,1095,0,5,Dairy,Cheese and Cream,Cream,,12624682,2026-09-06 17:37:10,True,https://metroonline.page.link/7tPg
Arla Mozzarella 2.3KG,4331,False,0,0,5,Dairy,Cheese and Cream,Cheese,,12624678,2026-09-06 17:37:10,False,https://metroonline.page.link/nFTF
Lurpak Spreadable Unsalted 250 GM,1450,False,0,0,5,Dairy,Butter and Margarine,Butter,,12624671,2026-09-06 17:37:10,True,https://metroonline.page.link/mdSn
Lurpak Spreadable Butter 250 GM,1450,False,1299,0,5,Dairy,Butter and Margarine,Butter,,12624670,2026-09-06 17:37:10,True,https://metroonline.page.link/fDnc
Lurpak Spreadable Light 250 GM,1450,False,0,1,5,Dairy,Butter and Margarine,Butter,,12624668,2026-09-06 17:37:10,True,https://metroonline.page.link/Hs28
Nestle Milo Cereal 500GM,1929,False,0,9,5,Dairy,Breakfast,Cereals,,12624657,2026-09-06 17:37:10,False,https://metroonline.page.link/9LTg
Salman Blackcurrent Jam 450 GM,429,False,329,102,5,Dairy,Breakfast,"Jams, Honey and Spreads",,12624569,2026-09-06 17:37:10,True,https://metroonline.page.link/jnah
Nutella Chocolate Spread 630GM,2860,False,0,0,5,Dairy,Breakfast,"Jams, Honey and Spreads",,12624425,2026-09-06 17:37:10,False,https://metroonline.page.link/s53m
Nestle Milkpak Cream 200 ML,244,False,215,53,10,Dairy,Cheese and Cream,Cream,,12624396,2026-09-06 17:37:10,True,https://metroonline.page.link/7Nak
Nurpur Butter 50 GM,245,False,140,185,5,Dairy,Butter and Margarine,Butter,,12624376,2026-09-06 17:37:10,True,https://metroonline.page.link/S8ck
Arla Kid Sticks 18 GM X 6,850,False,0,0,5,Dairy,Cheese and Cream,Cheese,,12624368,2026-09-06 17:37:10,True,https://metroonline.page.link/MFsW
Lurpak Spreadable Butter Salted 500GM,2685,False,2375,0,5,Dairy,Butter and Margarine,Margarine,,12624367,2026-09-06 17:37:10,True,https://metroonline.page.link/oDLu
Lurpak Olive Spread Light 250 GM,1450,False,0,2,5,Dairy,Butter and Margarine,Margarine,,12624366,2026-09-06 17:37:10,True,https://metroonline.page.link/T5aQ
Lurpak Butter 100 GM,675,False,0,17,5,Dairy,Butter and Margarine,Butter,,12624364,2026-09-06 17:37:10,True,https://metroonline.page.link/vaxf
Lurpak Butter Unsalted 400 GM,2445,False,0,27,5,Dairy,Butter and Margarine,Butter,,12624363,2026-09-06 17:37:10,True,https://metroonline.page.link/pmW5
Mumtaz Margarine 200GM,377,False,0,3,5,Dairy,Butter and Margarine,Margarine,,12624344,2026-09-06 17:37:10,True,https://metroonline.page.link/fUpX
Nawar Margarine 500 GM,933,False,0,0,5,Dairy,Butter and Margarine,Margarine,,12624335,2026-09-06 17:37:10,False,https://metroonline.page.link/Rro6
Nawar Margarine 250 GM,555,False,0,0,5,Dairy,Butter and Margarine,Margarine,,12624334,2026-09-06 17:37:10,False,https://metroonline.page.link/TZmJ
Meadowlea Margarine 500 GM,1535,False,0,33,5,Dairy,Butter and Margarine,Margarine,,12624333,2026-09-06 17:37:10,True,https://metroonline.page.link/2iuX
Olive Grove Spread Lite 500 GM,1760,False,0,0,5,Dairy,Butter and Margarine,Margarine,,12624331,2026-09-06 17:37:10,True,https://metroonline.page.link/hNfo
Happy Cow Cream Cheese Natural 150 GM,1460,False,0,0,5,Dairy,Cheese and Cream,Cheese,,12624327,2026-09-06 17:37:10,True,https://metroonline.page.link/VeKM
Fine Life Acasia Honey 4.2KG,6499,False,3149,3,5,Dairy,Breakfast,"Jams, Honey and Spreads",,12624183,2026-09-06 17:37:10,True,https://metroonline.page.link/wGyZ
Good Milk UHT Cream 200ML x 24,5280,False,0,1000000,5,Dairy,Cheese and Cream,Cream,,12624119,2026-09-06 17:37:10,True,https://metroonline.page.link/FdLi
Fauji Cornflakes 500GM,990,False,849,292,5,Dairy,Breakfast,Cereals,,12623850,2026-09-06 17:37:10,True,https://metroonline.page.link/6fXe
Nestle Milkpak Cream 200ML x24,5640,False,5280,1000000,3,Dairy,Cheese and Cream,Cream,,12623780,2026-09-06 17:37:10,False,https://metroonline.page.link/evZc
Fine Life Honey Beri 425GM,2249,False,1499,31,5,Dairy,Breakfast,"Jams, Honey and Spreads",,12623749,2026-09-06 17:37:10,True,https://metroonline.page.link/6NRe
Oolala Flavoured Milk Badam 180ML,85,False,0,251,12,Dairy,Milk,Flavored Milk,,12623530,2026-09-06 17:37:10,True,https://metroonline.page.link/1RRP
Adams Raita Zeera 200GM,135,False,110,173,12,Dairy,Yogurt,Plain Yogurt and Flavored yogurt,,12623514,2026-09-06 17:37:10,True,https://metroonline.page.link/j7Ty
Happy Cow Cheese Cream Portions 140 GM,999,False,0,26,5,Dairy,Cheese and Cream,Cheese,,12623467,2026-09-06 17:37:10,True,https://metroonline.page.link/gq2M
Haleeb Milk 1LTR x 12,4469,False,3925,1000000,10,Dairy,Milk,UHT and Pasteurized Milk,,12623372,2026-09-06 17:37:10,True,https://metroonline.page.link/bRW9
Happy Cow Cheese Cream Portions Low Fat 140GM,1025,False,0,1,5,Dairy,Cheese and Cream,Cheese,,12623313,2026-09-06 17:37:10,True,https://metroonline.page.link/9Z71
Happy Cow Cheese Slices Yellow Cheddar 150GM,1099,False,0,22,12,Dairy,Cheese and Cream,Cheese,,12623312,2026-09-06 17:37:10,True,https://metroonline.page.link/Zc1K
Oolala Flavoured Milk Badam Zafran 200ML x 12,960,False,849,1000000,3,Dairy,Milk,Flavored Milk,,12623290,2026-09-06 17:37:10,False,https://metroonline.page.link/u8WG
Adams Cheese Slices Burger 200 GM,690,False,660,125,12,Dairy,Cheese and Cream,Cheese,,12623161,2026-09-06 17:37:10,True,https://metroonline.page.link/sfvf
Shezan Jam Apple 2KG,1099,False,0,59,5,Dairy,Breakfast,"Jams, Honey and Spreads",,12623082,2026-09-06 17:37:10,True,https://metroonline.page.link/wxiH
Wahdat White Eggs 90,2430,False,0,18,5,Dairy,Eggs,Plain Eggs,,12623078,2026-09-06 17:37:10,False,https://metroonline.page.link/2tcR
Nurpur Milk 1000 ML X 12,4469,False,3650,1000000,2,Dairy,Milk,UHT and Pasteurized Milk,,12623058,2026-09-06 17:37:10,True,https://metroonline.page.link/xYTo
Nurpur Milk 250ML x 24,1982,False,0,1000000,3,Dairy,Milk,UHT and Pasteurized Milk,,12623023,2026-09-06 17:37:10,False,https://metroonline.page.link/vJYo
Haleeb UHT Milk 250ML,90,False,88,7372,12,Dairy,Milk,UHT and Pasteurized Milk,,12623022,2026-09-06 17:37:10,True,https://metroonline.page.link/zjgZ
Happy Cow Cheese Slices Emmental 150 GM,1099,False,815,34,12,Dairy,Cheese and Cream,Cheese,,12622964,2026-09-06 17:37:10,True,https://metroonline.page.link/THTp
Puck Cheese Spread 240 GM,1115,False,0,0,5,Dairy,Cheese and Cream,Cheese,,12622944,2026-09-06 17:37:10,True,https://metroonline.page.link/ZQZi
Oolala Flavoured Milk Strawberry 180ML,85,False,0,79,12,Dairy,Milk,Flavored Milk,,12622924,2026-09-06 17:37:10,True,https://metroonline.page.link/MQBk
Young Natural Honey 500 GM,1130,False,749,0,5,Dairy,Breakfast,"Jams, Honey and Spreads",,12622884,2026-09-06 17:37:10,True,https://metroonline.page.link/Bpj2
Nestle Nesvita Milk 1000ML x12,4750,False,0,1000000,3,Dairy,Milk,UHT and Pasteurized Milk,,12622878,2026-09-06 17:37:10,False,https://metroonline.page.link/EBqc
SHEZAN JAM MANGO 1.8KG,1099,False,930,257,5,Dairy,Breakfast,"Jams, Honey and Spreads",,12622857,2026-09-06 17:37:10,True,https://metroonline.page.link/DcMD
Belle Premium Margarine 500 GM,860,False,0,0,5,Dairy,Butter and Margarine,Margarine,,12622817,2026-09-06 17:37:10,False,https://metroonline.page.link/aLWp
Lurpak Salted Butter 5 GM X10,184,False,0,0,5,Dairy,Butter and Margarine,Butter,,12622788,2026-09-06 17:37:10,True,https://metroonline.page.link/RK9J
Good Milk 250ML,95,False,0,546,12,Dairy,Milk,UHT and Pasteurized Milk,,12622783,2026-09-06 17:37:10,True,https://metroonline.page.link/pgnb
Adams Cheese Cheddar Slices 1KG,2115,False,1925,216,12,Dairy,Cheese and Cream,Cheese,,12622767,2026-09-06 17:37:10,True,https://metroonline.page.link/t6xg
Mitchell Jelly Apple 450 GM,335,False,285,0,5,Dairy,Breakfast,"Jams, Honey and Spreads",,12622723,2026-09-06 17:37:10,True,https://metroonline.page.link/97aJ
Puck Cheese Spread 140 GM,675,False,0,0,5,Dairy,Cheese and Cream,Cheese,,12622685,2026-09-06 17:37:10,True,https://metroonline.page.link/WMgQ
Happy Cow Cheese Slice Toast 200 GM,1385,False,0,32,12,Dairy,Cheese and Cream,Cheese,,12622675,2026-09-06 17:37:10,True,https://metroonline.page.link/k8CE
Langnese Honey 250 GM,2149,False,0,360,5,Dairy,Breakfast,"Jams, Honey and Spreads",,12622656,2026-09-06 17:37:10,True,https://metroonline.page.link/tj8t
Langnese Honey 500 GM,3749,False,0,246,5,Dairy,Breakfast,"Jams, Honey and Spreads",,12622648,2026-09-06 17:37:10,False,https://metroonline.page.link/vP57
SB Packed Eggs 90,2340,False,2225,16,1,Dairy,Eggs,Plain Eggs,,12622647,2026-09-06 17:37:10,True,https://metroonline.page.link/982N
President Cheese Slices Sandwich 200 GM,751,False,0,0,12,Dairy,Cheese and Cream,Cheese,,12622588,2026-09-06 17:37:10,False,https://metroonline.page.link/wE3g
Happy Cow Cheese Slices Sandwich 200 GM,1385,False,0,41,12,Dairy,Cheese and Cream,Cheese,,12622578,2026-09-06 17:37:10,True,https://metroonline.page.link/qHgB
Dayfresh Milk 235ML x 24,2376,False,0,1000000,3,Dairy,Milk,UHT and Pasteurized Milk,,12622570,2026-09-06 17:37:10,True,https://metroonline.page.link/i2TA
Puck Cheese Spread 500 GM,2070,False,0,1,5,Dairy,Cheese and Cream,Cheese,,12622569,2026-09-06 17:37:10,True,https://metroonline.page.link/P42q
ADAM CHEDDAR SLICES 200GX1,655,False,496,180,12,Dairy,Cheese and Cream,Cheese,,9999805,2026-09-06 17:37:10,True,https://metroonline.page.link/HKXR
Dairy Pure Milk 250ML,70,False,0,805,12,Dairy,Milk,UHT and Pasteurized Milk,,12622516,2026-09-06 17:37:10,True,https://metroonline.page.link/h7NY
Oolala Milk Strawberry 180ML x 12,960,False,0,1000000,3,Dairy,Milk,Flavored Milk,,12622498,2026-09-06 17:37:10,False,https://metroonline.page.link/C4hu
Olive Grove Spread Extra Virgin 375 GM,1600,False,0,0,5,Dairy,Butter and Margarine,Margarine,,12622491,2026-09-06 17:37:10,True,https://metroonline.page.link/yVA1
Haleeb Milk 250 ML x27,2513,False,2100,20,10,Dairy,Milk,UHT and Pasteurized Milk,,12622469,2026-09-06 17:37:10,True,https://metroonline.page.link/L689
Nurpur Milk 1000 ML,350,False,330,9743,12,Dairy,Milk,UHT and Pasteurized Milk,,12622460,2026-09-06 17:37:10,True,https://metroonline.page.link/zP48
Lurpak Unsalted Butter 200 GM,1275,False,1000,79,5,Dairy,Butter and Margarine,Butter,,12622427,2026-09-06 17:37:10,True,https://metroonline.page.link/UmJ1
Nestle Bunyad 260 GM,530,False,381,15376,3,Dairy,Milk,Powdered Milk,,12622410,2026-09-06 17:37:10,True,https://metroonline.page.link/Mxa7
Nestle Nido 3+ 375GM,1130,False,949,2214,3,Dairy,Milk,Powdered Milk,,12622409,2026-09-06 17:37:10,True,https://metroonline.page.link/1Lin
Salman Mix Fruit Jam 450 GM,389,False,0,51,5,Dairy,Breakfast,"Jams, Honey and Spreads",,12622365,2026-09-06 17:37:10,True,https://metroonline.page.link/igQ6
Mumtaz Margarine Tub 250 GM,525,False,455,1,5,Dairy,Butter and Margarine,Margarine,,12622359,2026-09-06 17:37:10,True,https://metroonline.page.link/FWJK
Olive Grove Spread 375 GM,1535,False,0,1,5,Dairy,Butter and Margarine,Margarine,,12622326,2026-09-06 17:37:10,True,https://metroonline.page.link/zfDR
Adams Raita Mint 200GM,135,False,110,96,12,Dairy,Yogurt,Plain Yogurt and Flavored yogurt,,12622313,2026-09-06 17:37:10,True,https://metroonline.page.link/hHX8
Fauji Wheat Porridge 250GM,269,False,229,33,5,Dairy,Breakfast,Cereals,,12622301,2026-09-06 17:37:10,True,https://metroonline.page.link/M5mv
Fauji Choco Cups 250GM,789,False,715,55,5,Dairy,Breakfast,Cereals,,12622273,2026-09-06 17:37:10,True,https://metroonline.page.link/6sjm
Oolala Chocolate Milk 200ML x 12,960,False,0,1000000,3,Dairy,Milk,Flavored Milk,,12622270,2026-09-06 17:37:10,False,https://metroonline.page.link/XXLB
Fauji Barley Porridge 1 Kg,1029,False,820,257,5,Dairy,Breakfast,Cereals,,12622268,2026-09-06 17:37:10,True,https://metroonline.page.link/Ec7R
Mumtaz Margarine Tub 500 GM,975,False,0,0,5,Dairy,Butter and Margarine,Margarine,,12622225,2026-09-06 17:37:10,True,https://metroonline.page.link/9qfG
National Jam Mix Fruit 200GM,219,False,0,74,5,Dairy,Breakfast,"Jams, Honey and Spreads",,12622214,2026-09-06 17:37:10,True,https://metroonline.page.link/PnTn
Mumtaz Margarine 500 GM,840,False,700,2,5,Dairy,Butter and Margarine,Margarine,,12622184,2026-09-06 17:37:10,True,https://metroonline.page.link/DhWD
Adams Butter Salted 50 GM,210,False,200,83,5,Dairy,Butter and Margarine,Butter,,12622176,2026-09-06 17:37:10,True,https://metroonline.page.link/26Hc
Happy Cow Cheese Slices Gouda 150 GM,1099,False,0,27,12,Dairy,Cheese and Cream,Cheese,,12622139,2026-09-06 17:37:10,True,https://metroonline.page.link/Q9LV
Adams Lassi Namkin 225ML,105,False,95,58,12,Dairy,Milk,Flavored Milk,,12622117,2026-09-06 17:37:10,True,https://metroonline.page.link/Lxdq
Nestle Milk Nesvita 200ML,100,False,85,1813,12,Dairy,Milk,UHT and Pasteurized Milk,,12622110,2026-09-06 17:37:10,True,https://metroonline.page.link/6KJv
Shezan Jam Apple 440GM,295,False,0,78,5,Dairy,Breakfast,"Jams, Honey and Spreads",,12622094,2026-09-06 17:37:10,True,https://metroonline.page.link/tav1
President Cheese Slices Mozzarella 200 GM,751,False,0,0,5,Dairy,Cheese and Cream,Cheese,,12622034,2026-09-06 17:37:10,False,https://metroonline.page.link/QT33
American Garden Peanut Butter Chunky 12OZ,2099,False,0,18,5,Dairy,Breakfast,"Jams, Honey and Spreads",,12622025,2026-09-06 17:37:10,True,https://metroonline.page.link/qt2D
National Jam Orange Marmalade 440 GM,435,False,0,146,5,Dairy,Breakfast,"Jams, Honey and Spreads",,12622000,2026-09-06 17:37:10,True,https://metroonline.page.link/eNCv
Fauji Corn Pops Chocolate 250 GM,789,False,0,298,5,Dairy,Breakfast,Cereals,,12621985,2026-09-06 17:37:10,True,https://metroonline.page.link/4x2P
Nestle Koko Crunch 500 GM,929,False,0,0,0,Dairy,Breakfast,Cereals,,12621981,2026-09-06 17:37:10,False,https://metroonline.page.link/rpuo
Dairy Omung Dairy Drink 225ML X 27,1825,False,0,1000000,4,Dairy,Milk,Flavored Milk,,12621958,2026-09-06 17:37:10,True,https://metroonline.page.link/fG8w
Dayfresh Milk 1000ML x 12,4550,False,0,1000000,3,Dairy,Milk,UHT and Pasteurized Milk,,12621943,2026-09-06 17:37:10,False,https://metroonline.page.link/pNM7
Dairy Omung Dairy Drink 1.5 Litre,420,False,350,263,12,Dairy,Milk,Flavored Milk,,12621930,2026-09-06 17:37:10,True,https://metroonline.page.link/BQX8
Happy Cow Cheese Slices Low Fat 200 GM,1385,False,0,38,12,Dairy,Cheese and Cream,Cheese,,12621883,2026-09-06 17:37:10,True,https://metroonline.page.link/mGVV
Nestle Bunyad 130 GM X6,1480,False,0,1803,3,Dairy,Milk,Powdered Milk,,12621871,2026-09-06 17:37:10,True,https://metroonline.page.link/x26K
Good Milk 1000ML X 12,4140,False,3948,1000000,3,Dairy,Milk,UHT and Pasteurized Milk,,12621869,2026-09-06 17:37:10,True,https://metroonline.page.link/BviT
Dairy Omung Dairy Drink 225ML,70,False,43,1306,12,Dairy,Milk,Flavored Milk,,12621865,2026-09-06 17:37:10,True,https://metroonline.page.link/XwqT
Salmans Jam Strawberry 450GM,429,False,360,59,5,Dairy,Breakfast,"Jams, Honey and Spreads",,12621832,2026-09-06 17:37:10,True,https://metroonline.page.link/avbf
Mitchell Jam Mango 1050GM,689,False,607,144,5,Dairy,Breakfast,"Jams, Honey and Spreads",,12621827,2026-09-06 17:37:10,True,https://metroonline.page.link/fEQV
Belle Premium Margarine 250 GM,490,False,0,0,5,Dairy,Butter and Margarine,Margarine,,12621803,2026-09-06 17:37:10,False,https://metroonline.page.link/SPC5
Fauji Corn Flakes 250 GM,609,False,0,284,5,Dairy,Breakfast,Cereals,,12621800,2026-09-06 17:37:10,True,https://metroonline.page.link/h6vp
President Cheese Slices Burger 200 GM,751,False,0,0,12,Dairy,Cheese and Cream,Cheese,,12621799,2026-09-06 17:37:10,False,https://metroonline.page.link/bHcC
Nestle Bunyad 26 GM X12,588,False,0,178,3,Dairy,Milk,Powdered Milk,,12621668,2026-09-06 17:37:10,True,https://metroonline.page.link/Qb4i
Prema Yogurt Plain 400GM,237,False,0,141,12,Dairy,Yogurt,Plain Yogurt and Flavored yogurt,,12621665,2026-09-06 17:37:10,True,https://metroonline.page.link/po1S
Beehives Honey 250GM,650,False,539,13,5,Dairy,Breakfast,"Jams, Honey and Spreads",,12621616,2026-09-06 17:37:10,True,https://metroonline.page.link/WS95
Mitchell Jam Mist Marmalade 450GM ,335,False,302,0,5,Dairy,Breakfast,"Jams, Honey and Spreads",,12621599,2026-09-06 17:37:10,True,https://metroonline.page.link/scC8
Happy Cow Cheese Slices 200 GM,1350,False,0,35,12,Dairy,Cheese and Cream,Cheese,,12621591,2026-09-06 17:37:10,True,https://metroonline.page.link/B948
Nestle Nesvita 200ML x 24,2350,False,0,1000000,10,Dairy,Milk,UHT and Pasteurized Milk,,12621557,2026-09-06 17:37:10,True,https://metroonline.page.link/X3pL
Dayfresh Milk 1000ML,380,False,335,421,12,Dairy,Milk,UHT and Pasteurized Milk,,12621510,2026-09-06 17:37:10,True,https://metroonline.page.link/GvEc
Adams Lassi Sweet 225ML,105,False,0,63,12,Dairy,Milk,Flavored Milk,,12621490,2026-09-06 17:37:10,True,https://metroonline.page.link/1t7j
Nestle Koko Crunch 170GM,825,False,780,195,5,Dairy,Breakfast,Cereals,,12621478,2026-09-06 17:37:10,True,https://metroonline.page.link/5dDp
Adams Butter Salted 100GM,360,False,229,68,5,Dairy,Butter and Margarine,Butter,,12621468,2026-09-06 17:37:10,True,https://metroonline.page.link/Cjkr
Adams Cheese Pizza 200 GM,670,False,625,89,5,Dairy,Cheese and Cream,Cheese,,12621460,2026-09-06 17:37:10,True,https://metroonline.page.link/Ub7w
Mitchell Jam Golden Apple 450 GM,335,False,299,220,5,Dairy,Breakfast,"Jams, Honey and Spreads",,12621450,2026-09-06 17:37:10,True,https://metroonline.page.link/kiza
Happy Cow Cheese Portions 120 GM,900,False,850,21,12,Dairy,Cheese and Cream,Cheese,,12621429,2026-09-06 17:37:10,True,https://metroonline.page.link/WAmt
Happy Cow Cheese Slices Mozzarella 200 GM,1385,False,0,37,5,Dairy,Cheese and Cream,Cheese,,12621406,2026-09-06 17:37:10,True,https://metroonline.page.link/eWNY
Langnese Honey 125GM,1149,False,0,287,5,Dairy,Breakfast,"Jams, Honey and Spreads",,12621405,2026-09-06 17:37:10,True,https://metroonline.page.link/k4GQ
Adams Salted Butter 200 GM,670,False,619,215,5,Dairy,Butter and Margarine,Butter,,12621355,2026-09-06 17:37:10,True,https://metroonline.page.link/qYXo
Shezan Jam Strawberry 440GM,295,False,235,113,5,Dairy,Breakfast,"Jams, Honey and Spreads",,12621307,2026-09-06 17:37:10,True,https://metroonline.page.link/FfUd
National Jam Apple 440 GM,339,False,295,59,5,Dairy,Breakfast,"Jams, Honey and Spreads",,12621306,2026-09-06 17:37:10,True,https://metroonline.page.link/uYQB
Happy Cow Cheese Slices Burger 200 GM,1385,False,1300,44,12,Dairy,Cheese and Cream,Cheese,,12621276,2026-09-06 17:37:10,True,https://metroonline.page.link/3P7G
HALEEB CREAM 200ML,230,True,215,223,12,Dairy,Cheese and Cream,Cream,,9999824,2026-09-06 17:37:10,True,https://metroonline.page.link/45PT
Lurpak Salted Butter 200 GM,1275,False,0,84,5,Dairy,Butter and Margarine,Butter,,12621239,2026-09-06 17:37:10,True,https://metroonline.page.link/E66w
Fauji Porridge Barley 250 GM,399,False,0,150,5,Dairy,Breakfast,Cereals,,12621235,2026-09-06 17:37:10,True,https://metroonline.page.link/yZKe
Haleeb UHT Milk 1L,370,False,330,852,12,Dairy,Milk,UHT and Pasteurized Milk,,12621219,2026-09-06 17:37:10,True,https://metroonline.page.link/tpWR
Amsons Yogurt 1KG,375,False,339,1146,12,Dairy,Yogurt,Plain Yogurt and Flavored yogurt,,12621218,2026-09-06 17:37:10,True,https://metroonline.page.link/6XLb
Mitchell Jam Mix Fruit 1050GM,689,False,0,13,5,Dairy,Breakfast,"Jams, Honey and Spreads",,12621194,2026-09-06 17:37:10,True,https://metroonline.page.link/ZDAW
Nestle Koko Krunch Cereal 300GM,1349,False,1200,43,3,Dairy,Breakfast,Cereals,,12621157,2026-09-06 17:37:10,True,https://metroonline.page.link/PE5L
Blue Band Margarine 100GM,190,False,0,194,5,Dairy,Butter and Margarine,Margarine,,12621147,2026-09-06 17:37:10,True,https://metroonline.page.link/op1p
Good Milk 1000ML,350,False,335,538,12,Dairy,Milk,UHT and Pasteurized Milk,,12621105,2026-09-06 17:37:10,True,https://metroonline.page.link/cPsa
Shezan Orange Marmalade 370GM,295,False,0,131,5,Dairy,Breakfast,"Jams, Honey and Spreads",,12621070,2026-09-06 17:37:10,True,https://metroonline.page.link/gho3
Adams Cheese Cheddar Block 200 GM,600,False,0,98,12,Dairy,Cheese and Cream,Cheese,,12621056,2026-09-06 17:37:10,True,https://metroonline.page.link/b8kT
Nestle Milo Cereal 300GM,1349,False,1269,56,5,Dairy,Breakfast,Cereals,,12621044,2026-09-06 17:37:10,True,https://metroonline.page.link/ayXR
Ok Eggs White - North x 12,290,False,,35,5,Dairy,OK,Plain Eggs,,12621038,2026-09-06 17:37:10,True,https://metroonline.page.link/mwWu
Happy Cow Cheese Slices Cheddar 200 GM,1385,False,0,20,12,Dairy,Cheese and Cream,Cheese,,12620958,2026-09-06 17:37:10,True,https://metroonline.page.link/QkAi
ADAM'S PLAIN YOGURT 400G,250,False,208,186,12,Dairy,Yogurt,Plain Yogurt and Flavored yogurt,,9999851,2026-09-06 17:37:10,True,https://metroonline.page.link/EVAV
Wahdat Golden Eggs 12,396,False,395,29,5,Dairy,Eggs,Brown Eggs,,12620928,2026-09-06 17:37:10,True,https://metroonline.page.link/BySp
Wahdat Protein Omega 3 Eggs Dozen(12),444,False,385,139,5,Dairy,Eggs,Plain Eggs,,12620921,2026-09-06 17:37:10,True,https://metroonline.page.link/SBzn
Mitchell Jam Mango Fruit 450 GM,335,False,339,0,5,Dairy,Breakfast,"Jams, Honey and Spreads",,12620901,2026-09-06 17:37:10,True,https://metroonline.page.link/ygMs
Amsons Yogurt 500GM,200,False,175,111,12,Dairy,Yogurt,Plain Yogurt and Flavored yogurt,,12620854,2026-09-06 17:37:10,True,https://metroonline.page.link/gGFX
Young Natural Honey 125 GM,380,False,310,69,5,Dairy,Breakfast,"Jams, Honey and Spreads",,12620845,2026-09-06 17:37:10,True,https://metroonline.page.link/c6h2
National Jam Mango 440 GM,339,False,295,72,5,Dairy,Breakfast,"Jams, Honey and Spreads",,12620840,2026-09-06 17:37:10,True,https://metroonline.page.link/FrT2
Nestle Milk Nesvita 1000ML,400,False,359,562,12,Dairy,Milk,UHT and Pasteurized Milk,,12620812,2026-09-06 17:37:10,True,https://metroonline.page.link/uzNh
Olpers Milk Pouch 250ML,95,False,0,0,12,Dairy,Milk,UHT and Pasteurized Milk,,12620802,2026-09-06 17:37:10,True,https://metroonline.page.link/te2X
Shezan Jam Mango 440 GM,294,True,245,111,5,Dairy,Breakfast,"Jams, Honey and Spreads",,12620794,2026-09-06 17:37:10,True,https://metroonline.page.link/r48h
Nestle Milo Chocolate Milk  180ML X 6,561,False,509,1000000,3,Dairy,Milk,Flavored Milk,,12620767,2026-09-06 17:37:10,True,https://metroonline.page.link/687Y
Dairy Pure Milk 1000ML x 12,3650,False,0,1000000,3,Dairy,Milk,UHT and Pasteurized Milk,,12620762,2026-09-06 17:37:10,False,https://metroonline.page.link/qx1P
Happy Cow Cheese Cream Portions 360 GM,2240,False,0,38,5,Dairy,Cheese and Cream,Cheese,,12620752,2026-09-06 17:37:10,True,https://metroonline.page.link/8SPQ
Dairy Omung Dairy Drink 1000ML,320,False,163,841,12,Dairy,Milk,Flavored Milk,,12620747,2026-09-06 17:37:10,True,https://metroonline.page.link/U2XS
National Mixed Fruit Jam 420GM,339,False,315,144,5,Dairy,Breakfast,"Jams, Honey and Spreads",,12620744,2026-09-06 17:37:10,True,https://metroonline.page.link/zeJt
Adams Cheese Danish Mozzarella 200 GM,670,False,0,105,5,Dairy,Cheese and Cream,Cheese,,12620736,2026-09-06 17:37:10,True,https://metroonline.page.link/Gbcf
Happy Cow Cheese Slices 400 GM,2380,False,1845,30,12,Dairy,Cheese and Cream,Cheese,,12620729,2026-09-06 17:37:10,True,https://metroonline.page.link/jbfg
SB Packed Eggs 12,360,False,0,41,2,Dairy,Eggs,Plain Eggs,,12620709,2026-09-06 17:37:10,True,https://metroonline.page.link/5cYS
Omung Dobala Cream 200ML,155,False,0,970,12,Dairy,Cheese and Cream,Cream,,12620702,2026-09-06 17:37:10,True,https://metroonline.page.link/jDET
Adams Milk pasteurised 1000ML,270,False,255,137,12,Dairy,Milk,UHT and Pasteurized Milk,,12620700,2026-09-06 17:37:10,True,https://metroonline.page.link/W4oN
Olpers Milk Ecolean 250ML x28,2640,False,2400,1000000,2,Dairy,Milk,UHT and Pasteurized Milk,,12620647,2026-09-06 17:37:10,False,https://metroonline.page.link/Xkt2
Shezan Mixed Fruit Jam 370GM,295,False,240,166,5,Dairy,Breakfast,"Jams, Honey and Spreads",,12620644,2026-09-06 17:37:10,True,https://metroonline.page.link/TahX
Happy Cow Cheese Slices 800 GM,4075,False,0,35,12,Dairy,Cheese and Cream,Cheese,,12620630,2026-09-06 17:37:10,True,https://metroonline.page.link/CtkG
SB Packed Eggs 30,870,False,0,12,3,Dairy,Eggs,Plain Eggs,,12620611,2026-09-06 17:37:10,True,https://metroonline.page.link/BS2N
Nestle Nido School Age Nutrition 390GM,1078,False,975,6745,3,Dairy,Milk,Powdered Milk,,12620607,2026-09-06 17:37:10,True,https://metroonline.page.link/sSwh
Dairy Omung 1L x 12,3820,False,0,1000000,3,Dairy,Milk,UHT and Pasteurized Milk,,12620562,2026-09-06 17:37:10,True,https://metroonline.page.link/jXsy
Olpers Milk 1500ML x8,4480,True,4230,1000,2,Dairy,Milk,UHT and Pasteurized Milk,,12620560,2026-09-06 17:37:10,True,https://metroonline.page.link/TW4h
Wahdat Protein White Eggs 12,348,False,0,56,5,Dairy,Eggs,Plain Eggs,,12620543,2026-09-06 17:37:10,True,https://metroonline.page.link/6ACZ
Nestle Nido 1+ 375 GM,1107,False,0,2246,5,Dairy,Milk,Powdered Milk,,12620529,2026-09-06 17:37:10,True,https://metroonline.page.link/wGFH
Mitchell Jam Mix Fruit 450 GM,335,False,339,237,5,Dairy,Breakfast,"Jams, Honey and Spreads",,12620528,2026-09-06 17:37:10,True,https://metroonline.page.link/BJmB
Nutella Choco Spread 350 GM,1515,False,0,0,5,Dairy,Breakfast,"Jams, Honey and Spreads",,12620523,2026-09-06 17:37:10,False,https://metroonline.page.link/Ssb7
Milkpak UHT Milk 250ML,98,False,90,11054,12,Dairy,Milk,UHT and Pasteurized Milk,,12620499,2026-09-06 17:37:10,True,https://metroonline.page.link/gy8k
Fine Life Acacia Honey 425GM,779,False,549,142,5,Dairy,Breakfast,"Jams, Honey and Spreads",,12620470,2026-09-06 17:37:10,True,https://metroonline.page.link/wtvo
BLUE BAND MARG 200G,360,False,350,83,5,Dairy,Butter and Margarine,Margarine,,9999783,2026-09-06 17:37:10,True,https://metroonline.page.link/UxVe
Nestle Bunyad 900GM,1823,False,1735,3208,2,Dairy,Milk,Powdered Milk,,12620454,2026-09-06 17:37:10,True,https://metroonline.page.link/LsPr
Olpers Milk 1000ML,372,False,345,145,12,Dairy,Milk,UHT and Pasteurized Milk,,12620423,2026-09-06 17:37:10,True,https://metroonline.page.link/sxj8
Dairy Pure Milk 1000ML,310,False,249,444,12,Dairy,Milk,UHT and Pasteurized Milk,,12620421,2026-09-06 17:37:10,True,https://metroonline.page.link/MffD
Olpers UHT Milk 1.5L,545,False,515,4541,12,Dairy,Milk,UHT and Pasteurized Milk,,9999871,2026-09-06 17:37:10,True,https://metroonline.page.link/euNR
Olpers Milk 1000ML X 12,4469,False,0,1000000,2,Dairy,Milk,UHT and Pasteurized Milk,,12620401,2026-09-06 17:37:10,True,https://metroonline.page.link/tBzM
Nestle Nido 1+ 900GM,2646,False,2425,2398,3,Dairy,Milk,Powdered Milk,,12620399,2026-09-06 17:37:10,True,https://metroonline.page.link/cWHe
Nestle Milkpak 250ML x27,2537,False,2325,10000,3,Dairy,Milk,UHT and Pasteurized Milk,,12620386,2026-09-06 17:37:10,True,https://metroonline.page.link/aYfb
Olpers UHT Cream 200 ML,236,False,215,61446,12,Dairy,Cheese and Cream,Cream,,12620382,2026-09-06 17:37:10,True,https://metroonline.page.link/NZP6
Nestle Nido School Age Nutrition 900GM,2450,False,2335,62,3,Dairy,Milk,Powdered Milk,,12620375,2026-09-06 17:37:10,True,https://metroonline.page.link/ePbN
Ok Eggs White - North x 30,680,False,0,61,5,Dairy,OK,Plain Eggs,,12620325,2026-09-06 17:37:10,True,https://metroonline.page.link/TZ2z
Prema Milk Pasteurized 1LTR,380,False,0,37,12,Dairy,Milk,UHT and Pasteurized Milk,,12620319,2026-09-06 17:37:10,True,https://metroonline.page.link/s7Z4
Nestle Milkpak 1000ML x12,4464,False,4129,1000000,3,Dairy,Milk,UHT and Pasteurized Milk,,12620265,2026-09-06 17:37:10,True,https://metroonline.page.link/SYfn
Nurpur Butter 200 GM,784,False,710,119,2,Dairy,Butter and Margarine,Butter,,12620234,2026-09-06 17:37:10,True,https://metroonline.page.link/Tt6S
Blue Band Margarine Tub 250 GM,520,False,429,261,5,Dairy,Butter and Margarine,Margarine,,12620196,2026-09-06 17:37:10,False,https://metroonline.page.link/7V4q
Nestle Milo Milk Chocolate 180ML,97,False,0,20528,12,Dairy,Milk,Flavored Milk,,12620193,2026-09-06 17:37:10,True,https://metroonline.page.link/dQ3w
Nestle Milkpak 1000ML,380,False,345,4067,12,Dairy,Milk,UHT and Pasteurized Milk,,12620177,2026-09-06 17:37:10,True,https://metroonline.page.link/Z2mT
Blue Band Margarine Tub 500 GM,950,False,870,1,5,Dairy,Butter and Margarine,Margarine,,12620108,2026-09-06 17:37:10,True,https://metroonline.page.link/Qh8T
Nurpur UHT Milk 250 ML X27,2565,True,2410,100,2,Dairy,Milk,UHT and Pasteurized Milk,,71898069,2026-09-06 17:37:10,True,https://metroonline.page.link/xrxB
Haleeb Asli UHT Milk 1L,310,False,285,926,5,Dairy,Milk,UHT and Pasteurized Milk,,55743684,2026-09-06 17:37:10,True,https://metroonline.page.link/8Sx6
Eggbox Vita White Eggs x12,421,False,,0,2,Dairy,Eggs,Plain Eggs,,72078350,2026-09-06 17:37:10,True,https://metroonline.page.link/9ouK
Eggbox Omega Max Eggs x12,471,False,,0,2,Dairy,Eggs,Plain Eggs,,52179872,2026-09-06 17:37:10,True,https://metroonline.page.link/wmrB
Eggbox Simply Eggs x12,449,False,,0,2,Dairy,Eggs,Plain Eggs,,12257397,2026-09-06 17:37:10,True,https://metroonline.page.link/ryjw
Eggbox Fem Folic Eggs x12,415,False,,0,2,Dairy,Eggs,Plain Eggs,,72325504,2026-09-06 17:37:10,True,https://metroonline.page.link/Eo6U
Eggbox Super Kid Eggs x12,415,False,,0,2,Dairy,Eggs,Plain Eggs,,82389426,2026-09-06 17:37:10,True,https://metroonline.page.link/kchM
OK WHITE EGGS LOOSE X12,276,False,,0,3,Dairy,OK,Plain Eggs,,30899023,2026-09-06 17:37:10,False,https://metroonline.page.link/2ezG
Porridge (Dalia) Per KG,225,False,0,1000,20,Dairy,Breakfast,Cereals,,12620474,2026-09-06 17:37:10,True,https://metroonline.page.link/FRwd
Nurpur Uht Milk 250Ml X28,2629,False,815,1000,12,Dairy,Milk,UHT and Pasteurized Milk,,86788558,2026-09-06 17:37:10,True,https://metroonline.page.link/er9j
Pakola Ice Cream Flavored Milk 250ML,110,False,,0,5,Dairy,Milk,Flavored Milk,,67438207,2026-09-06 17:37:10,True,https://metroonline.page.link/cWkX
Pakola Double Delight Flavored Milk 250ML,110,False,,0,5,Dairy,Milk,Flavored Milk,,48389856,2026-09-06 17:37:10,True,https://metroonline.page.link/9rB5
Pakola Zafran Flavoured Milk 250ML,110,False,,0,5,Dairy,Milk,Flavored Milk,,18915616,2026-09-06 17:37:10,True,https://metroonline.page.link/9GMy
Pakola Strawberry Flavoured Milk 250ML x 12,1320,False,,0,5,Dairy,Milk,Flavored Milk,,69437926,2026-09-06 17:37:10,True,https://metroonline.page.link/JBW4
Olpers Cheddar Cheese Block 200G 60X1,600,False,,0,5,Dairy,Cheese and Cream,Cheese,,69206231,2026-09-06 17:37:10,True,https://metroonline.page.link/9aDh
Olpers Cheddar Slice 200G 60X1,600,False,,0,5,Dairy,Cheese and Cream,Cheese,,69432624,2026-09-06 17:37:10,False,https://metroonline.page.link/459n
Olpers Flavored Milk Chocolate 110Ml x 6,395,False,229,2,3,Dairy,Milk,Flavored Milk,,85339168,2026-09-06 17:37:10,False,
Nestle Milkpak Yogurt 500GM,222,False,215,1,12,Dairy,Yogurt,Plain Yogurt and Flavored yogurt,,12635380,2026-09-06 17:37:10,True,
Milkpak UHT 1L X12 with Free Rooh Afza 425 ml,4320,False,,0,10,Dairy,Milk,UHT and Pasteurized Milk,,90095552,2026-09-06 17:37:10,True,
Milkpak Yogurt Pouch 250G,120,False,,0,10,Dairy,Yogurt,Plain Yogurt and Flavored yogurt,,90699230,2026-09-06 17:37:10,True,
Nestle Sweet Tasty Yogurt 220GM,170,False,160,4,12,Dairy,Yogurt,Plain Yogurt and Flavored yogurt,,12634670,2026-09-06 17:37:10,True,
Nestle Butter 10KG,30000,False,,6,10,Dairy,Butter and Margarine,Butter,,75000756,2026-09-06 17:37:10,True,
Deen's Cheddar Cheese 200Gm,519,False,,128,5,Dairy,Cheese and Cream,Cheese,,41452043,2026-09-06 17:37:10,True,
Milo Cereal 70G,376,False,,104,10,Dairy,Breakfast,Cereals,,19754019,2026-09-06 17:37:10,True,
Millac Gro 900GM,1720,False,,165,2,Dairy,Milk,Powdered Milk,,28567861,2026-09-06 17:37:10,True,
Nurpur American Cheese Slices 200GM,620,False,600,1,10,Dairy,Cheese and Cream,Cheese,,9999796,2026-09-06 17:37:10,True,
Polac Condensed Milk Tin 390GM,345,False,,0,5,Dairy,Milk,Flavored Milk,,70605055,2026-09-06 17:37:10,False,https://metroonline.page.link/Rk15
Nurpur UHT Milk 250ML ,85,False,68,660,10,Dairy,Milk,UHT and Pasteurized Milk,,57351615,2026-09-06 17:37:10,True,
Metro Chef Cage Free Eggs x 12,366,False,,27,2,Dairy,Eggs,Plain Eggs,,72253305,2026-09-06 17:37:10,True,
Deen'S Slice Cheese 200Gm,549,False,0,5,12,Dairy,Cheese and Cream,Cheese,,12643040,2026-09-06 17:37:10,True,
Deen's Pizza Cheese 200Gm,599,False,0,128,3,Dairy,Cheese and Cream,Cheese,,41717784,2026-09-06 17:37:10,True,
Deen'S Cheddar Cheese 907Gm,1750,False,0,61,5,Dairy,Cheese and Cream,Cheese,,40803834,2026-09-06 17:37:10,True,
Deen'S Mozzarella Cheese 1Kg,2450,False,0,79,3,Dairy,Cheese and Cream,Cheese,,41020021,2026-09-06 17:37:10,True,
Deen's Slice Cheese 1Kg,1899,False,0,23,5,Dairy,Cheese and Cream,Cheese,,35639275,2026-09-06 17:37:10,True,
Deen's Burger Slice Cheese 1Kg,1899,False,0,55,5,Dairy,Cheese and Cream,Cheese,,35378609,2026-09-06 17:37:10,True,
Deen's Mozzarella Cheese 2Kg,4649,False,0,52,5,Dairy,Cheese and Cream,Cheese,,28361793,2026-09-06 17:37:10,True,
Blue Band Regular Margarine 700GM,1250,False,1130,10,5,Dairy,Butter and Margarine,Margarine,,40245054,2026-09-06 17:37:10,True,
Shakarganj Cream 200ML,150,False,143,10,5,Dairy,Cheese and Cream,Cream,,40245055,2026-09-06 17:37:10,True,https://metroonline.page.link/MN3y
Lifestyle Sharbat e Sardai 800ML,549,False,449,19,12,Beverages,Red Syrups and Squashes,Squashes,,12643039,2026-09-06 17:37:13,True,https://metroonline.page.link/suWH
Lifestyle Sharbat e Badam 800ML,549,False,449,585,12,Beverages,Red Syrups and Squashes,Squashes,,12643038,2026-09-06 17:37:13,True,https://metroonline.page.link/RVxM
Lifestyle Ice-cream Syrup 800ML,449,False,320,43,12,Beverages,Red Syrups and Squashes,,,12643037,2026-09-06 17:37:13,True,https://metroonline.page.link/mbqp
Sprite Zero 500ML x12,1149,False,1267,1000000,1,Beverages,Soft Drinks,,,12642922,2026-09-06 17:37:13,True,https://metroonline.page.link/jK6V
Sprite Zero Can 250ML x12,1159,False,1098,1000000,1,Beverages,Soft Drinks,,,12642921,2026-09-06 17:37:13,True,https://metroonline.page.link/Qok2
Sprite Mint 500ML x12,1149,False,1267,1000000,1,Beverages,Soft Drinks,,,12642920,2026-09-06 17:37:13,True,https://metroonline.page.link/RfpT
Coca Cola 350ML,70,False,530,1122,12,Beverages,Soft Drinks,,,12642918,2026-09-06 17:37:13,True,https://metroonline.page.link/w1su
Coca Cola 350ML x12,790,False,90,1000000,5,Beverages,Soft Drinks,,,12642917,2026-09-06 17:37:13,False,https://metroonline.page.link/SdBY
Fuzetea Lemon,96,False,84,0,12,Beverages,Iced Tea and Coffee,,,12642916,2026-09-06 17:37:13,False,https://metroonline.page.link/iMvj
Fuzetea Lemon x12,1080,False,986,1000000,5,Beverages,Iced Tea and Coffee,,,12642915,2026-09-06 17:37:13,False,https://metroonline.page.link/zXbo
Fuzetea Peach,96,False,0,0,12,Beverages,Iced Tea and Coffee,,,12642914,2026-09-06 17:37:13,False,https://metroonline.page.link/DeZb
Fuzetea Peach x12,1080,False,0,1000000,5,Beverages,Iced Tea and Coffee,,,12642913,2026-09-06 17:37:13,False,https://metroonline.page.link/GYpU
Nestle Fruita Vitals Sparkling Apple Can 250ML,1620,False,0,1000000,12,Beverages,Soft Drinks,,,12641606,2026-09-06 17:37:13,True,https://metroonline.page.link/1Fgf
Next Fizz Up 1.5 Litre,125,False,130,138,12,Beverages,Soft Drinks,,,12641458,2026-09-06 17:37:13,True,https://metroonline.page.link/v7th
Limo Pani Sachet 25GM,300,False,224,1000000,5,Beverages,Powder Drinks,,,12641157,2026-09-06 17:37:13,True,https://metroonline.page.link/ZGSg
Coca Cola Zero 1.5L X6,999,False,972,1000000,2,Beverages,Soft Drinks,,,12640956,2026-09-06 17:37:13,False,https://metroonline.page.link/YV5D
Nescafe Chilled Hazelnut 220ML,159,False,155,0,12,Beverages,Iced Tea and Coffee,,,12640825,2026-09-06 17:37:13,True,https://metroonline.page.link/xrwf
Nescafe Chilled Salted Caramel 220ML,159,False,155,0,12,Beverages,Iced Tea and Coffee,,,12640824,2026-09-06 17:37:13,True,https://metroonline.page.link/dT6Y
Coca Cola Zero 500ML,99,False,100,492,12,Beverages,Soft Drinks,,,12640723,2026-09-06 17:37:13,True,https://metroonline.page.link/EsWQ
Fruiten Joy Mango Juice 200ML,46,False,0,0,12,Beverages,Juices,,,12640718,2026-09-06 17:37:13,False,https://metroonline.page.link/V4K5
Lifestyle Sharbat e Sandal 800ML,449,False,379,576,12,Beverages,Red Syrups and Squashes,,,12640420,2026-09-06 17:37:13,True,https://metroonline.page.link/3MEG
Lifestyle Sharbet e Imli 800ML,549,False,449,100,12,Beverages,Red Syrups and Squashes,,,12640419,2026-09-06 17:37:13,True,https://metroonline.page.link/iECy
Lifestyle Sharbat e Falsa 800ML,549,False,449,120,12,Beverages,Red Syrups and Squashes,,,12640418,2026-09-06 17:37:13,True,https://metroonline.page.link/Asx1
Milo Activ-Go Powder 15g X12,732,False,555,1000000,5,Beverages,Powder Drinks,Nutritional Drinks,,12640308,2026-09-06 17:37:13,True,https://metroonline.page.link/QirC
Glaxo-D Powder Drink 400g,305,False,255,195,7,Beverages,Powder Drinks,Nutritional Drinks,,12639983,2026-09-06 17:37:13,True,https://metroonline.page.link/iFxc
Energile Mix Fruit 100gm,89,False,0,101,7,Beverages,Powder Drinks,Nutritional Drinks,,12639979,2026-09-06 17:37:13,True,https://metroonline.page.link/qH12
Regal Siprus Mango Nectar 2Ltr,455,False,0,227,12,Beverages,Juices,,,12639972,2026-09-06 17:37:13,True,https://metroonline.page.link/u4us
Shezan Fruit Drink Mango 250ML,42,False,35,4218,12,Beverages,Juices,,,12639211,2026-09-06 17:37:13,True,https://metroonline.page.link/jHr4
Nestle Fruita Vitals Sparkling Peach Can 250ML x12,1620,False,0,1000000,2,Beverages,Soft Drinks,,,12639207,2026-09-06 17:37:13,True,https://metroonline.page.link/dFM7
Nestle Fruita Vitals Sparkling Lime Cans 250ML x12,1620,False,0,1000000,2,Beverages,Soft Drinks,,,12639203,2026-09-06 17:37:13,False,https://metroonline.page.link/rRXt
Nestle Fruita Vitals Sparkling Peach Can 250 ML,140,False,135,197,12,Beverages,Soft Drinks,,,12638973,2026-09-06 17:37:13,True,https://metroonline.page.link/1QzP
Nestle Fruita Vitals Sparkling Lime Can 250ML,140,False,0,0,12,Beverages,Soft Drinks,,,12638972,2026-09-06 17:37:13,False,https://metroonline.page.link/gFEC
Redbull Stimulant Drink 250ML x 4,1930,False,1800,1000000,5,Beverages,Soft Drinks,,,12638874,2026-09-06 17:37:13,True,https://metroonline.page.link/SfDX
Nestle Fruita Vitals Falsa 1L x12 ,4800,False,0,1000000,1,Beverages,Juices,,,12638157,2026-09-06 17:37:13,False,https://metroonline.page.link/m2Y8
Nestle Fruita Vitals Falsa 1L ,410,False,0,0,12,Beverages,Juices,,,12638156,2026-09-06 17:37:13,False,https://metroonline.page.link/bK3v
Nestle Fruita Vitals Kandahari Anaar 230ml x 12 ,1620,False,0,1000000,1,Beverages,Juices,,,12638155,2026-09-06 17:37:13,False,https://metroonline.page.link/e772
Nestle Fruita Vitals Kandahari Anaar 230ml ,140,False,0,0,12,Beverages,Juices,,,12638154,2026-09-06 17:37:13,False,https://metroonline.page.link/Xams
Nestle Fruita Vitals Falsa 230ml ,140,False,0,0,12,Beverages,Juices,,,12638153,2026-09-06 17:37:13,False,https://metroonline.page.link/SwNA
Nestle Fruita Vitals Falsa 230ml x12,1620,False,0,1000000,1,Beverages,Juices,,,12638151,2026-09-06 17:37:13,False,https://metroonline.page.link/Zr4s
Shezan Mango 250Ml x 24,990,True,969,1000000,3,Beverages,Juices,,,9999806,2026-09-06 17:37:13,True,https://metroonline.page.link/gfFH
Nescafe Mocha 220ML,154,False,149,0,12,Beverages,Iced Tea and Coffee,,,12638098,2026-09-06 17:37:13,True,https://metroonline.page.link/GoKe
Nescafe Chilled Latte 220ML,154,False,155,0,12,Beverages,Iced Tea and Coffee,,,12638097,2026-09-06 17:37:13,True,https://metroonline.page.link/8A8L
Haleeb Apple Juice 1L,169,False,189,156,12,Beverages,Juices,,,12637963,2026-09-06 17:37:13,True,https://metroonline.page.link/YWsG
Rooh Afza 1.5L,799,False,719,2463,12,Beverages,Red Syrups and Squashes,Red Syrups,,12637946,2026-09-06 17:37:13,True,https://metroonline.page.link/JtGw
Qarshi Jam-e-Shireen 800ML,519,False,0,-1,12,Beverages,Red Syrups and Squashes,Red Syrups,,12637641,2026-09-06 17:37:13,True,https://metroonline.page.link/hkzt
Sting Berry 500ML x12 ,1320,False,1320,10010,3,Beverages,Soft Drinks,,,12637141,2026-09-06 17:37:13,False,https://metroonline.page.link/XEBQ
 Nestle Fruita Vitals Kandhari Anaar 1L,470,False,405,81,12,Beverages,Juices,,,12636683,2026-09-06 17:37:13,True,https://metroonline.page.link/Ug7k
Nestle Pineapple OPT Nectar 200ML,1380,False,0,1000000,2,Beverages,Juices,,,12636676,2026-09-06 17:37:13,False,https://metroonline.page.link/KMQ2
Nestle Fruita Vitals Royal Mango 1L,5749,False,0,1000000,1,Beverages,Juices,,,12636675,2026-09-06 17:37:13,True,https://metroonline.page.link/xyZF
Nestle Fruita Vitals Pineapple Nectar 1L,475,False,0,0,12,Beverages,Juices,,,12636674,2026-09-06 17:37:13,False,https://metroonline.page.link/6zat
Nestle Fruita Vitals Kinow 200ML X24,1738,False,0,1000000,2,Beverages,Juices,,,12636672,2026-09-06 17:37:13,False,https://metroonline.page.link/fj1o
Qarshi Jam e Shirin 1.5L,889,False,779,6390,12,Beverages,Red Syrups and Squashes,Red Syrups,,12636653,2026-09-06 17:37:13,True,https://metroonline.page.link/fipT
Coca Cola Can 250 ML,120,True,95,9421,12,Beverages,Soft Drinks,,,12635520,2026-09-06 17:37:13,True,https://metroonline.page.link/zEPh
Nestle Fruita Vitals Royal Mango 200ML x 24,1789,False,1585,1000000,2,Beverages,Juices,,,12635490,2026-09-06 17:37:13,True,https://metroonline.page.link/Nvom
Nestle Milo Activ-Go Powder 500GM,1549,False,1300,188,15,Beverages,Powder Drinks,Nutritional Drinks,,12634801,2026-09-06 17:37:13,True,https://metroonline.page.link/eXSs
Next Fizz Up 1.5L x6,739,False,128,1000000,5,Beverages,Soft Drinks,,,12634504,2026-09-06 17:37:13,False,https://metroonline.page.link/dutP
NescafÃ© Chilled Mocha 200ML,99,False,105,0,12,Beverages,Iced Tea and Coffee,,,12633731,2026-09-06 17:37:13,True,https://metroonline.page.link/kWgD
Nescafe Chilled Latte 200ML,104,False,102,0,12,Beverages,Iced Tea and Coffee,,,12633729,2026-09-06 17:37:13,True,https://metroonline.page.link/TURP
Limo Pani 750GM Tub,828,False,455,0,15,Beverages,Powder Drinks,Instant Drinks,,12633536,2026-09-06 17:37:13,True,https://metroonline.page.link/cftT
Ensure Vanilla 850GM,6325,False,0,11,3,Beverages,Powder Drinks,Nutritional Drinks,,12633506,2026-09-06 17:37:13,True,https://metroonline.page.link/yKbR
Gatorade White Lightening 500ML,90,False,0,0,12,Beverages,Soft Drinks,,,12633403,2026-09-06 17:37:13,False,https://metroonline.page.link/4Wye
Gatorade Blue Blot 500ML,95,False,90,0,12,Beverages,Soft Drinks,,,12633401,2026-09-06 17:37:13,False,https://metroonline.page.link/wSuX
Tang Pineapple 25GM x12,298,False,0,1000000,15,Beverages,Powder Drinks,Instant Drinks,,12633191,2026-09-06 17:37:13,True,https://metroonline.page.link/b4hq
Tang Mango 25GM X12,298,False,279,1000000,15,Beverages,Powder Drinks,Instant Drinks,,12633190,2026-09-06 17:37:13,True,https://metroonline.page.link/M43U
Tang Orange 25GM x12,294,False,279,1000000,15,Beverages,Powder Drinks,Instant Drinks,,12633189,2026-09-06 17:37:13,True,https://metroonline.page.link/mWib
Regal Siprus Lychee Nectar 2L,455,False,0,169,12,Beverages,Juices,,,12633162,2026-09-06 17:37:13,True,https://metroonline.page.link/qwi1
Regal Siprus Pomegranate Nectar 2L,455,False,379,196,12,Beverages,Juices,,,12633161,2026-09-06 17:37:13,True,https://metroonline.page.link/8zTB
Regal Siprus Mix Fruit Nectar 2L,455,False,379,1000000,12,Beverages,Juices,,,12633155,2026-09-06 17:37:13,True,https://metroonline.page.link/Q1BS
Regal Siprus Peach Nectar 2L,455,False,0,192,12,Beverages,Juices,,,12633154,2026-09-06 17:37:13,True,https://metroonline.page.link/Njo7
Tang Lemon and Pepper 25GM x12,298,False,0,1000000,15,Beverages,Powder Drinks,Instant Drinks,,12633042,2026-09-06 17:37:13,True,https://metroonline.page.link/7uGq
Ensure Strawberry 400GM,3185,False,0,2,3,Beverages,Powder Drinks,Nutritional Drinks,,12633041,2026-09-06 17:37:13,True,https://metroonline.page.link/B2Qx
Dasani 500ML,42,False,56,1898,12,Beverages,Water,,,12632992,2026-09-06 17:37:13,True,https://metroonline.page.link/z2Rc
Tang Lemon & Pepper 750GM,785,False,775,0,15,Beverages,Powder Drinks,Instant Drinks,,12632643,2026-09-06 17:37:13,True,https://metroonline.page.link/7qaz
MANGO TANG 500G,350,False,0,0,15,Beverages,Powder Drinks,Instant Drinks,,12632619,2026-09-06 17:37:13,False,https://metroonline.page.link/Nxsy
Tang Orange 500GM,350,False,0,0,15,Beverages,Powder Drinks,Instant Drinks,,12632433,2026-09-06 17:37:13,False,https://metroonline.page.link/g6UN
7Up 2.25L x4 ,962,False,0,1000000,3,Beverages,Soft Drinks,,,12632383,2026-09-06 17:37:13,True,https://metroonline.page.link/6bto
HALEEB CHAUNSA 1L,169,False,189,13,12,Beverages,Juices,,,12632357,2026-09-06 17:37:13,True,https://metroonline.page.link/KDAT
Mountain Dew 345ML x 12,799,False,789,1000000,3,Beverages,Soft Drinks,,,12632309,2026-09-06 17:37:13,True,https://metroonline.page.link/kLAf
Qarshi Jam e Shirin 3L,1449,False,1369,844,12,Beverages,Red Syrups and Squashes,Red Syrups,,12632307,2026-09-06 17:37:13,True,https://metroonline.page.link/PCug
MEZAN COLA NEXT 1.5L,165,True,125,3911,12,Beverages,Soft Drinks,,,12632299,2026-09-06 17:37:13,True,https://metroonline.page.link/DRVV
Fruitien Joy Apple Juice 200ML X6,293,False,0,1000000,10,Beverages,Juices,,,12632275,2026-09-06 17:37:13,True,https://metroonline.page.link/RTvm
Dasani 1.5 Litre,80,False,93,923,12,Beverages,Water,,,12632228,2026-09-06 17:37:13,True,https://metroonline.page.link/RBvd
Coca Cola Zero Sugar 1.5 Litre,171,False,0,239,12,Beverages,Soft Drinks,,,12631663,2026-09-06 17:37:13,True,https://metroonline.page.link/megT
Rooh Afza 3L,1449,False,1309,211,12,Beverages,Red Syrups and Squashes,Red Syrups,,12631626,2026-09-06 17:37:13,True,https://metroonline.page.link/xTQU
Nestle Pomegranate Juice 1L X12,5749,False,0,1000000,1,Beverages,Juices,,,12631621,2026-09-06 17:37:13,False,https://metroonline.page.link/AeDh
Nestle Pineapple Nectar 1L X12,5749,False,0,1000000,1,Beverages,Juices,,,12631620,2026-09-06 17:37:13,False,https://metroonline.page.link/oH4i
Nestle Peach Nectar 1L X12,4449,False,0,1000000,1,Beverages,Juices,,,12631619,2026-09-06 17:37:13,False,https://metroonline.page.link/WaAW
Nesfruita Apple 200ML x 24,1185,False,1059,1000000,2,Beverages,Juices,,,9999832,2026-09-06 17:37:13,True,https://metroonline.page.link/mQsX
Nestle Nesfruta Mango 1L X12,3049,False,2750,1000000,1,Beverages,Juices,,,12631617,2026-09-06 17:37:13,False,https://metroonline.page.link/9ixg
Nestle Nesfruta Apple Juice 1L X12,3049,False,0,0,1,Beverages,Juices,,,12631616,2026-09-06 17:37:13,False,https://metroonline.page.link/5wCF
Nestle Kinnow Nectar 1L X12,4449,False,0,1000000,1,Beverages,Juices,,,12631614,2026-09-06 17:37:13,True,https://metroonline.page.link/p1aC
Nestle Guava Nectar 1L X12,4449,False,0,0,1,Beverages,Juices,,,12631613,2026-09-06 17:37:13,True,https://metroonline.page.link/x1Ka
Nestle Fruita Vital Red Grapes Nectar 1L X12,5749,False,4360,1000000,1,Beverages,Juices,,,12631611,2026-09-06 17:37:13,False,https://metroonline.page.link/pyzo
Nestle Fruita Vital Pinpl Nectar 200Ml X24,780,False,0,1000000,2,Beverages,Juices,,,12631610,2026-09-06 17:37:13,False,https://metroonline.page.link/spG6
Nestle Fruita Vital Peach Nectar 200Ml X24,1738,False,1585,1000000,2,Beverages,Juices,,,12631608,2026-09-06 17:37:13,True,https://metroonline.page.link/7tWG
Nestle Fruita Vital Pure Orange Juice 1L,485,False,0,550,12,Beverages,Juices,,,12631607,2026-09-06 17:37:13,True,https://metroonline.page.link/DG89
Nestle Fruita Vital Guv Nectar 200ML X24,1738,False,0,1000000,2,Beverages,Juices,,,12631605,2026-09-06 17:37:13,True,https://metroonline.page.link/9V5x
Nestle Fruita Vital Chaunsa Nectar 1L X12,4449,False,0,1000000,1,Beverages,Juices,,,12631604,2026-09-06 17:37:13,False,https://metroonline.page.link/HzDH
Nestle Fruita Vitals Apple Nectar 1L x 12,4449,False,310,1000000,1,Beverages,Juices,,,12631603,2026-09-06 17:37:13,True,https://metroonline.page.link/YbXn
Nestle Fruita Vital Apple  Nectar 200Ml X24,1738,False,1585,1000000,2,Beverages,Juices,,,12631602,2026-09-06 17:37:13,True,https://metroonline.page.link/5WEX
Roar 500ML x12,1440,False,0,1000000,3,Beverages,Soft Drinks,,,12631587,2026-09-06 17:37:13,False,https://metroonline.page.link/9Lrr
Nestle Milo Activ-Go Powder 300GM,949,False,850,129,3,Beverages,Powder Drinks,Nutritional Drinks,,12631460,2026-09-06 17:37:13,True,https://metroonline.page.link/fiYM
7Up 1L ,140,False,,0,6,Beverages,Soft Drinks,,,12630225,2026-09-06 17:37:13,False,https://metroonline.page.link/LnYX
NESTLE Pure Life Water 5L,337,False,0,286,12,Beverages,Water,,,12629794,2026-09-06 17:37:13,False,https://metroonline.page.link/uw74
NESTLE Pure Life Water 330ML,59,False,0,402,12,Beverages,Water,,,12629410,2026-09-06 17:37:13,False,https://metroonline.page.link/36rv
Energile Mix Fruit 400 GM,275,False,0,113,7,Beverages,Powder Drinks,Nutritional Drinks,,12625955,2026-09-06 17:37:13,True,https://metroonline.page.link/Cu74
T1Â Sharbat Sandaleen 800 ML,529,False,0,111,12,Beverages,Red Syrups and Squashes,Squashes,,12628972,2026-09-06 17:37:13,True,https://metroonline.page.link/yEiY
T1Â Sharbat Bazooreen 800 ML,529,False,0,113,12,Beverages,Red Syrups and Squashes,Squashes,,12628971,2026-09-06 17:37:13,True,https://metroonline.page.link/J4Sh
Tang Powder Pouch Musambi 375 GM,249,False,0,0,15,Beverages,Powder Drinks,Instant Drinks,,12628806,2026-09-06 17:37:13,False,https://metroonline.page.link/gbJf
Nestle Fruita Vitals Royal Mango 1L,485,False,339,2030,12,Beverages,Juices,,,12628692,2026-09-06 17:37:13,True,https://metroonline.page.link/GLbo
Roar 500ML,125,False,103,0,12,Beverages,Soft Drinks,,,12628583,2026-09-06 17:37:13,False,https://metroonline.page.link/JJr3
Sprite Cans 250 ML X 12,1159,False,1098,1000000,1,Beverages,Soft Drinks,,,12628566,2026-09-06 17:37:13,False,https://metroonline.page.link/SyVX
Qarshi Sharbat Toot Sia 240 ML,280,False,0,27,15,Beverages,Red Syrups and Squashes,Red Syrups,,12628543,2026-09-06 17:37:13,True,https://metroonline.page.link/UBaJ
Qarshi Ispaghol Husk 50 GM,430,False,259,0,15,Beverages,Powder Drinks,Instant Drinks,,12628542,2026-09-06 17:37:13,True,https://metroonline.page.link/pBYf
Nestle Fruita Vitals Chaunsa Nectar 200ML x 24,1738,False,1585,100000,2,Beverages,Juices,,,9999809,2026-09-06 17:37:13,True,https://metroonline.page.link/itwD
Sprite Mint 1.5Litre,171,False,158,4199,6,Beverages,Soft Drinks,,,12628514,2026-09-06 17:37:13,True,https://metroonline.page.link/VnLw
Sprite Mint 500 ML,99,False,93,1049,6,Beverages,Soft Drinks,,,12628513,2026-09-06 17:37:13,True,https://metroonline.page.link/R234
Sprite Zero Sugar Can 250 ML,99,False,93,4297,6,Beverages,Soft Drinks,,,12628509,2026-09-06 17:37:13,True,https://metroonline.page.link/yvNy
Tang Mango 2500GM,2295,False,2380,93,15,Beverages,Powder Drinks,Instant Drinks,,12628169,2026-09-06 17:37:13,True,https://metroonline.page.link/V3WA
Mountain Dew 1L ,140,False,0,0,6,Beverages,Soft Drinks,,,12628080,2026-09-06 17:37:13,False,https://metroonline.page.link/zMFy
7Up 1L x6 ,810,False,0,1000000,3,Beverages,Soft Drinks,,,12628079,2026-09-06 17:37:13,True,https://metroonline.page.link/v7HF
7Up 500ML ,87,False,0,0,6,Beverages,Soft Drinks,,,12628078,2026-09-06 17:37:13,False,https://metroonline.page.link/dgWJ
7UP 345ML X12 -I,799,False,789,1000000,3,Beverages,Soft Drinks,,,12628077,2026-09-06 17:37:13,False,https://metroonline.page.link/MndT
Mirinda 500ML ,87,False,0,0,6,Beverages,Soft Drinks,,,12628075,2026-09-06 17:37:13,False,https://metroonline.page.link/j2ka
Mirinda 500ML x12,1227,False,0,1000000,3,Beverages,Soft Drinks,,,12628074,2026-09-06 17:37:13,True,https://metroonline.page.link/5qJS
Mirinda 345ML x12 ,799,False,0,1000000,3,Beverages,Soft Drinks,,,12628073,2026-09-06 17:37:13,True,https://metroonline.page.link/osWc
Pepsi 1.5L x6 ,1064,False,830,1000000,3,Beverages,Soft Drinks,,,12628072,2026-09-06 17:37:13,True,https://metroonline.page.link/gsfb
Pepsi 500ML ,87,False,,0,6,Beverages,Soft Drinks,,,12628071,2026-09-06 17:37:13,False,https://metroonline.page.link/pt9B
Sting Berry 500ML ,100,False,0,8,6,Beverages,Soft Drinks,,,12628070,2026-09-06 17:37:13,False,https://metroonline.page.link/DzLi
Pepsi 345ML x 12,799,False,789,1000000,3,Beverages,Soft Drinks,,,12627789,2026-09-06 17:37:13,True,https://metroonline.page.link/Uzjh
Fanta Can 250ML X 12,1159,False,1098,1000000,2,Beverages,Soft Drinks,,,12627615,2026-09-06 17:37:13,True,https://metroonline.page.link/32xJ
7Up 1.5L x6 ,1064,False,840,1000000,3,Beverages,Soft Drinks,,,12627247,2026-09-06 17:37:13,True,https://metroonline.page.link/rm7N
Mountain Dew 500ML x12 ,1227,False,0,1000000,3,Beverages,Soft Drinks,,,12627106,2026-09-06 17:37:13,False,https://metroonline.page.link/8R4R
Slice Mango 200ML x24 ,1019,False,0,1000000,3,Beverages,Soft Drinks,,,12627103,2026-09-06 17:37:13,False,https://metroonline.page.link/DpC4
Red Bull Sugar Free Stimulant Drink 250 ML,485,False,0,93,12,Beverages,Soft Drinks,,,12627100,2026-09-06 17:37:13,True,https://metroonline.page.link/qo2H
Mountain Dew Can 250ML x12 ,1260,False,0,1000000,3,Beverages,Soft Drinks,,,12627099,2026-09-06 17:37:13,True,https://metroonline.page.link/5Ph1
Mirinda Can 250ML x12 ,1260,False,0,1000000,3,Beverages,Soft Drinks,,,12627098,2026-09-06 17:37:13,True,https://metroonline.page.link/mVc1
7Up Free Can 250ML ,85,False,0,1306,6,Beverages,Soft Drinks,,,12627097,2026-09-06 17:37:13,False,https://metroonline.page.link/Q3gF
Pepsi Diet Can 250ML ,85,False,0,0,6,Beverages,Soft Drinks,,,12627096,2026-09-06 17:37:13,False,https://metroonline.page.link/pMr3
Mirinda Can 250ML ,85,False,0,0,6,Beverages,Soft Drinks,,,12627095,2026-09-06 17:37:13,False,https://metroonline.page.link/qGhm
Mountain Dew Can 250ML ,85,False,0,0,6,Beverages,Soft Drinks,,,12627094,2026-09-06 17:37:13,False,https://metroonline.page.link/zx1W
7Up Can 250ML ,85,False,0,0,6,Beverages,Soft Drinks,,,12627093,2026-09-06 17:37:13,False,https://metroonline.page.link/jg71
Pepsi Can 250ML ,85,False,0,0,6,Beverages,Soft Drinks,,,12627092,2026-09-06 17:37:13,False,https://metroonline.page.link/4Y2Y
Mountain Dew 345 ML,60,False,0,0,12,Beverages,Soft Drinks,,,12627090,2026-09-06 17:37:13,False,https://metroonline.page.link/aztf
Mountain Dew 2.25L x4 ,962,False,0,1000000,3,Beverages,Soft Drinks,,,12627089,2026-09-06 17:37:13,True,https://metroonline.page.link/ZJwc
Pepsi 2.25L ,234,False,200,0,6,Beverages,Soft Drinks,,,12627088,2026-09-06 17:37:13,False,https://metroonline.page.link/vWcj
Mirinda 2.25L x4 ,962,False,0,1000000,3,Beverages,Soft Drinks,,,12627086,2026-09-06 17:37:13,True,https://metroonline.page.link/R8Xh
Pepsi 1.5L ,170,False,175,0,6,Beverages,Soft Drinks,,,12627085,2026-09-06 17:37:13,False,https://metroonline.page.link/wZoX
7up 1 Ltr,130,False,0,0,12,Beverages,Soft Drinks,,,12627082,2026-09-06 17:37:13,False,https://metroonline.page.link/Wd5d
Pepsi BLack 2.25L x4 ,962,False,0,1000000,3,Beverages,Soft Drinks,,,12627076,2026-09-06 17:37:13,True,https://metroonline.page.link/GRzN
Dasani 1.5Litre X6,425,False,531,1000000,2,Beverages,Water,,,12625993,2026-09-06 17:37:13,True,https://metroonline.page.link/bzWi
Cola Next 1L,111,False,108,559,12,Beverages,Soft Drinks,,,12625917,2026-09-06 17:37:13,True,https://metroonline.page.link/HxXB
Aquafina Water 1.5L,82,False,0,0,12,Beverages,Water,,,12625901,2026-09-06 17:37:13,False,https://metroonline.page.link/KmTA
Fruitien Nectar Peach 200ML X6,382,False,300,1000000,2,Beverages,Juices,,,12625883,2026-09-06 17:37:13,False,https://metroonline.page.link/9fAM
Mountain Dew 1.5L ,170,False,126,0,6,Beverages,Soft Drinks,,,12625808,2026-09-06 17:37:13,False,https://metroonline.page.link/QoDB
Mirinda 2.25L ,234,False,0,0,6,Beverages,Soft Drinks,,,12625725,2026-09-06 17:37:13,False,https://metroonline.page.link/P8B2
Mirinda 1.5L ,170,False,126,0,6,Beverages,Soft Drinks,,,12625721,2026-09-06 17:37:13,False,https://metroonline.page.link/Bd5L
Mountain Dew 2.25L ,234,False,200,0,6,Beverages,Soft Drinks,,,12625700,2026-09-06 17:37:13,False,https://metroonline.page.link/arrY
7Up 2.25L ,234,False,190,0,6,Beverages,Soft Drinks,,,12625673,2026-09-06 17:37:13,False,https://metroonline.page.link/5Qyr
Pepsi Diet Can 250ML x12 ,1260,False,892,1000000,3,Beverages,Soft Drinks,,,12625640,2026-09-06 17:37:13,False,https://metroonline.page.link/hR87
Pepsi Can 250ML x12 ,1260,False,908,1000000,3,Beverages,Soft Drinks,,,12625638,2026-09-06 17:37:13,False,https://metroonline.page.link/B1Rp
Mirinda 1.5L x6 ,1064,False,840,1000000,3,Beverages,Soft Drinks,,,12625625,2026-09-06 17:37:13,False,https://metroonline.page.link/wYtp
Pepsi 500ML x12 ,1227,False,0,0,3,Beverages,Soft Drinks,,,12625616,2026-09-06 17:37:13,False,https://metroonline.page.link/Rdjd
7Up 1.5L ,170,False,150,0,6,Beverages,Soft Drinks,,,12625614,2026-09-06 17:37:13,False,https://metroonline.page.link/Sizx
Mountain Dew 1.5L x6 ,1064,False,840,0,3,Beverages,Soft Drinks,,,12625612,2026-09-06 17:37:13,False,https://metroonline.page.link/SHRG
7Up Can 250ML x12 ,1260,False,892,1000000,3,Beverages,Soft Drinks,,,12625598,2026-09-06 17:37:13,True,https://metroonline.page.link/ti3N
7Up Free Can 250ML x12 ,1260,False,0,1000000,3,Beverages,Soft Drinks,,,12625595,2026-09-06 17:37:13,True,https://metroonline.page.link/YM1T
7Up 500ML x12 ,1227,False,1000,50,3,Beverages,Soft Drinks,,,12625589,2026-09-06 17:37:13,False,https://metroonline.page.link/jFKV
Cappy Pulpy 1 Litre X 6,1530,False,1423,1000000,2,Beverages,Juices,,,12625526,2026-09-06 17:37:13,False,https://metroonline.page.link/yztL
Mitchells Squash Lemon 800 ML,369,False,0,27,12,Beverages,Red Syrups and Squashes,Squashes,,12625517,2026-09-06 17:37:13,True,https://metroonline.page.link/11v4
Ensure Chocolate 850 GM,6325,False,0,0,3,Beverages,Powder Drinks,Nutritional Drinks,,12625485,2026-09-06 17:37:13,True,https://metroonline.page.link/pQ9x
Ensure Chocolate 400 GM,3185,False,0,0,3,Beverages,Powder Drinks,Nutritional Drinks,,12625484,2026-09-06 17:37:13,True,https://metroonline.page.link/JCE9
Ensure Vanilla 400 GM,3185,False,0,37,3,Beverages,Powder Drinks,Nutritional Drinks,,12625483,2026-09-06 17:37:13,True,https://metroonline.page.link/Cy82
Dasani 500 ML X 12,505,False,641,1000000,2,Beverages,Water,,,12625463,2026-09-06 17:37:13,True,https://metroonline.page.link/MqEi
Sprite Can 250 ML,120,True,95,5716,6,Beverages,Soft Drinks,,,12625254,2026-09-06 17:37:13,True,https://metroonline.page.link/WKXx
Quice Rooh e Shireen 800ML,500,False,0,102,12,Beverages,Red Syrups and Squashes,Red Syrups,,12625174,2026-09-06 17:37:13,True,https://metroonline.page.link/aAGx
Coca Cola Zero Sugar 500ML X 12,1149,False,1267,1000000,2,Beverages,Soft Drinks,,,12624739,2026-09-06 17:37:13,True,https://metroonline.page.link/9e1n
Coca Cola Can 250 ML X 12,1159,False,0,1000000,2,Beverages,Soft Drinks,,,12624430,2026-09-06 17:37:13,True,https://metroonline.page.link/iXap
Cola Next 1.5Ltr x6,990,True,739,1000000,5,Beverages,Soft Drinks,,,12623912,2026-09-06 17:37:13,True,https://metroonline.page.link/1itg
Shezan Grape Juice 300ML X12,1399,False,1000,1000000,2,Beverages,Juices,,,12623911,2026-09-06 17:37:13,True,https://metroonline.page.link/Vjwo
Shezan Mango Juice 300ML,119,False,0,2898,12,Beverages,Juices,,,12623908,2026-09-06 17:37:13,True,https://metroonline.page.link/YbdJ
Cola Next 1L x 6,620,False,649,1000000,2,Beverages,Soft Drinks,,,12623797,2026-09-06 17:37:13,False,https://metroonline.page.link/UyPg
7Up Free 1.5L ,170,False,0,0,6,Beverages,Soft Drinks,,,12623381,2026-09-06 17:37:13,False,https://metroonline.page.link/iriy
Sprite Zero Sugar 1.5 Litre X 6,999,False,920,1000000,1,Beverages,Soft Drinks,,,12623379,2026-09-06 17:37:13,True,https://metroonline.page.link/H3ZU
Fruitien Nectar Apple 200ML X 6,382,False,330,1000000,2,Beverages,Juices,,,12623319,2026-09-06 17:37:13,False,https://metroonline.page.link/pK2A
Fruitien Nectar Guava 200 ML X 6,382,False,300,1000000,2,Beverages,Juices,,,12623316,2026-09-06 17:37:13,False,https://metroonline.page.link/3hQr
Fanta 500ML X 12,1149,False,1030,1000000,2,Beverages,Soft Drinks,,,12623144,2026-09-06 17:37:13,True,https://metroonline.page.link/7UFB
Fanta 2.25L x6,1160,False,1172,1000000,2,Beverages,Soft Drinks,,,12623139,2026-09-06 17:37:13,False,https://metroonline.page.link/Jt1U
Fanta 1 Litre,130,False,141,367,12,Beverages,Soft Drinks,,,12623115,2026-09-06 17:37:13,True,https://metroonline.page.link/1GPo
Fanta 1 Litre X 6,772,False,801,1000000,2,Beverages,Soft Drinks,,,12623083,2026-09-06 17:37:13,False,https://metroonline.page.link/fNwB
Shezan Juice Punch 250 ML,40,False,0,0,12,Beverages,Juices,,,12623045,2026-09-06 17:37:13,False,https://metroonline.page.link/peky
Coca Cola Zero Sugar Can 250ML X 12,1159,False,1226,1000000,2,Beverages,Soft Drinks,,,12622816,2026-09-06 17:37:13,True,https://metroonline.page.link/dmkJ
Fanta 1.5 Litre X6,999,False,963,0,2,Beverages,Soft Drinks,,,12622776,2026-09-06 17:37:13,True,https://metroonline.page.link/85Yr
Shezan Squash Lemon Barley 300ML,110,False,0,0,12,Beverages,Red Syrups and Squashes,Squashes,,12622765,2026-09-06 17:37:13,False,https://metroonline.page.link/HA59
Fruitien Nectar Pineapple  200ML X 6,382,False,0,1000000,2,Beverages,Juices,,,12622713,2026-09-06 17:37:13,False,https://metroonline.page.link/xwSL
Fruitien Nectar Orange 200ML X 6,382,False,0,1000000,2,Beverages,Juices,,,12622699,2026-09-06 17:37:13,False,https://metroonline.page.link/uASe
Shezan Juice Lychee 300ML,119,False,0,1827,12,Beverages,Juices,,,12622640,2026-09-06 17:37:13,True,https://metroonline.page.link/uoZP
Shezan Juice Grape 300ML,119,False,0,735,12,Beverages,Juices,,,12622639,2026-09-06 17:37:13,True,https://metroonline.page.link/sR1M
Glaxo - D Powder Drink 100 GM,95,False,0,288,7,Beverages,Powder Drinks,Nutritional Drinks,,12622637,2026-09-06 17:37:13,True,https://metroonline.page.link/8yv4
Mitchells Mango Squash 800ML,369,False,335,28,12,Beverages,Red Syrups and Squashes,Squashes,,12622594,2026-09-06 17:37:13,True,https://metroonline.page.link/bZKd
Fruitien Orange Juice 1Litre,290,False,0,0,12,Beverages,Juices,,,12622476,2026-09-06 17:37:13,False,https://metroonline.page.link/oW5S
Nestle Fruita Vitals Apple Nectar 200 ML,79,False,55,13271,12,Beverages,Juices,,,12622430,2026-09-06 17:37:13,True,https://metroonline.page.link/nqma
Coca Cola 1 Litre x6,772,False,751,1000000,2,Beverages,Soft Drinks,,,12622331,2026-09-06 17:37:13,True,https://metroonline.page.link/jYkL
Fruitien Pomegranate Nectar 200ML X 6,382,False,300,1000000,2,Beverages,Juices,,,12622291,2026-09-06 17:37:13,False,https://metroonline.page.link/PqhH
Tang Mango 750GM,785,False,775,371,15,Beverages,Powder Drinks,Instant Drinks,,12622265,2026-09-06 17:37:13,True,https://metroonline.page.link/C6nk
Tang Orange 2500GM,2295,False,2380,82,15,Beverages,Powder Drinks,Instant Drinks,,12622259,2026-09-06 17:37:13,True,https://metroonline.page.link/S16i
Shezan Juice Mango 200ML X 24,990,False,875,1000000,2,Beverages,Juices,,,12622223,2026-09-06 17:37:13,True,https://metroonline.page.link/xdHz
Cappy Pulpy 350ML X 12,1410,False,1188,1000000,2,Beverages,Juices,,,12622201,2026-09-06 17:37:13,False,https://metroonline.page.link/j86a
Fruitien Joy Peach 200 ML X 6,293,False,260,1000000,10,Beverages,Juices,,,12622188,2026-09-06 17:37:13,False,https://metroonline.page.link/N44J
Tang Pineapple Pack 125GM,79,False,75,0,15,Beverages,Powder Drinks,Instant Drinks,,12622124,2026-09-06 17:37:13,False,https://metroonline.page.link/bpXL
Shezan Juice Mango 250ML ,40,False,0,0,12,Beverages,Juices,,,12622106,2026-09-06 17:37:13,False,https://metroonline.page.link/WEiK
Shezan Lemon Squash 800ML,429,False,389,11,12,Beverages,Red Syrups and Squashes,Squashes,,12622088,2026-09-06 17:37:13,True,https://metroonline.page.link/42eb
Nestle Milo Activ-Go 180ML X 24,2280,False,2250,1000000,3,Beverages,Powder Drinks,Nutritional Drinks,,12622019,2026-09-06 17:37:13,True,https://metroonline.page.link/hz4u
Fruitien Red Grapes Nectar 1 LTR,260,False,0,0,12,Beverages,Juices,,,12622002,2026-09-06 17:37:13,False,https://metroonline.page.link/62rd
Sprite 1Litre X 6,772,False,914,1000000,1,Beverages,Soft Drinks,,,12621961,2026-09-06 17:37:13,True,https://metroonline.page.link/zXLL
Nestle Nesfruta Apple 200ML,49,False,52,23,12,Beverages,Juices,,,12621940,2026-09-06 17:37:13,True,https://metroonline.page.link/Hqmn
Sprite 1Litre,130,False,0,707,6,Beverages,Soft Drinks,,,12621938,2026-09-06 17:37:13,True,https://metroonline.page.link/zrWL
Nestle Mineral Water 5 LTR X 2,651,False,0,1000000,2,Beverages,Water,,,12621905,2026-09-06 17:37:13,False,https://metroonline.page.link/31ox
Shezan Juice Apple 250ML,40,False,0,0,12,Beverages,Juices,,,12621864,2026-09-06 17:37:13,True,https://metroonline.page.link/jTV4
Nestle Fruita Vitals Red Grape Nectar 200ML X 24,1738,False,0,1000000,2,Beverages,Juices,,,12621856,2026-09-06 17:37:13,True,https://metroonline.page.link/5UYW
Fruitien Joy Mango 200ML X 6,293,False,250,1000000,10,Beverages,Juices,,,12621811,2026-09-06 17:37:13,False,https://metroonline.page.link/4LGn
Nesfruita Mango 200ML x 24,1185,False,1059,1000000,2,Beverages,Juices,,,9999793,2026-09-06 17:37:13,True,https://metroonline.page.link/pkA6
Quice Ice Cream Syrup 800ML,500,False,0,48,12,Beverages,Red Syrups and Squashes,Red Syrups,,12621697,2026-09-06 17:37:13,False,https://metroonline.page.link/GuJo
Nestle Fruita Vitals Nectar Kinnow 1 LTR,375,False,320,280,12,Beverages,Juices,,,12621676,2026-09-06 17:37:13,True,https://metroonline.page.link/f5FJ
Qarshi Jam e Shirin Sugar Free 800ML,529,False,425,61,12,Beverages,Red Syrups and Squashes,Red Syrups,,12621638,2026-09-06 17:37:13,True,https://metroonline.page.link/h1JZ
Fanta 2.25Litre,200,False,190,9,12,Beverages,Soft Drinks,,,12621585,2026-09-06 17:37:13,True,https://metroonline.page.link/wPCQ
Coca Cola 1Litre,130,False,135,831,12,Beverages,Soft Drinks,,,12621521,2026-09-06 17:37:13,True,https://metroonline.page.link/Exxw
Tang Orange 750GM,785,False,775,284,15,Beverages,Powder Drinks,Instant Drinks,,12621474,2026-09-06 17:37:13,True,https://metroonline.page.link/9L3r
Tapal,258,False,0,753,5,Beverages,Tea and Coffee,Tea,,12621415,2026-09-06 17:37:13,True,https://metroonline.page.link/BMGx
Fruitien Apple Nectar 1 LTR,260,False,270,0,12,Beverages,Juices,,,12621394,2026-09-06 17:37:13,False,https://metroonline.page.link/xBMq
Tang Mango Pack 125GM,79,False,75,0,15,Beverages,Powder Drinks,Instant Drinks,,12621368,2026-09-06 17:37:13,False,https://metroonline.page.link/k2ET
Nestle Fruita Vitals Guava Nectar 200ML ,79,False,55,575,12,Beverages,Juices,,,12621352,2026-09-06 17:37:13,True,https://metroonline.page.link/RhKf
Cappy Pulpy 1Litre,260,False,242,0,12,Beverages,Juices,,,12621336,2026-09-06 17:37:13,False,https://metroonline.page.link/VdLK
Fruitien Joy Apple 1 LTR,175,False,0,0,12,Beverages,Juices,,,12621272,2026-09-06 17:37:13,False,https://metroonline.page.link/HAZC
Shezan Mango Squash 800ML,429,False,389,90,12,Beverages,Red Syrups and Squashes,Squashes,,12621254,2026-09-06 17:37:13,True,https://metroonline.page.link/9HtC
Sprite Zero Sugar 1.5Litre,171,False,170,504,6,Beverages,Soft Drinks,,,12621243,2026-09-06 17:37:13,True,https://metroonline.page.link/8ss2
Tang Orange Pack 125 GM,79,False,0,0,15,Beverages,Powder Drinks,Instant Drinks,,12621223,2026-09-06 17:37:13,False,https://metroonline.page.link/W2Ro
Nestle Fruita Vitals Nectar Guava 1 Ltr,387,False,305,202,12,Beverages,Juices,,,12621176,2026-09-06 17:37:13,True,https://metroonline.page.link/6mEG
Fruitien Pomegranate Nectar 1 LTR,290,False,295,0,12,Beverages,Juices,,,12621124,2026-09-06 17:37:13,False,https://metroonline.page.link/hGxH
Tang Drinking Powder Lemon and Pepper Pack 125GM,79,False,75,0,15,Beverages,Powder Drinks,Instant Drinks,,12621117,2026-09-06 17:37:13,False,https://metroonline.page.link/cfrq
Qarshi Sherbat-e-Ilaichi 800 ML,529,False,410,134,12,Beverages,Red Syrups and Squashes,Squashes,,12621090,2026-09-06 17:37:13,True,https://metroonline.page.link/J8Cy
Hilal Limo Pani 375GM Pouch,348,False,262,0,15,Beverages,Powder Drinks,Instant Drinks,,12621033,2026-09-06 17:37:13,True,https://metroonline.page.link/hU1m
NESTLE Pure Life Water 1500 ML X 6 ,525,False,445,1000000,5,Beverages,Water,,,12621012,2026-09-06 17:37:13,False,https://metroonline.page.link/rL9k
Nestle Nesfruta Juice Apple 1Litre,267,False,225,41,12,Beverages,Juices,,,12620972,2026-09-06 17:37:13,True,https://metroonline.page.link/EHJs
Nestle Fruita Vitals Peach Nectar 200ML,79,False,63,16439,12,Beverages,Juices,,,12620949,2026-09-06 17:37:13,True,https://metroonline.page.link/pDMH
Fruitien Pineapple Nectar 1 LTR,290,False,0,0,12,Beverages,Juices,,,12620940,2026-09-06 17:37:13,False,https://metroonline.page.link/VqdF
Shezan All Pure Mango Nectar 1 LTR,250,False,0,349,12,Beverages,Juices,,,12620939,2026-09-06 17:37:13,True,https://metroonline.page.link/Z5Gx
NESTLE Pure Life Water 500ML X12,819,False,,1000000,2,Beverages,Water,,,12620917,2026-09-06 17:37:13,False,https://metroonline.page.link/C5z7
Nestle Nesfruta Mango Juice 200ML,49,False,40,364,12,Beverages,Juices,,,12620886,2026-09-06 17:37:13,True,https://metroonline.page.link/u52q
Fanta Can 250ML,120,True,95,3942,12,Beverages,Soft Drinks,,,12620874,2026-09-06 17:37:13,True,https://metroonline.page.link/tJFG
Sprite 500 ML X12,1149,False,1030,1000000,1,Beverages,Soft Drinks,,,12620855,2026-09-06 17:37:13,True,https://metroonline.page.link/xu2t
Fruitien Peach Nectar 1 LTR,306,False,0,0,12,Beverages,Juices,,,12620847,2026-09-06 17:37:13,False,https://metroonline.page.link/cqpd
Coca Cola Zero Sugar Can 250ML,99,False,93,268,12,Beverages,Soft Drinks,,,12620780,2026-09-06 17:37:13,True,https://metroonline.page.link/2fGD
Coca Cola 500 ML x12,1149,False,1030,1000000,2,Beverages,Soft Drinks,,,12620760,2026-09-06 17:37:13,True,https://metroonline.page.link/FEq8
Shezan Juice Apple 1 LTR,215,False,0,779,12,Beverages,Juices,,,12620754,2026-09-06 17:37:13,True,https://metroonline.page.link/9uQH
Nestle Fruita Vitals Nectar Pineapple 1 LTR,485,False,400,1076,12,Beverages,Juices,,,12620737,2026-09-06 17:37:13,True,https://metroonline.page.link/yaeo
Sprite Mint 1.5L x6,999,False,983,1000000,3,Beverages,Soft Drinks,,,12620721,2026-09-06 17:37:13,True,https://metroonline.page.link/gGeh
Sprite Zero Sugar 500 ML,99,False,93,85,6,Beverages,Soft Drinks,,,12620720,2026-09-06 17:37:13,True,https://metroonline.page.link/wRby
NESTLE Pure Life Water 1500ML,96,False,0,2019,12,Beverages,Water,,,12620704,2026-09-06 17:37:13,True,https://metroonline.page.link/9Axy
Fruitien Joy Peach 1LTR,175,False,0,0,12,Beverages,Juices,,,12620703,2026-09-06 17:37:13,False,https://metroonline.page.link/Zj1c
Fanta 1.5Litre,171,False,158,1307,12,Beverages,Soft Drinks,,,12620690,2026-09-06 17:37:13,True,https://metroonline.page.link/A3Bc
Nestle Fruita Vitals Peach Nectar 1L,387,False,339,1106,12,Beverages,Juices,,,12620671,2026-09-06 17:37:13,True,https://metroonline.page.link/Tgnp
Coca Cola 2.25L x 6,1142,False,1109,1000,4,Beverages,Soft Drinks,,,12620645,2026-09-06 17:37:13,True,https://metroonline.page.link/X7J4
Fruitien Guava Nectar 1 LTR,260,False,250,0,12,Beverages,Juices,,,12620635,2026-09-06 17:37:13,False,https://metroonline.page.link/xv3S
Nestle Fruita Vitals Nectar Apple 1 LTR,388,False,339,266,12,Beverages,Juices,,,12620618,2026-09-06 17:37:13,True,https://metroonline.page.link/Pt8z
Fruitien Nectar Mango 200ML X 6,382,False,330,1000000,2,Beverages,Juices,,,12620586,2026-09-06 17:37:13,False,https://metroonline.page.link/WNko
Nestle Fruita Vitals Pineapple 200ML,60,False,0,0,12,Beverages,Juices,,,12620573,2026-09-06 17:37:13,False,https://metroonline.page.link/z3R7
Shezan Mango 250ML x 24,990,True,969,1000000,2,Beverages,Juices,,,12620540,2026-09-06 17:37:13,True,https://metroonline.page.link/2Sfb
Nestle Nesfruta Juice Mango 1 Ltr,267,False,235,85,12,Beverages,Juices,,,12620479,2026-09-06 17:37:13,True,https://metroonline.page.link/5VLV
Fruitien Nectar Mango 1 LTR,260,False,0,0,12,Beverages,Juices,,,12620427,2026-09-06 17:37:13,False,https://metroonline.page.link/ZWr4
Redbull Stimulant Drink 250ML,485,False,455,607,12,Beverages,Soft Drinks,,,12620402,2026-09-06 17:37:13,True,https://metroonline.page.link/VTxR
Shezan Fruit Drink Punch 1 LTR,215,False,0,843,12,Beverages,Juices,,,12620378,2026-09-06 17:37:13,True,https://metroonline.page.link/5v7M
Fruitien Joy Fruit Drink Mango 1 LTR,175,False,185,0,12,Beverages,Juices,,,12620377,2026-09-06 17:37:13,False,https://metroonline.page.link/cs5L
Nestle Fruita Vital Nectar Red Grapes 1 LTR,485,False,355,217,12,Beverages,Juices,,,12620370,2026-09-06 17:37:13,True,https://metroonline.page.link/B2iz
Sprite 2.25Litre,200,False,200,3908,6,Beverages,Soft Drinks,,,12620362,2026-09-06 17:37:13,False,https://metroonline.page.link/Cng6
Tang Lemon Pepper 375GM,350,True,290,1554,15,Beverages,Powder Drinks,Instant Drinks,,9999942,2026-09-06 17:37:13,True,https://metroonline.page.link/gjuY
Nestle Fruita Vitals Chaunsa Nectar 200ML,79,False,63,59530,12,Beverages,Juices,,,12620306,2026-09-06 17:37:13,True,https://metroonline.page.link/X689
Tang Mango 375GM,350,True,290,3566,15,Beverages,Powder Drinks,Instant Drinks,,9999962,2026-09-06 17:37:13,True,https://metroonline.page.link/VK9x
Nestle Fruita Vitals Chaunsa Nectar 1L,387,False,339,7865,12,Beverages,Juices,,,9999966,2026-09-06 17:37:13,True,https://metroonline.page.link/eTDm
Rooh Afza 800 ML,430,False,395,1926,12,Beverages,Red Syrups and Squashes,Red Syrups,,12620255,2026-09-06 17:37:13,True,https://metroonline.page.link/aXrf
NESTLE Pure Life Water 500ML,69,False,,27,12,Beverages,Water,,,12620244,2026-09-06 17:37:13,True,https://metroonline.page.link/GHfZ
Slice Mango 200ML ,43,False,0,0,6,Beverages,Soft Drinks,,,12620228,2026-09-06 17:37:13,False,https://metroonline.page.link/89rj
Shezan Fruit Drink Mango 1 LTR,215,False,0,793,12,Beverages,Juices,,,12620221,2026-09-06 17:37:13,True,https://metroonline.page.link/FYHH
Tang Pineapple 375GM,350,True,290,1386,15,Beverages,Powder Drinks,Instant Drinks,,9999954,2026-09-06 17:37:13,True,https://metroonline.page.link/8HUW
Coca Cola 2.25L,200,False,189,15961,12,Beverages,Soft Drinks,,,12620188,2026-09-06 17:37:13,True,https://metroonline.page.link/LGhA
Sprite 1.5 Litre X 6,1040,False,0,1000000,4,Beverages,Soft Drinks,,,12620170,2026-09-06 17:37:13,True,https://metroonline.page.link/maqT
Coca Cola 1.5 Litre,173,False,0,622,12,Beverages,Soft Drinks,,,12620112,2026-09-06 17:37:13,True,https://metroonline.page.link/K5zo
Nestle Fruita Vitals Red Grapes 200ML,79,False,63,475,12,Beverages,Juices,,,12620101,2026-09-06 17:37:13,True,https://metroonline.page.link/QKrq
Tang Orange 375GM,350,True,290,2744,15,Beverages,Powder Drinks,Instant Drinks,,9999948,2026-09-06 17:37:13,True,https://metroonline.page.link/6p8D
Coca Cola 1.5 Litre X 6,1040,False,0,1000000,4,Beverages,Soft Drinks,,,12620095,2026-09-06 17:37:13,True,https://metroonline.page.link/VMvA
Sprite 1.5Litre,171,False,166,12370,6,Beverages,Soft Drinks,,,12620084,2026-09-06 17:37:13,True,https://metroonline.page.link/rzqB
Fanta Orange 500ML,99,False,106,48,12,Beverages,Soft Drinks,,,12620041,2026-09-06 17:37:13,True,https://metroonline.page.link/qf4F
Sprite 500ML,99,False,99,232,6,Beverages,Soft Drinks,,,12620029,2026-09-06 17:37:13,True,https://metroonline.page.link/1moa
Cappy Pulpy 350 ML,120,False,108,299,12,Beverages,Juices,,,12620009,2026-09-06 17:37:13,True,https://metroonline.page.link/iAHY
Coca Cola 500ML,99,False,99,15197,12,Beverages,Soft Drinks,,,12620005,2026-09-06 17:37:13,True,https://metroonline.page.link/XNUp
7up 2.25L x 6,1179,False,0,0,2,Beverages,Soft Drinks,,,12627078,2026-09-06 17:37:13,True,https://metroonline.page.link/oC7S
7up 500ML x 12,949,False,0,0,2,Beverages,Soft Drinks,,,1283423,2026-09-06 17:37:13,False,https://metroonline.page.link/nKDg
Mirinda Orange 1.5 LTR X 6,952,False,0,0,2,Beverages,Soft Drinks,,,1283612,2026-09-06 17:37:13,False,https://metroonline.page.link/m9DW
Mirinda 500 ML X 12,949,False,0,0,2,Beverages,Soft Drinks,,,1283614,2026-09-06 17:37:13,False,https://metroonline.page.link/w6S9
Mountain Dew 500 ML X 12,1001,False,0,0,2,Beverages,Soft Drinks,,,1283629,2026-09-06 17:37:13,False,https://metroonline.page.link/H8bK
PEPSI 345ML,815,False,749,0,2,Beverages,Soft Drinks,,,1283694,2026-09-06 17:37:13,False,https://metroonline.page.link/FbmU
Pepsi 500 ML x12,949,False,0,0,2,Beverages,Soft Drinks,,,1283696,2026-09-06 17:37:13,False,https://metroonline.page.link/zs5n
Sting Stimulant Drink Berry Blast 500 ML X 12,1259,False,0,0,2,Beverages,Soft Drinks,,,1283746,2026-09-06 17:37:13,False,https://metroonline.page.link/BbJ9
Nestle Pure Life Water Fit 330ML x12,718,False,365,1000000,10,Beverages,Water,,,12641696,2026-09-06 17:37:13,True,https://metroonline.page.link/kjoW
Fanta Red Apple 500ML x12,1170,False,953,1000,2,Beverages,Soft Drinks,,,14069694,2026-09-06 17:37:13,False,https://metroonline.page.link/PqWn
Fanta Red Apple 500ML,100,False,0,0,6,Beverages,Soft Drinks,,,84264439,2026-09-06 17:37:13,False,https://metroonline.page.link/AYuL
Coke 1000ML X Sprite 1000ML,300,False,210,99,2,Beverages,Soft Drinks,,,66052115,2026-09-06 17:37:13,False,https://metroonline.page.link/A6Se
3 Coke 500ML x 3 Sprite 500ML,545,False,366,113,2,Beverages,Soft Drinks,,,66052117,2026-09-06 17:37:13,False,https://metroonline.page.link/ghMc
Gatorade BLue 500ML ,9200,False,0,0,6,Beverages,Soft Drinks,,,70788554,2026-09-06 17:37:13,False,https://metroonline.page.link/XwcX
Gatorade White 500ML ,9200,False,0,0,6,Beverages,Soft Drinks,,,70788554,2026-09-06 17:37:13,False,https://metroonline.page.link/G4mW
Mountain Dew 500ML ,87,False,0,0,6,Beverages,Soft Drinks,,,70788555,2026-09-06 17:37:13,False,https://metroonline.page.link/Ccav
Pepsi 1L ,140,False,,0,6,Beverages,Soft Drinks,,,70788557,2026-09-06 17:37:13,False,https://metroonline.page.link/B1eo
Mountain Dew 1L x6 ,909,False,0,0,3,Beverages,Soft Drinks,,,70788609,2026-09-06 17:37:13,True,https://metroonline.page.link/Bqn8
Qarshi Springley 1.5L,89,False,,1060,4,Beverages,Water,,,77629488,2026-09-06 17:37:13,True,https://metroonline.page.link/kLGT
Qarshi Springley 1.5L x6,519,False,,1000,5,Beverages,Water,,,78019406,2026-09-06 17:37:13,True,https://metroonline.page.link/Gxfz
Tang Pineapple 125GM,86,False,90,489,5,Beverages,Powder Drinks,Instant Drinks,,9999496,2026-09-06 17:37:13,True,https://metroonline.page.link/taZ8
Tang Mango 125GM,98,False,90,792,10,Beverages,Powder Drinks,Instant Drinks,,9999944,2026-09-06 17:37:13,True,https://metroonline.page.link/wwfe
Milo All in One 150G,470,False,400,27,5,Beverages,Powder Drinks,Nutritional Drinks,,94124734,2026-09-06 17:37:13,True,https://metroonline.page.link/WLA6
Milo All in One 25G,76,False,69,461,5,Beverages,Powder Drinks,Nutritional Drinks,,94124738,2026-09-06 17:37:13,True,https://metroonline.page.link/jHMy
Fruitien Redgrape 200Ml X6,382,False,300,1000000,5,Beverages,Juices,,,12641697,2026-09-06 17:37:13,False,https://metroonline.page.link/3Kss
Slice Mango 200ML ,45,False,,0,6,Beverages,Juices,,,12620466,2026-09-06 17:37:13,False,
Coca Cola 2 Litre x6,1093,False,207,0,4,Beverages,Soft Drinks,,,43567252,2026-09-06 17:37:13,True,
Sprite 350 ML,70,False,63,8,3,Beverages,Soft Drinks,,,43948417,2026-09-06 17:37:13,True,
Nature's Chocolate Malt Powder 200G,509,False,440,163,6,Beverages,Powder Drinks,Nutritional Drinks,,29117601,2026-09-06 17:37:13,True,
Shezan Lemon Barley Squash 800ML,429,False,389,121,5,Beverages,Red Syrups and Squashes,Squashes,,30769352,2026-09-06 17:37:13,True,
Shezan Fruit Punch 250ML X36,1440,False,,1000000,10,Beverages,Juices,,,75078817,2026-09-06 17:37:13,True,
Coca Cola 2 Litre,186,False,199,0,10,Beverages,Soft Drinks,,,86351926,2026-09-06 17:37:13,True,
Tang Orange 125GM,98,False,90,83,10,Beverages,Powder Drinks,Nutritional Drinks,,9999852,2026-09-06 17:37:13,True,
Coca Cola 750ML,95,False,600,0,10,Beverages,Soft Drinks,,,60420559,2026-09-06 17:37:13,True,
Coca Cola 750ML x 6,540,False,520,0,10,Beverages,Soft Drinks,,,60671872,2026-09-06 17:37:13,True,
Sprite 750 ML,95,False,,0,10,Beverages,Soft Drinks,,,61214365,2026-09-06 17:37:13,True,
TANG L&P 125G,86,False,90,789,10,Beverages,Powder Drinks,Instant Drinks,,81736856,2026-09-06 17:37:13,False,
Next Cola 2.25L X4,726,False,690,0,10,Beverages,Soft Drinks,,,83916155,2026-09-06 17:37:13,True,
Next Fizz Up 2.25 X4,726,False,690,0,15,Beverages,Soft Drinks,,,84642213,2026-09-06 17:37:13,True,
Next Fizz Up 2.25L,188,False,210,141,10,Beverages,Soft Drinks,,,84765421,2026-09-06 17:37:13,True,
Mezan Fizz Up 1Litre x 6,620,False,105,1000000,2,Beverages,Soft Drinks,,,12623798,2026-09-06 17:37:13,True,
Next Fizz Up 1L,111,False,108,878,6,Beverages,Soft Drinks,,,19896840,2026-09-06 17:37:13,True,
Nescafe White Mocha 220 ML,174,False,170,0,10,Beverages,Iced Tea and Coffee,,,41875642,2026-09-06 17:37:13,True,
Fruit Farm Mango 1L X12,2200,False,2040,1000000,10,Beverages,Juices,,,5480645,2026-09-06 17:37:13,True,
Fruit Farm Apple 1L X12,2200,False,2040,100000,10,Beverages,Juices,,,5480650,2026-09-06 17:37:13,True,
Fruit Farm Peach 1L X12,2200,False,2040,100000,10,Beverages,Juices,,,5480654,2026-09-06 17:37:13,True,
Haleeb Apple 200Ml X24,1020,False,1000,1000000,10,Beverages,Juices,,,5480657,2026-09-06 17:37:13,True,
Haleeb Apple 1L X12,2400,False,2300,1000000,10,Beverages,Juices,,,5480661,2026-09-06 17:37:13,True,
Haleeb Chaunsa 1L x 12,2400,False,1432,100000,10,Beverages,Juices,,,5480664,2026-09-06 17:37:13,True,https://metroonline.page.link/q9uL
Sprite 350Ml x12,790,False,0,-1,10,Beverages,Soft Drinks,,,5480667,2026-09-06 17:37:13,True,
Sprite Zero 350Ml x12,790,False,0,100000,10,Beverages,Soft Drinks,,,5480670,2026-09-06 17:37:13,False,
Rooh Afza 425ML,259,False,235,46,6,Beverages,Red Syrups and Squashes,Red Syrups,,50398397,2026-09-06 17:37:13,True,https://metroonline.page.link/16AF
Shezan Mango Squash 1.4L,757,False,669,28,5,Beverages,Red Syrups and Squashes,Squashes,,58435730,2026-09-06 17:37:13,True,
Frootful Nectar Mango 250ML Can,121,False,,1333,,Beverages,Soft Drinks,,,29126723,2026-09-06 17:37:13,True,https://metroonline.page.link/SMh1
Frootful Nectar Pomegrenate 250ML Can,121,False,,1333,,Beverages,Soft Drinks,,,29126728,2026-09-06 17:37:13,True,https://metroonline.page.link/dvrQ
Frootful Nectar Pink Guava 250ML Can,121,False,,1333,,Beverages,Soft Drinks,,,29126735,2026-09-06 17:37:13,True,https://metroonline.page.link/JNsT
Jazee Bin LinerÂ x35,655,False,455,158,10,Household,Miscellaneous,Disposables,,12643091,2026-09-06 17:37:18,True,https://metroonline.page.link/edfU
Surf Excel Detergent Matic Top Load 1KG,699,False,0,0,5,Household,Laundry,Detergents and Laundry Soaps,,12643057,2026-09-06 17:37:18,False,https://metroonline.page.link/8YkT
Surf Excel Washing Detergent 180GM,99,False,97,302,5,Household,Laundry,Detergents and Laundry Soaps,,12643056,2026-09-06 17:37:18,False,https://metroonline.page.link/MR65
Melamine Dinner Set Durawn Relation 40Pcs,27999,False,19999,7,,Household,Kitchen Utensils and Cutlery,Crockery,,12643045,2026-09-06 17:37:18,True,https://metroonline.page.link/M3rr
FINE LIFE AIRFRESHNER 300ML,300,True,259,497,48,Household,Aerosols,Air Sprays,,12642910,2026-09-06 17:37:18,True,https://metroonline.page.link/gfMm
FINE LIFE AIRFRESHNER 300ML,300,True,259,2365,48,Household,Aerosols,Air Sprays,,12642909,2026-09-06 17:37:18,True,https://metroonline.page.link/gYKU
FINE LIFE AIRFRESHNER 300ML,300,True,259,1963,5,Household,Aerosols,Air Sprays,,12642908,2026-09-06 17:37:18,True,https://metroonline.page.link/G3yZ
FINE LIFE AIRFRESHNER 300ML,220,False,179,0,48,Household,Aerosols,Air Sprays,,9999994,2026-09-06 17:37:18,True,https://metroonline.page.link/GZhS
FINE LIFE AIRFRESHNER 300ML,300,True,259,1912,48,Household,Aerosols,Air Sprays,,12642906,2026-09-06 17:37:18,True,https://metroonline.page.link/pbjy
FINE LIFE AIRFRESHNER 300ML,259,False,203,0,5,Household,Aerosols,Air Sprays,,12642905,2026-09-06 17:37:18,True,https://metroonline.page.link/Q3fH
FINE LIFE AIRFRESHNER 300ML,259,False,203,0,5,Household,Aerosols,Air Sprays,,12642904,2026-09-06 17:37:18,True,https://metroonline.page.link/scUv
FINE LIFE AIRFRESHNER 300ML,300,True,259,1304,5,Household,Aerosols,Air Sprays,,12642903,2026-09-06 17:37:18,True,https://metroonline.page.link/N1Nn
FINE LIFE AIRFRESHNER 300ML,300,True,259,1405,48,Household,Aerosols,Air Sprays,,12642902,2026-09-06 17:37:18,True,https://metroonline.page.link/T732
Fine Life Air Freshener 300ML,300,True,259,2901,5,Household,Aerosols,Air Sprays,,12642901,2026-09-06 17:37:18,True,https://metroonline.page.link/F8k9
Dettol Disinfectant Liquid 250ML,297,False,0,0,10,Household,House Cleaning,Disinfectants,,12642880,2026-09-06 17:37:18,False,https://metroonline.page.link/Y5wi
Kiwi Shoe Polish Dark Tan 20ML,229,False,0,0,5,Household,House Cleaning,Shoe Polish,,12642867,2026-09-06 17:37:18,True,https://metroonline.page.link/ZwFU
Kiwi Shoe Polish Black 20ML,229,False,0,1,5,Household,House Cleaning,Shoe Polish,,12642866,2026-09-06 17:37:18,True,https://metroonline.page.link/8zoU
Glint Glass Window Cleaner Lavender 500ML,699,False,0,0,5,Household,House Cleaning,Disinfectants,,12642865,2026-09-06 17:37:18,True,https://metroonline.page.link/71Mb
MAX Multi-Purpose Cleaner Rose 1000ML+200ML,700,False,0,0,3,Household,House Cleaning,Disinfectants,,12642859,2026-09-06 17:37:18,False,https://metroonline.page.link/9bL7
OK Tissue Toilet Roll Pink,14,False,16,0,5,Household,House Cleaning,Tissues and Napkins,,12642826,2026-09-06 17:37:18,True,https://metroonline.page.link/sZgC
Metro Professional Disposable Plastic Food Stortage Container with Lid 0.75L,17,False,272,0,5,Household,Miscellaneous,Disposables,,12642803,2026-09-06 17:37:18,True,https://metroonline.page.link/FA2T
Metro Professional Disposable Plastic Food Storage Container with Lid 1L,17,False,272,0,5,Household,Miscellaneous,Disposables,,12642802,2026-09-06 17:37:18,False,https://metroonline.page.link/EYQX
Metro Professional Disposable Plastic Food Storage Container with Lid 0.5L,14,False,224,0,5,Household,Miscellaneous,Disposables,,12642801,2026-09-06 17:37:18,False,https://metroonline.page.link/4KBD
Fine Dreaming Tissue Toilet Roll Large,55,False,16,0,5,Household,House Cleaning,Tissues and Napkins,,12642779,2026-09-06 17:37:18,False,https://metroonline.page.link/JXrF
Fine Dreaming Tissue Toilet Roll Large,54,False,16,0,5,Household,House Cleaning,Tissues and Napkins,,12642778,2026-09-06 17:37:18,False,https://metroonline.page.link/A4D5
Fine Dreaming Steel Scourer Xlarge,119,False,105,0,5,Household,Kitchen Cleaning,Sponges,,12642775,2026-09-06 17:37:18,False,https://metroonline.page.link/DQHr
Fine Dreaming Steel Scourer Small,68,False,70,0,5,Household,Kitchen Cleaning,Sponges,,12642774,2026-09-06 17:37:18,False,https://metroonline.page.link/8U8r
Fine Dreaming Scouring Sponge Large X 3,276,False,215,0,5,Household,Kitchen Cleaning,Sponges,,12642773,2026-09-06 17:37:18,False,https://metroonline.page.link/8opf
Fine Dreaming Scouring Sponge Large,245,False,263,0,5,Household,Kitchen Cleaning,Sponges,,12642772,2026-09-06 17:37:18,True,https://metroonline.page.link/QHiA
Fine Dreaming Scouring Pad Large,50,False,704,0,5,Household,Kitchen Cleaning,Sponges,,12642771,2026-09-06 17:37:18,True,https://metroonline.page.link/nLuq
Fine Life Dishwashing Liquid Orange 1L,599,False,529,123,5,Household,Kitchen Cleaning,Dishwashing Liquids,,9999513,2026-09-06 17:37:18,True,https://metroonline.page.link/HVPw
Fine Life Dishwashing Liquid Lemon 1L,599,False,529,106,5,Household,Kitchen Cleaning,Dishwashing Liquids,,9999870,2026-09-06 17:37:18,True,https://metroonline.page.link/cDwd
Vim Dishwash Gel Lime 500ML,400,False,350,0,14,Household,Kitchen Cleaning,Dishwashing Liquids,,12642728,2026-09-06 17:37:18,True,https://metroonline.page.link/qYmz
Vim Dish Wash Powder Pouch Lemon 400GM,81,False,72,36,24,Household,Kitchen Cleaning,Dishwashing Bars,,12642721,2026-09-06 17:37:18,True,https://metroonline.page.link/vq6f
Aluminium Sauce Pan With Lid,3029,False,2000,0,5,Household,Kitchen Utensils and Cutlery,Pots and Pans,,12642710,2026-09-06 17:37:18,False,https://metroonline.page.link/bnmr
Lighter,599,False,449,440,5,Household,Kitchen Utensils and Cutlery,Kitchen Utensils and Accessories,,12642709,2026-09-06 17:37:18,True,https://metroonline.page.link/gSYN
Silver Juice Mug,479,False,400,0,5,Household,Kitchen Utensils and Cutlery,Kitchen Utensils and Accessories,,12642708,2026-09-06 17:37:18,True,https://metroonline.page.link/Lnpw
Presentation Tray X Large,599,False,450,3,5,Household,Kitchen Utensils and Cutlery,Kitchen Utensils and Accessories,,12642707,2026-09-06 17:37:18,True,https://metroonline.page.link/nTcA
Presentation Tray Large,500,False,350,22,5,Household,Kitchen Utensils and Cutlery,Kitchen Utensils and Accessories,,12642706,2026-09-06 17:37:18,True,https://metroonline.page.link/gCCp
Presentation Tray Medium,349,False,249,3,5,Household,Kitchen Utensils and Cutlery,Kitchen Utensils and Accessories,,12642705,2026-09-06 17:37:18,True,https://metroonline.page.link/JdHo
Presentation Tray Small,249,False,150,4,5,Household,Kitchen Utensils and Cutlery,Kitchen Utensils and Accessories,,12642704,2026-09-06 17:37:18,True,https://metroonline.page.link/AkRC
Karahi 15,2699,False,1999,0,5,Household,Kitchen Utensils and Cutlery,Kitchen Utensils and Accessories,,12642703,2026-09-06 17:37:18,True,https://metroonline.page.link/5SWz
Karahi 13,2099,False,1899,18,5,Household,Kitchen Utensils and Cutlery,Pots and Pans,,12642702,2026-09-06 17:37:18,True,https://metroonline.page.link/2rGg
Flat Tawa 14,1999,False,1449,0,5,Household,Kitchen Utensils and Cutlery,Pots and Pans,,12642699,2026-09-06 17:37:18,True,https://metroonline.page.link/nfW6
Flat Tawa 12,1599,False,2399,1,5,Household,Kitchen Utensils and Cutlery,Pots and Pans,,12642698,2026-09-06 17:37:18,True,https://metroonline.page.link/j2FQ
Plain Rice Serving Spoon,349,False,,5,5,Household,Kitchen Utensils and Cutlery,Cutlery,,12642697,2026-09-06 17:37:18,True,https://metroonline.page.link/P32u
Plain Curry Serving Spoon,349,False,299,26,5,Household,Kitchen Utensils and Cutlery,Cutlery,,12642696,2026-09-06 17:37:18,True,https://metroonline.page.link/tLMS
Stainless Steel Pot With Lid 11,3499,False,2549,0,5,Household,Kitchen Utensils and Cutlery,Pots and Pans,,12642694,2026-09-06 17:37:18,True,https://metroonline.page.link/fqbs
Stainless Steel Pot With Lid 9,2399,False,1749,4,5,Household,Kitchen Utensils and Cutlery,Pots and Pans,,12642692,2026-09-06 17:37:18,True,https://metroonline.page.link/oQ7P
Silver Deep Plate Large,269,False,200,0,5,Household,Kitchen Utensils and Cutlery,Crockery,,12642691,2026-09-06 17:37:18,False,https://metroonline.page.link/B5qu
Silver Deep Plate Medium,259,False,200,0,5,Household,Kitchen Utensils and Cutlery,Crockery,,12642690,2026-09-06 17:37:18,False,https://metroonline.page.link/g3hD
Silver Plate Large,269,False,199,0,5,Household,Kitchen Utensils and Cutlery,Crockery,,12642689,2026-09-06 17:37:18,True,https://metroonline.page.link/3M4i
Silver Plate Medium,259,False,229,79,5,Household,Kitchen Utensils and Cutlery,Crockery,,12642688,2026-09-06 17:37:18,True,https://metroonline.page.link/TWUw
Handi With Lid,2099,False,1649,0,5,Household,Kitchen Utensils and Cutlery,Pots and Pans,,12642687,2026-09-06 17:37:18,True,https://metroonline.page.link/u4Jz
Sipri With Lid 3,1299,False,949,0,5,Household,Kitchen Utensils and Cutlery,Kitchen Utensils and Accessories,,12642686,2026-09-06 17:37:18,False,https://metroonline.page.link/Umbd
Sipri With Lid 2,999,False,749,0,5,Household,Kitchen Utensils and Cutlery,Kitchen Utensils and Accessories,,12642685,2026-09-06 17:37:18,True,https://metroonline.page.link/n7BB
Sauce Pan 8,1800,False,1299,0,5,Household,Kitchen Utensils and Cutlery,Pots and Pans,,12642683,2026-09-06 17:37:18,True,https://metroonline.page.link/fMs4
Sauce Pan 7,1499,False,999,1,5,Household,Kitchen Utensils and Cutlery,Pots and Pans,,12642682,2026-09-06 17:37:18,True,https://metroonline.page.link/KqzK
Round Tray 4,599,False,499,0,5,Household,Kitchen Utensils and Cutlery,Kitchen Utensils and Accessories,,12642680,2026-09-06 17:37:18,False,https://metroonline.page.link/aYRV
Round Tray 3,499,False,399,0,5,Household,Kitchen Utensils and Cutlery,Kitchen Utensils and Accessories,,12642679,2026-09-06 17:37:18,False,https://metroonline.page.link/g4i8
Round Tray 2,449,False,349,0,5,Household,Kitchen Utensils and Cutlery,Kitchen Utensils and Accessories,,12642678,2026-09-06 17:37:18,False,https://metroonline.page.link/Y23r
Knife 10  8.9,199,False,0,1,10,Household,Kitchen Utensils and Cutlery,Cutlery,,12642671,2026-09-06 17:37:18,True,https://metroonline.page.link/Am3i
Knife 10  8.9,399,False,299,65,5,Household,Kitchen Utensils and Cutlery,Cutlery,,12642670,2026-09-06 17:37:18,True,https://metroonline.page.link/7UNG
Rice Skimmer 15,699,False,499,5,5,Household,Kitchen Utensils and Cutlery,Kitchen Utensils and Accessories,,12642667,2026-09-06 17:37:18,True,https://metroonline.page.link/j5Uq
Milk Laddle 15,799,False,600,1,5,Household,Kitchen Utensils and Cutlery,Kitchen Utensils and Accessories,,12642666,2026-09-06 17:37:18,True,https://metroonline.page.link/Jo3d
Spatula 15,699,False,549,0,5,Household,Kitchen Utensils and Cutlery,Kitchen Utensils and Accessories,,12642665,2026-09-06 17:37:18,True,https://metroonline.page.link/n95e
Cooking Spoon  15,699,False,549,0,5,Household,Kitchen Utensils and Cutlery,Cutlery,,12642664,2026-09-06 17:37:18,True,https://metroonline.page.link/43qp
Printed Travelling Mug,999,False,779,0,5,Household,Kitchen Utensils and Cutlery,Kitchen Utensils and Accessories,,12642663,2026-09-06 17:37:18,False,https://metroonline.page.link/3krm
Color Travelling Mug,949,False,779,0,5,Household,Kitchen Utensils and Cutlery,Kitchen Utensils and Accessories,,12642662,2026-09-06 17:37:18,False,https://metroonline.page.link/eMXd
6 Pcs Plain Knife 03,969,False,800,0,5,Household,Kitchen Utensils and Cutlery,Cutlery,,12642661,2026-09-06 17:37:18,False,https://metroonline.page.link/7qrY
6 Pcs Plain Fork 03,949,False,849,0,5,Household,Kitchen Utensils and Cutlery,Cutlery,,12642660,2026-09-06 17:37:18,True,https://metroonline.page.link/yPWY
6 Pcs Plain Tea Spoon 03,899,False,799,3,5,Household,Kitchen Utensils and Cutlery,Cutlery,,12642659,2026-09-06 17:37:18,True,https://metroonline.page.link/fjMH
6 Pcs Plain Medium Spoon 03,929,False,829,17,5,Household,Kitchen Utensils and Cutlery,Cutlery,,12642658,2026-09-06 17:37:18,True,https://metroonline.page.link/Q5eZ
6 Pcs Plain Table Spoon 03,949,False,849,26,5,Household,Kitchen Utensils and Cutlery,Cutlery,,12642657,2026-09-06 17:37:18,True,https://metroonline.page.link/9W5s
Rice Serving Spoon  Black Escape,99,False,79,0,5,Household,Kitchen Utensils and Cutlery,Cutlery,,12642656,2026-09-06 17:37:18,False,https://metroonline.page.link/hFuW
Cuerry Serving Spoon  Black Es,99,False,79,0,5,Household,Kitchen Utensils and Cutlery,Cutlery,,12642655,2026-09-06 17:37:18,False,https://metroonline.page.link/ML83
Soup Spoon  Black Escape,55,False,40,0,5,Household,Kitchen Utensils and Cutlery,Cutlery,,12642654,2026-09-06 17:37:18,False,https://metroonline.page.link/3iTV
Bowl 5.5  Black Escape,135,False,99,116,5,Household,Kitchen Utensils and Cutlery,Crockery,,12642653,2026-09-06 17:37:18,True,https://metroonline.page.link/bSMu
Noodle Bowl 7.5 Black Escape,199,False,169,0,5,Household,Kitchen Utensils and Cutlery,Crockery,,12642651,2026-09-06 17:37:18,True,https://metroonline.page.link/ktCi
Curry Bowl 9  Black Escape,379,False,299,0,5,Household,Kitchen Utensils and Cutlery,Crockery,,12642650,2026-09-06 17:37:18,True,https://metroonline.page.link/XcU5
Oval Dish 14 Black Escape,499,False,429,0,5,Household,Kitchen Utensils and Cutlery,Crockery,,12642649,2026-09-06 17:37:18,True,https://metroonline.page.link/46Da
Quarter Plate 7.9  Black Escape,239,False,199,0,5,Household,Kitchen Utensils and Cutlery,Crockery,,12642648,2026-09-06 17:37:18,True,https://metroonline.page.link/bhkn
Soup Plate 8.8  Black Escape,299,False,249,20,5,Household,Kitchen Utensils and Cutlery,Crockery,,12642647,2026-09-06 17:37:18,True,https://metroonline.page.link/o6gv
Dinner Plate 10 Black Escape,399,False,280,2,5,Household,Kitchen Utensils and Cutlery,Crockery,,12642646,2026-09-06 17:37:18,True,https://metroonline.page.link/fUoQ
Whiteware Rice Serving Spoon,99,False,79,160,5,Household,Kitchen Utensils and Cutlery,Cutlery,,12642645,2026-09-06 17:37:18,True,https://metroonline.page.link/Pa3x
Whiteware Curry Spoon,99,False,79,0,5,Household,Kitchen Utensils and Cutlery,Cutlery,,12642644,2026-09-06 17:37:18,False,https://metroonline.page.link/UpPU
Whiteware Table Spoon,55,False,40,0,5,Household,Kitchen Utensils and Cutlery,Cutlery,,12642643,2026-09-06 17:37:18,True,https://metroonline.page.link/BypY
Whiteware Soup Spoon,55,False,49,0,5,Household,Kitchen Utensils and Cutlery,Cutlery,,12642642,2026-09-06 17:37:18,True,https://metroonline.page.link/Qkbw
Whiteware Ketchup Bowl,89,False,69,0,5,Household,Kitchen Utensils and Cutlery,Crockery,,12642641,2026-09-06 17:37:18,True,https://metroonline.page.link/wp1i
Whiteware Bowl 5.5,135,False,99,4,5,Household,Kitchen Utensils and Cutlery,Crockery,,12642640,2026-09-06 17:37:18,True,https://metroonline.page.link/WoPf
Whiteware Bowl 7.5,199,False,169,0,5,Household,Kitchen Utensils and Cutlery,Crockery,,12642639,2026-09-06 17:37:18,True,https://metroonline.page.link/GhQz
Whiteware Curry Bowl 9,379,False,299,0,5,Household,Kitchen Utensils and Cutlery,Crockery,,12642638,2026-09-06 17:37:18,True,https://metroonline.page.link/Khrq
Whiteware Oval Dish 14,499,False,429,0,5,Household,Kitchen Utensils and Cutlery,Crockery,,12642637,2026-09-06 17:37:18,False,https://metroonline.page.link/ZH5y
Whiteware Quarter Plate 7.9,239,False,199,3,5,Household,Kitchen Utensils and Cutlery,Crockery,,12642636,2026-09-06 17:37:18,True,https://metroonline.page.link/X9sZ
Whiteware Deep Plate 8.8,299,False,249,38,5,Household,Kitchen Utensils and Cutlery,Crockery,,12642635,2026-09-06 17:37:18,True,https://metroonline.page.link/cese
Whiteware Dinner Plate 10,399,False,260,35,5,Household,Kitchen Utensils and Cutlery,Crockery,,12642634,2026-09-06 17:37:18,True,https://metroonline.page.link/YMPA
Gadgets Assorted,499,False,300,442,5,Household,Kitchen Utensils and Cutlery,Kitchen Utensils and Accessories,,12642626,2026-09-06 17:37:18,True,https://metroonline.page.link/MwUM
Curry Serving Spoon,299,False,249,0,5,Household,Kitchen Utensils and Cutlery,Cutlery,,12642625,2026-09-06 17:37:18,True,https://metroonline.page.link/7Pmy
Rice Serving Spoon,299,False,249,0,10,Household,Kitchen Utensils and Cutlery,Cutlery,,12642624,2026-09-06 17:37:18,True,https://metroonline.page.link/c26g
Black Border Soup Spoon,55,False,49,0,5,Household,Kitchen Utensils and Cutlery,Cutlery,,12642623,2026-09-06 17:37:18,False,https://metroonline.page.link/UhdK
Black Border Ketchup Bowl,89,False,69,0,5,Household,Kitchen Utensils and Cutlery,Crockery,,12642622,2026-09-06 17:37:18,False,https://metroonline.page.link/trpZ
Black Border Bowl 4.5,99,False,89,0,5,Household,Kitchen Utensils and Cutlery,Crockery,,12642621,2026-09-06 17:37:18,False,https://metroonline.page.link/e7He
Black Border Bowl 5.5,135,False,99,66,5,Household,Kitchen Utensils and Cutlery,Crockery,,12642620,2026-09-06 17:37:18,True,https://metroonline.page.link/u2pT
Black Border Bowl 7.5,199,False,149,0,5,Household,Kitchen Utensils and Cutlery,Crockery,,12642619,2026-09-06 17:37:18,True,https://metroonline.page.link/RqZX
Black Border Curry Bowl 9,379,False,299,0,5,Household,Kitchen Utensils and Cutlery,Crockery,,12642618,2026-09-06 17:37:18,True,https://metroonline.page.link/QHz8
Black Border Oval Dish 14,499,False,399,0,5,Household,Kitchen Utensils and Cutlery,Crockery,,12642617,2026-09-06 17:37:18,True,https://metroonline.page.link/G8pp
Black Border Quarter Plates 7,209,False,169,0,5,Household,Kitchen Utensils and Cutlery,Crockery,,12642616,2026-09-06 17:37:18,True,https://metroonline.page.link/8QCQ
Black Border Dinner Plate 10.2,369,False,249,0,5,Household,Kitchen Utensils and Cutlery,Crockery,,12642615,2026-09-06 17:37:18,True,https://metroonline.page.link/zX1A
Black Border Deep Plates 9,289,False,199,0,5,Household,Kitchen Utensils and Cutlery,Crockery,,12642614,2026-09-06 17:37:18,True,https://metroonline.page.link/uR1c
Cutting Board,699,False,649,45,5,Household,Kitchen Utensils and Cutlery,Kitchen Utensils and Accessories,,12642611,2026-09-06 17:37:18,True,https://metroonline.page.link/k6fW
Rolling Pin  Board,1099,False,849,10,5,Household,Kitchen Utensils and Cutlery,Kitchen Utensils and Accessories,,12642610,2026-09-06 17:37:18,True,https://metroonline.page.link/jbxj
Spatula,499,False,379,0,5,Household,Kitchen Utensils and Cutlery,Kitchen Utensils and Accessories,,12642609,2026-09-06 17:37:18,True,https://metroonline.page.link/Pz2s
Spatula,499,False,349,89,5,Household,Kitchen Utensils and Cutlery,Kitchen Utensils and Accessories,,12642608,2026-09-06 17:37:18,True,https://metroonline.page.link/rrn7
Rice Skimmer,499,False,349,102,5,Household,Kitchen Utensils and Cutlery,Kitchen Utensils and Accessories,,12642607,2026-09-06 17:37:18,True,https://metroonline.page.link/TUFz
Cooking Spoon,499,False,349,26,5,Household,Kitchen Utensils and Cutlery,Cutlery,,12642606,2026-09-06 17:37:18,True,https://metroonline.page.link/4vCQ
Anh Classico Jug,299,False,349,0,5,Household,Kitchen Utensils and Cutlery,Kitchen Utensils and Accessories,,12642605,2026-09-06 17:37:18,False,https://metroonline.page.link/FCWN
Anh Crypto Jug,549,False,349,0,5,Household,Kitchen Utensils and Cutlery,Kitchen Utensils and Accessories,,12642604,2026-09-06 17:37:18,False,https://metroonline.page.link/FGPr
FLASK- 3 LTR,7999,False,6549,0,10,Household,Kitchen Utensils and Cutlery,Kitchen Utensils and Accessories,,12641760,2026-09-06 17:37:18,False,https://metroonline.page.link/MDmz
Flask 1.9 Ltr,4299,False,3449,0,5,Household,Kitchen Utensils and Cutlery,Kitchen Utensils and Accessories,,12642602,2026-09-06 17:37:18,True,https://metroonline.page.link/Mqg1
Flask 1.6 Ltr,3999,False,3199,2,5,Household,Kitchen Utensils and Cutlery,Kitchen Utensils and Accessories,,12642601,2026-09-06 17:37:18,True,https://metroonline.page.link/Eup3
Flask 1 Ltr 01,3399,False,3399,0,5,Household,Kitchen Utensils and Cutlery,Kitchen Utensils and Accessories,,12642600,2026-09-06 17:37:18,True,https://metroonline.page.link/MPVR
Flask 1 Ltr,1800,False,1399,0,5,Household,Kitchen Utensils and Cutlery,Kitchen Utensils and Accessories,,12642599,2026-09-06 17:37:18,False,https://metroonline.page.link/BhsR
Silicon Baking Set,299,False,219,280,5,Household,Kitchen Utensils and Cutlery,Kitchen Utensils and Accessories,,12642589,2026-09-06 17:37:18,True,https://metroonline.page.link/nxjy
Tray Large,529,False,0,0,5,Household,Kitchen Utensils and Cutlery,Kitchen Utensils and Accessories,,12642588,2026-09-06 17:37:18,False,https://metroonline.page.link/Tvw3
Round Tray Medium,399,False,0,0,5,Household,Kitchen Utensils and Cutlery,Kitchen Utensils and Accessories,,12642587,2026-09-06 17:37:18,False,https://metroonline.page.link/AaqF
Partition Tray 10.3,269,False,250,38,5,Household,Kitchen Utensils and Cutlery,Kitchen Utensils and Accessories,,12642585,2026-09-06 17:37:18,True,https://metroonline.page.link/FsC7
Curry or Soup Serving Spoon,99,False,79,0,5,Household,Kitchen Utensils and Cutlery,Cutlery,,12642584,2026-09-06 17:37:18,True,https://metroonline.page.link/sCmr
Soup Spoon,55,False,39,0,5,Household,Kitchen Utensils and Cutlery,Cutlery,,12642583,2026-09-06 17:37:18,False,https://metroonline.page.link/ipdn
Desert Bowl 5.4,135,False,99,44,5,Household,Kitchen Utensils and Cutlery,Crockery,,12642558,2026-09-06 17:37:18,True,https://metroonline.page.link/zJuU
Curry Bowl 9,379,False,299,0,5,Household,Kitchen Utensils and Cutlery,Crockery,,12642557,2026-09-06 17:37:18,False,https://metroonline.page.link/Trpg
Rice Dish 15.5,499,False,399,0,5,Household,Kitchen Utensils and Cutlery,Kitchen Utensils and Accessories,,12642556,2026-09-06 17:37:18,False,https://metroonline.page.link/uniX
Side Plate 7.9,239,False,199,0,5,Household,Kitchen Utensils and Cutlery,Crockery,,12642555,2026-09-06 17:37:18,True,https://metroonline.page.link/S7bd
Soup Plate 8.8,299,False,239,0,5,Household,Kitchen Utensils and Cutlery,Crockery,,12642554,2026-09-06 17:37:18,True,https://metroonline.page.link/hYX4
Dinner Plate 10,399,False,299,0,5,Household,Kitchen Utensils and Cutlery,Crockery,,12642553,2026-09-06 17:37:18,True,https://metroonline.page.link/VDzh
Larder Storage Box 7500ml,2200,False,1849,0,5,Household,Kitchen Utensils and Cutlery,Kitchen Utensils and Accessories,,12642552,2026-09-06 17:37:18,False,https://metroonline.page.link/srER
Larder Storage Box 5000ml,1499,False,1299,0,5,Household,Kitchen Utensils and Cutlery,Kitchen Utensils and Accessories,,12642551,2026-09-06 17:37:18,True,https://metroonline.page.link/pRZx
Titiz Spice Jar Set,2699,False,1949,0,5,Household,Kitchen Utensils and Cutlery,Kitchen Utensils and Accessories,,12642550,2026-09-06 17:37:18,False,https://metroonline.page.link/ptU5
Olea Oil Container 500ml,1199,False,799,0,5,Household,Kitchen Utensils and Cutlery,Kitchen Utensils and Accessories,,12642549,2026-09-06 17:37:18,False,https://metroonline.page.link/ySK7
Orca Cutlery Box,1499,False,1149,0,5,Household,Kitchen Utensils and Cutlery,Kitchen Utensils and Accessories,,12642548,2026-09-06 17:37:18,False,https://metroonline.page.link/SUSr
Eggo Egg Holder,899,False,629,0,5,Household,Kitchen Utensils and Cutlery,Kitchen Utensils and Accessories,,12642547,2026-09-06 17:37:18,False,https://metroonline.page.link/Cd4p
Motto Thermo Cup,899,False,899,57,50,Household,Kitchen Utensils and Cutlery,Kitchen Utensils and Accessories,,12642546,2026-09-06 17:37:18,False,https://metroonline.page.link/mpYP
Cupice Icecream Set,999,False,799,0,5,Household,Kitchen Utensils and Cutlery,Kitchen Utensils and Accessories,,12642544,2026-09-06 17:37:18,False,https://metroonline.page.link/kZLt
Measuring Cup 1L,599,False,599,0,5,Household,Kitchen Utensils and Cutlery,Kitchen Utensils and Accessories,,12642543,2026-09-06 17:37:18,False,https://metroonline.page.link/6ztv
Waterfall Sink Strainer,849,False,0,0,5,Household,Kitchen Utensils and Cutlery,Kitchen Utensils and Accessories,,12642542,2026-09-06 17:37:18,False,https://metroonline.page.link/1i7V
Beako Breakfast Container,2500,False,1999,174,5,Household,Kitchen Utensils and Cutlery,Kitchen Utensils and Accessories,,12642541,2026-09-06 17:37:18,True,https://metroonline.page.link/gXz5
Handle Funnle (Large),282,False,199,179,5,Household,Kitchen Utensils and Cutlery,Kitchen Utensils and Accessories,,12642539,2026-09-06 17:37:18,True,https://metroonline.page.link/6gjm
Sprax Bottle,660,False,699,17,5,Household,Kitchen Utensils and Cutlery,Kitchen Utensils and Accessories,,12642538,2026-09-06 17:37:18,True,https://metroonline.page.link/eGUV
Jarkin Jar 750ml,1299,False,999,0,5,Household,Kitchen Utensils and Cutlery,Kitchen Utensils and Accessories,,12642537,2026-09-06 17:37:18,False,https://metroonline.page.link/LEA1
Onyx Box,699,False,449,28,5,Household,Kitchen Utensils and Cutlery,Kitchen Utensils and Accessories,,12642536,2026-09-06 17:37:18,True,https://metroonline.page.link/Dnyt
Daisy Storage Container 1200ml,660,False,529,90,5,Household,Kitchen Utensils and Cutlery,Kitchen Utensils and Accessories,,12642535,2026-09-06 17:37:18,True,https://metroonline.page.link/9gqp
Larder Storage Box 3000ml,999,False,799,0,5,Household,Kitchen Utensils and Cutlery,Kitchen Utensils and Accessories,,12642534,2026-09-06 17:37:18,False,https://metroonline.page.link/65LS
Takeaway Box,2000,False,1599,82,5,Household,Kitchen Utensils and Cutlery,Kitchen Utensils and Accessories,,12642533,2026-09-06 17:37:18,True,https://metroonline.page.link/kRDq
Multi Functional Mixer Bowl,1499,False,1199,0,5,Household,Kitchen Utensils and Cutlery,Kitchen Utensils and Accessories,,12642532,2026-09-06 17:37:18,False,https://metroonline.page.link/2bij
Take  Go Yogurt Container,629,False,449,0,5,Household,Kitchen Utensils and Cutlery,Kitchen Utensils and Accessories,,12642531,2026-09-06 17:37:18,False,https://metroonline.page.link/x3so
Snowy Icecream Box,699,False,599,0,5,Household,Kitchen Utensils and Cutlery,Kitchen Utensils and Accessories,,12642530,2026-09-06 17:37:18,False,https://metroonline.page.link/JS1p
Ocean Cup,199,False,0,0,5,Household,Kitchen Utensils and Cutlery,Glassware,,12642529,2026-09-06 17:37:18,False,https://metroonline.page.link/jfMt
Funny Cup,399,False,329,0,5,Household,Kitchen Utensils and Cutlery,Kitchen Utensils and Accessories,,12642528,2026-09-06 17:37:18,False,https://metroonline.page.link/2AiV
Yummy Cup,235,False,249,108,5,Household,Kitchen Utensils and Cutlery,Kitchen Utensils and Accessories,,12642527,2026-09-06 17:37:18,True,https://metroonline.page.link/1brm
Titiz Take N Go Cup AP-9127,424,False,349,103,5,Household,Kitchen Utensils and Cutlery,Kitchen Utensils and Accessories,,12642526,2026-09-06 17:37:18,True,https://metroonline.page.link/AE4n
Measuring Cup ( 500ml),399,False,299,2,5,Household,Kitchen Utensils and Cutlery,Kitchen Utensils and Accessories,,12642525,2026-09-06 17:37:18,False,https://metroonline.page.link/JWdy
Waterfall Dryer,499,False,0,0,5,Household,Kitchen Utensils and Cutlery,Kitchen Utensils and Accessories,,12642524,2026-09-06 17:37:18,False,https://metroonline.page.link/25hy
Patterned Jar 425ml,799,False,599,44,5,Household,Kitchen Utensils and Cutlery,Kitchen Utensils and Accessories,,12642523,2026-09-06 17:37:18,True,https://metroonline.page.link/QWJS
Patterned Jar 1000ml,1099,False,819,120,5,Household,Kitchen Utensils and Cutlery,Kitchen Utensils and Accessories,,12642522,2026-09-06 17:37:18,True,https://metroonline.page.link/6uQq
Salt Shaker,299,False,229,220,5,Household,Kitchen Utensils and Cutlery,Kitchen Utensils and Accessories,,12642521,2026-09-06 17:37:18,True,https://metroonline.page.link/nsYg
Lily Spice Jar 300ml,699,False,529,0,5,Household,Kitchen Utensils and Cutlery,Kitchen Utensils and Accessories,,12642520,2026-09-06 17:37:18,False,https://metroonline.page.link/t5Tm
Damla Lemon Squeezer KC 405,599,False,499,0,5,Household,Kitchen Utensils and Cutlery,Kitchen Utensils and Accessories,,12642518,2026-09-06 17:37:18,False,https://metroonline.page.link/9KaB
Sugar Pot 420ml,999,False,749,64,5,Household,Kitchen Utensils and Cutlery,Kitchen Utensils and Accessories,,12642517,2026-09-06 17:37:18,True,https://metroonline.page.link/snkC
Perla Double Salt Shaker Bottle,699,False,449,7,5,Household,Kitchen Utensils and Cutlery,Kitchen Utensils and Accessories,,12642516,2026-09-06 17:37:18,False,https://metroonline.page.link/q9QU
Waterfresh Water Bottle 250ml,499,False,325,0,5,Household,Kitchen Utensils and Cutlery,Kitchen Utensils and Accessories,,12642515,2026-09-06 17:37:18,False,https://metroonline.page.link/Y1pg
Marken Space Jar 370ml,699,False,529,5,5,Household,Kitchen Utensils and Cutlery,Kitchen Utensils and Accessories,,12642514,2026-09-06 17:37:18,False,https://metroonline.page.link/6rfP
Larder Storage Box 13000ml,2799,False,2399,0,5,Household,Kitchen Utensils and Cutlery,Kitchen Utensils and Accessories,,12642513,2026-09-06 17:37:18,False,https://metroonline.page.link/qX4k
Titiz Sugar Pot-302,899,False,599,61,5,Household,Kitchen Utensils and Cutlery,Kitchen Utensils and Accessories,,12642512,2026-09-06 17:37:18,True,https://metroonline.page.link/LD1k
Ruby Cup 650ml,649,False,219,0,5,Household,Kitchen Utensils and Cutlery,Kitchen Utensils and Accessories,,12642509,2026-09-06 17:37:18,False,https://metroonline.page.link/ttR3
Tedy Cup 300ml,449,False,349,27,5,Household,Kitchen Utensils and Cutlery,Kitchen Utensils and Accessories,,12642508,2026-09-06 17:37:18,False,https://metroonline.page.link/sL6J
Easy Carry Storage Box,1199,False,849,0,5,Household,Kitchen Utensils and Cutlery,Kitchen Utensils and Accessories,,12642507,2026-09-06 17:37:18,False,https://metroonline.page.link/kHSo
Marken Space Jar 210ml,499,False,399,116,5,Household,Kitchen Utensils and Cutlery,Kitchen Utensils and Accessories,,12642506,2026-09-06 17:37:18,True,https://metroonline.page.link/YBv3
ChipsPopcorn Bucket,499,False,399,5,5,Household,Kitchen Utensils and Cutlery,Kitchen Utensils and Accessories,,12642505,2026-09-06 17:37:18,False,https://metroonline.page.link/xKHF
French Press 500 ml AP 9481,1149,False,849,0,5,Household,Kitchen Utensils and Cutlery,Kitchen Utensils and Accessories,,12642504,2026-09-06 17:37:18,False,https://metroonline.page.link/P5z8
TakeN Go Cup 650 ml,599,False,419,77,5,Household,Kitchen Utensils and Cutlery,Kitchen Utensils and Accessories,,12642503,2026-09-06 17:37:18,False,https://metroonline.page.link/4BWQ
Express Salad Spinner,1549,False,1199,0,5,Household,Kitchen Utensils and Cutlery,Kitchen Utensils and Accessories,,12642502,2026-09-06 17:37:18,False,https://metroonline.page.link/A99c
Titiz Botella-Tp B1G1,1699,False,999,128,5,Household,Kitchen Utensils and Cutlery,Kitchen Utensils and Accessories,,12642501,2026-09-06 17:37:18,True,https://metroonline.page.link/8wmM
Cute Cup with straw,649,False,419,0,5,Household,Kitchen Utensils and Cutlery,Kitchen Utensils and Accessories,,12642500,2026-09-06 17:37:18,False,https://metroonline.page.link/mG3e
Mixer Bowl 300ml AP 9011,1099,False,999,0,5,Household,Kitchen Utensils and Cutlery,Kitchen Utensils and Accessories,,12642499,2026-09-06 17:37:18,False,https://metroonline.page.link/MS3c
Telly Strainer,1199,False,849,0,5,Household,Kitchen Utensils and Cutlery,Kitchen Utensils and Accessories,,12642498,2026-09-06 17:37:18,False,https://metroonline.page.link/umzg
Chef Rubber Sealing Ring 9*11,657,False,0,0,5,Household,Kitchen Utensils and Cutlery,Pots and Pans,,12642494,2026-09-06 17:37:18,True,https://metroonline.page.link/qaVH
Chef Rubber Sealing Ring 3*7,607,False,0,31,5,Household,Kitchen Utensils and Cutlery,Pots and Pans,,12642493,2026-09-06 17:37:18,True,https://metroonline.page.link/D7RK
GOODBYE SWEEP 700 ML,230,False,199,12,3,Household,House Cleaning,Toilet Supplies,,9999971,2026-09-06 17:37:18,True,https://metroonline.page.link/htKF
Goodbye Sweep 1300ML,365,False,289,0,3,Household,House Cleaning,Toilet Supplies,,12642430,2026-09-06 17:37:18,True,https://metroonline.page.link/5nvV
Manual Pump,699,False,500,0,0,Household,Kitchen Utensils and Cutlery,Kitchen Utensils and Accessories,,12642429,2026-09-06 17:37:18,False,https://metroonline.page.link/CYvu
Goodbye Drain Opener 500ML,185,False,0,0,3,Household,House Cleaning,Toilet Supplies,,12642424,2026-09-06 17:37:18,True,https://metroonline.page.link/3sTP
Ariel Detergent Downy 4KG,2216,False,1980,0,4,Household,Laundry,Detergents and Laundry Soaps,,12642377,2026-09-06 17:37:18,True,https://metroonline.page.link/ZC3y
Ok Toilet Roll Small x 10,449,False,379,1243,25,Household,OK,Tissues and Napkins,,12627731,2026-09-06 17:37:18,True,https://metroonline.page.link/E18B
Water Set Thai Ivory,6499,False,0,0,5,Household,Kitchen Utensils and Cutlery,Crockery,,12642207,2026-09-06 17:37:18,False,https://metroonline.page.link/R7eY
Cup  Saucer FD Shape Bone,4499,False,0,0,5,Household,Kitchen Utensils and Cutlery,Crockery,,12642206,2026-09-06 17:37:18,False,https://metroonline.page.link/beBS
Cup  Saucer D Shape,4499,False,0,0,5,Household,Kitchen Utensils and Cutlery,Crockery,,12642205,2026-09-06 17:37:18,False,https://metroonline.page.link/VrWr
Cup  Saucer Zs Shape Bone,2999,False,0,0,5,Household,Kitchen Utensils and Cutlery,Crockery,,12642204,2026-09-06 17:37:18,False,https://metroonline.page.link/EQnn
7Pcs Bowl Set,1959,False,0,0,0,Household,Kitchen Utensils and Cutlery,Crockery,,12642202,2026-09-06 17:37:18,False,https://metroonline.page.link/n1hH
Tea Set Black 24 Pcs,11999,False,10799,0,5,Household,Kitchen Utensils and Cutlery,Crockery,,12642201,2026-09-06 17:37:18,False,https://metroonline.page.link/gajx
Tea Set Opal 24 Pcs,9999,False,0,0,5,Household,Kitchen Utensils and Cutlery,Crockery,,12642199,2026-09-06 17:37:18,False,https://metroonline.page.link/KxRG
Corroly White Dinner Set SQ 72 Pcs,21999,False,0,0,5,Household,Kitchen Utensils and Cutlery,Crockery,,12642198,2026-09-06 17:37:18,False,https://metroonline.page.link/oZFV
Tea Set (T18398),19059,False,0,0,5,Household,Kitchen Utensils and Cutlery,Crockery,,12642197,2026-09-06 17:37:18,False,https://metroonline.page.link/aaKh
Dinner  Set 72 Pcs Black,39200,False,0,0,5,Household,Kitchen Utensils and Cutlery,Crockery,,12642196,2026-09-06 17:37:18,False,https://metroonline.page.link/gVLk
New Bone China Dinner Set (TM9),39999,False,0,0,5,Household,Kitchen Utensils and Cutlery,Crockery,,12642194,2026-09-06 17:37:18,False,https://metroonline.page.link/Hn9x
Dinner Set Unique Classic,54949,False,0,0,5,Household,Kitchen Utensils and Cutlery,Crockery,,12642193,2026-09-06 17:37:18,False,https://metroonline.page.link/3Sc3
Dinner Set HN Shape,54949,False,0,0,5,Household,Kitchen Utensils and Cutlery,Crockery,,12642192,2026-09-06 17:37:18,False,https://metroonline.page.link/HQrT
Dinner Set. Fq Classic,44999,False,0,0,5,Household,Kitchen Utensils and Cutlery,Crockery,,12642191,2026-09-06 17:37:18,False,https://metroonline.page.link/W6RM
Dinner Set Jzt Light Weight PR,39999,False,0,0,5,Household,Kitchen Utensils and Cutlery,Crockery,,12642190,2026-09-06 17:37:18,False,https://metroonline.page.link/p9td
Gold-plated Bone Dinner Set GW03,54949,False,0,0,5,Household,Kitchen Utensils and Cutlery,Crockery,,12642189,2026-09-06 17:37:18,False,https://metroonline.page.link/rULd
Gold-plated Bone Dinner Set,39999,False,0,0,5,Household,Kitchen Utensils and Cutlery,Crockery,,12642188,2026-09-06 17:37:18,False,https://metroonline.page.link/Z7Sb
New Bone China Dinner Set (TM3),44999,False,0,0,5,Household,Kitchen Utensils and Cutlery,Crockery,,12642187,2026-09-06 17:37:18,False,https://metroonline.page.link/Uijg
Corroly White Dinner Set Rd 72 Pcs,16999,False,0,0,5,Household,Kitchen Utensils and Cutlery,Crockery,,12642186,2026-09-06 17:37:18,False,https://metroonline.page.link/GQfu
Steam Chef Pressure Cooker 9L,11418,False,12299,0,2,Household,Kitchen Utensils and Cutlery,Pots and Pans,,12642181,2026-09-06 17:37:18,True,https://metroonline.page.link/y6PD
Fine Life Toilet Bowl Cleaner 750ML,599,False,549,777,10,Household,House Cleaning,Toilet Supplies,,9999996,2026-09-06 17:37:18,True,https://metroonline.page.link/cacG
Glint Spray Starch 567GM,726,False,0,0,5,Household,Laundry,Fabric Care,,12641751,2026-09-06 17:37:18,True,https://metroonline.page.link/ZqfH
EXPRESS DET POWER 2KG,970,False,899,220,5,Household,Laundry,Detergents and Laundry Soaps,,9999635,2026-09-06 17:37:18,True,https://metroonline.page.link/Njpg
Kiwi Shoe Cream Lighten 45ml,429,False,0,51,5,Household,House Cleaning,Shoe Polish,,12641348,2026-09-06 17:37:18,True,https://metroonline.page.link/rtEJ
Kiwi Shoe Polish Dark Tan 45ml,375,False,0,21,5,Household,House Cleaning,Shoe Polish,,12641347,2026-09-06 17:37:18,True,https://metroonline.page.link/yyi2
Glint Glass Window Cleaner 500ml,599,False,517,174,10,Household,House Cleaning,Disinfectants,,12641344,2026-09-06 17:37:18,True,https://metroonline.page.link/phNi
Maxob 3+1 Pack,383,False,355,169,5,Household,House Cleaning,Tissues and Napkins,,9999977,2026-09-06 17:37:18,True,https://metroonline.page.link/eTiz
SPONTEX Super Mop Refill 1,570,False,0,0,5,Household,House Cleaning,Mops and Brooms,,12641335,2026-09-06 17:37:18,True,https://metroonline.page.link/fgaJ
SPONTEX Super Mop Set,1500,False,0,0,5,Household,House Cleaning,Mops and Brooms,,12641334,2026-09-06 17:37:18,True,https://metroonline.page.link/KVW9
Vim Liquid Gel Dish Wash 500ML,400,False,350,15,14,Household,Kitchen Cleaning,Dishwashing Liquids,,12641257,2026-09-06 17:37:18,True,https://metroonline.page.link/5XKQ
Dettol Multi Purpose Cleaner Citrus 3L,3817,False,0,0,3,Household,House Cleaning,Disinfectants,,12641095,2026-09-06 17:37:18,True,https://metroonline.page.link/P4A5
Dettol Multi Purpose Cleaner Floral 3L,3817,False,3195,0,3,Household,House Cleaning,Disinfectants,,12641092,2026-09-06 17:37:18,True,https://metroonline.page.link/THn4
Ocean Trinity Rock  Glass 305 ML x 6,8999,False,0,0,5,Household,Kitchen Utensils and Cutlery,Glassware,,12641064,2026-09-06 17:37:18,False,https://metroonline.page.link/7Wgk
Ocean Enchanting Gold Ivory Rock Hi Ball Glass 370 ML x 6,4999,False,0,0,5,Household,Kitchen Utensils and Cutlery,Glassware,,12641061,2026-09-06 17:37:18,False,https://metroonline.page.link/Uqjr
Ocean Enchanting Gold Ivory Rock Glass 320 ML x 6,2441,False,0,0,5,Household,Kitchen Utensils and Cutlery,Glassware,,12641060,2026-09-06 17:37:18,False,https://metroonline.page.link/JVkx
Ocean Pilsner Glass 315 ML x 6,4499,False,0,0,5,Household,Kitchen Utensils and Cutlery,Glassware,,12641059,2026-09-06 17:37:18,False,https://metroonline.page.link/PzmP
Ocean Hansa Rock  Glass 300 ML x 6,4999,False,0,0,5,Household,Kitchen Utensils and Cutlery,Glassware,,12641058,2026-09-06 17:37:18,False,https://metroonline.page.link/3hSf
Ocean Rock  Glass 285 ML x 6,3999,False,0,0,5,Household,Kitchen Utensils and Cutlery,Glassware,,12641057,2026-09-06 17:37:18,False,https://metroonline.page.link/WDRS
Ocean Victoria Rock  Glass 325 ML x 6,4499,False,0,0,5,Household,Kitchen Utensils and Cutlery,Glassware,,12641055,2026-09-06 17:37:18,False,https://metroonline.page.link/5xt5
Ocean Victoria Hi Ball  Glass 295 ML x 6,3999,False,0,0,5,Household,Kitchen Utensils and Cutlery,Glassware,,12641054,2026-09-06 17:37:18,False,https://metroonline.page.link/BhfW
Ocean San Marino Hi Ball  Glass 350 ML x 6,4499,False,0,0,5,Household,Kitchen Utensils and Cutlery,Glassware,,12641052,2026-09-06 17:37:18,False,https://metroonline.page.link/Wp9P
Ocean San Marino Rock  Glass 290 ML x 6,3999,False,0,0,5,Household,Kitchen Utensils and Cutlery,Glassware,,12641051,2026-09-06 17:37:18,False,https://metroonline.page.link/zeqX
Ocean Studio Rock  Glass 345 ML x 6,3699,False,0,0,5,Household,Kitchen Utensils and Cutlery,Glassware,,12641050,2026-09-06 17:37:18,False,https://metroonline.page.link/kMz7
Ocean Pyramid Long Drink  Glass 380 ML x 6,4499,False,0,0,5,Household,Kitchen Utensils and Cutlery,Glassware,,12641049,2026-09-06 17:37:18,False,https://metroonline.page.link/Mf3K
Ocean Pyramid Rock  Glass 330 ML x 6,2400,False,0,0,5,Household,Kitchen Utensils and Cutlery,Glassware,,12641048,2026-09-06 17:37:18,False,https://metroonline.page.link/NezG
Ocean Pyramid Hi Ball  Glass 300 ML x 6,3999,False,0,0,5,Household,Kitchen Utensils and Cutlery,Glassware,,12641047,2026-09-06 17:37:18,False,https://metroonline.page.link/G687
Ocean Pyramid Rock Glass 260 ML x 6,4499,False,0,0,5,Household,Kitchen Utensils and Cutlery,Glassware,,12641046,2026-09-06 17:37:18,False,https://metroonline.page.link/x9P2
Ocean Sweet Bell Hi Ball  Glass 345 ML x 6,3299,False,0,0,3,Household,Kitchen Utensils and Cutlery,Glassware,,12641045,2026-09-06 17:37:18,False,https://metroonline.page.link/ma3B
Ocean Tango Double Rock Glass 350 ML x 6,4499,False,0,0,3,Household,Kitchen Utensils and Cutlery,Glassware,,12641044,2026-09-06 17:37:18,False,https://metroonline.page.link/mAJ2
Ocean Tango Hi Ball  Glass 315 ML x 6,4499,False,0,0,5,Household,Kitchen Utensils and Cutlery,Glassware,,12641043,2026-09-06 17:37:18,False,https://metroonline.page.link/icAU
Ocean Plaza Hi Ball  Glass 320 ML x 6,4499,False,0,0,5,Household,Kitchen Utensils and Cutlery,Glassware,,12641041,2026-09-06 17:37:18,False,https://metroonline.page.link/QVvA
Ocean Plaza Rock  Glass 195 ML x 6,3499,False,2599,0,5,Household,Kitchen Utensils and Cutlery,Glassware,,12641040,2026-09-06 17:37:18,False,https://metroonline.page.link/6m6f
Ocean Tiara Double Rock  Glass 365 ML x 6,3999,False,0,0,5,Household,Kitchen Utensils and Cutlery,Glassware,,12641039,2026-09-06 17:37:18,False,https://metroonline.page.link/h7HT
Ocean Tiara Hi Ball  Glass 355 ML x 6,4999,False,0,0,5,Household,Kitchen Utensils and Cutlery,Glassware,,12641038,2026-09-06 17:37:18,False,https://metroonline.page.link/SYgN
Ocean Tiara Rock Glass 270 ML x 6,3999,False,0,0,5,Household,Kitchen Utensils and Cutlery,Glassware,,12641037,2026-09-06 17:37:18,False,https://metroonline.page.link/Nto1
Ocean Jubliee Rock Glass 340 ML x 6,3999,False,0,0,5,Household,Kitchen Utensils and Cutlery,Glassware,,12641036,2026-09-06 17:37:18,False,https://metroonline.page.link/wukE
Ocean Jubliee Hi Ball Glass 335 ML x 6,7769,False,0,0,5,Household,Kitchen Utensils and Cutlery,Glassware,,12641035,2026-09-06 17:37:18,False,https://metroonline.page.link/EnbG
Ocean Scirocco Long Drink Glass 410 ML x 6,4799,False,0,0,5,Household,Kitchen Utensils and Cutlery,Glassware,,12641034,2026-09-06 17:37:18,False,https://metroonline.page.link/A2cM
Ocean Scirocco Rock Glass 340 ML x 6,4699,False,0,0,5,Household,Kitchen Utensils and Cutlery,Glassware,,12641033,2026-09-06 17:37:18,False,https://metroonline.page.link/8NXM
Ocean Charisma Hi Ball x 6,4999,False,0,0,5,Household,Kitchen Utensils and Cutlery,Glassware,,12641032,2026-09-06 17:37:18,False,https://metroonline.page.link/5ein
Ocean Charisma Rock x 6,4499,False,0,0,5,Household,Kitchen Utensils and Cutlery,Glassware,,12641031,2026-09-06 17:37:18,False,https://metroonline.page.link/6BmD
Mop Wet 350GSM,1449,False,0,3,5,Household,House Cleaning,Mops and Brooms,,12640960,2026-09-06 17:37:18,True,https://metroonline.page.link/Evqn
Rose Petal Soft Pack Perfumed,480,True,410,420,36,Household,House Cleaning,Tissues and Napkins,,9999969,2026-09-06 17:37:18,True,https://metroonline.page.link/mRZe
Silicon Oil Brush,402,False,0,0,10,Household,Kitchen Utensils and Cutlery,Kitchen Utensils and Accessories,,12640945,2026-09-06 17:37:18,False,https://metroonline.page.link/TSBK
Express Bar Flow Wrap 200g,79,False,0,0,5,Household,Kitchen Cleaning,Dishwashing Bars,,12640897,2026-09-06 17:37:18,True,https://metroonline.page.link/ruDk
Comfort Fabric Conditioner Pink Lily Pouch 400ml,402,False,343,0,12,Household,Laundry,Fabric Care,,12640895,2026-09-06 17:37:18,False,https://metroonline.page.link/ZJfr
METRO Shopping Bag 18x22,1,False,0,0,5,Household,Miscellaneous,Disposables,,12640518,2026-09-06 17:37:18,True,https://metroonline.page.link/diYf
Diamond Aluminum Foil 37.5FT,875,False,949,0,5,Household,Miscellaneous,Disposables,,12640492,2026-09-06 17:37:18,True,https://metroonline.page.link/Rdb2
Robin Blue Liquid Neel 75ML,299,False,243,41,5,Household,Laundry,Fabric Care,,12640425,2026-09-06 17:37:18,True,https://metroonline.page.link/k268
Robin Blue Liquid Neel 150ML,598,False,0,57,5,Household,Laundry,Fabric Care,,12640424,2026-09-06 17:37:18,True,https://metroonline.page.link/nSJt
Spontex Spiral x6,1032,False,0,85,5,Household,Kitchen Cleaning,Sponges,,12640422,2026-09-06 17:37:18,True,https://metroonline.page.link/LmA2
Dettol Multi-Purpose Cleaner Oud 1.8ltr,2436,False,0,0,5,Household,House Cleaning,Disinfectants,,12640285,2026-09-06 17:37:18,False,https://metroonline.page.link/hqqQ
Dettol Multi Purpose Citrus 1.8L,2479,False,1607,1,5,Household,House Cleaning,Disinfectants,,12640284,2026-09-06 17:37:18,True,https://metroonline.page.link/85q7
Dettol Disinfectant Liquid 500ML,542,False,0,0,5,Household,House Cleaning,Disinfectants,,12640283,2026-09-06 17:37:18,False,https://metroonline.page.link/mphb
Ariel Washing Powder Machine Expert 2kg,1795,False,1650,0,5,Household,Laundry,Detergents and Laundry Soaps,,12640281,2026-09-06 17:37:18,True,https://metroonline.page.link/gjR6
CN  MUGS,349,False,0,0,0,Household,Kitchen Utensils and Cutlery,Crockery,,12640210,2026-09-06 17:37:18,False,https://metroonline.page.link/dqzs
Gold Plated Dinner Set,54949,False,0,0,5,Household,Kitchen Utensils and Cutlery,Crockery,,12640106,2026-09-06 17:37:18,False,https://metroonline.page.link/pqpo
Gold Plated Bone Dinner SETGW02,54949,False,0,0,5,Household,Kitchen Utensils and Cutlery,Crockery,,12640104,2026-09-06 17:37:18,False,https://metroonline.page.link/vvpw
Gold Pattern Dinner Set,39999,False,0,0,5,Household,Kitchen Utensils and Cutlery,Crockery,,12640103,2026-09-06 17:37:18,False,https://metroonline.page.link/vqGA
Platinum Dinner Set,39999,False,0,0,5,Household,Kitchen Utensils and Cutlery,Crockery,,12640102,2026-09-06 17:37:18,False,https://metroonline.page.link/fLGa
Bone China Dinner Set TM12,54949,False,0,0,5,Household,Kitchen Utensils and Cutlery,Crockery,,12640101,2026-09-06 17:37:18,False,https://metroonline.page.link/cgJ5
Tea Set T12032,18999,False,0,0,5,Household,Kitchen Utensils and Cutlery,Crockery,,12640100,2026-09-06 17:37:18,False,https://metroonline.page.link/jZuB
Gold Plated Tea Set T17022B,18999,False,0,0,5,Household,Kitchen Utensils and Cutlery,Crockery,,12640099,2026-09-06 17:37:18,False,https://metroonline.page.link/JiJW
Tea Set T14101,19059,False,0,0,5,Household,Kitchen Utensils and Cutlery,Crockery,,12640098,2026-09-06 17:37:18,False,https://metroonline.page.link/bPe8
Disposable Black Food Container 1Ltr 6PCs,269,False,0,0,5,Household,Miscellaneous,Disposables,,12640064,2026-09-06 17:37:18,False,https://metroonline.page.link/RV8X
Disposable Black Food Container 0.5Ltr 6PCs,256,False,428,0,5,Household,Miscellaneous,Disposables,,12640063,2026-09-06 17:37:18,False,https://metroonline.page.link/Suay
Disposable Black Knife 25PCs,115,False,0,0,5,Household,Miscellaneous,Disposables,,12640062,2026-09-06 17:37:18,False,https://metroonline.page.link/rAAa
Disposable Black Spoon Small 25PCs,147,False,0,0,5,Household,Miscellaneous,Disposables,,12640061,2026-09-06 17:37:18,False,https://metroonline.page.link/Ksu5
Disposable Black Fork 25PCs,140,False,0,0,5,Household,Miscellaneous,Disposables,,12640060,2026-09-06 17:37:18,False,https://metroonline.page.link/KnBP
Disposable Black Spoon Large 25PCs,132,False,0,0,5,Household,Miscellaneous,Disposables,,12640059,2026-09-06 17:37:18,False,https://metroonline.page.link/x7xb
Disposable Black 3-Portion Plate 6PCs,171,False,0,0,5,Household,Miscellaneous,Disposables,,12640058,2026-09-06 17:37:18,False,https://metroonline.page.link/pByv
Harpic Toilet Bowl Cleaner Original 1L,1180,False,999,1892,3,Household,House Cleaning,Toilet Supplies,,9999990,2026-09-06 17:37:18,True,https://metroonline.page.link/KP9u
Vim Dishwashing Liquid Lime 250ML,239,False,214,0,24,Household,Kitchen Cleaning,Dishwashing Liquids,,12639996,2026-09-06 17:37:18,True,https://metroonline.page.link/GgrY
Surf Excel 95GM,50,False,0,388,7,Household,Laundry,Detergents and Laundry Soaps,,12639995,2026-09-06 17:37:18,True,https://metroonline.page.link/xQeG
Comfort Blue Morning Fresh 800ml,795,False,635,107,12,Household,Laundry,Fabric Care,,12639978,2026-09-06 17:37:18,True,https://metroonline.page.link/kXg2
Brite Maximum Power Washing Powder 65GM,119,False,0,597,5,Household,Laundry,Detergents and Laundry Soaps,,12639850,2026-09-06 17:37:18,True,https://metroonline.page.link/7QJR
Brite Maximum Power Washing Powder 35GM,59,False,0,340,5,Household,Laundry,Detergents and Laundry Soaps,,12639849,2026-09-06 17:37:18,True,https://metroonline.page.link/CEjK
BRITE DET MAXPOWER 3KG,1745,False,1499,35,5,Household,Laundry,Detergents and Laundry Soaps,,9999862,2026-09-06 17:37:18,True,https://metroonline.page.link/kM5X
Brite Anti-Bacterial Washing Powder 500GM,329,False,0,868,5,Household,Laundry,Detergents and Laundry Soaps,,12639847,2026-09-06 17:37:18,True,https://metroonline.page.link/b6Da
Bonus Detergent Tristar 5KG,1288,False,1100,37,5,Household,Laundry,Detergents and Laundry Soaps,,12639846,2026-09-06 17:37:18,True,https://metroonline.page.link/8VZB
AH Glass Set Assorted 6PCs-50,471,False,399,0,10,Household,Kitchen Utensils and Cutlery,Glassware,,12639772,2026-09-06 17:37:18,False,https://metroonline.page.link/m8UE
AH Glass Set Assorted 6PCs-44,349,False,399,0,10,Household,Kitchen Utensils and Cutlery,Cutlery,,12639771,2026-09-06 17:37:18,False,https://metroonline.page.link/P921
AH Glass Set Assorted 6PCs-38,349,False,399,0,10,Household,Kitchen Utensils and Cutlery,Glassware,,12639770,2026-09-06 17:37:18,False,https://metroonline.page.link/122W
AH GLASS SET ASSRTD 6PCS-32,629,False,399,0,0,Household,Kitchen Utensils and Cutlery,Glassware,,12639362,2026-09-06 17:37:18,False,https://metroonline.page.link/ZZ16
Numberdaar Washing Powder 5kg,990,False,821,0,5,Household,Laundry,Detergents and Laundry Soaps,,12639674,2026-09-06 17:37:18,True,https://metroonline.page.link/YHyp
Number 1 Washing Powder 40GM,93,False,109,537,5,Household,Laundry,Detergents and Laundry Soaps,,12639671,2026-09-06 17:37:18,True,https://metroonline.page.link/d9wn
Number 1 Washing Powder 390GM,89,False,81,240,5,Household,Laundry,Detergents and Laundry Soaps,,12639669,2026-09-06 17:37:18,True,https://metroonline.page.link/sswU
Number 1 Washing Powder 1KG,250,False,225,1734,5,Household,Laundry,Detergents and Laundry Soaps,,9999908,2026-09-06 17:37:18,True,https://metroonline.page.link/yhnT
Breeo Detergent Powder 20GM,49,False,55,1241,5,Household,Laundry,Detergents and Laundry Soaps,,12639666,2026-09-06 17:37:18,True,https://metroonline.page.link/FR9q
Breeo Detergent Powder 500GM,270,False,249,1551,5,Household,Laundry,Detergents and Laundry Soaps,,9999926,2026-09-06 17:37:18,True,https://metroonline.page.link/Vnja
Breeo Detergent 1KG,550,False,475,609,5,Household,Laundry,Detergents and Laundry Soaps,,9999992,2026-09-06 17:37:18,True,https://metroonline.page.link/WpQP
Bone Soup Set 14 Pcs,4499,False,0,0,5,Household,Kitchen Utensils and Cutlery,Crockery,,12639645,2026-09-06 17:37:18,False,https://metroonline.page.link/WWSN
Chef Marble Taper Giftset 21 Pcs,50801,False,22999,0,5,Household,Kitchen Utensils and Cutlery,Crockery,,12639644,2026-09-06 17:37:18,False,https://metroonline.page.link/M1zQ
Baygon Aerosol Crawling Insect Killer 300 ml,659,False,0,0,5,Household,Aerosols,Insecticides,,12639637,2026-09-06 17:37:18,False,https://metroonline.page.link/KHvQ
Harpic Toilet Cleaner Lavender 750ML,940,False,0,0,5,Household,House Cleaning,Toilet Supplies,,12639615,2026-09-06 17:37:18,False,https://metroonline.page.link/MKMR
Durex Tickling Ribs Pack of 12 ,1419,False,0,0,10,Household,Miscellaneous,O.T.C Medicines,,12639484,2026-09-06 17:37:18,False,https://metroonline.page.link/cRbK
Durex Fetherlite Ultra X12 ,1710,False,0,0,5,Household,Miscellaneous,O.T.C Medicines,,12639483,2026-09-06 17:37:18,False,https://metroonline.page.link/wtQh
DOLL 2.1,1900,False,0,0,2,Household,Miscellaneous,O.T.C Medicines,,12628848,2026-09-06 17:37:18,False,https://metroonline.page.link/x95s
Diamond Zipper Bags Freezer Large ,1259,False,1149,0,5,Household,Miscellaneous,Disposables,,12639452,2026-09-06 17:37:18,True,https://metroonline.page.link/R1Sv
Dettol Solution  250ML,1037,False,0,0,5,Household,House Cleaning,Disinfectants,,12639451,2026-09-06 17:37:18,True,https://metroonline.page.link/NLDL
Dettol Disinfectant Spray 450ML,339,False,0,0,5,Household,House Cleaning,Disinfectants,,12639443,2026-09-06 17:37:18,False,https://metroonline.page.link/Gdtb
W.Bucket Spontex Oval X1,3336,False,0,0,5,Household,House Cleaning,Bins and Buckets,,12639420,2026-09-06 17:37:18,False,https://metroonline.page.link/JVd2
Refil Mop Fibre Spontex Flat x1,2099,False,0,30,5,Household,House Cleaning,Mops and Brooms,,12639417,2026-09-06 17:37:18,True,https://metroonline.page.link/RX6z
Refil Cottonflat Spontex X1,2099,False,0,0,5,Household,House Cleaning,Mops and Brooms,,12639416,2026-09-06 17:37:18,False,https://metroonline.page.link/JvTB
Mop Set Microfiber,4099,False,0,20,5,Household,House Cleaning,Mops and Brooms,,12639415,2026-09-06 17:37:18,True,https://metroonline.page.link/uQzG
Mop Set Fibre Spontex Flat X1,5199,False,0,33,5,Household,House Cleaning,Mops and Brooms,,12639414,2026-09-06 17:37:18,True,https://metroonline.page.link/PH6q
Mop Set Cotton flat Spontex X1,5199,False,0,18,5,Household,House Cleaning,Mops and Brooms,,12639413,2026-09-06 17:37:18,True,https://metroonline.page.link/eQZF
Brush Set Spontex WC X1,1549,False,0,64,50,Household,House Cleaning,Mops and Brooms,,12639412,2026-09-06 17:37:18,True,https://metroonline.page.link/f2mA
Majestic Non-Stick Fry Pan 26 cm (2 mm),2615,False,2499,20,5,Household,Kitchen Utensils and Cutlery,Pots and Pans,,12639410,2026-09-06 17:37:18,True,https://metroonline.page.link/eyG6
Dinner Set A,23599,False,16999,0,5,Household,Kitchen Utensils and Cutlery,Crockery,,12639406,2026-09-06 17:37:18,False,https://metroonline.page.link/H2jF
Camri Coffee cup  Saucer Set 12pc,6499,False,4999,0,5,Household,Kitchen Utensils and Cutlery,Crockery,,12639394,2026-09-06 17:37:18,False,https://metroonline.page.link/Gbfk
ASTONISH KC S & S SHINE 750ML,879,False,799,100,5,Household,House Cleaning,Shoe Polish,,9999515,2026-09-06 17:37:18,True,https://metroonline.page.link/HbPk
Astonish Grease Lifter 750ml,879,False,0,80,5,Household,House Cleaning,Disinfectants,,12639335,2026-09-06 17:37:18,True,https://metroonline.page.link/5Ttm
POS Service Fee,1,False,0,0,2,Household,Miscellaneous,Disposables,,12639273,2026-09-06 17:37:18,True,https://metroonline.page.link/pSzf
Surf Excel Washing Powder 1KG CP,604,False,0,0,7,Household,Laundry,Detergents and Laundry Soaps,,12639210,2026-09-06 17:37:18,False,https://metroonline.page.link/vnyn
Max Scrub Scouring Pad  With Sponge Regular,76,False,65,0,5,Household,Kitchen Cleaning,Sponges,,12639159,2026-09-06 17:37:18,True,https://metroonline.page.link/jPyU
Max Scrub Scouring Pad  With Sponge Large,100,False,0,27,5,Household,Kitchen Cleaning,Sponges,,12639158,2026-09-06 17:37:18,True,https://metroonline.page.link/yC6K
Max Scrub Scouring Pad  With Sponge 2in1 Regular,142,False,116,3,5,Household,Kitchen Cleaning,Sponges,,12639157,2026-09-06 17:37:18,True,https://metroonline.page.link/bMev
Max Scrub Scouring Pad  With Sponge 5in1 Multi Pack,172,False,0,0,5,Household,Kitchen Cleaning,Sponges,,12639156,2026-09-06 17:37:18,False,https://metroonline.page.link/yB9y
Max Scrub Scouring Pad with Sponge 3 in1 Large,285,False,0,3,5,Household,Kitchen Cleaning,Sponges,,12639155,2026-09-06 17:37:18,True,https://metroonline.page.link/cneE
Max Scrub Scouring Pad Regular,51,False,0,6,5,Household,Kitchen Cleaning,Sponges,,12639154,2026-09-06 17:37:18,True,https://metroonline.page.link/fRFL
Max Scrub Scouring Pad Large,80,False,0,0,5,Household,Kitchen Cleaning,Sponges,,12639153,2026-09-06 17:37:18,False,https://metroonline.page.link/tc1j
Max Scrub Scouring Pad 2in1 Regular,91,False,69,3,5,Household,Kitchen Cleaning,Sponges,,12639152,2026-09-06 17:37:18,True,https://metroonline.page.link/R6dP
MAX SCOURING PAD  LRG X3,210,False,205,265,5,Household,Kitchen Cleaning,Sponges,,9999866,2026-09-06 17:37:18,True,https://metroonline.page.link/6GD3
Robin Bleach Floral 900ML,1270,False,1215,0,5,Household,House Cleaning,Disinfectants,,12639132,2026-09-06 17:37:18,True,https://metroonline.page.link/7sEo
Spontex Washup Gloves Medium,407,False,0,0,5,Household,Kitchen Cleaning,Sponges,,12639074,2026-09-06 17:37:18,False,https://metroonline.page.link/zASz
Spontex Washup Gloves Large,407,False,0,0,5,Household,Kitchen Cleaning,Sponges,,12639073,2026-09-06 17:37:18,False,https://metroonline.page.link/Kwrz
Spontex Trio Gloves Medium,739,False,0,0,5,Household,Kitchen Cleaning,Sponges,,12639072,2026-09-06 17:37:18,False,https://metroonline.page.link/kE5J
Spontex Trio Gloves Large,739,False,0,0,5,Household,Kitchen Cleaning,Sponges,,12639071,2026-09-06 17:37:18,False,https://metroonline.page.link/gdff
Spontex Protector Gloves Medium,293,False,0,0,5,Household,Kitchen Cleaning,Sponges,,12639069,2026-09-06 17:37:18,False,https://metroonline.page.link/sTpN
Scotch Brite Turkish Takki Economy Pack X2 ,941,False,895,0,5,Household,Kitchen Cleaning,Sponges,,12639063,2026-09-06 17:37:18,False,https://metroonline.page.link/8B7s
Scotch Brite Turkish Takki Regular,643,False,0,0,5,Household,Kitchen Cleaning,Sponges,,12639062,2026-09-06 17:37:18,False,https://metroonline.page.link/zEaX
Scotch Brite Gloves Perfume Gloves Medium,726,False,0,0,5,Household,Kitchen Cleaning,Sponges,,12639061,2026-09-06 17:37:18,False,https://metroonline.page.link/F8mV
Tulip Pop Up Tissues (3+1),665,False,625,0,5,Household,House Cleaning,Tissues and Napkins,,12639054,2026-09-06 17:37:18,False,https://metroonline.page.link/aJN5
Rose Petal Tulip Tissues Facial Pack,175,False,159,507,5,Household,House Cleaning,Tissues and Napkins,,12639053,2026-09-06 17:37:18,True,https://metroonline.page.link/2qg7
RP TULIP TOILET ROLL PINK S X10,645,False,629,37,5,Household,House Cleaning,Tissues and Napkins,,9999494,2026-09-06 17:37:18,True,https://metroonline.page.link/RngC
Rose Petal Pocket Pack - 3 Ply x 8,30,False,0,82,5,Household,House Cleaning,Tissues and Napkins,,12639051,2026-09-06 17:37:18,True,https://metroonline.page.link/pf5o
Rose Petal Essential,175,False,140,168,5,Household,House Cleaning,Tissues and Napkins,,12639050,2026-09-06 17:37:18,True,https://metroonline.page.link/hFYL
RP HI-JEEN WHITE,304,False,209,14843,48,Household,House Cleaning,Tissues and Napkins,,9999999,2026-09-06 17:37:18,True,https://metroonline.page.link/3oWv
Robin Bleach Lemon Multi Purpose Cleaner 1000 ml,1270,False,0,54,5,Household,House Cleaning,Disinfectants,,12639046,2026-09-06 17:37:18,True,https://metroonline.page.link/Ppxe
Dettol Antibacterial Disinfectant Spray 170ML,726,False,0,0,10,Household,House Cleaning,Disinfectants,,12638976,2026-09-06 17:37:18,False,https://metroonline.page.link/XcR3
Reusable Bags PP Size 18x21,9,False,9,0,25,Household,Miscellaneous,Disposables,,12638909,2026-09-06 17:37:18,False,https://metroonline.page.link/op8P
Reusable Bag PP Size 15x18,6,False,0,0,25,Household,Miscellaneous,Disposables,,12638908,2026-09-06 17:37:18,False,https://metroonline.page.link/YDT1
Reusable Bag PP Size 12x15,5,False,0,0,25,Household,Miscellaneous,Disposables,,12638907,2026-09-06 17:37:18,False,https://metroonline.page.link/q6S3
Ariel Washing Powder Machine Expert 900GM,932,False,0,0,5,Household,Laundry,Detergents and Laundry Soaps,,12638774,2026-09-06 17:37:18,True,https://metroonline.page.link/JF9Q
Domex Blue Toilet Cleaner 250ML,200,False,166,104,12,Household,House Cleaning,Toilet Supplies,,12638512,2026-09-06 17:37:18,True,https://metroonline.page.link/vngg
ROBIN BLEACHFLORAL450ml,648,False,625,0,5,Household,Laundry,Fabric Care,,12638456,2026-09-06 17:37:18,True,https://metroonline.page.link/qFDE
HARPIC TBC LAVENDER 900ML,1190,False,999,191,5,Household,House Cleaning,Toilet Supplies,,9999905,2026-09-06 17:37:18,True,https://metroonline.page.link/wY8C
Harpic Toilet Bowl Cleaner Lavender 500ML,495,False,0,7,5,Household,House Cleaning,Toilet Supplies,,12638453,2026-09-06 17:37:18,True,https://metroonline.page.link/iysx
Meat Mince Machine SF-AA00,3200,False,0,0,5,Household,Kitchen Utensils and Cutlery,Kitchen Utensils and Accessories,,12638346,2026-09-06 17:37:18,False,https://metroonline.page.link/NUKg
Knife 7.5,199,False,169,-1,5,Household,Kitchen Utensils and Cutlery,Kitchen Utensils and Accessories,,12638343,2026-09-06 17:37:18,True,https://metroonline.page.link/cfvQ
Knife 9,189,False,169,0,5,Household,Kitchen Utensils and Cutlery,Kitchen Utensils and Accessories,,12638342,2026-09-06 17:37:18,False,https://metroonline.page.link/oNKQ
Finis Phenyle Concentrated 225ML,770,False,565,208,5,Household,House Cleaning,Disinfectants,,12638317,2026-09-06 17:37:18,True,https://metroonline.page.link/yLUb
Ariel Downy Top Load 3Kg,1676,False,0,0,6,Household,Laundry,Detergents and Laundry Soaps,,12638307,2026-09-06 17:37:18,True,https://metroonline.page.link/Hk2C
Fork 6 pcs,849,False,,0,5,Household,Kitchen Utensils and Cutlery,Cutlery,,12638244,2026-09-06 17:37:18,True,https://metroonline.page.link/Ps5W
Table Spoon 6 pcs,849,False,749,3,5,Household,Kitchen Utensils and Cutlery,Cutlery,,12638243,2026-09-06 17:37:18,True,https://metroonline.page.link/WLJL
Medium Spoon 6 pcs,829,False,699,0,5,Household,Kitchen Utensils and Cutlery,Cutlery,,12638242,2026-09-06 17:37:18,True,https://metroonline.page.link/xYSt
Tea Spoon 6 pcs,799,False,699,35,5,Household,Kitchen Utensils and Cutlery,Cutlery,,12638241,2026-09-06 17:37:18,True,https://metroonline.page.link/hiFU
Silicone Dish Washing Gloves ,1499,False,0,0,5,Household,Kitchen Cleaning,Sponges,,12638240,2026-09-06 17:37:18,False,https://metroonline.page.link/3KsL
Black Border Rice Spoon AH,99,False,79,2,5,Household,Kitchen Utensils and Cutlery,Cutlery,,12638239,2026-09-06 17:37:18,True,https://metroonline.page.link/onzx
Square Grill Pan 24 Cm Zc-Fh0,4099,False,2699,0,5,Household,Kitchen Utensils and Cutlery,Kitchen Utensils and Accessories,,12638237,2026-09-06 17:37:18,True,https://metroonline.page.link/6PW8
Meat Tenderizer Zc-Ag0,700,False,649,13,5,Household,Kitchen Utensils and Cutlery,Kitchen Utensils and Accessories,,12638236,2026-09-06 17:37:18,True,https://metroonline.page.link/bG19
Knife Set Xlrg Ktc-Fe0,2250,False,2150,0,5,Household,Kitchen Utensils and Cutlery,Cutlery,,12638233,2026-09-06 17:37:18,False,https://metroonline.page.link/XQsf
Steel Tong,349,False,300,0,5,Household,Kitchen Utensils and Cutlery,Kitchen Utensils and Accessories,,12638227,2026-09-06 17:37:18,False,https://metroonline.page.link/6BVZ
Food Grater,300,False,0,0,5,Household,Kitchen Utensils and Cutlery,Kitchen Utensils and Accessories,,12638225,2026-09-06 17:37:18,False,https://metroonline.page.link/9Vbb
Multi Measuring Cup,600,False,0,0,5,Household,Kitchen Utensils and Cutlery,Kitchen Utensils and Accessories,,12638223,2026-09-06 17:37:18,False,https://metroonline.page.link/7pr6
Meat Hammer,650,False,0,0,5,Household,Kitchen Utensils and Cutlery,Kitchen Utensils and Accessories,,12638222,2026-09-06 17:37:18,False,https://metroonline.page.link/6iXY
Knife Sharpener,850,False,800,0,5,Household,Kitchen Utensils and Cutlery,Cutlery,,12638220,2026-09-06 17:37:18,False,https://metroonline.page.link/K3rK
Digital Kitchen Scale,2199,False,499,0,5,Household,Kitchen Utensils and Cutlery,Kitchen Utensils and Accessories,,12638219,2026-09-06 17:37:18,False,https://metroonline.page.link/2XyK
Cutting Board Colored,1499,False,999,0,5,Household,Kitchen Utensils and Cutlery,Kitchen Utensils and Accessories,,12638217,2026-09-06 17:37:18,False,https://metroonline.page.link/YcXN
Cutting Board,1699,False,1199,0,5,Household,Kitchen Utensils and Cutlery,Kitchen Utensils and Accessories,,12638216,2026-09-06 17:37:18,False,https://metroonline.page.link/NF92
Potato Masher,350,False,0,0,5,Household,Kitchen Utensils and Cutlery,Kitchen Utensils and Accessories,,12638215,2026-09-06 17:37:18,False,https://metroonline.page.link/cNRv
Small Disposable Grill Charcoa,499,False,400,0,20,Household,Miscellaneous,Disposables,,12638214,2026-09-06 17:37:18,True,https://metroonline.page.link/faV5
Large Disposable Grill Charcoa,749,False,580,0,20,Household,Miscellaneous,Disposables,,12638213,2026-09-06 17:37:18,False,https://metroonline.page.link/GDrq
Fire Starter Charcoal Ki x6,399,False,290,0,20,Household,Miscellaneous,Disposables,,12638212,2026-09-06 17:37:18,True,https://metroonline.page.link/jfKe
Fire Starter Charcoal Ki x3,229,False,180,0,20,Household,Miscellaneous,Disposables,,12638211,2026-09-06 17:37:18,True,https://metroonline.page.link/CTmn
3 Kg M Charcoal Bag Charcoal K,999,False,816,0,20,Household,Miscellaneous,Disposables,,12638210,2026-09-06 17:37:18,False,https://metroonline.page.link/mVjA
3 Kg Citrus Charcoal Bag Charc,999,False,850,0,20,Household,Miscellaneous,Disposables,,12638209,2026-09-06 17:37:18,False,https://metroonline.page.link/6TB9
3 Kg Acacia Charcoal Bag Charc,1149,False,930,74,20,Household,Miscellaneous,Disposables,,12638208,2026-09-06 17:37:18,True,https://metroonline.page.link/tERD
1.5 Kg M Charcoal Bag Charcoal,629,False,500,37,20,Household,Miscellaneous,Disposables,,12638207,2026-09-06 17:37:18,True,https://metroonline.page.link/4hB2
Grill Pan Jali Small,1299,False,1050,0,5,Household,Kitchen Utensils and Cutlery,Kitchen Utensils and Accessories,,12638206,2026-09-06 17:37:18,False,https://metroonline.page.link/sKec
Toilet Brush (White And Blue),1356,False,1399,52,5,Household,House Cleaning,Mops and Brooms,,12638175,2026-09-06 17:37:18,True,https://metroonline.page.link/LVzV
Max Liquid Bottle 750 ml,499,False,415,133,5,Household,Kitchen Cleaning,Dishwashing Liquids,,12637947,2026-09-06 17:37:18,True,https://metroonline.page.link/4Unx
Surf Excel Liquid Detergent 500ML,350,False,329,205,20,Household,Laundry,Detergents and Laundry Soaps,,12637876,2026-09-06 17:37:18,True,https://metroonline.page.link/WsqU
Surf Excel Liquid Detergent 1 Liter,685,False,619,191,12,Household,Laundry,Detergents and Laundry Soaps,,12637862,2026-09-06 17:37:18,True,https://metroonline.page.link/sP6t
METRO PRO. DISP PLASTIC FS+LID  1L X6,177,False,148,0,15,Household,Miscellaneous,Disposables,,12637860,2026-09-06 17:37:18,False,https://metroonline.page.link/eryK
METRO PRO. DISP PLASTIC FS+LID  0.5L X,155,False,145,0,15,Household,Miscellaneous,Disposables,,12637859,2026-09-06 17:37:18,False,https://metroonline.page.link/s2j4
Metro Professional Hand Wash Coconut 5L,3299,False,2999,67,15,Household,House Cleaning,Disinfectants,,9999818,2026-09-06 17:37:18,True,https://metroonline.page.link/zxwQ
Metro Professional Hand Wash Cool Water 5L,3299,False,2999,47,15,Household,House Cleaning,Disinfectants,,9999813,2026-09-06 17:37:18,True,https://metroonline.page.link/d746
Metro Professional Hand Sanitizer 5L,7599,False,5100,18,15,Household,House Cleaning,Disinfectants,,12637658,2026-09-06 17:37:18,True,https://metroonline.page.link/h74v
Pakquensis Luxury Wall Planne,1149,False,0,0,5,Household,Kitchen Utensils and Cutlery,Kitchen Utensils and Accessories,,12637619,2026-09-06 17:37:18,False,https://metroonline.page.link/Hms2
Pakquensis Stylish Honey Stick Small,199,False,0,0,5,Household,Kitchen Utensils and Cutlery,Cutlery,,12637614,2026-09-06 17:37:18,False,https://metroonline.page.link/UEUx
MP WOODEN SWISS SALAD SET 3PCS,400,False,8580,0,5,Household,Kitchen Utensils and Cutlery,Cutlery,,12637613,2026-09-06 17:37:18,False,https://metroonline.page.link/da9E
MP WOODEN LEMON SQUEEZER L,198,False,0,0,5,Household,Kitchen Utensils and Cutlery,Kitchen Utensils and Accessories,,12637612,2026-09-06 17:37:18,False,https://metroonline.page.link/qrnk
Pakquensis Luxury Hotpot,2655,False,0,0,5,Household,Kitchen Utensils and Cutlery,Kitchen Utensils and Accessories,,12637611,2026-09-06 17:37:18,False,https://metroonline.page.link/q2ug
Pakquensis Serving Tray Brown Small,554,False,0,0,5,Household,Kitchen Utensils and Cutlery,Kitchen Utensils and Accessories,,12637607,2026-09-06 17:37:18,False,https://metroonline.page.link/Uqf3
Pakquensis Serving Tray Brown Medium,649,False,0,0,5,Household,Kitchen Utensils and Cutlery,Kitchen Utensils and Accessories,,12637606,2026-09-06 17:37:18,False,https://metroonline.page.link/vuu1
Pakquensis Serving Tray Brown Large,999,False,0,0,5,Household,Kitchen Utensils and Cutlery,Kitchen Utensils and Accessories,,12637605,2026-09-06 17:37:18,False,https://metroonline.page.link/cmon
Tissue Box Designer,1279,False,0,0,5,Household,Kitchen Utensils and Cutlery,Kitchen Utensils and Accessories,,12637604,2026-09-06 17:37:18,False,https://metroonline.page.link/j7CQ
Wooden Spoons 6 Pcs,450,False,0,0,5,Household,Kitchen Utensils and Cutlery,Cutlery,,12637603,2026-09-06 17:37:18,False,https://metroonline.page.link/LjXM
Spoon Set 5 PCS,779,False,0,14,5,Household,Kitchen Utensils and Cutlery,Cutlery,,12637601,2026-09-06 17:37:18,True,https://metroonline.page.link/9FEj
MP WOODEN SPOONS 5PCS,819,False,0,0,5,Household,Kitchen Utensils and Cutlery,Cutlery,,12637600,2026-09-06 17:37:18,False,https://metroonline.page.link/1yXV
Wooden Cutlery Pack,277,False,0,0,5,Household,Kitchen Utensils and Cutlery,Cutlery,,12637599,2026-09-06 17:37:18,False,https://metroonline.page.link/5sdA
Rolling Pin  Boards Set,799,False,0,0,5,Household,Kitchen Utensils and Cutlery,Kitchen Utensils and Accessories,,12637597,2026-09-06 17:37:18,False,https://metroonline.page.link/uAh9
Rolling Pin Single,200,False,0,0,5,Household,Kitchen Utensils and Cutlery,Kitchen Utensils and Accessories,,12637596,2026-09-06 17:37:18,False,https://metroonline.page.link/22b3
MP WOODEN LEMON SQUEEZER,289,False,0,0,5,Household,Kitchen Utensils and Cutlery,Kitchen Utensils and Accessories,,12637595,2026-09-06 17:37:18,False,https://metroonline.page.link/eDNn
MP WOODEN TONG PARATHA,299,False,3350,0,5,Household,Kitchen Utensils and Cutlery,Cutlery,,12637593,2026-09-06 17:37:18,False,https://metroonline.page.link/uD7L
MP WOODEN PALTA PLAIN,300,False,4281,0,5,Household,Kitchen Utensils and Cutlery,Cutlery,,12637590,2026-09-06 17:37:18,False,https://metroonline.page.link/Zx57
MP HANDI SPOON (MEDIUM-XL),251,False,4281,0,5,Household,Kitchen Utensils and Cutlery,Cutlery,,12637589,2026-09-06 17:37:18,False,https://metroonline.page.link/FQ5a
MP UNIVERSAL JUMBO PALTA (MEDI,300,False,4213,0,5,Household,Kitchen Utensils and Cutlery,Cutlery,,12637588,2026-09-06 17:37:18,False,https://metroonline.page.link/TUoN
MP CURRY SPOON (MEDIUM - XL),300,False,4281,0,5,Household,Kitchen Utensils and Cutlery,Cutlery,,12637587,2026-09-06 17:37:18,False,https://metroonline.page.link/38UC
MP SQUARE PALTA(MEDIUM-XL),282,False,3864,0,5,Household,Kitchen Utensils and Cutlery,Kitchen Utensils and Accessories,,12637586,2026-09-06 17:37:18,False,https://metroonline.page.link/soF2
MP DEEP PALTA (MEDIUM-XL),300,False,4281,0,5,Household,Kitchen Utensils and Cutlery,Cutlery,,12637585,2026-09-06 17:37:18,False,https://metroonline.page.link/bJKT
MP ROUND PALTA (MEDIUM-XL),279,False,3450,0,5,Household,Kitchen Utensils and Cutlery,Cutlery,,12637584,2026-09-06 17:37:18,False,https://metroonline.page.link/pZ4g
MP KITCHEN SPOON SET BIG 3 PCS,379,False,5127,0,5,Household,Kitchen Utensils and Cutlery,Cutlery,,12637583,2026-09-06 17:37:18,False,https://metroonline.page.link/BiXo
Wooden Fork 6 pcs,1199,False,0,0,5,Household,Kitchen Utensils and Cutlery,Cutlery,,12637582,2026-09-06 17:37:18,False,https://metroonline.page.link/67CX
Tissue Stand Medium,303,False,0,0,5,Household,Kitchen Utensils and Cutlery,Kitchen Utensils and Accessories,,12637581,2026-09-06 17:37:18,False,https://metroonline.page.link/99vd
Engraved Tissue Box,1829,False,0,0,5,Household,Kitchen Utensils and Cutlery,Kitchen Utensils and Accessories,,12637580,2026-09-06 17:37:18,False,https://metroonline.page.link/oGWk
Tea Strainer-Small,199,False,0,0,5,Household,Kitchen Utensils and Cutlery,Kitchen Utensils and Accessories,,12637579,2026-09-06 17:37:18,False,https://metroonline.page.link/nhCh
Tea Strainer-Medium,199,False,189,20,5,Household,Kitchen Utensils and Cutlery,Kitchen Utensils and Accessories,,12637578,2026-09-06 17:37:18,True,https://metroonline.page.link/WKmB
Tea Strainer-Large,299,False,199,0,5,Household,Kitchen Utensils and Cutlery,Kitchen Utensils and Accessories,,12637577,2026-09-06 17:37:18,True,https://metroonline.page.link/dMVF
Blaze Glasses 280ML,649,False,0,0,5,Household,Kitchen Utensils and Cutlery,Glassware,,12637576,2026-09-06 17:37:18,False,https://metroonline.page.link/pLHa
Classy 300ml,801,False,0,0,5,Household,Kitchen Utensils and Cutlery,Crockery,,12637573,2026-09-06 17:37:18,False,https://metroonline.page.link/5QLU
Pakora Strainer Medium,499,False,379,-1,5,Household,Kitchen Utensils and Cutlery,Kitchen Utensils and Accessories,,12637547,2026-09-06 17:37:18,True,https://metroonline.page.link/jan2
Pakora Strainer Large,599,False,399,0,5,Household,Kitchen Utensils and Cutlery,Kitchen Utensils and Accessories,,12637546,2026-09-06 17:37:18,True,https://metroonline.page.link/u85z
Pakora Strainer Small,379,False,0,0,5,Household,Kitchen Utensils and Cutlery,Kitchen Utensils and Accessories,,12637545,2026-09-06 17:37:18,False,https://metroonline.page.link/gMYY
MP COTTON FLOOR DUSTER - 6 PAC,599,False,9071,0,5,Household,House Cleaning,Mops and Brooms,,12637513,2026-09-06 17:37:18,False,https://metroonline.page.link/1ikE
MP LOOP MOP 590G - REFILL,450,False,7376,0,5,Household,House Cleaning,Mops and Brooms,,12637512,2026-09-06 17:37:18,False,https://metroonline.page.link/2U5U
MP DUST MOP 185G - SET,639,False,13418,0,5,Household,House Cleaning,Mops and Brooms,,12637511,2026-09-06 17:37:18,False,https://metroonline.page.link/zHnS
MP YACHT MOP 250G - REFILL,499,False,4803,0,5,Household,House Cleaning,Mops and Brooms,,12637510,2026-09-06 17:37:18,False,https://metroonline.page.link/9Gnp
MP CUT END MOP 450G - REFILL,350,False,5801,0,5,Household,House Cleaning,Mops and Brooms,,12637509,2026-09-06 17:37:18,False,https://metroonline.page.link/vJp7
MP CUT END MOP 450G - SET,684,False,15852,0,5,Household,House Cleaning,Mops and Brooms,,12637508,2026-09-06 17:37:18,False,https://metroonline.page.link/3SBG
Snack Jar Set 3 Pcs,1549,False,1199,206,5,Household,Kitchen Utensils and Cutlery,Storage Containers,,12637507,2026-09-06 17:37:18,True,https://metroonline.page.link/uGfG
Metro Professional Multi Purpose Cleaner Lemon 5L,2999,False,2229,22,5,Household,House Cleaning,Disinfectants,,12637504,2026-09-06 17:37:18,True,https://metroonline.page.link/e5ry
METRO PRO. DISP PLASTIC STRAW WRAP,148,False,135,0,15,Household,Miscellaneous,Disposables,,12637501,2026-09-06 17:37:18,False,https://metroonline.page.link/YhV4
METRO PRO. DISP PLASTIC STRAW WHITE,81,False,75,0,15,Household,Miscellaneous,Disposables,,12637500,2026-09-06 17:37:18,False,https://metroonline.page.link/t36A
METRO PRO. DISP PLASTIC STRAW SHAKE  X,100,False,95,0,15,Household,Miscellaneous,Disposables,,12637499,2026-09-06 17:37:18,False,https://metroonline.page.link/C7hJ
Metro Professional Disposable Plastic Magic Straws,177,False,165,0,15,Household,Miscellaneous,Disposables,,12637498,2026-09-06 17:37:18,True,https://metroonline.page.link/mA23
METRO PRO. DISP PLASTIC GLASS  6OZ,103,False,95,0,15,Household,Miscellaneous,Disposables,,12637497,2026-09-06 17:37:18,False,https://metroonline.page.link/5t74
METRO PRO. DISP PLASTIC DIPS  85ML,443,False,409,0,15,Household,Miscellaneous,Disposables,,12637496,2026-09-06 17:37:18,False,https://metroonline.page.link/gNQW
METRO PRO. DISP PLASTIC DIPS  200ML,708,False,650,0,15,Household,Miscellaneous,Disposables,,12637495,2026-09-06 17:37:18,False,https://metroonline.page.link/196S
METRO PRO. DISP PLASTIC BOWL  16OZ,125,False,115,0,15,Household,Miscellaneous,Disposables,,12637494,2026-09-06 17:37:18,False,https://metroonline.page.link/JLvS
Metro Professional Paper Glass With Lid 12OZ,199,False,139,0,15,Household,Miscellaneous,Disposables,,12637486,2026-09-06 17:37:18,True,https://metroonline.page.link/Pvb5
Metro Professional Disposable Paper Plate x 25,159,False,119,102,15,Household,Miscellaneous,Disposables,,12637484,2026-09-06 17:37:18,True,https://metroonline.page.link/k412
Rose Petal Table Napkins,269,False,0,1300,15,Household,House Cleaning,Tissues and Napkins,,12637244,2026-09-06 17:37:18,True,https://metroonline.page.link/vfGt
Plastic Dustbin Medium,549,False,349,0,5,Household,House Cleaning,Bins and Buckets,,12637222,2026-09-06 17:37:18,True,https://metroonline.page.link/TxNW
Bonus Tri Star 2000GM,516,False,420,12,5,Household,Laundry,Detergents and Laundry Soaps,,12637151,2026-09-06 17:37:18,True,https://metroonline.page.link/SFa6
Metro Professional Dish Washing Liquid Neutral 5L,2999,False,2241,40,5,Household,Kitchen Cleaning,Dishwashing Liquids,,12636941,2026-09-06 17:37:18,True,https://metroonline.page.link/ETZM
Ariel Powder 1.8KG Touch of Downy,1140,False,0,0,10,Household,Laundry,Detergents and Laundry Soaps,,12636940,2026-09-06 17:37:18,True,https://metroonline.page.link/Fm4d
OK Ispaghol Husk 100gm,565,False,13985,0,5,Household,Miscellaneous,O.T.C Medicines,,12636721,2026-09-06 17:37:18,False,https://metroonline.page.link/cv62
WIPER Medium,1999,False,1299,18,10,Household,House Cleaning,Mops and Brooms,,12636658,2026-09-06 17:37:18,True,https://metroonline.page.link/Ccso
P1 Chopping Board x 1,629,False,0,36,5,Household,Kitchen Utensils and Cutlery,Kitchen Utensils and Accessories,,12636593,2026-09-06 17:37:18,True,https://metroonline.page.link/zf7f
Perilla House Plus Clothes Dryer,5109,False,0,0,5,Household,Laundry,Hangers and Accessories,,12636592,2026-09-06 17:37:18,True,https://metroonline.page.link/qpH9
Refrigerator Organizer,599,False,0,0,5,Household,Kitchen Utensils and Cutlery,Storage Containers,,12636590,2026-09-06 17:37:18,False,https://metroonline.page.link/gZFn
Compact Kitchen Organizer,389,False,0,0,5,Household,Kitchen Utensils and Cutlery,Storage Containers,,12636589,2026-09-06 17:37:18,False,https://metroonline.page.link/Y8e4
Accessory / Kitchen Organizer,199,False,0,0,5,Household,Kitchen Utensils and Cutlery,Cutlery,,12636588,2026-09-06 17:37:18,False,https://metroonline.page.link/2vCJ
KJ Cutlery Tray,549,False,0,0,5,Household,Kitchen Utensils and Cutlery,Cutlery,,12636587,2026-09-06 17:37:18,False,https://metroonline.page.link/7fnT
Egg Storage Box (24 EGGS),1499,False,0,0,5,Household,Kitchen Utensils and Cutlery,Storage Containers,,12636584,2026-09-06 17:37:18,True,https://metroonline.page.link/7vUx
Crown Cutlery Stand GE,429,False,299,65,5,Household,Kitchen Utensils and Cutlery,Kitchen Utensils and Accessories,,12636563,2026-09-06 17:37:18,True,https://metroonline.page.link/8y2m
Non-Stick Crystal Fry Pan 22cm (Promo),1227,False,999,39,5,Household,Kitchen Utensils and Cutlery,Pots and Pans,,12636562,2026-09-06 17:37:18,True,https://metroonline.page.link/NDCq
Non-Stick Crystal Fry Pan 26cm (Promo),1469,False,1149,32,5,Household,Kitchen Utensils and Cutlery,Pots and Pans,,12636560,2026-09-06 17:37:18,True,https://metroonline.page.link/2CLh
N/S TAWA CRYSTAL 30CM Promo,2099,False,1799,36,5,Household,Kitchen Utensils and Cutlery,Pots and Pans,,12636559,2026-09-06 17:37:18,True,https://metroonline.page.link/hY4W
N/S KARAHI OPEN 28CM Promo,1941,False,1749,12,5,Household,Kitchen Utensils and Cutlery,Pots and Pans,,12636558,2026-09-06 17:37:18,True,https://metroonline.page.link/nXVU
Cook Tech Pressure Cooker 7LTR,8499,False,6849,0,5,Household,Kitchen Utensils and Cutlery,Pots and Pans,,12636557,2026-09-06 17:37:18,False,https://metroonline.page.link/8cvS
Cook Tech Pressure Cooker 9LTR,8999,False,7199,0,5,Household,Kitchen Utensils and Cutlery,Pots and Pans,,12636556,2026-09-06 17:37:18,False,https://metroonline.page.link/Zy9q
Cook Tech Pressure Cooker 11L,9299,False,7499,0,5,Household,Kitchen Utensils and Cutlery,Pots and Pans,,12636555,2026-09-06 17:37:18,False,https://metroonline.page.link/tQq5
Scotch Brite Gloves Perfume Glove Large ,726,False,0,0,5,Household,Kitchen Cleaning,Sponges,,12636464,2026-09-06 17:37:18,False,https://metroonline.page.link/V9zo
METRO PRO. DISP PLASTIC PLATE  SMALL,310,False,285,0,15,Household,Miscellaneous,Disposables,,12636412,2026-09-06 17:37:18,False,https://metroonline.page.link/ntqf
Knife 04 AH,399,False,299,15,10,Household,Kitchen Utensils and Cutlery,Kitchen Utensils and Accessories,,12636378,2026-09-06 17:37:18,True,https://metroonline.page.link/eG6X
Spontex Protector Gloves Large,293,False,0,0,0,Household,Kitchen Cleaning,Sponges,,12636280,2026-09-06 17:37:18,False,https://metroonline.page.link/GkDe
Spontex Sensitive Glove Medium,588,False,0,55,0,Household,Kitchen Cleaning,Sponges,,12636035,2026-09-06 17:37:18,True,https://metroonline.page.link/SuDD
Metro Professional Disposable Plastic Food Storage Container with Lid 1L,23,False,368,0,5,Household,Miscellaneous,Disposables,,12636013,2026-09-06 17:37:18,False,https://metroonline.page.link/XtSK
Scotch Brite Glass  Window Cleaner Green Apple,355,False,338,0,5,Household,House Cleaning,Disinfectants,,12635858,2026-09-06 17:37:18,False,https://metroonline.page.link/2LL9
Shopping Bag Coffee 17 x 15,120,False,0,4142,10,Household,OK,Disposables,,12635812,2026-09-06 17:37:18,True,https://metroonline.page.link/ngXF
Ok Dishwashing Liquid 5L,1999,False,1594,111,5,Household,OK,Dishwashing Liquids,,12635640,2026-09-06 17:37:18,True,https://metroonline.page.link/dvP5
Scotch Brite Nail Saver x3,345,False,0,0,5,Household,Kitchen Cleaning,Sponges,,12635621,2026-09-06 17:37:18,False,https://metroonline.page.link/fdxs
Off Insect Repellent Lotion 50 ml,550,False,0,101,0,Household,Aerosols,Insecticides,,12635572,2026-09-06 17:37:18,True,https://metroonline.page.link/u3zj
Spontex 5 Megamax Sponge,653,False,0,1,5,Household,Kitchen Cleaning,Sponges,,12632037,2026-09-06 17:37:18,True,https://metroonline.page.link/9gvD
Hapric Bathroom Cleaner Floral 250ML,297,False,0,230,5,Household,House Cleaning,Toilet Supplies,,12635408,2026-09-06 17:37:18,True,https://metroonline.page.link/DvGs
Papia 3ply Facial Tissue,413,False,0,0,15,Household,House Cleaning,Tissues and Napkins,,12635144,2026-09-06 17:37:18,False,https://metroonline.page.link/d5YR
Eko Belle Step Bin 9215 12Ltr,7780,False,0,0,7,Household,House Cleaning,Bins and Buckets,,12634786,2026-09-06 17:37:18,False,https://metroonline.page.link/tzsf
Dust Pan HCF0,250,False,0,0,3,Household,House Cleaning,Mops and Brooms,,12634599,2026-09-06 17:37:18,False,https://metroonline.page.link/6fG2
Knife 9,199,False,169,10,5,Household,Kitchen Utensils and Cutlery,Kitchen Utensils and Accessories,,12634519,2026-09-06 17:37:18,True,https://metroonline.page.link/eaub
Majestic Wok Without Lid 28CM NS (2mm),2999,False,1499,0,5,Household,Kitchen Utensils and Cutlery,Pots and Pans,,12634488,2026-09-06 17:37:18,True,https://metroonline.page.link/vMzq
Chef Glass Lid (24cm),1161,False,849,0,5,Household,Kitchen Utensils and Cutlery,Pots and Pans,,12634482,2026-09-06 17:37:18,False,https://metroonline.page.link/pQdn
Deep Fry Pan 28cm With Glass Lid ,6099,False,4999,41,5,Household,Kitchen Utensils and Cutlery,Pots and Pans,,12634481,2026-09-06 17:37:18,True,https://metroonline.page.link/u8En
Glass Lid 22CM,1060,False,999,36,5,Household,Kitchen Utensils and Cutlery,Pots and Pans,,12634480,2026-09-06 17:37:18,True,https://metroonline.page.link/XVzW
Chef Glass Lid (30cm),1428,False,0,0,5,Household,Kitchen Utensils and Cutlery,Pots and Pans,,12634477,2026-09-06 17:37:18,False,https://metroonline.page.link/iV59
Max Multi Purpose Cleaner Lavendar 1L,940,False,840,0,5,Household,House Cleaning,Disinfectants,,12634474,2026-09-06 17:37:18,True,https://metroonline.page.link/EkFv
Max Multi Purpose Cleaner Lemon 1L,940,False,840,95,5,Household,House Cleaning,Disinfectants,,12634473,2026-09-06 17:37:18,True,https://metroonline.page.link/DsyB
Max Multi Purpose Cleaner Rose 1L,940,False,840,86,5,Household,House Cleaning,Disinfectants,,12634470,2026-09-06 17:37:18,True,https://metroonline.page.link/ErNz
Chef Karahi Cooker 9L,16116,False,12999,0,5,Household,Kitchen Utensils and Cutlery,Pots and Pans,,12634461,2026-09-06 17:37:18,False,https://metroonline.page.link/ZXUH
CHEF KARAHI COOKER 5L,12820,True,10999,1,5,Household,Kitchen Utensils and Cutlery,Pots and Pans,,12634460,2026-09-06 17:37:18,True,https://metroonline.page.link/eJtj
Majestic Pressure Cooker 11L,9288,False,9799,16,5,Household,Kitchen Utensils and Cutlery,Pots and Pans,,12634458,2026-09-06 17:37:18,True,https://metroonline.page.link/vXci
Majestic Pressure Cooker 9L,8791,False,9399,1,5,Household,Kitchen Utensils and Cutlery,Pots and Pans,,12634457,2026-09-06 17:37:18,True,https://metroonline.page.link/3ZbU
Chef Majestic Captain Cooker 7L,8312,False,7199,0,5,Household,Kitchen Utensils and Cutlery,Pots and Pans,,12634456,2026-09-06 17:37:18,False,https://metroonline.page.link/MGGC
Royal Pan 28cm (Anodized),8004,False,6899,0,5,Household,Kitchen Utensils and Cutlery,Pots and Pans,,12634453,2026-09-06 17:37:18,False,https://metroonline.page.link/4Sa6
Chef Non-Stick Wok (32cm),8397,False,5999,0,5,Household,Kitchen Utensils and Cutlery,Pots and Pans,,12634450,2026-09-06 17:37:18,False,https://metroonline.page.link/mcNf
Chef Non-Stick Wok (28cm),6591,False,4599,2,5,Household,Kitchen Utensils and Cutlery,Pots and Pans,,12634449,2026-09-06 17:37:18,False,https://metroonline.page.link/sZKT
Nonstick Wok 24cm,5073,False,0,0,5,Household,Kitchen Utensils and Cutlery,Pots and Pans,,12634448,2026-09-06 17:37:18,False,https://metroonline.page.link/z5k4
Wok 28cm,5054,False,3299,0,5,Household,Kitchen Utensils and Cutlery,Pots and Pans,,12634442,2026-09-06 17:37:18,False,https://metroonline.page.link/GzvD
Majestic Tawa Non-Stick 30CM,3334,False,3599,98,5,Household,Kitchen Utensils and Cutlery,Pots and Pans,,12634440,2026-09-06 17:37:18,True,https://metroonline.page.link/GDTG
Non-Stick Fry Pan 30CM,4156,False,3999,26,5,Household,Kitchen Utensils and Cutlery,Pots and Pans,,12634439,2026-09-06 17:37:18,True,https://metroonline.page.link/UH6V
Non-Stick Fry Pan 26CM,3399,False,2699,52,5,Household,Kitchen Utensils and Cutlery,Pots and Pans,,12634437,2026-09-06 17:37:18,True,https://metroonline.page.link/J2kM
Non-Stick Fry Pan 22CM,2635,False,2999,28,5,Household,Kitchen Utensils and Cutlery,Pots and Pans,,12634436,2026-09-06 17:37:18,True,https://metroonline.page.link/o17Y
Chef Cookware Gift Set 15 Pcs,42627,False,32500,0,5,Household,Kitchen Utensils and Cutlery,Pots and Pans,,12634435,2026-09-06 17:37:18,False,https://metroonline.page.link/f1JN
Sauce Pan Wooden Handle 18cm,2538,False,0,0,5,Household,Kitchen Utensils and Cutlery,Pots and Pans,,12634432,2026-09-06 17:37:18,False,https://metroonline.page.link/aRhb
Chef Sauce Pan Wooden Handle (16cm),2324,False,0,0,5,Household,Kitchen Utensils and Cutlery,Pots and Pans,,12634431,2026-09-06 17:37:18,False,https://metroonline.page.link/94Bd
Rose Petal Party Pack Pink 400s,269,False,229,381,15,Household,House Cleaning,Tissues and Napkins,,9999934,2026-09-06 17:37:18,True,https://metroonline.page.link/vjor
Astonish Multi Surface Cleaner 750ML,879,False,810,76,5,Household,House Cleaning,Disinfectants,,12634133,2026-09-06 17:37:18,True,https://metroonline.page.link/kpiM
Brite Machine Washing Powder 1KG,655,False,0,237,5,Household,Laundry,Detergents and Laundry Soaps,,12633656,2026-09-06 17:37:18,True,https://metroonline.page.link/khB6
Qarshi Ispaghol Husk 25GM,220,False,148,0,15,Household,Miscellaneous,O.T.C Medicines,,12633515,2026-09-06 17:37:18,True,https://metroonline.page.link/86Pd
Qarshi Roghan-E-Badaam Almond Oil 30ml,500,False,0,32,0,Household,Miscellaneous,O.T.C Medicines,,12633457,2026-09-06 17:37:18,True,https://metroonline.page.link/B8RP
Qarshi Johar Joshanda Regular,745,False,570,334,15,Household,Miscellaneous,O.T.C Medicines,,12633265,2026-09-06 17:37:18,True,https://metroonline.page.link/miEP
Finis Phenyl Concentrated 425ML,1045,False,823,0,5,Household,House Cleaning,Toilet Supplies,,12633259,2026-09-06 17:37:18,True,https://metroonline.page.link/BAx4
METRO PRO. DISP PLASTIC FS+LID  1.5L X,266,False,245,0,15,Household,Miscellaneous,Disposables,,12633194,2026-09-06 17:37:18,False,https://metroonline.page.link/WjqG
Softlan Fabric Softener Blue 500ML,300,False,0,147,5,Household,Laundry,Fabric Care,,12633133,2026-09-06 17:37:18,True,https://metroonline.page.link/Sosr
Scotch Brite Nail Saver x2,220,False,0,0,5,Household,Kitchen Cleaning,Sponges,,12633127,2026-09-06 17:37:18,False,https://metroonline.page.link/rZbq
Dettol Multi-Purpose Cleaner Floral 1.8L,2479,False,1607,1,5,Household,House Cleaning,Disinfectants,,12633118,2026-09-06 17:37:18,True,https://metroonline.page.link/NeJE
SPONTEX Sensitive Gloves Medium,588,False,412,55,15,Household,Kitchen Cleaning,Sponges,,12633091,2026-09-06 17:37:18,True,https://metroonline.page.link/zRLJ
COMFORT Fabric Conditioner Pink (Lily Fresh) 800ML,795,False,635,50,12,Household,Laundry,Fabric Care,,12633078,2026-09-06 17:37:18,True,https://metroonline.page.link/7AyH
Mortein Aerosol Crawling Insect Killer 375ML,1624,False,0,0,15,Household,Aerosols,Insecticides,,12633074,2026-09-06 17:37:18,False,https://metroonline.page.link/QCRR
Mortein Aerosol Crawling Insect Killer 550ML,1175,False,0,162,15,Household,Aerosols,Insecticides,,12633073,2026-09-06 17:37:18,True,https://metroonline.page.link/WnzJ
METRO PRO. DISP PLASTIC PLATE  MEDIUM,406,False,0,0,15,Household,Miscellaneous,Disposables,,12633051,2026-09-06 17:37:18,False,https://metroonline.page.link/VHC2
METRO PRO. DISP PLASTIC GLASS  7OZ,185,False,169,0,15,Household,Miscellaneous,Disposables,,12633049,2026-09-06 17:37:18,False,https://metroonline.page.link/9JBG
METRO PRO. DISP PLASTIC FS+LID  0.75L,177,False,165,0,15,Household,Miscellaneous,Disposables,,12633048,2026-09-06 17:37:18,False,https://metroonline.page.link/P3Fo
Cherry Blossom Paste Dark Tan 20ML,290,False,212,91,5,Household,House Cleaning,Shoe Polish,,12632949,2026-09-06 17:37:18,True,https://metroonline.page.link/fZsj
Harpic Bathroom Cleaner Lemon 1L,1200,False,0,204,5,Household,House Cleaning,Toilet Supplies,,12632946,2026-09-06 17:37:18,False,https://metroonline.page.link/FkaG
Fine Dreaming Air Freshener Cool Summer 300 ML,151,False,0,0,15,Household,Aerosols,Air Sprays,,12627121,2026-09-06 17:37:18,False,https://metroonline.page.link/RPpK
Mortein Aerosol Peaceful Night 550 ML,1251,False,1175,51,15,Household,Aerosols,Air Sprays,,12632933,2026-09-06 17:37:18,True,https://metroonline.page.link/PVAL
Mortein Aerosol Peaceful Night 375 ML,883,False,799,211,15,Household,Aerosols,Air Sprays,,12632932,2026-09-06 17:37:18,True,https://metroonline.page.link/EYTZ
Scotch Brite Sponge Cloth Ultra (8 In 1),1189,False,0,0,5,Household,Kitchen Cleaning,Sponges,,12632923,2026-09-06 17:37:18,False,https://metroonline.page.link/rVDa
Rose Petal Hi-Jeen Tissue Brown,220,True,175,15237,48,Household,House Cleaning,Tissues and Napkins,,9999993,2026-09-06 17:37:18,True,https://metroonline.page.link/kv6C
Gas Lighter,424,False,0,0,5,Household,Kitchen Utensils and Cutlery,Kitchen Utensils and Accessories,,12632421,2026-09-06 17:37:18,False,https://metroonline.page.link/Wjtv
Astonish Kitchen Cleaner 750ML,879,False,810,93,5,Household,Kitchen Cleaning,Dishwashing Liquids,,12632372,2026-09-06 17:37:18,True,https://metroonline.page.link/Bp7s
Mortein 180 Nights Fragrant Refill,1325,False,1225,0,15,Household,Aerosols,Insecticides,,12632364,2026-09-06 17:37:18,True,https://metroonline.page.link/A6iH
Mortein 180 Nights Odourless Refills,1325,False,1254,169,15,Household,Aerosols,Insecticides,,12632363,2026-09-06 17:37:18,True,https://metroonline.page.link/PgKh
Mortein Aerosol 550ML S200 Flying Insect Killer,2160,False,2025,0,15,Household,Aerosols,Insecticides,,12632362,2026-09-06 17:37:18,False,https://metroonline.page.link/E3T7
Mortein Flying Insect Killer 750ML,1580,False,1393,0,15,Household,Aerosols,Insecticides,,12632361,2026-09-06 17:37:18,True,https://metroonline.page.link/6jV2
Harpic Toilet Cleaner Original 2L,2181,False,0,276,5,Household,House Cleaning,Toilet Supplies,,12632360,2026-09-06 17:37:18,True,https://metroonline.page.link/zPfA
Metro Pro Multi Purpose Cleaner Lavendar 5L,2999,False,2684,68,5,Household,House Cleaning,Disinfectants,,12632312,2026-09-06 17:37:18,True,https://metroonline.page.link/oJYb
HARPIC BATHCLEANER FLORAL 900ML,1195,False,999,290,5,Household,House Cleaning,Toilet Supplies,,9999915,2026-09-06 17:37:18,True,https://metroonline.page.link/SofK
ARIEL Washing Powder 500GM,295,False,251,0,5,Household,Laundry,Detergents and Laundry Soaps,,12632267,2026-09-06 17:37:18,True,https://metroonline.page.link/829k
Fine Dreaming 150Pcs Pop-up Rose ,200,False,219,0,15,Household,House Cleaning,Tissues and Napkins,,12632266,2026-09-06 17:37:18,False,https://metroonline.page.link/zpAM
Domex Surface Cleaner Green 500ML,448,False,368,0,24,Household,House Cleaning,Disinfectants,,12632125,2026-09-06 17:37:18,True,https://metroonline.page.link/rQks
Spontex Microfiber Cloth X4,1443,False,0,211,5,Household,Kitchen Cleaning,Sponges,,12632120,2026-09-06 17:37:18,True,https://metroonline.page.link/gtVP
Rose Petal Maxob Toilet Roll 8 + 2,1200,True,1020,1397,10,Household,House Cleaning,Tissues and Napkins,,9999998,2026-09-06 17:37:18,True,https://metroonline.page.link/L4tr
OK TISSUE POP UP RED 150P,129,False,109,0,2,Household,OK,Tissues and Napkins,,12631928,2026-09-06 17:37:18,False,https://metroonline.page.link/vzeg
Paper Bag 10KG,920,False,0,0,5,Household,Miscellaneous,Disposables,,12631872,2026-09-06 17:37:18,True,https://metroonline.page.link/KxK3
Metro Reuseable Bag Medium,70,False,0,4803,5,Household,OK,Disposables,,12631871,2026-09-06 17:37:18,True,https://metroonline.page.link/WN5k
Shopping Bag Green/Blue 17 x 15,120,False,0,4930,2,Household,OK,Disposables,,12631870,2026-09-06 17:37:18,True,https://metroonline.page.link/RHQR
Fine Dreaming Pop Up Tissues 150PCS MOROCCAN,200,False,219,0,15,Household,House Cleaning,Tissues and Napkins,,12631631,2026-09-06 17:37:18,False,https://metroonline.page.link/XAeJ
Fine Dreaming Pop Up Tissues 150 PCS ,200,False,219,0,15,Household,House Cleaning,Tissues and Napkins,,12631630,2026-09-06 17:37:18,False,https://metroonline.page.link/WhwK
Cherry Blossom Polish Black 90ML,991,False,0,176,5,Household,House Cleaning,Shoe Polish,,12631496,2026-09-06 17:37:18,True,https://metroonline.page.link/ymyQ
Durex Invisible Pack of 12,1900,False,0,0,10,Household,Miscellaneous,O.T.C Medicines,,12631491,2026-09-06 17:37:18,False,https://metroonline.page.link/DqUX
DUREX Extended Pleasure Pack of 20,2122,False,0,0,15,Household,Miscellaneous,O.T.C Medicines,,12631490,2026-09-06 17:37:18,False,https://metroonline.page.link/zmSV
DUREX Extended Pleasure Pack of 12,1900,False,0,0,15,Household,Miscellaneous,O.T.C Medicines,,12631489,2026-09-06 17:37:18,True,https://metroonline.page.link/3EwT
DOLL 1.1,630,False,0,58,15,Household,Miscellaneous,O.T.C Medicines,,12628851,2026-09-06 17:37:18,True,https://metroonline.page.link/2RU7
Durex 2IN1 Stimulating Massage 200ML,1892,False,0,0,15,Household,Miscellaneous,O.T.C Medicines,,12631487,2026-09-06 17:37:18,False,https://metroonline.page.link/UPt2
Durex Perfect Glide/Tingle Play 50ML,1900,False,0,95,10,Household,Miscellaneous,O.T.C Medicines,,12631486,2026-09-06 17:37:18,True,https://metroonline.page.link/s7vw
Durex Very Cherry Lube 50ML,1900,False,0,35,15,Household,Miscellaneous,O.T.C Medicines,,12631485,2026-09-06 17:37:18,False,https://metroonline.page.link/9CZb
Durex Fetherlite Pack of 3,630,False,0,0,15,Household,Miscellaneous,O.T.C Medicines,,12631484,2026-09-06 17:37:18,True,https://metroonline.page.link/t21y
Rose Petal Party Pack White 300's,291,False,229,-3,15,Household,House Cleaning,Tissues and Napkins,,12630074,2026-09-06 17:37:18,True,https://metroonline.page.link/2ZNN
Metro Pro Dishwashing Liquid Lemon 5L,2999,False,2241,61,5,Household,Kitchen Cleaning,Dishwashing Liquids,,12629881,2026-09-06 17:37:18,True,https://metroonline.page.link/o6vi
Camri Cup and Saucer Set 12Pcs,6499,False,4999,0,5,Household,Kitchen Utensils and Cutlery,Crockery,,12629831,2026-09-06 17:37:18,False,https://metroonline.page.link/UiQc
DINNER SET 75PCS PEACH GOLD,30010,False,21499,0,5,Household,Kitchen Utensils and Cutlery,Crockery,,12629830,2026-09-06 17:37:18,False,https://metroonline.page.link/XptW
Import Quality Spring Thermic Bottle,619,False,449,40,2,Household,Kitchen Utensils and Cutlery,Crockery,,12629522,2026-09-06 17:37:18,True,https://metroonline.page.link/S61L
 Appollo Clear Lock Storage Box 10L ,1149,False,1030,0,2,Household,Kitchen Utensils and Cutlery,Storage Containers,,12629521,2026-09-06 17:37:18,False,https://metroonline.page.link/zWYi
 Deluxe Waste Bin  Large ,289,False,250,89,7,Household,House Cleaning,Bins and Buckets,,12629530,2026-09-06 17:37:18,False,https://metroonline.page.link/3vTW
 Ceramic Bowl Rainbow Medium ,201,False,0,0,5,Household,Kitchen Utensils and Cutlery,Crockery,,12629529,2026-09-06 17:37:18,False,https://metroonline.page.link/eD2a
 Ceramic Bowl Rainbow Small ,201,False,0,0,5,Household,Kitchen Utensils and Cutlery,Crockery,,12629528,2026-09-06 17:37:18,False,https://metroonline.page.link/tTn2
Majestic Fry Pan NS 22CM (2mm),2319,False,2099,4,5,Household,Kitchen Utensils and Cutlery,Pots and Pans,,12629413,2026-09-06 17:37:18,True,https://metroonline.page.link/NspG
Kiwi Bucket Plastic (Blue),2199,False,1199,0,5,Household,House Cleaning,Bins and Buckets,,12629348,2026-09-06 17:37:18,True,https://metroonline.page.link/PLZK
Kiwi Bucket Plastic (Red),1899,False,999,0,5,Household,House Cleaning,Bins and Buckets,,12629347,2026-09-06 17:37:18,True,https://metroonline.page.link/gKCP
Melamine Tray Flower  X Large,1449,False,0,43,5,Household,Kitchen Utensils and Cutlery,Kitchen Utensils and Accessories,,12629346,2026-09-06 17:37:18,True,https://metroonline.page.link/JdZg
OG Shell Soup Bowl White 12.5CM,399,False,349,153,5,Household,Kitchen Utensils and Cutlery,Crockery,,12629343,2026-09-06 17:37:18,True,https://metroonline.page.link/kYqF
Import Quality HotPot 5LTR X1,11439,False,8999,0,5,Household,Kitchen Utensils and Cutlery,Storage Containers,,12629332,2026-09-06 17:37:18,False,https://metroonline.page.link/XP3u
Import Quality HotPot 4LTR X1,7700,False,6499,0,5,Household,Kitchen Utensils and Cutlery,Storage Containers,,12629331,2026-09-06 17:37:18,False,https://metroonline.page.link/32vK
Import Quality Steel Strainer SML    X1,1149,False,0,0,5,Household,Kitchen Utensils and Cutlery,Kitchen Utensils and Accessories,,12629330,2026-09-06 17:37:18,False,https://metroonline.page.link/5Gwn
Import Quality Pressure Cooker KK 7LTR BLAZE X1,11699,False,0,0,2,Household,Kitchen Utensils and Cutlery,Pots and Pans,,12629327,2026-09-06 17:37:18,False,https://metroonline.page.link/xAiw
Chef Pressure Cooker 7L,9384,False,6599,22,5,Household,Kitchen Utensils and Cutlery,Pots and Pans,,12629326,2026-09-06 17:37:18,True,https://metroonline.page.link/c5R4
Chef Pressure Cooker 9L,10898,False,8499,0,5,Household,Kitchen Utensils and Cutlery,Pots and Pans,,12629325,2026-09-06 17:37:18,False,https://metroonline.page.link/hgk6
Chef Pressure Cooker 11L,11408,False,8999,0,5,Household,Kitchen Utensils and Cutlery,Pots and Pans,,12629324,2026-09-06 17:37:18,False,https://metroonline.page.link/E2ub
Ok Broom Flower x 2,599,False,0,282,2,Household,OK,Mops and Brooms,,12629321,2026-09-06 17:37:18,True,https://metroonline.page.link/21ir
Spontex Wiper (Squeegee) Blue  ,1060,False,899,84,7,Household,House Cleaning,Mops and Brooms,,12629317,2026-09-06 17:37:18,True,https://metroonline.page.link/fUVL
Zilanhua Cloth Clips Multicolor (x16) ,599,False,320,85,3,Household,Laundry,Hangers and Accessories,,12629316,2026-09-06 17:37:18,True,https://metroonline.page.link/f7FN
Every Day Shoe Brush Wooden  ,199,False,100,0,5,Household,House Cleaning,Mops and Brooms,,12629313,2026-09-06 17:37:18,False,https://metroonline.page.link/psvX
Import Quality Brush Clothes  ,299,False,0,98,5,Household,House Cleaning,Mops and Brooms,,12629310,2026-09-06 17:37:18,True,https://metroonline.page.link/F4QU
Ice Tray  2Pcs ,449,False,349,0,5,Household,Kitchen Utensils and Cutlery,Kitchen Utensils and Accessories,,12629306,2026-09-06 17:37:18,False,https://metroonline.page.link/smgx
Gifto Fridge Bottle Purple 2L ,399,False,249,144,5,Household,Kitchen Utensils and Cutlery,Crockery,,12629298,2026-09-06 17:37:18,True,https://metroonline.page.link/Beht
Ali Baba Bath Mug Plastic  ,529,False,249,275,5,Household,House Cleaning,Toilet Supplies,,12629297,2026-09-06 17:37:18,True,https://metroonline.page.link/BPfP
Baba Dustbin Pink (Small) ,1099,False,0,0,5,Household,House Cleaning,Bins and Buckets,,12629296,2026-09-06 17:37:18,True,https://metroonline.page.link/PjeZ
Import Quality Gas Lighter   ,450,False,400,0,5,Household,Kitchen Utensils and Cutlery,Kitchen Utensils and Accessories,,12629293,2026-09-06 17:37:18,False,https://metroonline.page.link/votS
Baba Dustpan Plastic  ,449,False,299,0,5,Household,House Cleaning,Bins and Buckets,,12629292,2026-09-06 17:37:18,True,https://metroonline.page.link/R1vv
Rosee Water Bottle Plastic (Purple)  ,299,False,250,0,2,Household,Kitchen Utensils and Cutlery,Crockery,,12629289,2026-09-06 17:37:18,False,https://metroonline.page.link/1uvs
Import Quality Window and Car Wiper Black  ,749,False,0,95,3,Household,Laundry,Hangers and Accessories,,12629288,2026-09-06 17:37:18,True,https://metroonline.page.link/WV6w
Import Quality Italian Kitchen Plate Rack Plastic (Double)  ,6499,False,3999,0,5,Household,Kitchen Utensils and Cutlery,Storage Containers,,12629287,2026-09-06 17:37:18,True,https://metroonline.page.link/SpHj
Platinum Water Bottle  2 Pcs ,549,False,299,205,2,Household,Kitchen Utensils and Cutlery,Crockery,,12629286,2026-09-06 17:37:18,True,https://metroonline.page.link/58a7
Import Quality Hanger  Steel (x6) ,1849,False,1590,0,3,Household,Laundry,Hangers and Accessories,,12629285,2026-09-06 17:37:18,False,https://metroonline.page.link/yrRB
Import Quality Lotta Plastic (Blue)  ,499,False,299,161,5,Household,House Cleaning,Toilet Supplies,,12629283,2026-09-06 17:37:18,True,https://metroonline.page.link/yiob
Appollo Premio Bowl Plastic XL 4.5L ,529,False,299,262,2,Household,Kitchen Utensils and Cutlery,Crockery,,12629281,2026-09-06 17:37:18,True,https://metroonline.page.link/hMx2
Casaware Water Bottle Plastic (Blue) 4Pcs ,769,False,599,149,2,Household,Kitchen Utensils and Cutlery,Crockery,,12629280,2026-09-06 17:37:18,True,https://metroonline.page.link/ZFNz
Import Quality Soap Dish Plastic  ,529,False,0,54,5,Household,House Cleaning,Toilet Supplies,,12629278,2026-09-06 17:37:18,True,https://metroonline.page.link/p5cG
Color Life Soap Dish Plastic Heavy ,649,False,0,0,5,Household,House Cleaning,Toilet Supplies,,12629277,2026-09-06 17:37:18,False,https://metroonline.page.link/gkN1
Rice Strainer    ,629,False,699,15,2,Household,Kitchen Utensils and Cutlery,Kitchen Utensils and Accessories,,12629276,2026-09-06 17:37:18,True,https://metroonline.page.link/81R7
Import Quality Saucepan Stainless Steel 7 ,1259,False,1120,0,2,Household,Kitchen Utensils and Cutlery,Pots and Pans,,12629274,2026-09-06 17:37:18,True,https://metroonline.page.link/Mkc2
Import Quality Saucepan Stainless Steel 8 ,1416,False,1349,20,2,Household,Kitchen Utensils and Cutlery,Pots and Pans,,12629273,2026-09-06 17:37:18,True,https://metroonline.page.link/y3hK
Import Quality Mixed Mug (w/Handle) Stainless Steel  ,399,False,349,0,2,Household,Kitchen Utensils and Cutlery,Crockery,,12629272,2026-09-06 17:37:18,False,https://metroonline.page.link/VxC1
Import Quality Bowl Stainless Steel 5.5 ,209,False,199,0,2,Household,Kitchen Utensils and Cutlery,Kitchen Utensils and Accessories,,12629270,2026-09-06 17:37:18,True,https://metroonline.page.link/THiR
Import Quality Tray Brown Large ,1100,False,750,0,5,Household,Kitchen Utensils and Cutlery,Crockery,,12629263,2026-09-06 17:37:18,False,https://metroonline.page.link/jofE
Clean Max Hanger Plastic (White) (x6) ,899,False,0,98,3,Household,Laundry,Hangers and Accessories,,12629261,2026-09-06 17:37:18,True,https://metroonline.page.link/B5v4
Import Quality Bowl Stainless Steel 7 ,209,False,199,36,2,Household,Kitchen Utensils and Cutlery,Kitchen Utensils and Accessories,,12629259,2026-09-06 17:37:18,True,https://metroonline.page.link/VpMw
Import Quality Bowl Salad SS 6 X1,209,False,199,25,2,Household,Kitchen Utensils and Cutlery,Kitchen Utensils and Accessories,,12629256,2026-09-06 17:37:18,True,https://metroonline.page.link/v61p
Import Quality Salad Bowl Stainless Steel 8 ,251,False,239,21,2,Household,Kitchen Utensils and Cutlery,Kitchen Utensils and Accessories,,12629255,2026-09-06 17:37:18,True,https://metroonline.page.link/bnY1
Import Quality Dinner Plate Stainless Steel 8 (23G) ,251,False,238,38,5,Household,Kitchen Utensils and Cutlery,Crockery,,12629254,2026-09-06 17:37:18,True,https://metroonline.page.link/Vb5m
Import Quality Spray Bottle Yellow  ,499,False,299,160,3,Household,Laundry,Hangers and Accessories,,12629252,2026-09-06 17:37:18,True,https://metroonline.page.link/sXqC
Spontex Bath Sponge (loofah) Turqoise  ,407,False,0,170,7,Household,House Cleaning,Mops and Brooms,,12629250,2026-09-06 17:37:18,True,https://metroonline.page.link/VDpe
Camri Cup Set  12 Pcs ,6499,False,5499,0,5,Household,Kitchen Utensils and Cutlery,Crockery,,12629248,2026-09-06 17:37:18,True,https://metroonline.page.link/XGQZ
Canon Storage Jar  Red Lid ,449,False,199,0,5,Household,Kitchen Utensils and Cutlery,Storage Containers,,12629247,2026-09-06 17:37:18,True,https://metroonline.page.link/fvwG
Import Quality Dinner Plate Stainless Steel 7 (23G) ,209,False,199,28,5,Household,Kitchen Utensils and Cutlery,Crockery,,12629245,2026-09-06 17:37:18,True,https://metroonline.page.link/Caem
Import Quality Fridge Bottle Purple 1.5L ,399,False,199,247,5,Household,Kitchen Utensils and Cutlery,Crockery,,12629244,2026-09-06 17:37:18,True,https://metroonline.page.link/XC7r
Baba Dustbin Grey (Extra Large) ,2199,False,1199,0,5,Household,House Cleaning,Bins and Buckets,,12629243,2026-09-06 17:37:18,False,https://metroonline.page.link/qxuy
Import Quality Wet Mop Refil (350GSM) ,729,False,0,95,5,Household,House Cleaning,Mops and Brooms,,12629241,2026-09-06 17:37:18,True,https://metroonline.page.link/a4aK
Appollo Crisper Food Container Plastic (Orange) Small (3 Pcs) ,649,False,380,71,2,Household,Kitchen Utensils and Cutlery,Storage Containers,,12629236,2026-09-06 17:37:18,True,https://metroonline.page.link/GpaX
Appollo Real Acrylic Glass,609,False,529,388,5,Household,Kitchen Utensils and Cutlery,Glassware,,12629230,2026-09-06 17:37:18,True,https://metroonline.page.link/Jvdo
Import Quality Kmood Brush Double Sided (Ivory) ,349,False,0,0,5,Household,House Cleaning,Mops and Brooms,,12629229,2026-09-06 17:37:18,False,https://metroonline.page.link/odiU
Import Quality Acrylic Glass   ,399,False,349,405,2,Household,Kitchen Utensils and Cutlery,Glassware,,12629228,2026-09-06 17:37:18,True,https://metroonline.page.link/PVyV
Ali Baba Flour Bowl Plastic (Red) Large ,699,False,499,56,5,Household,Kitchen Utensils and Cutlery,Kitchen Utensils and Accessories,,12629226,2026-09-06 17:37:18,True,https://metroonline.page.link/3kQB
Import Quality Center Lock Jar (Rose)  ,429,False,299,81,5,Household,Kitchen Utensils and Cutlery,Storage Containers,,12629221,2026-09-06 17:37:18,True,https://metroonline.page.link/1eEa
Titiz Magnolia Set AP-9303,2536,False,249,0,5,Household,Kitchen Utensils and Cutlery,Crockery,,12629216,2026-09-06 17:37:18,False,https://metroonline.page.link/Ri1H
Gondol 3 in 1 Division Canister Plastic 3x0.75L ,1149,False,0,0,5,Household,Kitchen Utensils and Cutlery,Kitchen Utensils and Accessories,,12629209,2026-09-06 17:37:18,False,https://metroonline.page.link/aE6d
KITCHEN KING ALLUMINUM FRY PAN FryPan 20cm Crystal,1731,False,1249,18,2,Household,Kitchen Utensils and Cutlery,Pots and Pans,,12629207,2026-09-06 17:37:18,True,https://metroonline.page.link/5fyw
Import Quality Double Rubber Wiper Black  ,764,False,600,0,5,Household,House Cleaning,Mops and Brooms,,12629206,2026-09-06 17:37:18,False,https://metroonline.page.link/ghYr
Import Quality Wiper (Squeegee) Grey  ,599,False,500,0,5,Household,House Cleaning,Mops and Brooms,,12629205,2026-09-06 17:37:18,False,https://metroonline.page.link/PDC6
Ok Jharoo Flower Large x 1,349,False,0,194,2,Household,OK,Mops and Brooms,,12629203,2026-09-06 17:37:18,True,https://metroonline.page.link/5VsV
Ok Jharoo Cane 450GM x 1,299,False,0,452,2,Household,OK,Mops and Brooms,,12629202,2026-09-06 17:37:18,True,https://metroonline.page.link/S5PE
Sonex Deluxe Karahi Die Cast (Non-Stick) 28cm ,3428,False,0,0,5,Household,Kitchen Utensils and Cutlery,Pots and Pans,,12629200,2026-09-06 17:37:18,False,https://metroonline.page.link/eNy1
Import Quality Bowl Stainless Steel 5 ,156,False,149,60,2,Household,Kitchen Utensils and Cutlery,Crockery,,12629196,2026-09-06 17:37:18,True,https://metroonline.page.link/suRX
Import Quality Bowl Stainless Steel 6 ,251,False,239,57,2,Household,Kitchen Utensils and Cutlery,Crockery,,12629195,2026-09-06 17:37:18,True,https://metroonline.page.link/RZDw
Ali Baba Limon Chabi Plastic (Purple) Large ,350,False,299,0,5,Household,Kitchen Utensils and Cutlery,Kitchen Utensils and Accessories,,12629189,2026-09-06 17:37:18,False,https://metroonline.page.link/Zm3w
Appollo Clear Lock Orange 7Ltr ,1449,False,899,42,2,Household,Kitchen Utensils and Cutlery,Kitchen Utensils and Accessories,,12629187,2026-09-06 17:37:18,True,https://metroonline.page.link/LN41
OG Shell Salad Bowl White 24CM,1199,False,1099,56,5,Household,Kitchen Utensils and Cutlery,Crockery,,12629184,2026-09-06 17:37:18,True,https://metroonline.page.link/hvog
Manal OG Shell Salad Bowl  21CM ,1099,False,799,93,5,Household,Kitchen Utensils and Cutlery,Crockery,,12629183,2026-09-06 17:37:18,True,https://metroonline.page.link/hSPE
Camri Trumpet Bowl  6 ,1049,False,749,0,5,Household,Kitchen Utensils and Cutlery,Crockery,,12629182,2026-09-06 17:37:18,False,https://metroonline.page.link/kXmd
ECO Mug Large,179,False,129,1152,2,Household,Kitchen Utensils and Cutlery,Crockery,,12629180,2026-09-06 17:37:18,True,https://metroonline.page.link/Xopw
Icon Milkshake Mug Glass  ,299,False,0,0,2,Household,Kitchen Utensils and Cutlery,Glassware,,12629141,2026-09-06 17:37:18,False,https://metroonline.page.link/pDm9
Qarshi Surfi Tab Tablet,400,False,0,49,15,Household,Miscellaneous,O.T.C Medicines,,12628985,2026-09-06 17:37:18,True,https://metroonline.page.link/TgKw
Qarshi Gestofil Tablet 100 tablets,145,False,0,0,15,Household,Miscellaneous,O.T.C Medicines,,12628983,2026-09-06 17:37:18,False,https://metroonline.page.link/Yiue
Qarshi Johar Joshanda Sugar Free,745,False,0,0,15,Household,Miscellaneous,O.T.C Medicines,,12628980,2026-09-06 17:37:18,True,https://metroonline.page.link/W9Dz
Qarshi Musaffen Liquid 120 ML,140,False,0,19,15,Household,Miscellaneous,O.T.C Medicines,,12628976,2026-09-06 17:37:18,True,https://metroonline.page.link/CAK3
Qarshi Roghan-e-Badaam 10 ML,142,False,0,3,15,Household,Miscellaneous,O.T.C Medicines,,12628975,2026-09-06 17:37:18,True,https://metroonline.page.link/FDpW
Qarshi Lal Sharbat 120 ML,190,False,0,47,15,Household,Miscellaneous,O.T.C Medicines,,12628973,2026-09-06 17:37:18,True,https://metroonline.page.link/P9iC
Rose Petal Kitchen Towel Zzoop Twin,505,False,450,0,15,Household,House Cleaning,Tissues and Napkins,,12628889,2026-09-06 17:37:18,True,https://metroonline.page.link/VX9B
Mortein Flying Insect Killer Aerosol 375ML,755,False,799,1421,15,Household,Aerosols,Insecticides,,9999820,2026-09-06 17:37:18,True,https://metroonline.page.link/xvUr
SPONTEX SPONGE CLOTH   X3,796,False,699,270,5,Household,Laundry,Fabric Care,,9999841,2026-09-06 17:37:18,True,https://metroonline.page.link/Fq8F
MORTEIN FIK AEROSOL 300ML,555,False,499,101,15,Household,Aerosols,Insecticides,,9999802,2026-09-06 17:37:18,True,https://metroonline.page.link/3FhZ
Baygon Crawling Insect Killer Aerosol 600 ml Can IMP,1131,False,0,0,15,Household,Aerosols,Insecticides,,12628783,2026-09-06 17:37:18,False,https://metroonline.page.link/kicQ
Wine Glass Medium,576,False,429,37,2,Household,Kitchen Utensils and Cutlery,Glassware,,12628759,2026-09-06 17:37:18,True,https://metroonline.page.link/HrsD
Stainless Steel Mixed Glass,156,False,149,74,5,Household,Kitchen Utensils and Cutlery,Crockery,,12628758,2026-09-06 17:37:18,True,https://metroonline.page.link/vh38
Deluxe Karahi 32 Cm,3304,False,0,0,5,Household,Kitchen Utensils and Cutlery,Pots and Pans,,12628746,2026-09-06 17:37:18,False,https://metroonline.page.link/ikNQ
Chef Cookware Set 16 Pcs,24335,False,16999,0,2,Household,Kitchen Utensils and Cutlery,Pots and Pans,,12628744,2026-09-06 17:37:18,False,https://metroonline.page.link/NB1G
Solo Sauce Pan 18 Cm,1008,False,0,0,5,Household,Kitchen Utensils and Cutlery,Pots and Pans,,12628743,2026-09-06 17:37:18,False,https://metroonline.page.link/y8Vi
Solo Tawa 30 Cm,1714,False,0,0,5,Household,Kitchen Utensils and Cutlery,Pots and Pans,,12628740,2026-09-06 17:37:18,False,https://metroonline.page.link/8FcH
Solo Grill Pan 24 Cm,1814,False,0,0,5,Household,Kitchen Utensils and Cutlery,Pots and Pans,,12628738,2026-09-06 17:37:18,False,https://metroonline.page.link/Hik6
Deluxe Vok 30 Cm,3630,False,0,0,5,Household,Kitchen Utensils and Cutlery,Pots and Pans,,12628736,2026-09-06 17:37:18,False,https://metroonline.page.link/WSav
Deluxe Wok 26 CM,2924,False,0,0,5,Household,Kitchen Utensils and Cutlery,Pots and Pans,,12628735,2026-09-06 17:37:18,False,https://metroonline.page.link/NENo
Solo Fry Pan 20 Cm,1209,False,0,0,5,Household,Kitchen Utensils and Cutlery,Pots and Pans,,12628732,2026-09-06 17:37:18,False,https://metroonline.page.link/NyVy
Ispaghol Husk 140 GM,1245,False,0,2,15,Household,Miscellaneous,O.T.C Medicines,,12628529,2026-09-06 17:37:18,True,https://metroonline.page.link/uLGg
Cling Film 30 CM,438,False,0,0,15,Household,Miscellaneous,Disposables,,12628503,2026-09-06 17:37:18,True,https://metroonline.page.link/62ym
Cling Film 45 CM,673,False,0,0,15,Household,Miscellaneous,Disposables,,12628502,2026-09-06 17:37:18,True,https://metroonline.page.link/7zT8
Diamond Aluminium Foil 25 FT,675,False,608,0,15,Household,Miscellaneous,Disposables,,12628496,2026-09-06 17:37:18,True,https://metroonline.page.link/WEJC
Diamond Cling Plastic Wrap 100 FT,680,False,642,0,15,Household,Miscellaneous,Disposables,,12628331,2026-09-06 17:37:18,True,https://metroonline.page.link/9WkE
Qarshi Johar Joshanda Chocolate,745,False,0,0,15,Household,Miscellaneous,O.T.C Medicines,,12627952,2026-09-06 17:37:18,True,https://metroonline.page.link/4rSE
N/S GIFT SET NG 21 PCS Jumbo,24149,False,17999,5,2,Household,Kitchen Utensils and Cutlery,Pots and Pans,,12627826,2026-09-06 17:37:18,True,https://metroonline.page.link/UrFG
Scotch Brite Jumbo Spiral X 2,260,False,0,0,5,Household,House Cleaning,Toilet Supplies,,12627734,2026-09-06 17:37:18,False,https://metroonline.page.link/v8FU
METRO PRO.COTTON WOOL 500G,580,False,825,0,15,Household,Miscellaneous,O.T.C Medicines,,12627726,2026-09-06 17:37:18,False,https://metroonline.page.link/MPtC
METRO PRO.COTTON WOOL 400G,435,False,618,0,15,Household,Miscellaneous,Disposables,,12627725,2026-09-06 17:37:18,False,https://metroonline.page.link/8Wgx
METRO PRO.COTTON WOOL 250G,280,False,394,0,15,Household,Miscellaneous,Disposables,,12627724,2026-09-06 17:37:18,False,https://metroonline.page.link/WJFd
METRO PRO.COTTON WOOL 100G,125,False,176,0,15,Household,Miscellaneous,Disposables,,12627722,2026-09-06 17:37:18,False,https://metroonline.page.link/yTEc
Metro Pro Cling Film 45CM x 300M,2445,False,,44,15,Household,Miscellaneous,Disposables,,12627705,2026-09-06 17:37:18,True,https://metroonline.page.link/kHUA
Metro Pro Cling Film 45CM x 30M,864,False,,21,15,Household,Miscellaneous,Disposables,,12627703,2026-09-06 17:37:18,True,https://metroonline.page.link/mA4B
Metro Pro Cling Film 30CM x 300M,2045,False,1149,21,15,Household,Miscellaneous,Disposables,,12627702,2026-09-06 17:37:18,True,https://metroonline.page.link/DeFz
Metro Pro Cling Film 30CM x 30M,413,False,,38,15,Household,Miscellaneous,Disposables,,12627701,2026-09-06 17:37:18,True,https://metroonline.page.link/MtjN
Colgate T.P ADH TTL 150 GM,495,False,0,1,15,Household,Miscellaneous,,,12627630,2026-09-06 17:37:18,True,https://metroonline.page.link/S4p6
SPONTEX SCOURING SPONGE  XLARG,439,False,399,510,5,Household,Kitchen Cleaning,Dishwashing Liquids,,9999670,2026-09-06 17:37:18,True,https://metroonline.page.link/KGu6
SPONTEX SCOURING SPONGE   X5,450,False,415,272,5,Household,Kitchen Cleaning,Sponges,,9999967,2026-09-06 17:37:18,True,https://metroonline.page.link/uQRH
Frey Air Freshener Romance 300ML,349,False,0,0,15,Household,Aerosols,Air Sprays,,12622717,2026-09-06 17:37:18,False,https://metroonline.page.link/eAnN
FREY AF ARABIA 300ML,300,True,269,108,15,Household,Aerosols,Air Sprays,,9999717,2026-09-06 17:37:18,True,https://metroonline.page.link/jqUZ
FREY AF LAVENDER 300ML,300,True,269,122,15,Household,Aerosols,Air Sprays,,9999734,2026-09-06 17:37:18,True,https://metroonline.page.link/4yr6
FREY AF ROSE 300ML,269,False,269,44,15,Household,Aerosols,Air Sprays,,9999687,2026-09-06 17:37:18,True,https://metroonline.page.link/tpMa
Fine Dreaming Air Freshener Musk 300 ML,149,False,0,0,15,Household,Aerosols,Air Sprays,,12627126,2026-09-06 17:37:18,False,https://metroonline.page.link/YHYJ
Fine Dreaming Air Freshner Silver Valley 300 ML,151,False,141,0,15,Household,Aerosols,Air Sprays,,12627125,2026-09-06 17:37:18,False,https://metroonline.page.link/MwfZ
Fine Dreaming Air Freshner Chocolicious 300 ML,149,False,139,0,15,Household,Aerosols,Air Sprays,,12627124,2026-09-06 17:37:18,False,https://metroonline.page.link/9Bsq
Fine Dreaming Air Freshener Berrylicious 300 ML,150,False,0,0,15,Household,Aerosols,Air Sprays,,12627123,2026-09-06 17:37:18,False,https://metroonline.page.link/Z2DC
Fine Dreaming Air Freshener Oudh 300 ML,151,False,0,0,15,Household,Aerosols,Air Sprays,,12627122,2026-09-06 17:37:18,False,https://metroonline.page.link/wXCP
Fine Dreaming Air Freshener Rose 300 ML,150,False,125,0,15,Household,Aerosols,Air Sprays,,12627120,2026-09-06 17:37:18,False,https://metroonline.page.link/5TDA
ROBIN BLEACH LEMON 450ml,642,False,619,0,5,Household,Laundry,Fabric Care,,12626711,2026-09-06 17:37:18,False,https://metroonline.page.link/kCG2
Robin Liquid Bleach 500ml - Stain Remover,648,False,0,3,5,Household,Laundry,Fabric Care,,12626710,2026-09-06 17:37:18,True,https://metroonline.page.link/J1bu
Robin Blue Liquid Bottle 300ML,1146,False,819,103,5,Household,Laundry,Fabric Care,,12626706,2026-09-06 17:37:18,True,https://metroonline.page.link/RFkL
Cherry Blossom Shoe Shiner Sponge,644,False,523,45,5,Household,House Cleaning,Shoe Polish,,12626704,2026-09-06 17:37:18,True,https://metroonline.page.link/Xh1y
Cherry Blossom Liquid Shoe Polish Black 75ML,428,False,0,0,5,Household,House Cleaning,Shoe Polish,,12626703,2026-09-06 17:37:18,False,https://metroonline.page.link/dSuz
Cherry Blossom Shoe Polish Black 42ML,644,False,562,244,5,Household,House Cleaning,Shoe Polish,,12626700,2026-09-06 17:37:18,True,https://metroonline.page.link/qF7d
Cherry Blossom Shoe Polish Dark Tan 42ML,644,False,0,473,5,Household,House Cleaning,Shoe Polish,,12626699,2026-09-06 17:37:18,True,https://metroonline.page.link/Cqbz
Mortein Crawling Insect Killer Coopex Powder 100gm,461,False,420,151,15,Household,Aerosols,Insecticides,,12626695,2026-09-06 17:37:18,True,https://metroonline.page.link/HCrz
Mortein Coil 10 Hrs,172,False,195,1219,15,Household,Aerosols,Insecticides,,12626690,2026-09-06 17:37:18,False,https://metroonline.page.link/jNbV
Mortein Liquid Refill Fragrant 120 Nights,981,False,0,224,15,Household,Aerosols,Insecticides,,12626687,2026-09-06 17:37:18,True,https://metroonline.page.link/BESK
Mortein Peaceful Nights Insect Repellant Refill Fragrant 42ML,540,False,0,0,15,Household,Aerosols,Insecticides,,12626685,2026-09-06 17:37:18,True,https://metroonline.page.link/5aQe
MORTEIN.L REFILL Odorless 42ml,540,False,530,101,15,Household,Aerosols,Insecticides,,12626684,2026-09-06 17:37:18,True,https://metroonline.page.link/cQKu
Mortein Insect Repellant LED Set - Refill 42ML,648,False,0,0,15,Household,Aerosols,Insecticides,,12626683,2026-09-06 17:37:18,True,https://metroonline.page.link/9DxP
Mortein Crawling Insect Killer Aerosol 375ML,834,False,799,41,15,Household,Aerosols,Insecticides,,12626682,2026-09-06 17:37:18,True,https://metroonline.page.link/nEqp
MORTEIN AIK AEROSOL  550ML,1175,False,999,0,15,Household,Aerosols,Insecticides,,9999467,2026-09-06 17:37:18,True,https://metroonline.page.link/2eCQ
MORTEIN FIK AEROSOL  550ML,1175,False,999,143,15,Household,Aerosols,Insecticides,,9999872,2026-09-06 17:37:18,True,https://metroonline.page.link/VLQi
Harpic Bathroom Cleaner Lemon 500ML,590,False,0,449,5,Household,House Cleaning,Disinfectants,,12626671,2026-09-06 17:37:18,True,https://metroonline.page.link/nY6A
Harpic Bathroom Cleaner Floral 500ML,590,False,0,322,5,Household,House Cleaning,Disinfectants,,12626670,2026-09-06 17:37:18,True,https://metroonline.page.link/P1jj
Harpic Power Plus Toilet Cleaner Original 750ML,950,False,803,1757,4,Household,House Cleaning,Toilet Supplies,,12626668,2026-09-06 17:37:18,True,https://metroonline.page.link/pAxy
Harpic Power Plus Toilet Cleaner Mountain Pine 1L,1208,False,0,0,5,Household,House Cleaning,Toilet Supplies,,12626665,2026-09-06 17:37:18,False,https://metroonline.page.link/uTau
Dettol Multipurpose Cleaner Floral 1L +500ML,2256,False,0,1,3,Household,House Cleaning,Disinfectants,,12626643,2026-09-06 17:37:18,True,https://metroonline.page.link/x7cE
Dettol Antiseptic Liquid Original 500ml ,1592,False,0,0,10,Household,House Cleaning,Disinfectants,,12626638,2026-09-06 17:37:18,True,https://metroonline.page.link/FMWe
Dettol Multipurpose Cleaner Lavender 500ml,818,False,765,0,5,Household,House Cleaning,Disinfectants,,12626636,2026-09-06 17:37:18,True,https://metroonline.page.link/jD3r
Dettol Multipurpose Cleaner Floral 500ml,725,False,0,50,5,Household,House Cleaning,Disinfectants,,12626635,2026-09-06 17:37:18,True,https://metroonline.page.link/d9K3
Dettol Multipurpose Cleaner Aqua 500ml,725,False,701,133,5,Household,House Cleaning,Disinfectants,,12626634,2026-09-06 17:37:18,True,https://metroonline.page.link/uSfC
Dettol Multipurpose Cleaner Oudh 500ml,804,False,0,0,5,Household,House Cleaning,Disinfectants,,12626633,2026-09-06 17:37:18,False,https://metroonline.page.link/KF13
Dettol Multipurpose Cleaner Citrus 500ML ,725,False,689,32,5,Household,House Cleaning,Disinfectants,,12626632,2026-09-06 17:37:18,True,https://metroonline.page.link/bi9i
Dettol Multi Purpose Cleaner Lavendar 1L,1586,False,1299,6,5,Household,House Cleaning,Disinfectants,,9999913,2026-09-06 17:37:18,True,https://metroonline.page.link/RgVQ
Dettol Multi Purpose Cleaner Floral 1L,1586,False,1299,2,5,Household,House Cleaning,Disinfectants,,9999925,2026-09-06 17:37:18,True,https://metroonline.page.link/oyC9
Dettol Multi Purpose Cleaner Aqua 1L,1586,False,1299,9,5,Household,House Cleaning,Disinfectants,,9999920,2026-09-06 17:37:18,True,https://metroonline.page.link/5coz
Dettol Multipurpose Cleaner Oudh 1 Liter,1145,False,0,0,5,Household,House Cleaning,Disinfectants,,12626626,2026-09-06 17:37:18,False,https://metroonline.page.link/uk7M
Dettol Multi Purpose Cleaner Citrus 1L,1586,False,1299,0,5,Household,House Cleaning,Disinfectants,,9999917,2026-09-06 17:37:18,True,https://metroonline.page.link/dREY
Durex Performa Condoms Pack of 3s,630,False,0,56,15,Household,Miscellaneous,O.T.C Medicines,,12626604,2026-09-06 17:37:18,True,https://metroonline.page.link/e6Fv
Durex Extra Safe Condoms Pack of 3s,630,False,366,19,15,Household,Miscellaneous,O.T.C Medicines,,12626603,2026-09-06 17:37:18,True,https://metroonline.page.link/jfqQ
Brite Maximum Powder 90GM,50,False,46,300,5,Household,Laundry,Detergents and Laundry Soaps,,12625875,2026-09-06 17:37:18,True,https://metroonline.page.link/1CjB
Fine Dreaming Tissue Pocket Pack 3PLY ,26,False,29,0,15,Household,House Cleaning,Tissues and Napkins,,12625840,2026-09-06 17:37:18,False,https://metroonline.page.link/haUK
Spontex Steel Scourer x 2,177,False,159,463,5,Household,Kitchen Cleaning,Sponges,,9999702,2026-09-06 17:37:18,True,https://metroonline.page.link/xEXw
Express Powder Detergent 400G,248,False,0,642,5,Household,Laundry,Detergents and Laundry Soaps,,12625787,2026-09-06 17:37:18,True,https://metroonline.page.link/imyi
Softlan Blue Pouch 600ML,159,False,0,85,5,Household,Laundry,Fabric Care,,12625784,2026-09-06 17:37:18,True,https://metroonline.page.link/HgA2
SPONTEX STEEL SCOURER EXPERT,202,False,175,321,5,Household,Kitchen Cleaning,Sponges,,9999774,2026-09-06 17:37:18,True,https://metroonline.page.link/kZfP
Express Ultra CP Top Load 1KG,500,False,0,399,5,Household,Laundry,Detergents and Laundry Soaps,,12623181,2026-09-06 17:37:18,True,https://metroonline.page.link/atS9
SPONTEX SCOURING SPONGE  XLARG,341,False,299,487,5,Household,Kitchen Cleaning,Sponges,,9999838,2026-09-06 17:37:18,True,https://metroonline.page.link/xL3K
Brite Max Power Detergent Powder 500GM,309,False,285,1794,5,Household,Laundry,Detergents and Laundry Soaps,,12625698,2026-09-06 17:37:18,True,https://metroonline.page.link/jRZX
Bonus Tristar 225 GM,50,False,0,469,5,Household,Laundry,Detergents and Laundry Soaps,,12625684,2026-09-06 17:37:18,True,https://metroonline.page.link/EjUv
 Bin LNR SML Bio_DRGD 25,345,False,0,457,15,Household,Miscellaneous,Disposables,,12625677,2026-09-06 17:37:18,True,https://metroonline.page.link/uDji
Fine Dreaming Tissue Car 80PCS,136,False,135,0,15,Household,House Cleaning,Tissues and Napkins,,12625665,2026-09-06 17:37:18,False,https://metroonline.page.link/e7sj
Scotch Brite Bmper Pack X4,500,False,0,0,5,Household,Kitchen Cleaning,Sponges,,12625644,2026-09-06 17:37:18,False,https://metroonline.page.link/tEWH
Fine Dreaming Tissue Party Pack 400PCS,266,False,300,0,15,Household,House Cleaning,Tissues and Napkins,,12625637,2026-09-06 17:37:18,False,https://metroonline.page.link/1PBJ
Dettol Multi-Purpose Cleaner 1.8L,2436,False,1607,0,5,Household,House Cleaning,Disinfectants,,12625613,2026-09-06 17:37:18,True,https://metroonline.page.link/kVfF
Fine Dreaming Tissue Toilet Roll Big 10PCS,850,False,865,0,15,Household,House Cleaning,Tissues and Napkins,,12625588,2026-09-06 17:37:18,False,https://metroonline.page.link/Y7bJ
Qarshi Johar Joshanda Honey,745,False,0,0,15,Household,Miscellaneous,O.T.C Medicines,,12625562,2026-09-06 17:37:18,True,https://metroonline.page.link/N53S
Ok Toilet Roll Pink x 10,289,False,289,0,15,Household,OK,Tissues and Napkins,,12625561,2026-09-06 17:37:18,True,https://metroonline.page.link/rPfP
Ok Tissue Roll Jumbo 800GSM,549,False,,0,15,Household,OK,Tissues and Napkins,,12625559,2026-09-06 17:37:18,True,https://metroonline.page.link/EyfS
Fine Dreaming Tissue Kitchen Roll 170 GM,245,False,255,0,15,Household,House Cleaning,Tissues and Napkins,,12625557,2026-09-06 17:37:18,True,https://metroonline.page.link/ggae
Fine Life Dishwashing Liquid Orange 500ML,349,False,256,6,5,Household,Kitchen Cleaning,Dishwashing Liquids,,12625532,2026-09-06 17:37:18,True,https://metroonline.page.link/aG4a
Express Power Detergent Powder 1KG,510,False,419,2251,5,Household,Laundry,Detergents and Laundry Soaps,,12625531,2026-09-06 17:37:18,True,https://metroonline.page.link/SCML
BONUS DET TRISTAR 1KG,268,False,249,127,5,Household,Laundry,Detergents and Laundry Soaps,,9999906,2026-09-06 17:37:18,True,https://metroonline.page.link/oGKF
Rose Water 120ml,315,False,0,-2,5,Household,Miscellaneous,O.T.C Medicines,,12625432,2026-09-06 17:37:18,True,https://metroonline.page.link/3cjs
Vim Dishwashing Essential Lemon 80 GM ,34,False,22,121,48,Household,Kitchen Cleaning,Dishwashing Bars,,12625283,2026-09-06 17:37:18,True,https://metroonline.page.link/aDj2
VIM DISHWASH BAR LEMON  460GM,179,False,135,-13,21,Household,Kitchen Cleaning,Dishwashing Bars,,9999827,2026-09-06 17:37:18,True,https://metroonline.page.link/xPXF
Vim Dish Washing Liquid Lemon  X 1 250 ML,245,False,214,1,24,Household,Kitchen Cleaning,Dishwashing Liquids,,12625281,2026-09-06 17:37:18,True,https://metroonline.page.link/x3LA
Max Diswashing Bar,198,False,141,304,5,Household,Kitchen Cleaning,Dishwashing Bars,,12625256,2026-09-06 17:37:18,True,https://metroonline.page.link/eYqc
Ariel Powder Touch of Downy 500GM,275,False,275,0,5,Household,Laundry,Detergents and Laundry Soaps,,12625249,2026-09-06 17:37:18,False,https://metroonline.page.link/sAmw
Express Cp Top Load 1.5KG,740,False,535,548,5,Household,Laundry,Detergents and Laundry Soaps,,12625245,2026-09-06 17:37:18,True,https://metroonline.page.link/6JNW
Fine Dreaming Classic Facial Tissues 150X2PLY,256,False,310,0,15,Household,House Cleaning,Tissues and Napkins,,12624954,2026-09-06 17:37:18,False,https://metroonline.page.link/U1Ga
Rose Petal Pop Up Tissue,264,False,221,6771,15,Household,House Cleaning,Tissues and Napkins,,12624885,2026-09-06 17:37:18,True,https://metroonline.page.link/Xgae
Vim Lemon Dishwash 750 ML,548,False,0,3,12,Household,Kitchen Cleaning,Dishwashing Liquids,,12624740,2026-09-06 17:37:18,True,https://metroonline.page.link/b2nG
Fine Dreaming Classic Facial Tissue 150 x 2 Ply,256,False,275,0,15,Household,House Cleaning,Tissues and Napkins,,12624488,2026-09-06 17:37:18,False,https://metroonline.page.link/9xJA
Astonish Glass and Window Cleaner 750ML,879,False,810,72,5,Household,House Cleaning,Disinfectants,,12624427,2026-09-06 17:37:18,True,https://metroonline.page.link/Wj1f
Ariel Powder Touch of Downy 900GM,600,False,629,0,5,Household,Laundry,Detergents and Laundry Soaps,,12624424,2026-09-06 17:37:18,False,https://metroonline.page.link/rpNY
Life Style Rose Water Drop 25ML,45,False,0,0,15,Household,Miscellaneous,O.T.C Medicines,,12624090,2026-09-06 17:37:18,False,https://metroonline.page.link/EXoQ
Finis All Purpose Insect Killer Liquid 2.75 L,2038,False,0,0,5,Household,House Cleaning,Disinfectants,,12623916,2026-09-06 17:37:18,False,https://metroonline.page.link/FseP
Metro Pro Aluminium Container with Lid Medium,229,False,199,234,15,Household,Miscellaneous,Disposables,,12623878,2026-09-06 17:37:18,True,https://metroonline.page.link/Trbb
Metro Pro Disposable Plastic Plate Small,589,False,449,0,15,Household,Miscellaneous,Disposables,,12623874,2026-09-06 17:37:18,True,https://metroonline.page.link/k5i6
Metro Pro Aluminium Foil 8.3 Yard,749,False,699,212,15,Household,Miscellaneous,Disposables,,12623869,2026-09-06 17:37:18,True,https://metroonline.page.link/grLb
Metro Pro Multi Purpose Cleaner Lavendar 5L,319,False,229,0,15,Household,Miscellaneous,Disposables,,12623868,2026-09-06 17:37:18,True,https://metroonline.page.link/nLL5
Metro Pro Aluminium Container with Lid Large,399,False,296,237,15,Household,Miscellaneous,Disposables,,12623867,2026-09-06 17:37:18,True,https://metroonline.page.link/vK9N
Spontex Sponge Cloth X8,2030,False,1115,282,5,Household,Kitchen Cleaning,Sponges,,12623827,2026-09-06 17:37:18,True,https://metroonline.page.link/rVMu
Spontex Sponge Cloth x 5,1314,False,1199,130,5,Household,Kitchen Cleaning,Sponges,,9999831,2026-09-06 17:37:18,True,https://metroonline.page.link/EbMv
Surf Excel Washing Powder 1KG,615,False,562,8,5,Household,Laundry,Detergents and Laundry Soaps,,12623822,2026-09-06 17:37:18,True,https://metroonline.page.link/99Ua
Vim Dishwashing Bar Lemon 230GM,80,False,0,0,42,Household,Kitchen Cleaning,Dishwashing Bars,,12623821,2026-09-06 17:37:18,True,https://metroonline.page.link/bGV5
Ok Party Tissue Pink 500Pcs,180,False,142,0,15,Household,OK,Tissues and Napkins,,12623753,2026-09-06 17:37:18,True,https://metroonline.page.link/REq5
Ok Facial Tissue 150Pcs,240,True,210,1461,15,Household,OK,Tissues and Napkins,,12623747,2026-09-06 17:37:18,True,https://metroonline.page.link/jtUw
Metro Pro Disposable Plastic Spoon Large,259,False,209,0,15,Household,Miscellaneous,Disposables,,12623728,2026-09-06 17:37:18,True,https://metroonline.page.link/Aze2
Metro Pro Disposable Paper Cup x 50,379,False,279,677,15,Household,Miscellaneous,Disposables,,12623727,2026-09-06 17:37:18,True,https://metroonline.page.link/8h1U
OK ACID PERFUMED 625ML,189,False,109,0,5,Household,OK,Toilet Supplies,,12623713,2026-09-06 17:37:18,True,https://metroonline.page.link/4Fuz
Fine Life Multi Purpose Cleaner Pine 1L,775,False,699,97,5,Household,House Cleaning,Disinfectants,,9999848,2026-09-06 17:37:18,True,https://metroonline.page.link/5Bao
Fine Life Multi Purpose Cleaner Lavender 1L,749,False,699,109,5,Household,House Cleaning,Disinfectants,,9999864,2026-09-06 17:37:18,True,https://metroonline.page.link/cd4U
Fine Life Multi Purpose Cleaner Lemon 1L,749,False,699,67,5,Household,House Cleaning,Disinfectants,,9999861,2026-09-06 17:37:18,True,https://metroonline.page.link/FbDV
Ok Acid Perfumed 1.25L,275,False,169,0,5,Household,OK,Toilet Supplies,,12623709,2026-09-06 17:37:18,True,https://metroonline.page.link/aCvy
Fine Life Multi Purpose Cleaner Floral 1L,749,False,699,273,5,Household,House Cleaning,Disinfectants,,9999857,2026-09-06 17:37:18,True,https://metroonline.page.link/XaKu
Fine Life Dishwashing Bar 265GM,60,False,41,0,5,Household,Kitchen Cleaning,Dishwashing Bars,,12623704,2026-09-06 17:37:18,True,https://metroonline.page.link/nmZB
FREY AF SWEET HOME 300ML,300,True,269,245,15,Household,Aerosols,Air Sprays,,9999541,2026-09-06 17:37:18,True,https://metroonline.page.link/5jYj
FREY AF BAHRAIN 300ML,300,True,269,151,15,Household,Aerosols,Air Sprays,,9999463,2026-09-06 17:37:18,True,https://metroonline.page.link/ZW1i
FREY AF SULTANAT 300ML,300,True,269,132,15,Household,Aerosols,Air Sprays,,9999712,2026-09-06 17:37:18,True,https://metroonline.page.link/MukW
Fine Dreaming Air Freshner Asool 300ML,151,False,0,0,15,Household,Aerosols,Air Sprays,,12623202,2026-09-06 17:37:18,False,https://metroonline.page.link/g81w
Harpic Toilet Bowl Cleaner Orange 500ML,495,False,0,0,5,Household,House Cleaning,Toilet Supplies,,12623197,2026-09-06 17:37:18,True,https://metroonline.page.link/qZTk
Ok Bleach 1L,369,False,209,0,5,Household,OK,Fabric Care,,12623194,2026-09-06 17:37:18,True,https://metroonline.page.link/J334
Finis All Purpose Liquid Insect Killer 800ML,1099,False,967,0,15,Household,Aerosols,Insecticides,,12623152,2026-09-06 17:37:18,False,https://metroonline.page.link/J8Qn
OK Phenyl 1 Litre,90,False,104,0,5,Household,House Cleaning,Toilet Supplies,,12623004,2026-09-06 17:37:18,False,https://metroonline.page.link/HLTg
Max Dishwashing Liquid Lemon 450ML,311,False,285,819,5,Household,Kitchen Cleaning,Dishwashing Liquids,,12622977,2026-09-06 17:37:18,True,https://metroonline.page.link/ijAg
OK RENOVATOR  200ML,295,False,185,0,5,Household,OK,Shoe Polish,,12622968,2026-09-06 17:37:18,False,https://metroonline.page.link/oCge
Softlan Fabric Softener 1 LTR,550,False,499,97,5,Household,Laundry,Fabric Care,,12622950,2026-09-06 17:37:18,True,https://metroonline.page.link/x5tF
Kingtox All Insect Killer Aerosol 400ML,570,True,530,866,15,Household,Aerosols,Insecticides,,9999950,2026-09-06 17:37:18,True,https://metroonline.page.link/eZF2
Rose Petal Zzoop Kitchen Towel,350,True,299,14623,30,Household,House Cleaning,Tissues and Napkins,,12622908,2026-09-06 17:37:18,True,https://metroonline.page.link/CWb3
Cherry Blossom Shoe Polish Black 20ML,322,False,261,328,5,Household,House Cleaning,Shoe Polish,,12622906,2026-09-06 17:37:18,True,https://metroonline.page.link/wFxo
Strepsils Honey and Lemon Pack of 10,146,False,0,350,15,Household,Miscellaneous,O.T.C Medicines,,12622847,2026-09-06 17:37:18,True,https://metroonline.page.link/knru
King Crawling Insect Killing Powder 125GM,85,False,85,99,15,Household,Aerosols,Insecticides,,12622745,2026-09-06 17:37:18,True,https://metroonline.page.link/ARFq
FREY AF SUMMER 300ML,300,True,269,48,15,Household,Aerosols,Air Sprays,,9999424,2026-09-06 17:37:18,True,https://metroonline.page.link/m7WG
King Mosquito Repellant LED Unit,560,False,0,0,15,Household,Aerosols,Insecticides,,12622680,2026-09-06 17:37:18,True,https://metroonline.page.link/oViG
Qarshi Sharbat Faulad 240ML,250,False,0,48,15,Household,Miscellaneous,O.T.C Medicines,,12622603,2026-09-06 17:37:18,True,https://metroonline.page.link/xVcn
Domex Toilet Bowl Cleaner Blue 500ML,448,False,343,132,24,Household,House Cleaning,Toilet Supplies,,12622599,2026-09-06 17:37:18,True,https://metroonline.page.link/d5sm
Scotch Brite Scourer Regular,480,False,0,0,5,Household,Kitchen Cleaning,Sponges,,12622577,2026-09-06 17:37:18,False,https://metroonline.page.link/aW7P
Softlan Fabric Softener Blue 2Litre,1110,False,0,0,5,Household,Laundry,Fabric Care,,12622471,2026-09-06 17:37:18,True,https://metroonline.page.link/vPQE
Kingtox Crawling Insect Killer Black 600ML,449,False,0,0,15,Household,Aerosols,Insecticides,,12622332,2026-09-06 17:37:18,False,https://metroonline.page.link/5tNF
Metro Professional Multi-Purpose Cleaner Floral 5L,2999,False,2229,48,5,Household,House Cleaning,Disinfectants,,12622321,2026-09-06 17:37:18,True,https://metroonline.page.link/CXFs
Scotch Brite Pad Large 3 in 1 X2,390,False,0,0,5,Household,Kitchen Cleaning,Sponges,,12622281,2026-09-06 17:37:18,False,https://metroonline.page.link/KAMD
Bio Hazard Garbage Bag ,469,False,0,254,15,Household,Miscellaneous,Disposables,,12622275,2026-09-06 17:37:18,True,https://metroonline.page.link/RDkf
Fine Dreaming Jasmine Airfreshner 300 ML,151,False,0,0,15,Household,Aerosols,Air Sprays,,12622226,2026-09-06 17:37:18,False,https://metroonline.page.link/Aa1D
Max Dish Wash Liquid Pouch 450ML,221,False,187,686,5,Household,Kitchen Cleaning,Dishwashing Liquids,,12622123,2026-09-06 17:37:18,False,https://metroonline.page.link/CEJo
Max Dish Wash Paste Green 200GM,140,False,0,1092,5,Household,Kitchen Cleaning,Dishwashing Bars,,12622065,2026-09-06 17:37:18,True,https://metroonline.page.link/PLnt
Softlan Fabric Softener Pink 500ML,300,False,0,151,5,Household,Laundry,Fabric Care,,12621999,2026-09-06 17:37:18,True,https://metroonline.page.link/c48r
Jazee Bin Liner  80L x 10,345,False,299,345,15,Household,Miscellaneous,Disposables,,9999659,2026-09-06 17:37:18,True,https://metroonline.page.link/pDVb
MAX DW LIQUID ULT GREEN 500ML,479,False,419,170,5,Household,Kitchen Cleaning,Dishwashing Liquids,,9999797,2026-09-06 17:37:18,True,https://metroonline.page.link/HcV8
Jazee Bin Liner 50 Pcs,559,False,537,323,15,Household,Miscellaneous,Disposables,,12621962,2026-09-06 17:37:18,True,https://metroonline.page.link/5sVV
Sunlight Rose Detergent Powder 850 GM,195,False,0,0,7,Household,Laundry,Detergents and Laundry Soaps,,12621932,2026-09-06 17:37:18,True,https://metroonline.page.link/zJXh
Surf Excel Detergent 500 GM,305,False,281,0,5,Household,Laundry,Detergents and Laundry Soaps,,12621931,2026-09-06 17:37:18,True,https://metroonline.page.link/RwCd
Jazee Bin Liner 31,440,False,333,2,15,Household,Miscellaneous,Disposables,,12621928,2026-09-06 17:37:18,True,https://metroonline.page.link/hMHV
BRITE DET ANTI-BACTERIAL 1KG,655,False,599,374,5,Household,Laundry,Detergents and Laundry Soaps,,9999816,2026-09-06 17:37:18,True,https://metroonline.page.link/tyJi
Jazee Bin Liner Large,519,False,0,224,15,Household,Miscellaneous,Disposables,,12621901,2026-09-06 17:37:18,True,https://metroonline.page.link/4j6a
Kingtox Flying Insect Killer Spray 600ML,685,False,649,0,15,Household,Aerosols,Insecticides,,12621822,2026-09-06 17:37:18,False,https://metroonline.page.link/r7Vd
King Mosquito Repellent Lotion 50ML,153,False,0,0,1,Household,Aerosols,Insecticides,,12621812,2026-09-06 17:37:18,False,https://metroonline.page.link/rS1D
JAZEE BIN LINER  XLARGE X20,395,False,339,236,15,Household,Miscellaneous,Disposables,,9999922,2026-09-06 17:37:18,True,https://metroonline.page.link/ajw9
Fine Dreaming Lavender Air Freshener 300ML,130,False,0,0,15,Household,Aerosols,Air Sprays,,12621771,2026-09-06 17:37:18,False,https://metroonline.page.link/JQHp
OK POLISH LIQUID 100ML,115,False,110,0,5,Household,OK,Shoe Polish,,12621744,2026-09-06 17:37:18,False,https://metroonline.page.link/McxG
Qarshi Arq-e-Gulab 120ML,80,False,0,0,15,Household,Miscellaneous,O.T.C Medicines,,12621728,2026-09-06 17:37:18,True,https://metroonline.page.link/babo
Mortein Liquid Refill Odourless 120 Nights,981,False,925,40,15,Household,Aerosols,Insecticides,,12621724,2026-09-06 17:37:18,True,https://metroonline.page.link/6zMB
Softlan Fabric Softener Blue 1Litre,550,False,0,145,5,Household,Laundry,Fabric Care,,12621720,2026-09-06 17:37:18,True,https://metroonline.page.link/yPNn
Ok Liquid Polish Black 75ML,225,False,145,25,5,Household,OK,Shoe Polish,,12621642,2026-09-06 17:37:18,False,https://metroonline.page.link/FKCu
Max Dishwash Liquid 275ML,179,False,0,35,5,Household,Kitchen Cleaning,Dishwashing Liquids,,12621625,2026-09-06 17:37:18,True,https://metroonline.page.link/6bpz
Comfort Fabric Softener Blue 200ML,257,False,212,7,40,Household,Laundry,Fabric Care,,12621623,2026-09-06 17:37:18,True,https://metroonline.page.link/aP6P
Scotch Brite Pad Large X4,280,False,0,0,5,Household,Kitchen Cleaning,Sponges,,12621620,2026-09-06 17:37:18,False,https://metroonline.page.link/8nG5
Max Dish Wash Yellow Paste 200GM,140,False,0,1655,5,Household,Kitchen Cleaning,Dishwashing Bars,,12621552,2026-09-06 17:37:18,True,https://metroonline.page.link/pJXC
Metro Pro Aluminium Foil  3.79 Yard,369,False,269,161,15,Household,Miscellaneous,Disposables,,12621547,2026-09-06 17:37:18,True,https://metroonline.page.link/oavC
Scotch Brite Steel Spiral Jumbo 3M,140,False,132,0,5,Household,Kitchen Cleaning,Sponges,,12621543,2026-09-06 17:37:18,False,https://metroonline.page.link/MKJF
Robin Liquid Bleach 1L - Stain Remover,1270,False,0,52,5,Household,Laundry,Fabric Care,,12621538,2026-09-06 17:37:18,True,https://metroonline.page.link/KVFz
Lifestyle Arq-e-gulab 800ML,300,False,0,0,15,Household,Miscellaneous,O.T.C Medicines,,12621484,2026-09-06 17:37:18,False,https://metroonline.page.link/x4v7
Ok Liquid Polish Brown 75ML,225,False,145,166,5,Household,OK,Shoe Polish,,12621465,2026-09-06 17:37:18,True,https://metroonline.page.link/TVrL
MAX DW LIQUID ULT YELLOW 500ML,479,False,419,12,5,Household,Kitchen Cleaning,Dishwashing Liquids,,9999803,2026-09-06 17:37:18,True,https://metroonline.page.link/KLKc
Surf Excel Matic Top Load 1 KG,690,False,630,87,5,Household,Laundry,Detergents and Laundry Soaps,,12621403,2026-09-06 17:37:18,True,https://metroonline.page.link/HzGR
Jazee Bin Liner 40L,395,False,315,95,15,Household,Miscellaneous,Disposables,,12621360,2026-09-06 17:37:18,True,https://metroonline.page.link/ejrY
Scotch Brite G  W Cleaner 500 ML,355,False,0,0,5,Household,House Cleaning,Disinfectants,,12621318,2026-09-06 17:37:18,False,https://metroonline.page.link/QdkW
OK BLEACH 500ML,219,False,117,0,5,Household,OK,Fabric Care,,12621309,2026-09-06 17:37:18,True,https://metroonline.page.link/f1BJ
Comfort Fabric Softener Pink 200ML,257,False,227,0,40,Household,Laundry,Fabric Care,,12621295,2026-09-06 17:37:18,True,https://metroonline.page.link/MBmH
Comfort Fabric Softener Pink 400ML,470,False,391,-1,20,Household,Laundry,Fabric Care,,12621265,2026-09-06 17:37:18,True,https://metroonline.page.link/EJua
Lemon Max Dishwash Liquid 750ML,429,False,379,34,5,Household,Kitchen Cleaning,Dishwashing Liquids,,12621261,2026-09-06 17:37:18,True,https://metroonline.page.link/FGkg
Domex Blue Toilet Bowl Cleaner 730 ML,598,False,459,193,16,Household,House Cleaning,Toilet Supplies,,12621252,2026-09-06 17:37:18,True,https://metroonline.page.link/NCzd
Max Dish Washing Powder Polybag 450GM ,99,False,79,1,5,Household,Kitchen Cleaning,Dishwashing Liquids,,12621244,2026-09-06 17:37:18,True,https://metroonline.page.link/Xhnj
Bonus Tristar Top Load 100GM X6,59,False,0,1858,5,Household,Laundry,Detergents and Laundry Soaps,,12621232,2026-09-06 17:37:18,True,https://metroonline.page.link/msie
Max Dish Wash Liquid Anti Bacteria 475ML,351,False,309,483,5,Household,Kitchen Cleaning,Dishwashing Liquids,,12621230,2026-09-06 17:37:18,True,https://metroonline.page.link/iKJi
Harpic Toilet Bowl Cleaner Pine 500ML,570,False,0,0,5,Household,House Cleaning,Toilet Supplies,,12621207,2026-09-06 17:37:18,False,https://metroonline.page.link/cTeR
Scotch Brite Aluminum Foil,1022,False,0,0,15,Household,Kitchen Cleaning,Sponges,,12621180,2026-09-06 17:37:18,False,https://metroonline.page.link/KuaF
Kingtox All Insect Killer Aerosol 300ML,448,False,445,780,15,Household,Aerosols,Insecticides,,12621173,2026-09-06 17:37:18,True,https://metroonline.page.link/Js8L
Kingtox All Insect Killer Aerosol 600ML,745,False,675,283,15,Household,Aerosols,Insecticides,,9999903,2026-09-06 17:37:18,True,https://metroonline.page.link/h4Q8
Bonus Active Detergent Powder 400G,189,False,0,159,5,Household,Laundry,Detergents and Laundry Soaps,,12621171,2026-09-06 17:37:18,True,https://metroonline.page.link/9duw
RP FACE TISSUE MULTI 150,420,True,350,15106,36,Household,House Cleaning,Tissues and Napkins,,9999975,2026-09-06 17:37:18,True,https://metroonline.page.link/ktiH
Rose Petal Zzoop Maxi Roll,1029,False,955,424,15,Household,House Cleaning,Tissues and Napkins,,9999834,2026-09-06 17:37:18,True,https://metroonline.page.link/fj51
Ok Wax Polish Black 45GM,135,False,102,0,5,Household,OK,Shoe Polish,,12621078,2026-09-06 17:37:18,True,https://metroonline.page.link/9QEN
Ok Neel 150ML,139,False,60,0,5,Household,OK,Fabric Care,,12621062,2026-09-06 17:37:18,True,https://metroonline.page.link/vzoJ
BONUS DET ACTIVE 2KG,680,False,639,103,5,Household,Laundry,Detergents and Laundry Soaps,,9999894,2026-09-06 17:37:18,True,https://metroonline.page.link/72ZR
Scotch Brite Kitchen Scourer Small x 6,390,False,0,0,5,Household,Kitchen Cleaning,Sponges,,12621052,2026-09-06 17:37:18,False,https://metroonline.page.link/yty4
Comfort Fabric Softener Blue 400ML,465,False,0,2,20,Household,Laundry,Fabric Care,,12621032,2026-09-06 17:37:18,True,https://metroonline.page.link/Xp1e
BRITE DET MAXPOWER 2KG CP,1185,False,1049,36,5,Household,Laundry,Detergents and Laundry Soaps,,9999858,2026-09-06 17:37:18,True,https://metroonline.page.link/xqhh
Lemon Max Dishwash Bar 57GM x 6,119,False,85,42,5,Household,Kitchen Cleaning,Dishwashing Bars,,12621004,2026-09-06 17:37:18,True,https://metroonline.page.link/4e2D
Ok Shoe Sponge,180,False,119,684,5,Household,OK,Shoe Polish,,12620980,2026-09-06 17:37:18,True,https://metroonline.page.link/UtsC
Rose Petal Perfumed 100 Face Tissue,399,False,0,0,15,Household,House Cleaning,Tissues and Napkins,,12620971,2026-09-06 17:37:18,False,https://metroonline.page.link/Swto
Scotch Brite Sponge Cloth 3 in 1,466,False,0,0,5,Household,Kitchen Cleaning,Sponges,,12620959,2026-09-06 17:37:18,False,https://metroonline.page.link/eQYg
Vim Liquid Lime Dishwash 500 ML,400,False,350,0,14,Household,Kitchen Cleaning,Dishwashing Liquids,,12620872,2026-09-06 17:37:18,True,https://metroonline.page.link/Vhzu
MAX DW PASTE GREEN 400G,261,False,235,175,5,Household,Kitchen Cleaning,Dishwashing Bars,,9999904,2026-09-06 17:37:18,True,https://metroonline.page.link/dbK7
Qarshi Sharbat Toot Sia 120ML,170,False,109,79,15,Household,Miscellaneous,O.T.C Medicines,,12620846,2026-09-06 17:37:18,True,https://metroonline.page.link/mPN6
Fine Life Dishwashing Liquid Lemon 500ML,349,False,256,109,5,Household,Kitchen Cleaning,Dishwashing Liquids,,12620836,2026-09-06 17:37:18,True,https://metroonline.page.link/GwWy
Ariel Top Load Detergent 3 KG,1690,False,1592,0,5,Household,Laundry,Detergents and Laundry Soaps,,12620824,2026-09-06 17:37:18,True,https://metroonline.page.link/1smF
Rin Detergent Powder 1KG,429,False,406,0,10,Household,Laundry,Detergents and Laundry Soaps,,12620817,2026-09-06 17:37:18,False,https://metroonline.page.link/9Yp2
Tulip Toilet Roll Small Pack of 10,1015,False,845,105,48,Household,House Cleaning,Tissues and Napkins,,12620811,2026-09-06 17:37:18,True,https://metroonline.page.link/2BaL
RP FACE TISSUE LUXURY 100,420,True,350,15073,36,Household,House Cleaning,Tissues and Napkins,,9999988,2026-09-06 17:37:18,True,https://metroonline.page.link/N4id
Vim Liquid Lemon Dishwash 500 ML,448,False,350,0,14,Household,Kitchen Cleaning,Dishwashing Liquids,,12620732,2026-09-06 17:37:18,True,https://metroonline.page.link/L2Ms
Max Dish Wash Bar 290GM X3,315,False,225,817,5,Household,Kitchen Cleaning,Dishwashing Bars,,12620716,2026-09-06 17:37:18,True,https://metroonline.page.link/Fq1g
Max Dish Wash Liquid Pouch 450ML,291,False,0,222,5,Household,Kitchen Cleaning,Dishwashing Liquids,,12620708,2026-09-06 17:37:18,True,https://metroonline.page.link/FDSt
Fine Life Toilet Bowl Cleaner 500ML,449,False,359,1637,5,Household,House Cleaning,Toilet Supplies,,12620685,2026-09-06 17:37:18,True,https://metroonline.page.link/eGdK
Brite Max Power Detergent Powder 1KG,615,False,575,946,5,Household,Laundry,Detergents and Laundry Soaps,,12620673,2026-09-06 17:37:18,True,https://metroonline.page.link/x8Fa
Scotch Brite Fresh Wraps Cling Film,511,False,0,0,15,Household,Miscellaneous,Disposables,,12620646,2026-09-06 17:37:18,False,https://metroonline.page.link/7qFm
SURF EXCEL DET 4.5KG,2615,False,2349,0,3,Household,Laundry,Detergents and Laundry Soaps,,9999939,2026-09-06 17:37:18,True,https://metroonline.page.link/UFuV
Rose Petal Toilet Roll Big x 10,1470,False,0,825,15,Household,House Cleaning,Tissues and Napkins,,12620576,2026-09-06 17:37:18,True,https://metroonline.page.link/7FUV
Bonus Active Top Load Detergent 750GM,225,False,0,4573,5,Household,Laundry,Detergents and Laundry Soaps,,12620569,2026-09-06 17:37:18,True,https://metroonline.page.link/8BHi
Lemon Max Dishwash Bar 90GM x 3,104,False,85,1505,5,Household,Kitchen Cleaning,Dishwashing Bars,,12620568,2026-09-06 17:37:18,True,https://metroonline.page.link/wy71
MAX DW PASTE YELLOW 400G,261,False,235,362,5,Household,Kitchen Cleaning,Dishwashing Bars,,9999974,2026-09-06 17:37:18,True,https://metroonline.page.link/chB4
Sunlight 2in1 Washing Powder Green 770GM ,195,False,0,522,5,Household,Laundry,Detergents and Laundry Soaps,,12620539,2026-09-06 17:37:18,True,https://metroonline.page.link/avMg
Sunlight 2in1 Washing Powder Pink 770GM,195,False,193,899,5,Household,Laundry,Detergents and Laundry Soaps,,12620507,2026-09-06 17:37:18,True,https://metroonline.page.link/jeKP
Ariel Top Load 2 KG,1140,False,1053,0,10,Household,Laundry,Detergents and Laundry Soaps,,12620502,2026-09-06 17:37:18,True,https://metroonline.page.link/tvto
Harpic Toilet Bowl Cleaner Original 250ML,198,False,190,1151,5,Household,House Cleaning,Toilet Supplies,,12620444,2026-09-06 17:37:18,True,https://metroonline.page.link/2x6Y
Ok Steel Scourer x 3,169,False,159,2246,5,Household,OK,Sponges,,12620417,2026-09-06 17:37:18,True,https://metroonline.page.link/6u1L
Ok Wax Polish Black 45GM,110,False,96,1016,5,Household,OK,Shoe Polish,,12620396,2026-09-06 17:37:18,True,https://metroonline.page.link/Zomy
Scotch Brite Scour Sponge with Nail Saver X3,335,False,0,0,5,Household,Kitchen Cleaning,Sponges,,12620338,2026-09-06 17:37:18,False,https://metroonline.page.link/JK4R
Max Lemon Dishwash Pouch 790 GM,179,False,0,96,5,Household,Kitchen Cleaning,Dishwashing Liquids,,12620328,2026-09-06 17:37:18,True,https://metroonline.page.link/HWmL
Vim Lemon Dishwash Pouch 750 GM,160,False,143,45,12,Household,Kitchen Cleaning,Dishwashing Liquids,,12620324,2026-09-06 17:37:18,True,https://metroonline.page.link/h5ME
Scotch Brite Steel Spiral X2,160,False,0,0,5,Household,Kitchen Cleaning,Sponges,,12620313,2026-09-06 17:37:18,False,https://metroonline.page.link/kxLv
Ok Nail Saver Sponge 3 Pcs,289,False,259,1262,5,Household,OK,Sponges,,9999973,2026-09-06 17:37:18,True,https://metroonline.page.link/YfKd
Max Dish Wash Bar 190 GM X3,177,False,0,86,5,Household,Kitchen Cleaning,Dishwashing Bars,,12620281,2026-09-06 17:37:18,True,https://metroonline.page.link/27jY
Ok Kitchen 2 Ply x 2,319,False,225,1164,15,Household,OK,Tissues and Napkins,,12620273,2026-09-06 17:37:18,True,https://metroonline.page.link/Cepz
Scotch Brite Laminate Large X3,267,False,255,0,5,Household,Kitchen Cleaning,Sponges,,12620248,2026-09-06 17:37:18,False,https://metroonline.page.link/ifww
Ok Toilet Roll Big x 10,699,False,620,1119,15,Household,OK,Tissues and Napkins,,9999982,2026-09-06 17:37:18,True,https://metroonline.page.link/NXTS
SURF EXCEL DET 3KG,1740,False,1599,75,4,Household,Laundry,Detergents and Laundry Soaps,,9999810,2026-09-06 17:37:18,True,https://metroonline.page.link/2rN2
Max Liquid Lemon Dishwash 475 ML,281,False,238,41,5,Household,Kitchen Cleaning,Dishwashing Liquids,,12620233,2026-09-06 17:37:18,False,https://metroonline.page.link/vpgw
Finis Diluted Phenyl 2.75L,650,True,555,1366,6,Household,House Cleaning,Toilet Supplies,,9999995,2026-09-06 17:37:18,True,https://metroonline.page.link/jzhA
Harpic Toilet Bowl Cleaner Original 450ML,495,False,456,1924,5,Household,House Cleaning,Toilet Supplies,,12620152,2026-09-06 17:37:18,True,https://metroonline.page.link/qcUk
SURF EXCEL DET 2KG,1185,False,1089,6,6,Household,Laundry,Detergents and Laundry Soaps,,9999937,2026-09-06 17:37:18,True,https://metroonline.page.link/AmD2
OK PHENYL PERFUMED 2.75L,175,False,195,0,5,Household,OK,Toilet Supplies,,12620115,2026-09-06 17:37:18,False,https://metroonline.page.link/ds5D
Lemon Max Dishwash Bar Long 530GM,199,False,179,3199,5,Household,Kitchen Cleaning,Dishwashing Bars,,9999823,2026-09-06 17:37:18,True,https://metroonline.page.link/WHjC
Ariel Original Detergent 900GM,590,False,0,0,5,Household,Laundry,Detergents and Laundry Soaps,,12620085,2026-09-06 17:37:18,True,https://metroonline.page.link/bbMi
Ok Toilet Roll White x 10,449,False,359,1842,15,Household,OK,Tissues and Napkins,,12620081,2026-09-06 17:37:18,False,https://metroonline.page.link/YoW4
Top Lock Jar  Rose  3 X1,179,False,149,0,5,Household,Kitchen Utensils and Cutlery,Cutlery,,12629222,2026-09-06 17:37:18,False,https://metroonline.page.link/Y9Qh
Rin Washing Powder 1KG,385,False,360,2,12,Household,Laundry,Detergents and Laundry Soaps,,95708725,2026-09-06 17:37:18,True,https://metroonline.page.link/NirQ
Sunlight 2in1 Washing Powder Green 2KG ,545,False,449,66,6,Household,Laundry,Detergents and Laundry Soaps,,67864261,2026-09-06 17:37:18,True,https://metroonline.page.link/1dG8
RIN Washing Powder 140GM,50,False,45,0,48,Household,Laundry,Detergents and Laundry Soaps,,84883158,2026-09-06 17:37:18,True,https://metroonline.page.link/4ZTc
RIN Washing Powder 500GM,199,False,177,1,24,Household,Laundry,Detergents and Laundry Soaps,,85089163,2026-09-06 17:37:18,True,https://metroonline.page.link/DpPZ
Fresco Plugin 250Ml,454,False,389,0,10,Household,Aerosols,Air Sprays,,92984817,2026-09-06 17:37:18,False,https://metroonline.page.link/QnHh
Kingtox Green Coil,99,False,77,529,10,Household,Aerosols,Insecticides,,93624558,2026-09-06 17:37:18,True,https://metroonline.page.link/nF6e
Spontex Laundry Brush,569,False,449,250,10,Household,Laundry,Fabric Care,,65656118,2026-09-06 17:37:18,True,https://metroonline.page.link/Uook
Spontex Floor Scrubber,2149,False,0,45,10,Household,House Cleaning,Mops and Brooms,,66189236,2026-09-06 17:37:18,True,https://metroonline.page.link/rMvv
Spontex Dustpan Set,1409,False,0,27,10,Household,House Cleaning,Mops and Brooms,,66338910,2026-09-06 17:37:18,True,https://metroonline.page.link/zc6f
Spontex Fiber Mop Refill,2194,False,0,5,10,Household,House Cleaning,Mops and Brooms,,66514994,2026-09-06 17:37:18,True,https://metroonline.page.link/FBWw
Spontex Window Cleaner,3309,False,0,0,10,Household,House Cleaning,Mops and Brooms,,66613661,2026-09-06 17:37:18,True,https://metroonline.page.link/6F2V
Spontex Window Wiper,399,False,299,278,10,Household,House Cleaning,Mops and Brooms,,66966472,2026-09-06 17:37:18,True,https://metroonline.page.link/t1b8
Spontex Floor Squeegee with Handle 25CM,599,False,600,142,10,Household,House Cleaning,Mops and Brooms,,67328571,2026-09-06 17:37:18,False,https://metroonline.page.link/wLFU
"Krucible Kitchen Cast Iron Grill Pan 10.25""",4300,False,4399,8,10,Household,Kitchen Utensils and Cutlery,Pots and Pans,,39552146,2026-09-06 17:37:18,True,https://metroonline.page.link/Ldso
"Krucible Kitchen Cast Iron Skillet 10""",3900,False,3649,2,10,Household,Kitchen Utensils and Cutlery,Pots and Pans,,39552149,2026-09-06 17:37:18,True,https://metroonline.page.link/Eid7
"Krucible Kitchen Cast Iron Skillet 12""",4600,False,4199,0,10,Household,Kitchen Utensils and Cutlery,Pots and Pans,,39552151,2026-09-06 17:37:18,True,https://metroonline.page.link/yJcP
Krucible Kitchen Cast Iron Reversible Grill 13x7.5,4900,False,4299,0,10,Household,Kitchen Utensils and Cutlery,Pots and Pans,,39552153,2026-09-06 17:37:18,True,https://metroonline.page.link/BqWp
Krucible Kitchen Cast Iron Reversible Grill 13x7.5 with Wood Base,6500,False,5599,0,10,Household,Kitchen Utensils and Cutlery,Pots and Pans,,39552154,2026-09-06 17:37:18,True,https://metroonline.page.link/EajF
Krucible Kitchen Cast Iron Reversible Grill 10.5 Square,4499,False,3999,0,10,Household,Kitchen Utensils and Cutlery,Pots and Pans,,39552156,2026-09-06 17:37:18,False,https://metroonline.page.link/WsTa
Krucible Kitchen Cast Iron Reversible Grill 10.5 Square with Wooden Base,5999,False,5399,0,10,Household,Kitchen Utensils and Cutlery,Pots and Pans,,39552157,2026-09-06 17:37:18,False,https://metroonline.page.link/fzbq
"Krucible Kitchen Cast Iron Tawa 12""",4600,False,4249,0,10,Household,Kitchen Utensils and Cutlery,Pots and Pans,,39552158,2026-09-06 17:37:18,True,https://metroonline.page.link/xDDy
"Krucible Kitchen Cast Iron Wok 14""",7999,False,7099,0,10,Household,Kitchen Utensils and Cutlery,Pots and Pans,,39552159,2026-09-06 17:37:18,False,https://metroonline.page.link/SZ3L
"Krucible Kitchen Cast Iron Wok 14"" With Lid",9500,False,8499,0,10,Household,Kitchen Utensils and Cutlery,Pots and Pans,,39552161,2026-09-06 17:37:18,True,https://metroonline.page.link/TrWH
Krucible Kitchen Cast Iron Sizzler / Hotplate 9,3300,False,2949,6,10,Household,Kitchen Utensils and Cutlery,Pots and Pans,,39552163,2026-09-06 17:37:18,True,https://metroonline.page.link/Wc8W
Endura Dinner Plate 25Cm,799,False,0,0,10,Household,Kitchen Utensils and Cutlery,Crockery,,39552164,2026-09-06 17:37:18,False,https://metroonline.page.link/a71N
Endura Soup Plate 23Cm,699,False,0,0,10,Household,Kitchen Utensils and Cutlery,Crockery,,39552165,2026-09-06 17:37:18,False,https://metroonline.page.link/BgSn
Endura Soup Plate 21Cm,599,False,0,0,10,Household,Kitchen Utensils and Cutlery,Crockery,,39552166,2026-09-06 17:37:18,False,https://metroonline.page.link/Jz3c
Endura Quarter Plate 19Cm,499,False,0,0,10,Household,Kitchen Utensils and Cutlery,Crockery,,39552168,2026-09-06 17:37:18,False,https://metroonline.page.link/FuMC
Endura Soup Bowl 12.5Cm,300,False,0,0,10,Household,Kitchen Utensils and Cutlery,Crockery,,39552169,2026-09-06 17:37:18,False,https://metroonline.page.link/kK37
Endura Soup Bowl 21Cm,900,False,0,0,10,Household,Kitchen Utensils and Cutlery,Crockery,,39552170,2026-09-06 17:37:18,False,https://metroonline.page.link/Hbnk
Endura Soup Bowl 24Cm,1399,False,0,0,10,Household,Kitchen Utensils and Cutlery,Crockery,,39552171,2026-09-06 17:37:18,False,https://metroonline.page.link/f3kw
Endura Round Dish 32Cm,1299,False,0,0,10,Household,Kitchen Utensils and Cutlery,Crockery,,39552172,2026-09-06 17:37:18,False,https://metroonline.page.link/r2vY
"Chef Steel Spoon Large (Magnet) 4""",202,False,0,0,10,Household,Kitchen Utensils and Cutlery,Crockery,,39552174,2026-09-06 17:37:18,False,https://metroonline.page.link/BSBq
"Chef Steel Parat (Magnet) 14""",524,False,0,0,10,Household,Kitchen Utensils and Cutlery,Crockery,,39552175,2026-09-06 17:37:18,False,https://metroonline.page.link/8TaL
"Chef Steel Glass (Magnet) 3.5""",152,False,0,0,10,Household,Kitchen Utensils and Cutlery,Crockery,,39552176,2026-09-06 17:37:18,False,https://metroonline.page.link/kfeA
Plate Dinner Deep Orange ,999,False,0,0,10,Household,Kitchen Utensils and Cutlery,Crockery,,39552177,2026-09-06 17:37:18,False,https://metroonline.page.link/i7Q8
Plate Dessert Deep Orange ,800,False,0,0,10,Household,Kitchen Utensils and Cutlery,Crockery,,39552178,2026-09-06 17:37:18,False,https://metroonline.page.link/Ugms
Plate Dinner Flat Orange ,899,False,0,0,10,Household,Kitchen Utensils and Cutlery,Crockery,,39552179,2026-09-06 17:37:18,False,https://metroonline.page.link/hS3R
Soup Bowl Orange ,400,False,0,0,10,Household,Kitchen Utensils and Cutlery,Crockery,,39552181,2026-09-06 17:37:18,False,https://metroonline.page.link/S7tB
"Bowl 9"" Orange ",1200,False,0,0,10,Household,Kitchen Utensils and Cutlery,Crockery,,39552182,2026-09-06 17:37:18,False,https://metroonline.page.link/ETWs
Dish Orange ,1299,False,0,0,10,Household,Kitchen Utensils and Cutlery,Crockery,,39552183,2026-09-06 17:37:18,False,https://metroonline.page.link/18Bp
Fruit Tray Orange,1399,False,0,0,10,Household,Kitchen Utensils and Cutlery,Crockery,,39552185,2026-09-06 17:37:18,False,https://metroonline.page.link/1yNv
Serving Tray Orange  ,1649,False,0,0,10,Household,Kitchen Utensils and Cutlery,Crockery,,39552186,2026-09-06 17:37:18,False,https://metroonline.page.link/EWms
Curry Spoon Orange ,299,False,0,0,10,Household,Kitchen Utensils and Cutlery,Cutlery,,39552187,2026-09-06 17:37:18,False,https://metroonline.page.link/zCPt
Rice Spoon Orange ,299,False,0,0,10,Household,Kitchen Utensils and Cutlery,Cutlery,,39552188,2026-09-06 17:37:18,False,https://metroonline.page.link/p28F
Plate Dinner Flat Red ,999,False,0,0,5,Household,Kitchen Utensils and Cutlery,Cutlery,,39552189,2026-09-06 17:37:18,False,https://metroonline.page.link/Eknm
Plate Dinner Deep Red,999,False,0,0,5,Household,Kitchen Utensils and Cutlery,Crockery,,39552190,2026-09-06 17:37:18,False,https://metroonline.page.link/gqcx
Plate Quarter Red ,700,False,0,0,5,Household,Kitchen Utensils and Cutlery,Crockery,,39552192,2026-09-06 17:37:18,False,https://metroonline.page.link/xYxt
Plate Dessert Deep Red ,699,False,0,0,10,Household,Kitchen Utensils and Cutlery,Crockery,,39552193,2026-09-06 17:37:18,False,https://metroonline.page.link/etih
Bowl Soup Mel S Red ,349,False,0,0,10,Household,Kitchen Utensils and Cutlery,Crockery,,39552194,2026-09-06 17:37:18,False,https://metroonline.page.link/v9Vg
"Bowl Soup Mel 9"" Red",1049,False,0,0,5,Household,Kitchen Utensils and Cutlery,Crockery,,39552195,2026-09-06 17:37:18,False,https://metroonline.page.link/yXBA
Fruit Tray Red,1399,False,0,0,10,Household,Kitchen Utensils and Cutlery,Crockery,,39552196,2026-09-06 17:37:18,False,https://metroonline.page.link/LKV1
Dish Red ,1299,False,0,0,5,Household,Kitchen Utensils and Cutlery,Crockery,,39552198,2026-09-06 17:37:18,False,https://metroonline.page.link/RD6s
Serving Tray Red  ,1649,False,0,0,5,Household,Kitchen Utensils and Cutlery,Crockery,,39552199,2026-09-06 17:37:18,False,https://metroonline.page.link/3Ynb
White Service Spoon Red X1,299,False,0,0,15,Household,Kitchen Utensils and Cutlery,Cutlery,,39552200,2026-09-06 17:37:18,False,https://metroonline.page.link/Mn6U
Curry Spoon Red ,299,False,0,0,5,Household,Kitchen Utensils and Cutlery,Cutlery,,39552201,2026-09-06 17:37:18,False,https://metroonline.page.link/MK2J
Rice Spoon Red ,299,False,0,0,5,Household,Kitchen Utensils and Cutlery,Cutlery,,39552202,2026-09-06 17:37:18,False,https://metroonline.page.link/AMc2
Dust Mop  40Cm,2109,False,0,0,10,Household,House Cleaning,Mops and Brooms,,39552203,2026-09-06 17:37:18,False,https://metroonline.page.link/yByW
Dust Mop 80Cm,2999,False,0,0,10,Household,House Cleaning,Mops and Brooms,,39552206,2026-09-06 17:37:18,True,https://metroonline.page.link/A8ka
Dust Mop  Refill  40Cm,749,False,0,0,10,Household,House Cleaning,Mops and Brooms,,39552208,2026-09-06 17:37:18,False,https://metroonline.page.link/BzJX
Dust Mop  Refill  60Cm,999,False,0,0,10,Household,House Cleaning,Mops and Brooms,,39552209,2026-09-06 17:37:18,False,https://metroonline.page.link/xfWn
Dust Mop  Refill  80Cm,1249,False,0,0,10,Household,House Cleaning,Mops and Brooms,,39552211,2026-09-06 17:37:18,True,https://metroonline.page.link/LjTd
Micro Dolly  250G,2499,False,0,0,10,Household,House Cleaning,Mops and Brooms,,39552212,2026-09-06 17:37:18,False,https://metroonline.page.link/j7Fs
Wiper Korean Copy  55Cm,2699,False,0,0,10,Household,House Cleaning,Mops and Brooms,,39552213,2026-09-06 17:37:18,False,https://metroonline.page.link/BDLk
Wiper Korean Copy  40Cm,2699,False,0,0,10,Household,House Cleaning,Mops and Brooms,,39552214,2026-09-06 17:37:18,False,https://metroonline.page.link/iUMy
Wiper Plastic Rotate Bec  40,649,False,0,0,10,Household,House Cleaning,Mops and Brooms,,39552215,2026-09-06 17:37:18,True,https://metroonline.page.link/qkzp
Kentucky Mop 450G,2199,False,0,0,10,Household,House Cleaning,Mops and Brooms,,39552216,2026-09-06 17:37:18,True,https://metroonline.page.link/btp1
Kentucky Mop550G,2099,False,0,0,10,Household,House Cleaning,Mops and Brooms,,39552218,2026-09-06 17:37:18,False,https://metroonline.page.link/UHaB
Kentucky Mop750,2499,False,0,0,10,Household,House Cleaning,Mops and Brooms,,39552219,2026-09-06 17:37:18,True,https://metroonline.page.link/huS6
Kentucky Mop Refill 450G,649,False,0,0,10,Household,House Cleaning,Mops and Brooms,,39552220,2026-09-06 17:37:18,False,https://metroonline.page.link/cza5
Kentucky Mop Refill550G,799,False,0,0,10,Household,House Cleaning,Mops and Brooms,,39552221,2026-09-06 17:37:18,False,https://metroonline.page.link/cQp3
Kentucky Mop Refill 750G,1099,False,0,0,10,Household,House Cleaning,Mops and Brooms,,39552223,2026-09-06 17:37:18,True,https://metroonline.page.link/xQSz
Euro Glass 455ML,655,False,599,0,10,Household,Kitchen Utensils and Cutlery,Glassware,,39552224,2026-09-06 17:37:18,True,https://metroonline.page.link/VvtG
Nova Capital 300Ml,799,False,0,0,10,Household,Kitchen Utensils and Cutlery,Glassware,,39552225,2026-09-06 17:37:18,False,https://metroonline.page.link/MF3w
Tulip 280 ML,749,False,649,0,10,Household,Kitchen Utensils and Cutlery,Glassware,,39552226,2026-09-06 17:37:18,True,https://metroonline.page.link/Sb3X
Nova Cindy 300Ml New,599,False,0,0,10,Household,Kitchen Utensils and Cutlery,Glassware,,39552228,2026-09-06 17:37:18,False,https://metroonline.page.link/kcnS
Nova Avon 300 Ml,539,False,0,0,10,Household,Kitchen Utensils and Cutlery,Glassware,,39552229,2026-09-06 17:37:18,True,https://metroonline.page.link/Vc4K
 NovaTulip 300 Ml,1299,False,0,0,10,Household,Kitchen Utensils and Cutlery,Glassware,,39552230,2026-09-06 17:37:18,False,https://metroonline.page.link/5c8w
 Nova Capri Twist 280Ml,649,False,0,0,10,Household,Kitchen Utensils and Cutlery,Glassware,,39552232,2026-09-06 17:37:18,False,https://metroonline.page.link/hWNy
Nova Crest 280Ml,943,False,0,0,10,Household,Kitchen Utensils and Cutlery,Glassware,,39552233,2026-09-06 17:37:18,False,https://metroonline.page.link/SPEF
Gob Nova Imperial 300Ml X6,5694,False,0,0,10,Household,Kitchen Utensils and Cutlery,Glassware,,39552234,2026-09-06 17:37:18,False,https://metroonline.page.link/HW2D
Gob Nova Bistro 370Ml X6,949,False,0,0,10,Household,Kitchen Utensils and Cutlery,Glassware,,39552235,2026-09-06 17:37:18,False,https://metroonline.page.link/LXb3
Nova Bingo 350Ml,999,False,0,728,10,Household,Kitchen Utensils and Cutlery,Glassware,,39552236,2026-09-06 17:37:18,True,https://metroonline.page.link/DFHY
Nova Imperial 240 Ml,899,False,0,0,10,Household,Kitchen Utensils and Cutlery,Glassware,,39552238,2026-09-06 17:37:18,True,https://metroonline.page.link/DZoS
"White Bowl Soup Art Prime 9"" X1",1049,False,0,0,15,Household,Kitchen Utensils and Cutlery,Crockery,,40219950,2026-09-06 17:37:18,False,https://metroonline.page.link/xvvQ
Golden/Blue Dinner Sets Art Ks-Sfp 006,27789,False,19933,0,15,Household,Kitchen Utensils and Cutlery,Crockery,,40219952,2026-09-06 17:37:18,False,https://metroonline.page.link/GMTb
Blue Serving Tray,1649,False,1446,0,15,Household,Kitchen Utensils and Cutlery,Crockery,,40219954,2026-09-06 17:37:18,False,https://metroonline.page.link/Ru3k
White Rish Dish Art X1,1299,False,0,0,15,Household,Kitchen Utensils and Cutlery,Crockery,,40219955,2026-09-06 17:37:18,False,https://metroonline.page.link/ekRM
C Green Service Rice Dish,1299,False,1148,0,15,Household,Kitchen Utensils and Cutlery,Crockery,,40219957,2026-09-06 17:37:18,False,https://metroonline.page.link/5ZSL
White Servive Dish Art Prime X1,1299,False,0,0,15,Household,Kitchen Utensils and Cutlery,Crockery,,40219959,2026-09-06 17:37:18,False,https://metroonline.page.link/4wwP
Blue Service Rice Dish,1299,False,1148,0,15,Household,Kitchen Utensils and Cutlery,Crockery,,40219960,2026-09-06 17:37:18,False,https://metroonline.page.link/sqG2
White Serving Tray,1649,False,1446,0,15,Household,Kitchen Utensils and Cutlery,Crockery,,40219962,2026-09-06 17:37:18,False,https://metroonline.page.link/axfB
White Dessert Plate Flat,649,False,595,0,15,Household,Kitchen Utensils and Cutlery,Crockery,,40219964,2026-09-06 17:37:18,False,https://metroonline.page.link/QU1f
White Dinner Plat Flat Art Prmex1,999,False,808,0,15,Household,Kitchen Utensils and Cutlery,Crockery,,40219965,2026-09-06 17:37:18,False,https://metroonline.page.link/Dsjv
Blue Dinner Plate Deep,999,False,808,0,15,Household,Kitchen Utensils and Cutlery,Crockery,,40219966,2026-09-06 17:37:18,False,https://metroonline.page.link/kZPq
White Plate Quarter Art Eagle X1,649,False,595,0,15,Household,Kitchen Utensils and Cutlery,Crockery,,40219969,2026-09-06 17:37:18,False,https://metroonline.page.link/PHGz
C Green Dinner Plate Flat,999,False,808,0,15,Household,Kitchen Utensils and Cutlery,Crockery,,40219970,2026-09-06 17:37:18,False,https://metroonline.page.link/TN4K
Blue Fruit Tray,1399,False,1233,0,15,Household,Kitchen Utensils and Cutlery,Crockery,,40219971,2026-09-06 17:37:18,False,https://metroonline.page.link/JsMN
C Green Dinner Plate Deep,899,False,808,0,15,Household,Kitchen Utensils and Cutlery,Crockery,,40219972,2026-09-06 17:37:18,False,https://metroonline.page.link/y5Vg
White Plate Flat Art Eagle X1,999,False,808,0,15,Household,Kitchen Utensils and Cutlery,Crockery,,40219974,2026-09-06 17:37:18,False,https://metroonline.page.link/bmVz
White Dessert Plate Dep Art Prmex1,800,False,638,0,15,Household,Kitchen Utensils and Cutlery,Crockery,,40219975,2026-09-06 17:37:18,False,https://metroonline.page.link/3wjQ
Blue Dinner Plate Flat,999,False,808,0,15,Household,Kitchen Utensils and Cutlery,Crockery,,40219976,2026-09-06 17:37:18,False,https://metroonline.page.link/7Sdp
"White Curry Bowl Art Prime 8""X1",1049,False,0,0,15,Household,Kitchen Utensils and Cutlery,Crockery,,40219977,2026-09-06 17:37:18,False,https://metroonline.page.link/5in9
C Green Fruit Tray,1399,False,1233,0,15,Household,Kitchen Utensils and Cutlery,Crockery,,40219979,2026-09-06 17:37:18,False,https://metroonline.page.link/npvK
White Fruit Tray Art Prime X1,1399,False,0,0,15,Household,Kitchen Utensils and Cutlery,Crockery,,40219980,2026-09-06 17:37:18,False,https://metroonline.page.link/H6gc
White Dish Art Prime X1,749,False,0,0,15,Household,Kitchen Utensils and Cutlery,Crockery,,40219981,2026-09-06 17:37:18,False,https://metroonline.page.link/hmQZ
Blue Dessert Plate Flat,700,False,595,0,15,Household,Kitchen Utensils and Cutlery,Crockery,,40219982,2026-09-06 17:37:18,False,https://metroonline.page.link/Cd7f
Blue Dessert Plate Deep,800,False,638,0,15,Household,Kitchen Utensils and Cutlery,Crockery,,40219984,2026-09-06 17:37:18,False,https://metroonline.page.link/BQXQ
White Soup Plate  Art Prime  X1,649,False,595,0,15,Household,Kitchen Utensils and Cutlery,Crockery,,40219985,2026-09-06 17:37:18,False,https://metroonline.page.link/BKZS
White Servive Tray Art Prime X1,1649,False,0,0,15,Household,Kitchen Utensils and Cutlery,Crockery,,40219986,2026-09-06 17:37:18,False,https://metroonline.page.link/yv8N
White Bowl Art Prime X1,800,False,0,0,15,Household,Kitchen Utensils and Cutlery,Crockery,,40219987,2026-09-06 17:37:18,False,https://metroonline.page.link/LqyW
White Dinner Plat  Deep Art Prmex1,999,False,808,0,15,Household,Kitchen Utensils and Cutlery,Crockery,,40219989,2026-09-06 17:37:18,False,https://metroonline.page.link/zPbK
C Green Dessert Plate Deep,699,False,638,0,15,Household,Kitchen Utensils and Cutlery,Crockery,,40219990,2026-09-06 17:37:18,False,https://metroonline.page.link/HSkd
White Desert Plat Flat Art Prme X1,700,False,595,0,15,Household,Kitchen Utensils and Cutlery,Crockery,,40219992,2026-09-06 17:37:18,False,https://metroonline.page.link/FuVw
C Green Service Bowl 9'',1200,False,935,0,15,Household,Kitchen Utensils and Cutlery,Crockery,,40219993,2026-09-06 17:37:18,False,https://metroonline.page.link/WWNw
Blue Service Bowl 9'',1200,False,935,0,15,Household,Kitchen Utensils and Cutlery,Crockery,,40219994,2026-09-06 17:37:18,False,https://metroonline.page.link/pyEm
White Dish Art Prime X1,749,False,0,0,15,Household,Kitchen Utensils and Cutlery,Crockery,,40219995,2026-09-06 17:37:18,False,https://metroonline.page.link/EFqd
Blue Service Rice Spoon,299,False,256,0,15,Household,Kitchen Utensils and Cutlery,Cutlery,,40219997,2026-09-06 17:37:18,False,https://metroonline.page.link/mb7U
"White Lid 8"" Art Prime X1",699,False,0,0,15,Household,Kitchen Utensils and Cutlery,Crockery,,40219998,2026-09-06 17:37:18,False,https://metroonline.page.link/apDR
White Dessert Plate Flat,700,False,595,0,15,Household,Kitchen Utensils and Cutlery,Crockery,,40219999,2026-09-06 17:37:18,False,https://metroonline.page.link/g9ug
C Green Service Rice Spoon,299,False,256,0,15,Household,Kitchen Utensils and Cutlery,Cutlery,,40220000,2026-09-06 17:37:18,False,https://metroonline.page.link/wFYw
C Green Service Curry Spoon,299,False,256,0,15,Household,Kitchen Utensils and Cutlery,Cutlery,,40220001,2026-09-06 17:37:18,False,https://metroonline.page.link/e5DS
"White Curry Bowl Art Prime 7""X1",749,False,0,0,15,Household,Kitchen Utensils and Cutlery,Crockery,,40220003,2026-09-06 17:37:18,False,https://metroonline.page.link/Tqjh
White Service Spoon Art Prime x1,399,False,0,0,15,Household,Kitchen Utensils and Cutlery,Cutlery,,40220004,2026-09-06 17:37:18,False,https://metroonline.page.link/7una
White Dinner Plate Flat ,999,False,808,0,15,Household,Kitchen Utensils and Cutlery,Crockery,,40220005,2026-09-06 17:37:18,False,https://metroonline.page.link/7U6n
Blue Service Curry Spoon,299,False,256,0,15,Household,Kitchen Utensils and Cutlery,Cutlery,,40220007,2026-09-06 17:37:18,False,https://metroonline.page.link/yShw
White Soup Bowl Art Prime X1,349,False,298,0,15,Household,Kitchen Utensils and Cutlery,Crockery,,40220009,2026-09-06 17:37:18,False,https://metroonline.page.link/ukH8
White Curry Spoon Art X1,299,False,0,0,15,Household,Kitchen Utensils and Cutlery,Cutlery,,40220010,2026-09-06 17:37:18,False,https://metroonline.page.link/4aUB
White Soup Spoon Art Prime X1,199,False,128,0,15,Household,Kitchen Utensils and Cutlery,Cutlery,,40220013,2026-09-06 17:37:18,False,https://metroonline.page.link/gvsk
Blue Soup Bowl,349,False,298,0,15,Household,Kitchen Utensils and Cutlery,Crockery,,40220014,2026-09-06 17:37:18,False,https://metroonline.page.link/nkHB
Sunlight 2in1 Washing Powder Pink 2KG ,545,False,449,2,6,Household,Laundry,Detergents and Laundry Soaps,,84306349,2026-09-06 17:37:18,True,https://metroonline.page.link/2LRt
Sunlight 2in1 Washing Powder Green 4KG ,1075,False,902,0,2,Household,Laundry,Detergents and Laundry Soaps,,84671600,2026-09-06 17:37:18,True,https://metroonline.page.link/ibke
Dettol Solution 100ML,419,False,462,0,2,Household,Miscellaneous,O.T.C Medicines,,36620932,2026-09-06 17:37:18,True,https://metroonline.page.link/xcH9
Harpic Bathroom Cleaner Floral 125 ML,139,False,,0,5,Household,House Cleaning,Toilet Supplies,,39204835,2026-09-06 17:37:18,False,https://metroonline.page.link/RMbv
TULIP PARTY PACK PINK 300,170,False,165,603,10,Household,House Cleaning,Tissues and Napkins,,9999887,2026-09-06 17:37:18,True,https://metroonline.page.link/Y6qW
6 Pcs Table Spoon-02,849,False,699,0,5,Household,Kitchen Utensils and Cutlery,Cutlery,,63335064,2026-09-06 17:37:18,False,https://metroonline.page.link/QBbA
6 Pcs Medium Spoon-02,900,False,699,0,5,Household,Kitchen Utensils and Cutlery,Cutlery,,63335066,2026-09-06 17:37:18,False,https://metroonline.page.link/eB7c
Tea Set Bone China Fq Full,18899,False,16999,0,5,Household,Kitchen Utensils and Cutlery,Cutlery,,63335068,2026-09-06 17:37:18,False,https://metroonline.page.link/KoBR
Tea Set Bone China Hp Full,18899,False,16999,0,5,Household,Kitchen Utensils and Cutlery,Cutlery,,63335071,2026-09-06 17:37:18,False,https://metroonline.page.link/eSuU
Tea Set Bone China Gw Full,19059,False,12499,0,5,Household,Kitchen Utensils and Cutlery,Cutlery,,63335073,2026-09-06 17:37:18,False,https://metroonline.page.link/psRC
Dinner Set Pyrex Opal 72 Pcs,36999,False,33299,0,5,Household,Kitchen Utensils and Cutlery,Cutlery,,63335074,2026-09-06 17:37:18,False,https://metroonline.page.link/qYoh
Glass Dinner Set 57 Pc 8 Person,10100,False,7499,0,5,Household,Kitchen Utensils and Cutlery,Cutlery,,63335076,2026-09-06 17:37:18,False,https://metroonline.page.link/D1BB
Glass Smoke Color Ds 57 Pieces,12800,False,9499,0,5,Household,Kitchen Utensils and Cutlery,Cutlery,,63335077,2026-09-06 17:37:18,False,https://metroonline.page.link/YuVP
Cup & Saucer Gold Moon,4999,False,4999,0,5,Household,Kitchen Utensils and Cutlery,Cutlery,,63335078,2026-09-06 17:37:18,False,https://metroonline.page.link/zZdw
Cup & Saucer Gold Line,4999,False,3799,0,5,Household,Kitchen Utensils and Cutlery,Glassware,,63335079,2026-09-06 17:37:18,False,https://metroonline.page.link/67Ai
Fancyware Water Set 8 Pieces,3999,False,1999,0,5,Household,Kitchen Utensils and Cutlery,Glassware,,63335081,2026-09-06 17:37:18,False,https://metroonline.page.link/XJ6U
Gold Water Set 8 Pieces,4999,False,2599,0,5,Household,Kitchen Utensils and Cutlery,Glassware,,63335082,2026-09-06 17:37:18,False,https://metroonline.page.link/6TxS
Unique Water Set 8 Ppieces,4999,False,2599,0,5,Household,Kitchen Utensils and Cutlery,Glassware,,63335083,2026-09-06 17:37:18,False,https://metroonline.page.link/CWkd
Glass Jug Aquatic,899,False,499,0,5,Household,Kitchen Utensils and Cutlery,Glassware,,63335084,2026-09-06 17:37:18,False,https://metroonline.page.link/K5ZE
Jar Set Plain 3 Pieces,999,False,899,0,5,Household,Kitchen Utensils and Cutlery,Cutlery,,63335085,2026-09-06 17:37:18,False,https://metroonline.page.link/BN8j
Jar Set Large Size ,399,False,349,0,5,Household,Kitchen Utensils and Cutlery,Cutlery,,63335087,2026-09-06 17:37:18,False,https://metroonline.page.link/WY2Q
Bone Bowl Set 4 Pieces ,3009,False,2999,0,5,Household,Kitchen Utensils and Cutlery,Cutlery,,63335088,2026-09-06 17:37:18,False,https://metroonline.page.link/ThMd
Glass Fruit Set Lilly,1800,False,1349,0,5,Household,Kitchen Utensils and Cutlery,Crockery,,63335089,2026-09-06 17:37:18,False,https://metroonline.page.link/tqB9
Endura Sq Soup Plate 23 Cm K5250,399,False,499,0,5,Household,Kitchen Utensils and Cutlery,Cutlery,,63335090,2026-09-06 17:37:18,False,https://metroonline.page.link/a9Y3
Titiz Soap Dispensing Sponge Holder,1549,False,1099,0,5,Household,Miscellaneous,Cutlery,,63335091,2026-09-06 17:37:18,False,https://metroonline.page.link/xpwd
Titiz Ice Scraper,318,False,219,0,5,Household,Kitchen Utensils and Cutlery,Kitchen Utensils and Accessories,,63335093,2026-09-06 17:37:18,False,https://metroonline.page.link/GrJv
Economic Cleaning Cloth,399,False,299,681,5,Household,Kitchen Cleaning,Sponges,,63335094,2026-09-06 17:37:18,True,https://metroonline.page.link/Vh6s
Medic Pill Box,22499,False,18900,1,5,Household,Kitchen Utensils and Cutlery,Cutlery,,63335095,2026-09-06 17:37:18,True,https://metroonline.page.link/RioB
Top Lock Jar  Rose  2 X1,229,False,149,0,5,Household,Kitchen Utensils and Cutlery,Cutlery,,63335096,2026-09-06 17:37:18,False,https://metroonline.page.link/GE8A
Top Lock Jar  Rose  4 X1,169,False,149,0,5,Household,Kitchen Utensils and Cutlery,Cutlery,,63335098,2026-09-06 17:37:18,False,https://metroonline.page.link/eX88
Top Lock Jar  Rose  5 X1,169,False,149,0,5,Household,Kitchen Utensils and Cutlery,Cutlery,,63335100,2026-09-06 17:37:18,False,https://metroonline.page.link/JH1J
Basket Set X2,1099,False,999,43,5,Household,Kitchen Utensils and Cutlery,Cutlery,,63335101,2026-09-06 17:37:18,True,https://metroonline.page.link/yGaj
Spice Box Small X1,2000,False,1599,0,5,Household,Kitchen Utensils and Cutlery,Cutlery,,63335103,2026-09-06 17:37:18,False,https://metroonline.page.link/zH5C
Basket Steel Handle,450,False,349,0,5,Household,Kitchen Utensils and Cutlery,Cutlery,,63335104,2026-09-06 17:37:18,False,https://metroonline.page.link/V2dm
Irani Zeba Spoon Holder,1049,False,749,23,5,Household,Kitchen Utensils and Cutlery,Cutlery,,63335106,2026-09-06 17:37:18,True,https://metroonline.page.link/SyXU
Basket Steel Handle Meduime,1149,False,649,0,5,Household,Kitchen Utensils and Cutlery,Cutlery,,63335107,2026-09-06 17:37:18,False,https://metroonline.page.link/s4RD
Padle Bin Knit Knot Sm,3199,False,1849,0,5,Household,Kitchen Utensils and Cutlery,Cutlery,,63335108,2026-09-06 17:37:18,True,https://metroonline.page.link/CxEB
Aqua Multi Storage Countainer,4250,False,3699,0,5,Household,Kitchen Utensils and Cutlery,Cutlery,,63335109,2026-09-06 17:37:18,False,https://metroonline.page.link/1o7f
Phon Jug Crystal-10,1259,False,1049,0,5,Household,Kitchen Utensils and Cutlery,Cutlery,,63335110,2026-09-06 17:37:18,False,https://metroonline.page.link/xMW5
Sonex Spice Set Wood,3299,False,2499,0,5,Household,Kitchen Utensils and Cutlery,Storage Containers,,63335111,2026-09-06 17:37:18,False,https://metroonline.page.link/ooP5
Ali Baba Homekit Small,1099,False,749,8,5,Household,Kitchen Utensils and Cutlery,Cutlery,,63335112,2026-09-06 17:37:18,True,https://metroonline.page.link/TnxT
Classic Shampoo Rack Nafees,1399,False,749,6,5,Household,Kitchen Utensils and Cutlery,Cutlery,,63335114,2026-09-06 17:37:18,True,https://metroonline.page.link/WbRh
Fridge Stand Small,3499,False,1299,0,5,Household,Kitchen Utensils and Cutlery,Cutlery,,63335115,2026-09-06 17:37:18,True,https://metroonline.page.link/hzjf
Maj Gift Set Uniqe Gl,19659,False,11999,0,5,Household,Kitchen Utensils and Cutlery,Cutlery,,63335117,2026-09-06 17:37:18,False,https://metroonline.page.link/Sisy
Malta Juicer + Crystal Glass,449,False,319,0,5,Household,Kitchen Utensils and Cutlery,Kitchen Utensils and Accessories,,63335119,2026-09-06 17:37:18,False,https://metroonline.page.link/gAZD
Table Fork Camri 5Mm X6,9894,False,2099,0,5,Household,Kitchen Utensils and Cutlery,Cutlery,,63335120,2026-09-06 17:37:18,False,https://metroonline.page.link/YA2o
Soup Spoon Camri 5Mm X6,8394,False,2099,0,5,Household,Kitchen Utensils and Cutlery,Cutlery,,63335121,2026-09-06 17:37:18,False,https://metroonline.page.link/UWUG
Cake Fork Camri  5Mm X6,7194,False,1499,0,5,Household,Kitchen Utensils and Cutlery,Cutlery,,63335122,2026-09-06 17:37:18,False,https://metroonline.page.link/vC4r
Serving Spoon  Camri 5Mm X2,1698,False,849,0,5,Household,Kitchen Utensils and Cutlery,Cutlery,,63335123,2026-09-06 17:37:18,False,https://metroonline.page.link/Quk6
Tea Spoon  Camri 2Mm X6,6859,False,999,0,5,Household,Kitchen Utensils and Cutlery,Cutlery,,63335124,2026-09-06 17:37:18,False,https://metroonline.page.link/BBi2
Table Spoon Camri 2Mm X6,2279,False,1649,0,5,Household,Kitchen Utensils and Cutlery,Cutlery,,63335126,2026-09-06 17:37:18,False,https://metroonline.page.link/Hifu
Table Fork Camri 2Mm X6,4882,False,1649,0,5,Household,Kitchen Utensils and Cutlery,Cutlery,,63335127,2026-09-06 17:37:18,False,https://metroonline.page.link/xsdi
Soup Spoon Camri 2Mm X6,1678,False,1649,0,5,Household,Kitchen Utensils and Cutlery,Cutlery,,63335128,2026-09-06 17:37:18,False,https://metroonline.page.link/gesK
Serving Spoon  Camri 2Mm X2,719,False,649,0,5,Household,Kitchen Utensils and Cutlery,Cutlery,,63335129,2026-09-06 17:37:18,False,https://metroonline.page.link/SvdP
Cake Fork Camri 2Mm X2,1099,False,1099,0,5,Household,Kitchen Utensils and Cutlery,Cutlery,,63335130,2026-09-06 17:37:18,False,https://metroonline.page.link/QiyG
Camri Quarter Plate 18.5 Cm Whiteware,849,False,649,0,5,Household,Kitchen Utensils and Cutlery,Cutlery,,63335131,2026-09-06 17:37:18,False,https://metroonline.page.link/eK3T
Camri Dinner Plate 24 Cm Whiteware,1599,False,1199,0,5,Household,Kitchen Utensils and Cutlery,Cutlery,,63335133,2026-09-06 17:37:18,False,https://metroonline.page.link/UVrR
Camri Deep Plate   20 Cm Whiteware,1399,False,1099,0,5,Household,Kitchen Utensils and Cutlery,Cutlery,,63335134,2026-09-06 17:37:18,False,https://metroonline.page.link/BEWn
Soup Bowl  Camri  X1,1271,False,999,0,5,Household,Kitchen Utensils and Cutlery,Cutlery,,63335135,2026-09-06 17:37:18,False,https://metroonline.page.link/dh3d
Ashtray  Camri  X1,481,False,349,0,5,Household,Kitchen Utensils and Cutlery,Cutlery,,63335136,2026-09-06 17:37:18,False,https://metroonline.page.link/YBpE
"7"" Salad Bowl  Camri  X1",1112,False,799,0,5,Household,Kitchen Utensils and Cutlery,Cutlery,,63335137,2026-09-06 17:37:18,False,https://metroonline.page.link/E7Kt
"8"" Salad Bowl  Camri  X1",1629,False,999,0,5,Household,Kitchen Utensils and Cutlery,Cutlery,,63335139,2026-09-06 17:37:18,False,https://metroonline.page.link/L8gi
Dinner Plate  Camri  X1,1499,False,1499,0,5,Household,Kitchen Utensils and Cutlery,Cutlery,,63335140,2026-09-06 17:37:18,False,https://metroonline.page.link/9teq
Quarter Plate  Camri  X1,899,False,599,0,5,Household,Kitchen Utensils and Cutlery,Cutlery,,63335141,2026-09-06 17:37:18,False,https://metroonline.page.link/8t1h
S&P Shakers  Camri  X1,636,False,0,0,5,Household,Kitchen Utensils and Cutlery,Cutlery,,63335142,2026-09-06 17:37:18,False,https://metroonline.page.link/5qFU
Table Knife 2Mm X2,2499,False,1199,0,5,Household,Kitchen Utensils and Cutlery,Cutlery,,63335143,2026-09-06 17:37:18,False,https://metroonline.page.link/62wP
Table Knife 3Mm X2,1536,False,1199,0,5,Household,Kitchen Utensils and Cutlery,Cutlery,,63335144,2026-09-06 17:37:18,False,https://metroonline.page.link/aSmR
Table Knife 5Mm X2,969,False,1199,0,5,Household,Kitchen Utensils and Cutlery,Cutlery,,63335146,2026-09-06 17:37:18,False,https://metroonline.page.link/Gdcc
Dessert Bowl 14Cm (Meadow),899,False,299,0,5,Household,Kitchen Utensils and Cutlery,Cutlery,,63335147,2026-09-06 17:37:18,True,https://metroonline.page.link/a1BG
Serving Bowl 23.5Cm,1999,False,,0,5,Household,Kitchen Utensils and Cutlery,Cutlery,,63335148,2026-09-06 17:37:18,True,https://metroonline.page.link/KLPE
Camri Soup Spoon Whiteware,219,False,149,0,5,Household,Kitchen Utensils and Cutlery,Cutlery,,63335149,2026-09-06 17:37:18,False,https://metroonline.page.link/D6DJ
"6"" Tilted Bowl Camri X1",1015,False,749,0,5,Household,Kitchen Utensils and Cutlery,Cutlery,,63335150,2026-09-06 17:37:18,False,https://metroonline.page.link/WuXS
"7"" Tilted Bowl Camri X1",1282,False,999,0,5,Household,Kitchen Utensils and Cutlery,Cutlery,,63335152,2026-09-06 17:37:18,False,https://metroonline.page.link/hpky
Tea Pot W/Lid Camri X1,2149,False,1399,0,5,Household,Kitchen Utensils and Cutlery,Cutlery,,63335153,2026-09-06 17:37:18,False,https://metroonline.page.link/tZhE
Camri Sugar Pot With Spoon Whiteware,599,False,649,0,5,Household,Kitchen Utensils and Cutlery,Cutlery,,63335154,2026-09-06 17:37:18,False,https://metroonline.page.link/cckn
Milk Pot Camri X1,549,False,449,0,5,Household,Kitchen Utensils and Cutlery,Cutlery,,63335155,2026-09-06 17:37:18,False,https://metroonline.page.link/qgZr
"Camri 10"" Oval Platter",1199,False,849,0,5,Household,Kitchen Utensils and Cutlery,Cutlery,,63335156,2026-09-06 17:37:18,False,https://metroonline.page.link/oBCY
"Camri 12"" Oval Platter",1649,False,1149,0,5,Household,Kitchen Utensils and Cutlery,Cutlery,,63335157,2026-09-06 17:37:18,False,https://metroonline.page.link/A8rv
"Camri 14"" Oval Platter",1999,False,1699,0,5,Household,Kitchen Utensils and Cutlery,Cutlery,,63335159,2026-09-06 17:37:18,False,https://metroonline.page.link/tBp9
"Camri10"" Rectangular Plater",899,False,799,0,5,Household,Kitchen Utensils and Cutlery,Cutlery,,63335160,2026-09-06 17:37:18,False,https://metroonline.page.link/kXN2
"Camri10"" Rectangular Plater",1249,False,1149,0,5,Household,Kitchen Utensils and Cutlery,Cutlery,,63335161,2026-09-06 17:37:18,False,https://metroonline.page.link/o3u5
"Camri 14""Rectangular Plater",2299,False,1749,0,5,Household,Kitchen Utensils and Cutlery,Cutlery,,63335162,2026-09-06 17:37:18,False,https://metroonline.page.link/9NMm
"Camri 7.5""  Square Plater",779,False,649,0,5,Household,Kitchen Utensils and Cutlery,Cutlery,,63335163,2026-09-06 17:37:18,False,https://metroonline.page.link/FbLc
"Camri 10"" Square Plater",1899,False,1749,0,5,Household,Kitchen Utensils and Cutlery,Cutlery,,63335164,2026-09-06 17:37:18,False,https://metroonline.page.link/SJfa
"Camri 12"" Square Plater",2499,False,2099,0,5,Household,Kitchen Utensils and Cutlery,Cutlery,,63335166,2026-09-06 17:37:18,False,https://metroonline.page.link/i7KP
"Camri 10""  Sequence Plater",969,False,849,0,5,Household,Kitchen Utensils and Cutlery,Cutlery,,63335167,2026-09-06 17:37:18,False,https://metroonline.page.link/obto
"Camri 12""  Sequence Plater",1695,False,1199,0,5,Household,Kitchen Utensils and Cutlery,Cutlery,,63335168,2026-09-06 17:37:18,False,https://metroonline.page.link/3WPh
"Camri 14""  Sequence Plater",3099,False,1899,0,5,Household,Kitchen Utensils and Cutlery,Cutlery,,63335169,2026-09-06 17:37:18,False,https://metroonline.page.link/RcyQ
"Camri 3"" Ramekin Round Whiteware",299,False,349,0,5,Household,Kitchen Utensils and Cutlery,Cutlery,,63335171,2026-09-06 17:37:18,False,https://metroonline.page.link/o95o
"Camri  4"" Cuba Raita Bowl Whiteware",549,False,349,0,5,Household,Kitchen Utensils and Cutlery,Cutlery,,63335172,2026-09-06 17:37:18,False,https://metroonline.page.link/PfY4
Camri Coffee Pot V,2013,False,1099,0,5,Household,Kitchen Utensils and Cutlery,Cutlery,,63335173,2026-09-06 17:37:18,False,https://metroonline.page.link/M1kc
Camri 75 Pcs D/Set Bone/512 G,40597,False,0,0,5,Household,Kitchen Utensils and Cutlery,Cutlery,,63335174,2026-09-06 17:37:18,False,https://metroonline.page.link/6g1X
Camri Cup & Saucer,6499,False,3299,16,5,Household,Kitchen Utensils and Cutlery,Cutlery,,63335175,2026-09-06 17:37:18,True,https://metroonline.page.link/Yz5H
"Camri Dinner Plate  Nbc 10.5""",549,False,749,0,5,Household,Kitchen Utensils and Cutlery,Cutlery,,63335176,2026-09-06 17:37:18,False,https://metroonline.page.link/Gngh
"Camri Quarter Plate Nbc 8""",399,False,0,0,5,Household,Kitchen Utensils and Cutlery,Cutlery,,63335178,2026-09-06 17:37:18,False,https://metroonline.page.link/Fgaa
"Camri Deep Plate Nbc 8""",609,False,0,0,5,Household,Kitchen Utensils and Cutlery,Cutlery,,63335179,2026-09-06 17:37:18,False,
"Camri Dessert Bowl Nbc 5.5""",949,False,0,0,5,Household,Kitchen Utensils and Cutlery,Cutlery,,63335180,2026-09-06 17:37:18,False,https://metroonline.page.link/QCEC
"Camri Serving Bowl Nbc 9""",1699,False,0,0,5,Household,Kitchen Utensils and Cutlery,Cutlery,,63335181,2026-09-06 17:37:18,False,
"Camri  Oval Dish Nbc 14""",849,False,0,0,5,Household,Kitchen Utensils and Cutlery,Cutlery,,63335182,2026-09-06 17:37:18,False,
Camri 6 Pcs Mug Set 320  Ml,1100,False,749,0,5,Household,Kitchen Utensils and Cutlery,Cutlery,,63335184,2026-09-06 17:37:18,False,https://metroonline.page.link/5Qkv
Camri 61 Pcs Dinner Set Ast,37625,False,24999,0,5,Household,Kitchen Utensils and Cutlery,Cutlery,,63335185,2026-09-06 17:37:18,False,https://metroonline.page.link/5srB
Camri Gold Plated Mug Ast,599,False,399,0,5,Household,Kitchen Utensils and Cutlery,Cutlery,,63335186,2026-09-06 17:37:18,False,https://metroonline.page.link/nVL7
Broom With Handle Spntx X1,1332,False,1249,61,5,Household,House Cleaning,Mops and Brooms,,63335187,2026-09-06 17:37:18,True,https://metroonline.page.link/hfg1
Fine Life Laundry Soap 250GM x 4,499,False,449,108,3,Household,Laundry,Detergents and Laundry Soaps,,63737424,2026-09-06 17:37:18,True,https://metroonline.page.link/S3DY
Max Scrub Nail Saver Sponge,230,False,,10,5,Household,Kitchen Cleaning,Sponges,,29859900,2026-09-06 17:37:18,True,https://metroonline.page.link/rKVs
Fine Dreaming Microfiber Cloth ,398,False,398,0,5,Household,Kitchen Cleaning,Sponges,,31559863,2026-09-06 17:37:18,False,https://metroonline.page.link/G66h
Dettol Solution 50 ML,215,False,,0,5,Household,Miscellaneous,O.T.C Medicines,,56222034,2026-09-06 17:37:18,True,https://metroonline.page.link/wWTz
Harpic Tbc Original 125Ml,149,False,,0,5,Household,House Cleaning,Toilet Supplies,,63602848,2026-09-06 17:37:18,False,https://metroonline.page.link/7G49
Sunlight 2in1 Washing Powder Green 400GM,95,False,93,3,2,Household,Laundry,Detergents and Laundry Soaps,,59543877,2026-09-06 17:37:18,True,https://metroonline.page.link/2WCj
Sunlight 2in1 Washing Powder Green 500GM,150,False,,0,3,Household,Laundry,Detergents and Laundry Soaps,,59881292,2026-09-06 17:37:18,False,https://metroonline.page.link/5sn8
Sunlight 2in1 Washing Powder Pink 400GM,98,False,93,0,3,Household,Laundry,Detergents and Laundry Soaps,,60121933,2026-09-06 17:37:18,True,https://metroonline.page.link/zHPJ
Sunlight 2in1 Washing Powder Pink 500GM,150,False,141,0,3,Household,Laundry,Detergents and Laundry Soaps,,60451693,2026-09-06 17:37:18,False,https://metroonline.page.link/YiiG
Sunlight 2in1 Washing Powder Green 1KG,270,False,234,132,12,Household,Laundry,Detergents and Laundry Soaps,,61016758,2026-09-06 17:37:18,True,https://metroonline.page.link/en6c
Sunlight 2in1 Washing Powder Pink 1KG,298,False,234,230,12,Household,Laundry,Detergents and Laundry Soaps,,45326357,2026-09-06 17:37:18,True,https://metroonline.page.link/DF7N
Comfort Blue (Morning) Pouch 400ML,464,False,,0,5,Household,Laundry,Detergents and Laundry Soaps,,30502061,2026-09-06 17:37:18,False,https://metroonline.page.link/RmEs
Sunlight Powder Pink 4Kg,1075,False,902,1,2,Household,Laundry,Detergents and Laundry Soaps,,41038633,2026-09-06 17:37:18,True,https://metroonline.page.link/2S9h
Ariel Detergent Original 6KG,3341,False,2986,0,3,Household,Laundry,Detergents and Laundry Soaps,,94124786,2026-09-06 17:37:18,True,https://metroonline.page.link/oBMZ
Sufi Super Detergent Powder 500GM,295,False,265,744,5,Household,Laundry,Detergents and Laundry Soaps,,9999902,2026-09-06 17:37:18,True,https://metroonline.page.link/jVu3
Sufi Super Detergent Powder 1000GM,579,False,499,386,5,Household,Laundry,Detergents and Laundry Soaps,,9999991,2026-09-06 17:37:18,True,https://metroonline.page.link/3aM2
Sufi Safon Dishwashing Long Bar 270GM,79,False,69,0,5,Household,Kitchen Cleaning,Dishwashing Bars,,82655226,2026-09-06 17:37:18,True,https://metroonline.page.link/SnTU
Sufi Safon Dishwashing Double Long Bar 270GM,149,False,139,0,5,Household,Kitchen Cleaning,Dishwashing Bars,,83083685,2026-09-06 17:37:18,True,https://metroonline.page.link/sWbf
SUFI Special Quality Soap 1kg,599,False,486,0,5,Household,Laundry,Detergents and Laundry Soaps,,83333560,2026-09-06 17:37:18,True,https://metroonline.page.link/zd8W
SUFI Special Quality Soap Vermicelli 1kg,615,False,,0,5,Household,Laundry,Detergents and Laundry Soaps,,83482432,2026-09-06 17:37:18,True,https://metroonline.page.link/8tmn
Sufi Safon Dish Wash Liquid 475ML,259,False,249,0,5,Household,Kitchen Cleaning,Dishwashing Liquids,,83640398,2026-09-06 17:37:18,True,https://metroonline.page.link/FUVV
Sufi Safon Dish Washing Powder Pouch 900g,159,False,,0,5,Household,Kitchen Cleaning,Dishwashing Liquids,,83951573,2026-09-06 17:37:18,True,https://metroonline.page.link/2uCC
Fine Life Phenyle Perfumed 2.75L,249,False,229,-6,5,Household,House Cleaning,Toilet Supplies,,9999981,2026-09-06 17:37:18,True,https://metroonline.page.link/B2aZ
Deli Tumbler Glass 315 ML 6 Pieces,857,False,699,0,3,Household,Kitchen Utensils and Cutlery,Glassware,,2063647,2026-09-06 17:37:18,True,https://metroonline.page.link/FKEA
Deli Tumbler Glass 290 ML 6 Pieces,849,False,799,0,3,Household,Kitchen Utensils and Cutlery,Glassware,,2063649,2026-09-06 17:37:18,True,https://metroonline.page.link/afp4
Deli Tumbler Glass 365 ML 6 Pieces,849,False,799,3,3,Household,Kitchen Utensils and Cutlery,Glassware,,2063650,2026-09-06 17:37:18,True,https://metroonline.page.link/tCfm
Deli Tumbler Glass 340 ML 6 Pieces,849,False,,0,3,Household,Kitchen Utensils and Cutlery,Glassware,,2063651,2026-09-06 17:37:18,False,https://metroonline.page.link/daTC
Deli Tumbler Glass 340 ML 6 Pieces,849,False,,0,3,Household,Kitchen Utensils and Cutlery,Glassware,,2063652,2026-09-06 17:37:18,True,https://metroonline.page.link/4oXX
Deli Tumbler Glass 340 ML 6 Pieces,1099,False,,0,3,Household,Kitchen Utensils and Cutlery,Glassware,,2063654,2026-09-06 17:37:18,True,https://metroonline.page.link/3APh
Deli Cup And Saucer 12 Pieces,1499,False,,27,3,Household,Kitchen Utensils and Cutlery,Glassware,,2063655,2026-09-06 17:37:18,True,https://metroonline.page.link/M7Do
Deli Cup And Saucer 12 Pieces,1499,False,,5,3,Household,Kitchen Utensils and Cutlery,Glassware,,2063656,2026-09-06 17:37:18,True,https://metroonline.page.link/2S6c
Deli Jug 1700 ML,599,False,,0,3,Household,Kitchen Utensils and Cutlery,Glassware,,2063657,2026-09-06 17:37:18,True,https://metroonline.page.link/j1qJ
Deli Water Set (1 Jug and 6 Pieces Glass),1799,False,,14,3,Household,Kitchen Utensils and Cutlery,Glassware,,2063658,2026-09-06 17:37:18,True,https://metroonline.page.link/rpBy
Deli Water Set (1 Jug and 6 Pieces Glass),1799,False,1500,6,3,Household,Kitchen Utensils and Cutlery,Glassware,,2063659,2026-09-06 17:37:18,True,https://metroonline.page.link/4r65
Deli Ice Cream Cups 6 Pieces,1699,False,2299,22,3,Household,Kitchen Utensils and Cutlery,Glassware,,2063660,2026-09-06 17:37:18,True,https://metroonline.page.link/gpKv
Sunlight Detergent Rose 400 Gm,98,False,,182,3,Household,Laundry,Detergents and Laundry Soaps,,42451351,2026-09-06 17:37:18,True,https://metroonline.page.link/xYKx
Coal Lifter,149,False,119,0,10,Household,Kitchen Utensils and Cutlery,Kitchen Utensils and Accessories,,49325786,2026-09-06 17:37:18,False,https://metroonline.page.link/5yqq
Bbq Wood Coal 3Kg,649,False,599,0,10,Household,Miscellaneous,Disposables,,49325788,2026-09-06 17:37:18,False,https://metroonline.page.link/bj8a
Bbq Skewer Kabab Square 6Pc,1249,False,949,0,10,Household,Kitchen Utensils and Cutlery,Kitchen Utensils and Accessories,,49325790,2026-09-06 17:37:18,False,https://metroonline.page.link/3Paf
"Galvanized Bbq Grill 24""",1899,False,1480,1,20,Household,Kitchen Utensils and Cutlery,Kitchen Utensils and Accessories,,49325791,2026-09-06 17:37:18,False,https://metroonline.page.link/gKo8
Bbq Serving Grill L,4699,False,3499,0,10,Household,Kitchen Utensils and Cutlery,Kitchen Utensils and Accessories,,49325792,2026-09-06 17:37:18,False,https://metroonline.page.link/NuMk
Bbq Charcoal Grill L 12X36,8499,False,4999,0,10,Household,Kitchen Utensils and Cutlery,Kitchen Utensils and Accessories,,49325793,2026-09-06 17:37:18,True,https://metroonline.page.link/1uKE
Elegant Tub 15 Liters,749,False,499,0,10,Household,House Cleaning,Bins and Buckets,,49325794,2026-09-06 17:37:18,True,https://metroonline.page.link/rFW8
Appollo Glow Bucket,1329,False,999,0,10,Household,House Cleaning,Bins and Buckets,,49325796,2026-09-06 17:37:18,False,https://metroonline.page.link/Wzy7
Elegant Tub 78 Liters,2499,False,1499,2,10,Household,House Cleaning,Bins and Buckets,,49325797,2026-09-06 17:37:18,True,https://metroonline.page.link/AoCy
Chatai Assorted Design Size: 9X6 M,1938,False,1699,20,10,Household,Miscellaneous,,,49325798,2026-09-06 17:37:18,True,https://metroonline.page.link/Eyv7
Nylon Rope 40-Feet,318,False,249,9,10,Household,Miscellaneous,,,49325799,2026-09-06 17:37:18,True,https://metroonline.page.link/m3cr
Knife Set 7 Pieces,1350,False,1279,0,10,Household,Kitchen Utensils and Cutlery,Kitchen Utensils and Accessories,,49325802,2026-09-06 17:37:18,False,https://metroonline.page.link/FFxm
Chef Ss Toka Knife 1 Kg,3052,False,2399,0,10,Household,Kitchen Utensils and Cutlery,Kitchen Utensils and Accessories,,49325803,2026-09-06 17:37:18,False,https://metroonline.page.link/RS7S
Chef Ss Skinner Knife 4-Inches,753,False,599,28,10,Household,Kitchen Utensils and Cutlery,Kitchen Utensils and Accessories,,49325804,2026-09-06 17:37:18,True,https://metroonline.page.link/Fdgh
Chef Ss Meat Knife 6-Inches,866,False,699,0,10,Household,Kitchen Utensils and Cutlery,Kitchen Utensils and Accessories,,49325805,2026-09-06 17:37:18,False,https://metroonline.page.link/aYHw
Chef Ss Meat Knife 7-Inches,913,False,749,23,10,Household,Kitchen Utensils and Cutlery,Kitchen Utensils and Accessories,,49325806,2026-09-06 17:37:18,True,https://metroonline.page.link/Lf38
Chef Ss Knife 9-Inches,1012,False,799,0,10,Household,Kitchen Utensils and Cutlery,Kitchen Utensils and Accessories,,49325808,2026-09-06 17:37:18,False,https://metroonline.page.link/VWXw
Ocean Water Bottle,299,False,249,0,10,Household,Kitchen Utensils and Cutlery,Kitchen Utensils and Accessories,,49325809,2026-09-06 17:37:18,False,https://metroonline.page.link/UKeD
Blue Bell 300 ML 5 Pieces,599,False,449,0,10,Household,Kitchen Utensils and Cutlery,Glassware,,49325810,2026-09-06 17:37:18,False,https://metroonline.page.link/4Z7W
Nushka 300 ML 5 Pieces,599,False,499,0,10,Household,Kitchen Utensils and Cutlery,Glassware,,49325812,2026-09-06 17:37:18,True,https://metroonline.page.link/2iBK
Classic Mug Multi Color,699,False,549,0,10,Household,Kitchen Utensils and Cutlery,Kitchen Utensils and Accessories,,49325813,2026-09-06 17:37:18,False,https://metroonline.page.link/7Tfk
Super Cool Jug 1.7 Liter,1049,False,849,85,10,Household,Kitchen Utensils and Cutlery,Kitchen Utensils and Accessories,,49325814,2026-09-06 17:37:18,True,https://metroonline.page.link/X6jx
Gear Sports Bottle S Asstd,869,False,499,46,10,Household,Kitchen Utensils and Cutlery,Kitchen Utensils and Accessories,,49325815,2026-09-06 17:37:18,True,https://metroonline.page.link/M5NL
TITIZ AQUA WATER BOTTLE-ASSORTED,1099,False,649,0,10,Household,Kitchen Utensils and Cutlery,Kitchen Utensils and Accessories,,49325816,2026-09-06 17:37:18,True,https://metroonline.page.link/XXNP
Hydro Water Dispenser,1499,False,999,13,10,Household,Kitchen Utensils and Cutlery,Kitchen Utensils and Accessories,,49325817,2026-09-06 17:37:18,True,https://metroonline.page.link/qL5Q
TRAY SET LAMINATED FLOWER S,1519,False,1499,2,10,Household,Kitchen Utensils and Cutlery,Kitchen Utensils and Accessories,,49325818,2026-09-06 17:37:18,True,https://metroonline.page.link/CUJp
TRAY SET LAMINATED FLOWER M,1940,False,1599,0,10,Household,Kitchen Utensils and Cutlery,Kitchen Utensils and Accessories,,49325819,2026-09-06 17:37:18,True,https://metroonline.page.link/HW9k
TRAY SET LAMINATED FLOWER L,2735,False,2099,2,10,Household,Kitchen Utensils and Cutlery,Kitchen Utensils and Accessories,,49325820,2026-09-06 17:37:18,True,https://metroonline.page.link/yq2F
Bowl Set 7 Pieces,3009,False,2499,0,10,Household,Kitchen Utensils and Cutlery,Crockery,,49325821,2026-09-06 17:37:18,False,https://metroonline.page.link/tGz8
Ds Wy Elite Gold Full Decal 61,50000,False,37999,0,10,Household,Kitchen Utensils and Cutlery,Crockery,,49325822,2026-09-06 17:37:18,False,https://metroonline.page.link/JLmL
Premio Bowl Large 700Ml,389,False,249,195,10,Household,Kitchen Utensils and Cutlery,Crockery,,49325823,2026-09-06 17:37:18,True,https://metroonline.page.link/XiK6
Crisper Food Keeper 3 Pieces M,869,False,599,294,10,Household,Kitchen Utensils and Cutlery,Kitchen Utensils and Accessories,,49325824,2026-09-06 17:37:18,True,https://metroonline.page.link/PwUp
Crisper Food Keeper 3 Pieces L,1149,False,899,333,10,Household,Kitchen Utensils and Cutlery,Kitchen Utensils and Accessories,,49325826,2026-09-06 17:37:18,True,https://metroonline.page.link/r7pR
Crisper Food Keeper 3 Pieces Set,949,False,699,35,10,Household,Kitchen Utensils and Cutlery,Kitchen Utensils and Accessories,,49325827,2026-09-06 17:37:18,True,https://metroonline.page.link/XqoG
Alpha Cooler 10 Liter,4099,False,2549,13,10,Household,Kitchen Utensils and Cutlery,Kitchen Utensils and Accessories,,49325828,2026-09-06 17:37:18,True,https://metroonline.page.link/gPgJ
Vital Microwave Lid,479,False,299,87,10,Household,Kitchen Utensils and Cutlery,Kitchen Utensils and Accessories,,49325829,2026-09-06 17:37:18,True,https://metroonline.page.link/zMqo
Alpha Cooler 7 Liter Assorted,3099,False,1899,13,10,Household,Kitchen Utensils and Cutlery,Kitchen Utensils and Accessories,,49325830,2026-09-06 17:37:18,True,https://metroonline.page.link/xJqX
Fresh Jar Medium 3 Pieces,669,False,499,11,10,Household,Kitchen Utensils and Cutlery,Kitchen Utensils and Accessories,,49325831,2026-09-06 17:37:18,True,https://metroonline.page.link/6GzN
Fresh Jar Large 3 Pieces,899,False,699,204,10,Household,Kitchen Utensils and Cutlery,Kitchen Utensils and Accessories,,49325832,2026-09-06 17:37:18,True,https://metroonline.page.link/Atuk
Trend Food Keeper Med 3Pieces,779,False,599,180,10,Household,Kitchen Utensils and Cutlery,Kitchen Utensils and Accessories,,49325833,2026-09-06 17:37:18,True,https://metroonline.page.link/nwW5
Rainbow Fruit Basket Small,379,False,299,0,10,Household,Kitchen Utensils and Cutlery,Kitchen Utensils and Accessories,,49325834,2026-09-06 17:37:18,True,https://metroonline.page.link/GsrR
Classic Rice Spoon X 2 Giltz,1099,False,0,24,20,Household,Kitchen Utensils and Cutlery,Cutlery,,76397102,2026-09-06 17:37:18,True,https://metroonline.page.link/Yj22
Classic Serving Spoon X 2 Gilt,799,False,0,22,20,Household,Kitchen Utensils and Cutlery,Cutlery,,76397104,2026-09-06 17:37:18,True,https://metroonline.page.link/5ffv
Classic Serving Spoon X 2 Gilt,799,False,0,27,20,Household,Kitchen Utensils and Cutlery,Cutlery,,76397106,2026-09-06 17:37:18,True,https://metroonline.page.link/rTV2
Classic Butter Knife X 2 Glitz,799,False,0,0,20,Household,Kitchen Utensils and Cutlery,Cutlery,,76397107,2026-09-06 17:37:18,False,https://metroonline.page.link/J1AS
Classic Latte Spoon X 6 Glitz,1299,False,0,24,20,Household,Kitchen Utensils and Cutlery,Cutlery,,76397108,2026-09-06 17:37:18,True,https://metroonline.page.link/8ZtR
Classic Coffee Spoon X 6 Glitz,1199,False,0,22,20,Household,Kitchen Utensils and Cutlery,Cutlery,,76397109,2026-09-06 17:37:18,True,https://metroonline.page.link/bzMY
Classic Ice Cream Spoon X 6 Glitz,1199,False,0,21,20,Household,Kitchen Utensils and Cutlery,Cutlery,,76397114,2026-09-06 17:37:18,True,https://metroonline.page.link/uDRV
Classic Dessert Spoon X 6 Glit,1299,False,0,23,20,Household,Kitchen Utensils and Cutlery,Cutlery,,76397115,2026-09-06 17:37:18,True,https://metroonline.page.link/3kD3
Classic Soup Spoon X 6 Glitz,1299,False,0,17,20,Household,Kitchen Utensils and Cutlery,Cutlery,,76397116,2026-09-06 17:37:18,True,https://metroonline.page.link/eVsg
Classic Cake Fork X 6 Giltz,1199,False,0,44,20,Household,Kitchen Utensils and Cutlery,Cutlery,,76397117,2026-09-06 17:37:18,True,https://metroonline.page.link/XasT
Classic Table Knife X 2 Giltz,799,False,0,0,20,Household,Kitchen Utensils and Cutlery,Cutlery,,76397118,2026-09-06 17:37:18,True,https://metroonline.page.link/oqGe
Classic Table Fork X 6 Giltz,1299,False,0,5,20,Household,Kitchen Utensils and Cutlery,Cutlery,,76397120,2026-09-06 17:37:18,True,https://metroonline.page.link/4xgp
Classic Table Spoon X 6 Giltz,1299,False,0,6,20,Household,Kitchen Utensils and Cutlery,Cutlery,,76397121,2026-09-06 17:37:18,True,https://metroonline.page.link/V34E
Classic Tea Spoon X 6 Glitz,1199,False,0,11,20,Household,Kitchen Utensils and Cutlery,Cutlery,,76397122,2026-09-06 17:37:18,True,https://metroonline.page.link/FTda
Classic Rice Serving Spoon X 2 Neo,1099,False,0,23,20,Household,Kitchen Utensils and Cutlery,Cutlery,,76397123,2026-09-06 17:37:18,True,https://metroonline.page.link/QMo6
Classic Serving Spoon X 2 Neo,799,False,0,41,20,Household,Kitchen Utensils and Cutlery,Cutlery,,76397124,2026-09-06 17:37:18,True,https://metroonline.page.link/2czY
Classic Serving Spoon X 2 Neo,799,False,0,1,20,Household,Kitchen Utensils and Cutlery,Cutlery,,76397125,2026-09-06 17:37:18,True,https://metroonline.page.link/nWqd
Classic Butter Knife X 2 Neo,799,False,0,0,20,Household,Kitchen Utensils and Cutlery,Cutlery,,76397126,2026-09-06 17:37:18,True,https://metroonline.page.link/nctv
Classic Latte Spoon X 6 Neo,1299,False,0,26,20,Household,Kitchen Utensils and Cutlery,Cutlery,,76397127,2026-09-06 17:37:18,True,https://metroonline.page.link/QK6S
Classic Coffee Spoon X 6 Neo,1199,False,0,24,20,Household,Kitchen Utensils and Cutlery,Cutlery,,76397128,2026-09-06 17:37:18,True,https://metroonline.page.link/Z1oz
Classic Ice Cream Spoon X 6 Neo,1199,False,0,17,20,Household,Kitchen Utensils and Cutlery,Cutlery,,76397130,2026-09-06 17:37:18,True,https://metroonline.page.link/GE3L
Classic Dessert Spoon X 6 Neo,1299,False,0,19,20,Household,Kitchen Utensils and Cutlery,Cutlery,,76397131,2026-09-06 17:37:18,True,https://metroonline.page.link/vQAZ
Classic Soup Spoon X 6 Neo,1299,False,0,36,20,Household,Kitchen Utensils and Cutlery,Cutlery,,76397132,2026-09-06 17:37:18,True,https://metroonline.page.link/o5qA
Classic Cake Fork X 6 Neo,1199,False,0,19,20,Household,Kitchen Utensils and Cutlery,Cutlery,,76397133,2026-09-06 17:37:18,True,https://metroonline.page.link/SLWC
Classic Table Knife X 2 Neo,799,False,0,20,20,Household,Kitchen Utensils and Cutlery,Cutlery,,76397134,2026-09-06 17:37:18,True,https://metroonline.page.link/Bg44
Classic Table Fork X 6 Neo,1299,False,0,13,20,Household,Kitchen Utensils and Cutlery,Cutlery,,76397135,2026-09-06 17:37:18,True,https://metroonline.page.link/iakY
Classic Table Spoon X 6 Neo,1299,False,0,26,20,Household,Kitchen Utensils and Cutlery,Cutlery,,76397136,2026-09-06 17:37:18,True,https://metroonline.page.link/JNhb
Classic Tea Spoon X6 Neo,1199,False,0,33,20,Household,Kitchen Utensils and Cutlery,Cutlery,,76397137,2026-09-06 17:37:18,True,https://metroonline.page.link/voNV
Charcoal Eco Mix Hardwood 2Kg,599,False,450,0,20,Household,Miscellaneous,Disposables,,84290360,2026-09-06 17:37:18,False,https://metroonline.page.link/C187
"Bbq Grill W Coal Grill 18""",2499,False,2050,10,20,Household,Kitchen Utensils and Cutlery,Kitchen Utensils and Accessories,,84290361,2026-09-06 17:37:18,True,https://metroonline.page.link/KoMi
"Bbq Grill W Coal Grill 24""",2999,False,2500,13,20,Household,Kitchen Utensils and Cutlery,Kitchen Utensils and Accessories,,84290363,2026-09-06 17:37:18,True,https://metroonline.page.link/APpR
"Bbq Grill W Coal Grill 30""",3599,False,2950,14,20,Household,Kitchen Utensils and Cutlery,Kitchen Utensils and Accessories,,84290364,2026-09-06 17:37:18,True,https://metroonline.page.link/fLrJ
"Galvanized Bbq Grill 18""",1499,False,1260,0,20,Household,Kitchen Utensils and Cutlery,Kitchen Utensils and Accessories,,84290365,2026-09-06 17:37:18,False,https://metroonline.page.link/5qLa
"Galvanized Bbq Grill 30""",2299,False,1760,0,20,Household,Kitchen Utensils and Cutlery,Kitchen Utensils and Accessories,,84290367,2026-09-06 17:37:18,False,https://metroonline.page.link/XKb4
"Tongs 12""",169,False,90,26,20,Household,Kitchen Utensils and Cutlery,Kitchen Utensils and Accessories,,84290368,2026-09-06 17:37:18,True,https://metroonline.page.link/xAB9
"Kebab Seekh 24"" X4",649,False,500,51,20,Household,Kitchen Utensils and Cutlery,Kitchen Utensils and Accessories,,84290369,2026-09-06 17:37:18,True,https://metroonline.page.link/ruz4
"Tikka Seekh 24"" X6",449,False,350,0,20,Household,Kitchen Utensils and Cutlery,Kitchen Utensils and Accessories,,84290370,2026-09-06 17:37:18,True,https://metroonline.page.link/AtVC
"Kebab Seekh Wood 21"" X4",899,False,450,33,20,Household,Kitchen Utensils and Cutlery,Kitchen Utensils and Accessories,,84290371,2026-09-06 17:37:18,True,https://metroonline.page.link/R944
"Tikka Seekh Wood 21"" X6",699,False,540,10,20,Household,Kitchen Utensils and Cutlery,Kitchen Utensils and Accessories,,84290372,2026-09-06 17:37:18,True,https://metroonline.page.link/AEmN
Clamp Grill 8X10,699,False,540,0,20,Household,Kitchen Utensils and Cutlery,Kitchen Utensils and Accessories,,84290374,2026-09-06 17:37:18,True,https://metroonline.page.link/Brhj
Clamp Grill 12X13,1099,False,820,3,20,Household,Kitchen Utensils and Cutlery,Kitchen Utensils and Accessories,,84290375,2026-09-06 17:37:18,True,https://metroonline.page.link/8CGo
Travelling Wipes 30'S,330,False,299,129,5,Household,House Cleaning,Tissues and Napkins,,82867957,2026-09-06 17:37:18,True,https://metroonline.page.link/bxXr
Max Scrub Nail Saver Sponge (Single),122,False,,0,3,Household,Kitchen Cleaning,Sponges,,99598589,2026-09-06 17:37:18,True,
Ariel Downy 500G,295,False,250,0,24,Household,Laundry,Detergents and Laundry Soaps,,14732400,2026-09-06 17:37:18,True,
Ariel Downy 1KG,590,False,575,0,12,Household,Laundry,Detergents and Laundry Soaps,,94917873,2026-09-06 17:37:18,True,
Sunlight Detergent Pink 190G,49,False,45,11,36,Household,Laundry,Detergents and Laundry Soaps,,59191894,2026-09-06 17:37:18,True,
Sunlight Detergent Green 190G,49,False,,0,5,Household,Laundry,Detergents and Laundry Soaps,,59457538,2026-09-06 17:37:18,True,
Sunlight Powder Rose 500G,150,False,135,0,5,Household,Laundry,Detergents and Laundry Soaps,,60458053,2026-09-06 17:37:18,False,
"Non Stick Wok, Tawa and 3 Pieces Spoon set",9677,False,8299,0,,Household,Kitchen Utensils and Cutlery,Kitchen Utensils and Accessories,,78695538,2026-09-06 17:37:18,False,
NS Tawa 30CM + FP 22CM,4799,False,4199,16,,Household,Kitchen Utensils and Cutlery,Pots and Pans,,78902667,2026-09-06 17:37:18,True,
Gift Set 16 Pieces Die Cast ,18999,False,13999,0,,Household,Kitchen Utensils and Cutlery,Kitchen Utensils and Accessories,,80500039,2026-09-06 17:37:18,False,
Giftset Crystal Magna 17 Pieces,14174,False,13499,12,,Household,Kitchen Utensils and Cutlery,Pots and Pans,,80813352,2026-09-06 17:37:18,True,
VIM DISHWASH BAR GREEN 260G,79,False,65,9,44,Household,Kitchen Cleaning,Dishwashing Bars,,9999984,2026-09-06 17:37:18,True,
VIM DISHWASH BAR GREEN 520G,150,False,129,7,24,Household,Kitchen Cleaning,Dishwashing Bars,,9999933,2026-09-06 17:37:18,True,
Vim Dishwash Bar Green 75G,29,False,22,428,48,Household,Kitchen Cleaning,Dishwashing Bars,,44628646,2026-09-06 17:37:18,True,
Comfort Morning Blue Pouch 400Ml,399,False,376,25,12,Household,Laundry,Fabric Care,,71831829,2026-09-06 17:37:18,True,
Rose Petal Tissue Soft Pack Regular,460,True,390,293,36,Household,House Cleaning,Tissues and Napkins,,9999929,2026-09-06 17:37:18,True,
Kingtox Liquid Refill 45 ML,275,False,204,258,10,Household,Aerosols,Insecticides,,99737880,2026-09-06 17:37:18,False,
Crystal Fry Pan 26Cm G/Lid,2799,False,,0,3,Household,Kitchen Utensils and Cutlery,Pots and Pans,,91339983,2026-09-06 17:37:18,False,
Jazee Storage Bag  20L,549,False,,49,5,Household,Miscellaneous,Disposables,,70669640,2026-09-06 17:37:18,True,
Tid Eaz Garbage Bag Medium 24 x 36,659,False,585,3,5,Household,Miscellaneous,Disposables,,9999875,2026-09-06 17:37:18,True,
Klassic Kitchen Frying Pan 24CM Die Cast,2899,False,,0,5,Household,Kitchen Utensils and Cutlery,Pots and Pans,,40502152,2026-09-06 17:37:18,False,
Domestic Non Stick Egg Pan 12CM,999,False,699,0,5,Household,Kitchen Utensils and Cutlery,Pots and Pans,,41091188,2026-09-06 17:37:18,True,
Domestic Galaxy Set 17 Pieces,31999,False,17999,0,5,Household,Kitchen Utensils and Cutlery,Crockery,,41361428,2026-09-06 17:37:18,False,
Chef Cooking Set 4 Pieces Bright Rose 24/36Cm,27790,False,22999,0,5,Household,Kitchen Utensils and Cutlery,Crockery,,41503691,2026-09-06 17:37:18,False,
Domestic Non Stick Wok 28Cm,6499,False,4399,0,5,Household,Kitchen Utensils and Cutlery,Pots and Pans,,41653929,2026-09-06 17:37:18,False,
Domestic Non Stick Wok 30Cm,7099,False,4799,12,5,Household,Kitchen Utensils and Cutlery,Pots and Pans,,42040821,2026-09-06 17:37:18,True,
Non Stick Casserole Pot 22CM,7720,False,4399,27,5,Household,Kitchen Utensils and Cutlery,Pots and Pans,,99718351,2026-09-06 17:37:18,True,
Non Stick Casserole Pot 26CM,7799,False,5299,19,5,Household,Kitchen Utensils and Cutlery,Pots and Pans,,99858461,2026-09-06 17:37:18,True,
Non Stick Casserole Pot 30CM,9599,False,6599,17,5,Household,Kitchen Utensils and Cutlery,Pots and Pans,,99930392,2026-09-06 17:37:18,True,
Majestic Non Stick Baking Disk 30Cm,3502,False,1999,36,5,Household,Kitchen Utensils and Cutlery,Pots and Pans,,60009314,2026-09-06 17:37:18,True,
Hamper Box Medium,1599,False,79,1,1,Household,Miscellaneous,Disposables,,18623446,2026-09-06 17:37:18,False,https://metroonline.page.link/Gnah
Kitchen King Lumina Gift Set 15 Pieces,31999,False,,0,10,Household,Kitchen Utensils and Cutlery,Pots and Pans,,65943890,2026-09-06 17:37:18,False,
Kitchen King Non Stick Gift Set Carnivo 16 Pieces,34999,False,,0,10,Household,Kitchen Utensils and Cutlery,Pots and Pans,,66203316,2026-09-06 17:37:18,False,
JAZEE BUTTER PAPER  MEDIUM X36,365,False,315,0,10,Household,Miscellaneous,Disposables,,9999589,2026-09-06 17:37:18,True,
Ok Bleach 500ML (1+1),400,False,219,0,3,Household,OK,Toilet Supplies,,87075063,2026-09-06 17:37:18,True,
Ok Acid Perfumed 625ML (1+1),300,False,199,0,3,Household,OK,Toilet Supplies,,87075065,2026-09-06 17:37:18,True,https://metroonline.page.link/tpov
Fine Life Dishwash Bar 530GM,179,False,175,0,3,Household,Kitchen Cleaning,Dishwashing Bars,,87075068,2026-09-06 17:37:18,True,https://metroonline.page.link/fCPx
Fine Life Glass & Window Cleaner 500ML (1+1),399,False,349,0,3,Household,House Cleaning,Disinfectants,,87075071,2026-09-06 17:37:18,True,
Fine Life Phenyl Perfumed 2.75L (1+1),449,False,399,62,3,Household,House Cleaning,Toilet Supplies,,87075073,2026-09-06 17:37:18,True,
Ok Blue Neel 75ML (1+1),149,False,79,0,3,Household,OK,Fabric Care,,87075076,2026-09-06 17:37:18,True,
Ok Popup Tissue Soft Pack,249,False,220,18,3,Household,OK,,,87075078,2026-09-06 17:37:18,True,
Disp Paper Plate Silver 7 X25,159,False,129,0,3,Household,,Cutlery,,87075083,2026-09-06 17:37:18,True,
Disp Paper Plate Silver 9 X25,359,False,299,0,3,Household,,Cutlery,,87075091,2026-09-06 17:37:18,True,
Al Arabia Air Freshener Aroosah 300ML,450,False,0,10,5,Household,Aerosols,Air Sprays,,40244711,2026-09-06 17:37:18,True,
Aseel Air Freshner 300ML,450,False,0,10,5,Household,Aerosols,Air Sprays,,40244712,2026-09-06 17:37:18,True,
Classic Air Freshner 300ML,450,False,0,10,5,Household,Aerosols,Air Sprays,,40244714,2026-09-06 17:37:18,True,
Sabaya  Air Freshner 300ML,450,False,0,10,5,Household,Aerosols,Air Sprays,,40244715,2026-09-06 17:37:18,True,
Soft Air Freshner 300ML,450,False,0,10,5,Household,Aerosols,Air Sprays,,40244716,2026-09-06 17:37:18,True,
Sultanat Air Freshner 300ML,450,False,0,10,5,Household,Aerosols,Air Sprays,,40244718,2026-09-06 17:37:18,True,
King Sweepy Toilet Bowl Cleaner 500ML,345,True,275,10,5,Household,House Cleaning,Toilet Supplies,,40244719,2026-09-06 17:37:18,True,
Lemon Max Dishwashing Paste Green 750GM,469,False,0,10,5,Household,Kitchen Cleaning,Dishwashing Bars,,40244721,2026-09-06 17:37:18,True,
Lemon Max Dishwashing Paste Yellow 750GM,469,False,0,10,5,Household,Kitchen Cleaning,Dishwashing Bars,,40244722,2026-09-06 17:37:18,True,
Klear Glass Cleaner 500ML,269,False,249,10,5,Household,House Cleaning,Disinfectants,,40244723,2026-09-06 17:37:18,True,
Mortein All Insect Killer Aerosol 375ML,826,False,0,10,5,Household,Aerosols,Insecticides,,40244725,2026-09-06 17:37:18,True,
Surf Excel Detergent Liquid Refill 900ML,635,False,0,10,5,Household,Laundry,Detergents and Laundry Soaps,,40244727,2026-09-06 17:37:18,True,
Surf Excel Washing Powder 750GM,399,False,0,10,5,Household,Laundry,Detergents and Laundry Soaps,,40244728,2026-09-06 17:37:18,True,
Sateen Soft Tissue Pocket Pack Blue,60,False,0,10,5,Household,House Cleaning,Tissues and Napkins,,40244861,2026-09-06 17:37:18,True,
Xtra Cleen Toilet Paper Roll,100,False,0,10,5,Household,House Cleaning,Tissues and Napkins,,40244863,2026-09-06 17:37:18,True,
Xtra Cleen Toilet Roll Single,100,False,0,10,5,Household,House Cleaning,Tissues and Napkins,,40244864,2026-09-06 17:37:18,True,
Sateen Soft Tissue Car Pack,150,False,120,10,5,Household,House Cleaning,Tissues and Napkins,,40244866,2026-09-06 17:37:18,True,
Sateen Soft All Rounder Tissue Small,199,False,150,10,5,Household,House Cleaning,Tissues and Napkins,,40244867,2026-09-06 17:37:18,True,
Xtra Cleen Pop Up Tissue Black,201,False,150,10,5,Household,House Cleaning,Tissues and Napkins,,40244868,2026-09-06 17:37:18,True,
Xtra Cleen Pop Up Tissue Blue,201,False,150,10,5,Household,House Cleaning,Tissues and Napkins,,40244870,2026-09-06 17:37:18,True,
Xtra Cleen Toilet Roll Twin,200,False,150,10,5,Household,House Cleaning,Tissues and Napkins,,40244871,2026-09-06 17:37:18,True,
Sateen Soft Tissue Festive Gala,250,False,185,10,5,Household,House Cleaning,Tissues and Napkins,,40244873,2026-09-06 17:37:18,True,
Sateen Soft Tissue Lifestyle Black,250,False,0,10,5,Household,House Cleaning,Tissues and Napkins,,40244874,2026-09-06 17:37:18,True,
Sateen Soft Table Napkins Festive Blue,275,False,200,10,5,Household,House Cleaning,Tissues and Napkins,,40244875,2026-09-06 17:37:18,True,
Sateen Soft Tissue Vogue Black,299,False,0,10,5,Household,House Cleaning,Tissues and Napkins,,40244879,2026-09-06 17:37:18,True,
Xtra Cleen N-Fold Hygiene Tissue 100 Pulls,250,False,190,10,5,Household,House Cleaning,Tissues and Napkins,,40244882,2026-09-06 17:37:18,True,
Sateen Soft Tissue Executive Black,350,False,0,10,5,Household,House Cleaning,Tissues and Napkins,,40244884,2026-09-06 17:37:18,True,
Sateen Soft All Rounder Tissue Large,350,False,0,10,5,Household,House Cleaning,Tissues and Napkins,,40244886,2026-09-06 17:37:18,True,
Sateen Soft Jumbo Tissue Purple,450,False,0,10,5,Household,House Cleaning,Tissues and Napkins,,40244888,2026-09-06 17:37:18,True,
Xtra Cleen Pop Up Tissue Promo Pack (3+1),720,False,550,10,5,Household,House Cleaning,Tissues and Napkins,,40244889,2026-09-06 17:37:18,True,
Xtra Cleen Tissue Soft Pack 550s,375,False,280,10,5,Household,House Cleaning,Tissues and Napkins,,40244890,2026-09-06 17:37:18,True,
Xtra Cleen Perfumed Tissue soft Pack 550s,399,False,0,10,5,Household,House Cleaning,Tissues and Napkins,,40244892,2026-09-06 17:37:18,True,
Xtra Cleen Kitchen Towel Twin,500,False,375,10,5,Household,House Cleaning,Tissues and Napkins,,40244894,2026-09-06 17:37:18,True,
Sateen Soft Cotton Rounds 120s,700,False,0,10,5,Household,House Cleaning,Tissues and Napkins,,40244896,2026-09-06 17:37:18,True,
Xtra Cleen Jumbo Roll,800,False,599,10,5,Household,House Cleaning,Tissues and Napkins,,40244898,2026-09-06 17:37:18,True,
Xtra Cleen Toilet Roll Pack of 10 (8+2),850,False,650,10,5,Household,House Cleaning,Tissues and Napkins,,40244900,2026-09-06 17:37:18,True,
Tux Dawat Tissue 300s,269,False,245,10,5,Household,House Cleaning,Tissues and Napkins,,40244991,2026-09-06 17:37:18,True,
Hankies Gold Tissue Box 200s,180,True,135,10,5,Household,House Cleaning,Tissues and Napkins,,40244992,2026-09-06 17:37:18,True,
Hankies Hand Towel Soft 400s,550,True,415,10,5,Household,House Cleaning,Tissues and Napkins,,40244997,2026-09-06 17:37:18,True,
Hankies Kitchen Towel Roll (Pack of 2),489,False,489,10,5,Household,House Cleaning,Tissues and Napkins,,40245001,2026-09-06 17:37:18,True,
Vim Lime &Vinegar Liquid 250ML ,149,False,0,10,5,Household,Kitchen Cleaning,Dishwashing Liquids,,40245049,2026-09-06 17:37:18,True,
Vim Lime & Vinegar Liquid 750ML,389,False,0,10,5,Household,Kitchen Cleaning,Dishwashing Liquids,,40245051,2026-09-06 17:37:18,True,
Vim Lime & Vinegar Liquid 450ML,249,False,0,10,5,Household,Kitchen Cleaning,Dishwashing Liquids,,40245052,2026-09-06 17:37:18,True,
Bonus Tristar Washing Powder 370GM,98,False,0,10,5,Household,Laundry,Detergents and Laundry Soaps,,40245090,2026-09-06 17:37:18,True,
Surf Excel White Washing Powder 90GM,50,False,0,10,5,Household,Laundry,Detergents and Laundry Soaps,,40245091,2026-09-06 17:37:18,True,
FL VERMICELLI 120G,60,False,880,9339,15,Grocery,Packaged Food,Noodles and Pasta,,12643105,2026-09-06 17:37:22,False,https://metroonline.page.link/8mqe
Rafhan Strawberry Custard Powder 275GM,222,False,180,0,10,Grocery,Desserts,Jellies and Custards,,12643059,2026-09-06 17:37:22,True,https://metroonline.page.link/HdMu
Cadbury Dairy Milk Chocolate,478,False,0,585,5,Grocery,Snacks,Cakes and Chocolates,,12643058,2026-09-06 17:37:22,True,https://metroonline.page.link/Mfxk
Gluco Snack Pack INV,320,False,0,2,5,Grocery,Snacks,Biscuits And Wafers,Biscuits and Cookies,12642863,2026-09-06 17:37:22,True,https://metroonline.page.link/AMiP
RIO Double Chocolate Snack Pack Box,319,False,0,38,5,Grocery,Snacks,Biscuits And Wafers,Biscuits and Cookies,12642861,2026-09-06 17:37:22,True,https://metroonline.page.link/wkjJ
Vital Tea Round Tea Bags 80 Pack,999,False,0,18,3,Grocery,Tea and Coffee,Tea,,12642741,2026-09-06 17:37:22,True,https://metroonline.page.link/iXpC
Innovative Tooo Gud Half Roll Box,179,False,0,0,5,Grocery,Snacks,Biscuits And Wafers,Biscuits and Cookies,12642714,2026-09-06 17:37:22,False,https://metroonline.page.link/o2Qt
Innovative Choc n Chip Biscuits Ticky Pack Box,239,False,215,280,5,Grocery,Snacks,Biscuits And Wafers,Biscuits and Cookies,12642652,2026-09-06 17:37:22,True,https://metroonline.page.link/Unoj
Gluco Munch Pack x 12,360,False,335,3,4,Grocery,Snacks,Biscuits And Wafers,Biscuits and Cookies,12642379,2026-09-06 17:37:22,True,https://metroonline.page.link/xzqQ
Sooper Munch Pack X 12,360,False,345,0,5,Grocery,Snacks,Biscuits And Wafers,Biscuits and Cookies,12642378,2026-09-06 17:37:22,True,https://metroonline.page.link/5FNb
Nestle Everyday Kashmiri Chai 18GM Box,1750,False,0,0,4,Grocery,Tea and Coffee,Tea,,12640278,2026-09-06 17:37:22,False,https://metroonline.page.link/WGks
Innovative Butter Crunch Mini,119,False,160,0,10,Grocery,Snacks,Biscuits And Wafers,Biscuits and Cookies,12641873,2026-09-06 17:37:22,False,https://metroonline.page.link/KWEZ
Everyday Tea Whitener 13GM x12 Sachets,359,False,0,582,5,Grocery,Tea and Coffee,Coffee and Whiteners,,12641790,2026-09-06 17:37:22,True,https://metroonline.page.link/VPB7
Tapal Danedar Black Tea 1600GM,3198,False,3000,152,2,Grocery,Tea and Coffee,Tea,,12641734,2026-09-06 17:37:22,True,https://metroonline.page.link/bA2p
Knorr Noodles Chicken 300GM,275,False,248,543,10,Grocery,Packaged Food,Noodles and Pasta,,12641709,2026-09-06 17:37:22,True,https://metroonline.page.link/7omr
Knorr Noodles Chatpatta 300GM,275,False,248,0,10,Grocery,Packaged Food,Noodles and Pasta,,12641708,2026-09-06 17:37:22,True,https://metroonline.page.link/CcGR
Nestle Everyday Tea Whitener 1.2KG,2589,False,2260,1090,2,Grocery,Tea and Coffee,Coffee and Whiteners,,12641704,2026-09-06 17:37:22,True,https://metroonline.page.link/fSLj
Innovative Butter Crunch Half Roll Box,179,False,170,0,10,Grocery,Snacks,Biscuits And Wafers,Biscuits and Cookies,12641617,2026-09-06 17:37:22,False,https://metroonline.page.link/x4a6
Everyday Tea Whitener 850GM,1805,False,1640,2533,3,Grocery,Tea and Coffee,Coffee and Whiteners,,12641615,2026-09-06 17:37:22,True,https://metroonline.page.link/iiLa
Nescafe Chilled Salted Caramel 220ML x12,1879,False,0,1000000,12,Grocery,Tea and Coffee,Coffee and Whiteners,,12641609,2026-09-06 17:37:22,True,https://metroonline.page.link/BFiC
Inovative Crust Choc Wafer R10X15,239,False,225,528,10,Grocery,Snacks,Cakes and Chocolates,,12641572,2026-09-06 17:37:22,True,https://metroonline.page.link/iRRE
Innovative Biscuits Crust Strawberry Wafers 10x24,239,False,225,281,10,Grocery,Snacks,Biscuits And Wafers,,12641571,2026-09-06 17:37:22,True,https://metroonline.page.link/GiWh
Innovative Digestive Half Roll Box,179,False,175,0,5,Grocery,Snacks,Biscuits And Wafers,Biscuits and Cookies,12641375,2026-09-06 17:37:22,False,https://metroonline.page.link/ts8L
Innovative Crust Orange Wafers 24 Snack Packs Rs.10,239,False,225,506,3,Grocery,Snacks,Biscuits And Wafers,Wafers,12641369,2026-09-06 17:37:22,True,https://metroonline.page.link/K9da
Track Crispy Wafers Vanilla 75g,275,False,0,0,5,Grocery,Snacks,Biscuits And Wafers,,12641351,2026-09-06 17:37:22,True,https://metroonline.page.link/aRXH
Track Crispy Wafers Strawberry 75GM,275,False,0,0,5,Grocery,Snacks,Biscuits And Wafers,,12641350,2026-09-06 17:37:22,True,https://metroonline.page.link/Zsi2
Track Crispy Wafers Chocolate 75g,280,False,0,1,5,Grocery,Snacks,Biscuits And Wafers,,12641349,2026-09-06 17:37:22,True,https://metroonline.page.link/zqV4
Cadbury Chocolate Gift Box,1698,False,0,14,3,Grocery,Snacks,Cakes and Chocolates,,12641251,2026-09-06 17:37:22,False,https://metroonline.page.link/U8AS
Lipton Mega Dana Yellow Label Tea 180GM,399,False,500,0,5,Grocery,Tea and Coffee,Tea,,12641245,2026-09-06 17:37:22,False,https://metroonline.page.link/iHW8
Nestle Everyday Kashmiri Chai Sachet 18GM,70,False,65,0,10,Grocery,Tea and Coffee,Tea,,12640089,2026-09-06 17:37:22,False,https://metroonline.page.link/xXSe
You Milk Chocolate Rs.30,30,False,0,2612,5,Grocery,Snacks,Cakes and Chocolates,,12641020,2026-09-06 17:37:22,True,https://metroonline.page.link/BQJM
Dewdrop Chocolate F05g 63g x5,399,False,0,0,5,Grocery,Snacks,Cakes and Chocolates,,12640988,2026-09-06 17:37:22,True,https://metroonline.page.link/xiyR
Dewdrop Chocolates D08G 100GM x8,629,False,0,0,5,Grocery,Snacks,Cakes and Chocolates,,12640987,2026-09-06 17:37:22,False,https://metroonline.page.link/2v7h
Dewdrop Chocolate Cl08g 100GM x8,779,False,0,0,5,Grocery,Snacks,Cakes and Chocolates,,12640986,2026-09-06 17:37:22,True,https://metroonline.page.link/WW7e
Dewdrop Chocolate 63GM x5,365,False,0,0,5,Grocery,Snacks,Cakes and Chocolates,,12640985,2026-09-06 17:37:22,True,https://metroonline.page.link/AmHd
Dewdrop Chocolate 200GM x16,1100,False,0,0,5,Grocery,Snacks,Cakes and Chocolates,,12640983,2026-09-06 17:37:22,False,https://metroonline.page.link/aEP4
Dewdrop Chocolate 200g x16,1139,False,0,0,5,Grocery,Snacks,Cakes and Chocolates,,12640982,2026-09-06 17:37:22,True,https://metroonline.page.link/KbMu
Dewdrop Chocolate 125g x10,849,False,0,0,5,Grocery,Snacks,Cakes and Chocolates,,12640981,2026-09-06 17:37:22,True,https://metroonline.page.link/pNK7
Dewdrop Chocolates 113GM x9,649,False,0,0,5,Grocery,Snacks,Cakes and Chocolates,,12640979,2026-09-06 17:37:22,False,https://metroonline.page.link/WP7x
Dewdrop Chocolates 100GM x8,599,False,0,0,5,Grocery,Snacks,Cakes and Chocolates,,12640978,2026-09-06 17:37:22,False,https://metroonline.page.link/MJZ1
Cadbury Moro Chocolate 25GM,29,False,0,0,5,Grocery,Snacks,Cakes and Chocolates,,12640972,2026-09-06 17:37:22,True,https://metroonline.page.link/9BzV
Everyday Tea Whitener 225ML x27,1593,False,0,1000000,2,Grocery,Tea and Coffee,Coffee and Whiteners,,12640944,2026-09-06 17:37:22,False,https://metroonline.page.link/AXAH
Track Emoji Egg 15g,200,False,0,1,5,Grocery,Snacks,Cakes and Chocolates,,12640932,2026-09-06 17:37:22,True,https://metroonline.page.link/PUHz
Euro Cake Muffin Chocolate Filled 40g,128,False,0,0,5,Grocery,Snacks,Cakes and Chocolates,,12640925,2026-09-06 17:37:22,False,https://metroonline.page.link/iu2f
Party Biscuits Family Pack,90,False,0,0,5,Grocery,Snacks,Biscuits And Wafers,Biscuits and Cookies,12640821,2026-09-06 17:37:22,False,https://metroonline.page.link/8UDz
Innovative Too Gud Half Roll Box,119,False,0,0,5,Grocery,Snacks,Biscuits And Wafers,,12640764,2026-09-06 17:37:22,False,https://metroonline.page.link/1neg
Lova Eurocake Chocolate Molten Cake 55 GM,308,False,0,0,5,Grocery,Snacks,Cakes and Chocolates,,12640760,2026-09-06 17:37:22,False,https://metroonline.page.link/mLHc
American Kuisine Choctella Egg Girl 20 GM,200,False,189,18,5,Grocery,Snacks,Sweets and Toffees,,12640759,2026-09-06 17:37:22,True,https://metroonline.page.link/KqH2
B&B Red Pouch 45GM,225,False,0,53,5,Grocery,Snacks,Sweets and Toffees,,12640758,2026-09-06 17:37:22,True,https://metroonline.page.link/7oY9
Candyland Paradise Chocolate 12Pcs,99,False,99,0,5,Grocery,Snacks,Cakes and Chocolates,,12640743,2026-09-06 17:37:22,True,https://metroonline.page.link/bLNx
Yums Sour Candy X18,238,False,209,1580,5,Grocery,Snacks,Sweets and Toffees,,12640742,2026-09-06 17:37:22,True,https://metroonline.page.link/ebSE
Lays Wavy Flaming Hot 34GM,49,False,36,0,5,Grocery,Snacks,Crisps and Popcorn,,12640734,2026-09-06 17:37:22,False,https://metroonline.page.link/mUjH
Candyland Super Sonnet Chocolate 12Pcs,118,False,99,0,5,Grocery,Snacks,Cakes and Chocolates,,12640732,2026-09-06 17:37:22,True,https://metroonline.page.link/Na36
Giggly Twisto Jelly Orange x60,164,False,155,0,5,Grocery,Snacks,Biscuits And Wafers,,12640728,2026-09-06 17:37:22,False,https://metroonline.page.link/UVKt
Cookania Tea Time Lemon  Vanilla Biscuits Snack Pack 6X18,179,False,229,0,5,Grocery,Snacks,Biscuits And Wafers,,12640727,2026-09-06 17:37:22,False,https://metroonline.page.link/miDj
Giggly Twisto Jelly Strawberry x60,179,False,165,0,5,Grocery,Snacks,Jellies and Marshmallows,,12640725,2026-09-06 17:37:22,False,https://metroonline.page.link/mtoi
Eclairs Chocolate Rs.2 (75 Pcs),145,False,126,156,5,Grocery,Snacks,Sweets and Toffees,,12640720,2026-09-06 17:37:22,True,https://metroonline.page.link/NeB7
Nestle Everyday Sachet 15GM,31,False,0,0,5,Grocery,Tea and Coffee,Coffee and Whiteners,,12640717,2026-09-06 17:37:22,False,https://metroonline.page.link/dScy
Metro Chef Tropical Fruit Cocktail 305GM,2725,False,2499,1,5,Grocery,Canned Food,Canned Fruits,,12640700,2026-09-06 17:37:22,True,https://metroonline.page.link/v2WQ
Elit Chocolate Hearts In Colours 160gm,1815,False,0,0,5,Grocery,Snacks,Cakes and Chocolates,,12640696,2026-09-06 17:37:22,False,https://metroonline.page.link/UEeC
Candyland ABC Jelly Pack,238,False,225,666,3,Grocery,Snacks,Jellies and Marshmallows,,12640680,2026-09-06 17:37:22,True,https://metroonline.page.link/JKxT
Lays Paprika,68,False,65,548,4,Grocery,Snacks,Crisps and Popcorn,Crisps,12640617,2026-09-06 17:37:22,True,https://metroonline.page.link/aQ3e
Peek Freans Smile Donut Cake Strawberry,355,False,265,1366,10,Grocery,Snacks,Cakes and Chocolates,,12640615,2026-09-06 17:37:22,False,https://metroonline.page.link/AYg5
Wah Potato Sticks Smokey BBQ,250,True,150,0,1,Grocery,Snacks,Crisps and Popcorn,Crisps,12640521,2026-09-06 17:37:22,True,https://metroonline.page.link/MnN1
Vital Tea Leaves 1.75KG,3199,False,0,21,5,Grocery,Tea and Coffee,Tea,,12640517,2026-09-06 17:37:22,True,https://metroonline.page.link/uWib
Vital Round Tea Bag 300 Pcs,2059,False,0,249,5,Grocery,Tea and Coffee,Tea,,12640516,2026-09-06 17:37:22,True,https://metroonline.page.link/yPRC
Vital Green Tea Bags Jasmine 30 Pcs,239,False,0,0,5,Grocery,Tea and Coffee,Tea,,12640510,2026-09-06 17:37:22,True,https://metroonline.page.link/qT5T
Chocolate Balls Chocolate 25 pcs,648,False,0,0,5,Grocery,Snacks,Cakes and Chocolates,,12640342,2026-09-06 17:37:22,False,https://metroonline.page.link/QxKV
Chocolate Heart Chocolate 25 pcs,648,False,0,0,5,Grocery,Snacks,Cakes and Chocolates,,12640341,2026-09-06 17:37:22,False,https://metroonline.page.link/JQ1S
Gold Coin Chocolate 25 pcs,648,False,0,0,5,Grocery,Snacks,Cakes and Chocolates,,12640340,2026-09-06 17:37:22,False,https://metroonline.page.link/vmpW
Bystro Chocolate With Biscuits,188,False,0,0,5,Grocery,Snacks,Biscuits And Wafers,,12640338,2026-09-06 17:37:22,False,https://metroonline.page.link/btTN
Choco Liq Chocolate with Biscuits,188,False,0,0,5,Grocery,Snacks,Biscuits And Wafers,,12640337,2026-09-06 17:37:22,False,https://metroonline.page.link/JHWk
American Cuisine Choctella 50gm,315,False,0,9,5,Grocery,Snacks,Biscuits And Wafers,,12640331,2026-09-06 17:37:22,True,https://metroonline.page.link/aqp2
American Cuisine Strawbella 50gm,320,False,0,132,5,Grocery,Snacks,Biscuits And Wafers,,12640330,2026-09-06 17:37:22,True,https://metroonline.page.link/tnsN
Indomie Lemon Tarka Noodles 70g,65,False,60,2999,5,Grocery,Packaged Food,Noodles and Pasta,,12640305,2026-09-06 17:37:22,True,https://metroonline.page.link/QKKP
Indomie Chicken Noodles 70g,61,False,59,2172,5,Grocery,Packaged Food,Noodles and Pasta,,12640303,2026-09-06 17:37:22,True,https://metroonline.page.link/bbGu
Indomie Beef Noodles 70g,61,False,59,2453,5,Grocery,Packaged Food,Noodles and Pasta,,12640300,2026-09-06 17:37:22,True,https://metroonline.page.link/JUEy
Fine Life Pineapple Choices Slices 580gm,302,False,4829,0,5,Grocery,Canned Food,Canned Fruits,,12640291,2026-09-06 17:37:22,False,https://metroonline.page.link/svcH
Nestle KitKat Chunky Chocolate 38GM,152,False,0,0,10,Grocery,Snacks,Cakes and Chocolates,,12640275,2026-09-06 17:37:22,False,https://metroonline.page.link/mT1r
Maltesers Chocolate 37GM,394,False,0,0,5,Grocery,Snacks,Cakes and Chocolates,,12640255,2026-09-06 17:37:22,False,https://metroonline.page.link/E4mv
Innovative Peanut Snack Pack Box,238,False,0,490,5,Grocery,Snacks,Biscuits And Wafers,Biscuits and Cookies,12640235,2026-09-06 17:37:22,True,https://metroonline.page.link/kfrq
Innovative Peanut Biscuits Half Roll x6,239,False,0,147,5,Grocery,Snacks,Biscuits And Wafers,Biscuits and Cookies,12640107,2026-09-06 17:37:22,True,https://metroonline.page.link/4rX6
Paradise Chocolate 12X12,238,False,195,116,10,Grocery,Snacks,Sweets and Toffees,,12640072,2026-09-06 17:37:22,True,https://metroonline.page.link/dbDr
Butter Scotch Candy 25 Pcs,123,False,115,1,10,Grocery,Snacks,Sweets and Toffees,,12640070,2026-09-06 17:37:22,False,https://metroonline.page.link/ScKc
Butter Scotch Candy 50 Pcs,248,False,0,76,10,Grocery,Snacks,Sweets and Toffees,,12640069,2026-09-06 17:37:22,True,https://metroonline.page.link/h3Lj
MM Chocolate 45GM,177,False,0,0,5,Grocery,Snacks,Cakes and Chocolates,,12640053,2026-09-06 17:37:22,False,https://metroonline.page.link/PG6G
BrookeBond Supreme Black Tea 80GM,190,False,0,0,5,Grocery,Tea and Coffee,Tea,,12639994,2026-09-06 17:37:22,True,https://metroonline.page.link/ViGV
Rafhan Strawberry Custard 50GM,49,False,0,326,7,Grocery,Desserts,Jellies and Custards,,12639992,2026-09-06 17:37:22,True,https://metroonline.page.link/zhHh
American Garden Pancake Syrup 24 OZ,2385,False,0,203,5,Grocery,Home Baking,Cake Mixes and Baking Add Ons,,12639962,2026-09-06 17:37:22,True,https://metroonline.page.link/Dg5v
American Garden Strawberry Syrup 22 OZ,1699,False,0,0,5,Grocery,Home Baking,Cake Mixes and Baking Add Ons,,12639961,2026-09-06 17:37:22,True,https://metroonline.page.link/B8yn
American Garden Caramel Syrup 24 OZ,1765,False,0,2,5,Grocery,Home Baking,Cake Mixes and Baking Add Ons,,12639960,2026-09-06 17:37:22,True,https://metroonline.page.link/31df
American Garden Chocolate Syrup 24 OZ,1699,False,0,13,5,Grocery,Home Baking,Cake Mixes and Baking Add Ons,,12639959,2026-09-06 17:37:22,True,https://metroonline.page.link/Yi46
American Garden Cherry Pie Filling 21 OZ,2655,False,0,19,5,Grocery,Home Baking,Cake Mixes and Baking Add Ons,,12639957,2026-09-06 17:37:22,True,https://metroonline.page.link/Bx53
Hersheys Strawbery Syrup 22 OZ,1655,False,0,39,5,Grocery,Home Baking,Cake Mixes and Baking Add Ons,,12639952,2026-09-06 17:37:22,True,https://metroonline.page.link/BGBa
Bakea Red Velvet Cake Mix 430g,439,False,0,9,5,Grocery,Home Baking,Cake Mixes and Baking Add Ons,,12639947,2026-09-06 17:37:22,True,https://metroonline.page.link/sB83
Bakea Premium Cocoa Powder 200g,879,False,0,24,5,Grocery,Home Baking,Cake Mixes and Baking Add Ons,,12639946,2026-09-06 17:37:22,True,https://metroonline.page.link/cKBE
Bakea Premium Cocoa Powder 100g,449,False,0,39,5,Grocery,Home Baking,Cake Mixes and Baking Add Ons,,12639945,2026-09-06 17:37:22,True,https://metroonline.page.link/TpHQ
Bakea Pancake Mix Original 450g,505,False,0,0,5,Grocery,Home Baking,Cake Mixes and Baking Add Ons,,12639943,2026-09-06 17:37:22,True,https://metroonline.page.link/A2Tc
Bakea Pancake Mix Buttermilk 450g,515,False,0,8,2,Grocery,Home Baking,Cake Mixes and Baking Add Ons,,12639942,2026-09-06 17:37:22,True,https://metroonline.page.link/MHeu
Bakea Instant Yeast 25g,119,False,0,77,5,Grocery,Home Baking,Cake Mixes and Baking Add Ons,,12639938,2026-09-06 17:37:22,True,https://metroonline.page.link/LmTx
Bakea Icing Sugar 300GM,159,False,150,98,5,Grocery,Home Baking,Cake Mixes and Baking Add Ons,,12639937,2026-09-06 17:37:22,True,https://metroonline.page.link/bQHf
Bakea Cooking Milk Chocolate 500GM,989,False,0,0,5,Grocery,Home Baking,Cake Mixes and Baking Add Ons,,12639934,2026-09-06 17:37:22,True,https://metroonline.page.link/5ch8
Bakea Cooking Milk Chocolate 200GM,445,False,0,25,5,Grocery,Home Baking,Cake Mixes and Baking Add Ons,,12639933,2026-09-06 17:37:22,True,https://metroonline.page.link/Hpyw
Bakea Cooking Chocolate Dark 500g,989,False,0,10,5,Grocery,Home Baking,Cake Mixes and Baking Add Ons,,12639932,2026-09-06 17:37:22,True,https://metroonline.page.link/v9M6
Bakea Cooking Chocolate Dark 200g,445,False,0,88,5,Grocery,Home Baking,Cake Mixes and Baking Add Ons,,12639931,2026-09-06 17:37:22,True,https://metroonline.page.link/k9HZ
Bakea Chocolate Mattine Brownie Mix 480g,599,False,0,19,5,Grocery,Home Baking,Cake Mixes and Baking Add Ons,,12639930,2026-09-06 17:37:22,True,https://metroonline.page.link/j5fT
Bakea Classic Cocoa Powder 200g,825,False,0,57,5,Grocery,Home Baking,Cake Mixes and Baking Add Ons,,12639929,2026-09-06 17:37:22,True,https://metroonline.page.link/AoRU
Bakea Classic Cocoa Powder 100g,419,False,0,44,5,Grocery,Home Baking,Cake Mixes and Baking Add Ons,,12639928,2026-09-06 17:37:22,True,https://metroonline.page.link/ouZH
Bakea Cinnamon Powder 75g,285,False,0,4,5,Grocery,Home Baking,Cake Mixes and Baking Add Ons,,12639927,2026-09-06 17:37:22,True,https://metroonline.page.link/VPYu
Bakea Chocolate Chips 85g,215,False,0,21,5,Grocery,Home Baking,Cake Mixes and Baking Add Ons,,12639926,2026-09-06 17:37:22,True,https://metroonline.page.link/MwTi
Bakea Chocolate Fudge Brownie Mix 480g,545,False,0,3,5,Grocery,Home Baking,Cake Mixes and Baking Add Ons,,12639925,2026-09-06 17:37:22,True,https://metroonline.page.link/b8Ku
Bakea Caster Sugar 300g,165,False,0,7,5,Grocery,Home Baking,Cake Mixes and Baking Add Ons,,12639923,2026-09-06 17:37:22,True,https://metroonline.page.link/oVkK
Bakea Cake Mix Milk Chocolate 430g,479,False,0,11,5,Grocery,Home Baking,Cake Mixes and Baking Add Ons,,12639922,2026-09-06 17:37:22,True,https://metroonline.page.link/VqYL
Bakea Cake Mix Dark Chocolate 430g,599,False,0,21,5,Grocery,Home Baking,Cake Mixes and Baking Add Ons,,12639921,2026-09-06 17:37:22,True,https://metroonline.page.link/vdjU
Bakea Brown Sugar 300g,175,False,0,21,5,Grocery,Home Baking,Cake Mixes and Baking Add Ons,,12639920,2026-09-06 17:37:22,True,https://metroonline.page.link/X6Eb
Bakea Baking Soda 100g,99,False,0,37,5,Grocery,Home Baking,Cake Mixes and Baking Add Ons,,12639917,2026-09-06 17:37:22,True,https://metroonline.page.link/4izs
Bakea Baking Powder 100g,139,False,0,55,5,Grocery,Home Baking,Cake Mixes and Baking Add Ons,,12639916,2026-09-06 17:37:22,True,https://metroonline.page.link/tdBQ
Arbella Fusilli Pasta Wheat 400G,625,False,0,140,2,Grocery,Packaged Food,Noodles and Pasta,,12639912,2026-09-06 17:37:22,True,https://metroonline.page.link/EP2R
Tapal Family Mixture Black Tea 1650GM,3198,False,0,44,5,Grocery,Tea and Coffee,Tea,,12639910,2026-09-06 17:37:22,True,https://metroonline.page.link/Q8GM
Guard Spaghetti 450GM,209,False,175,0,5,Grocery,Packaged Food,Noodles and Pasta,,12639907,2026-09-06 17:37:22,True,https://metroonline.page.link/Pfrd
Guard Penne Macaroni 400GM,199,False,0,0,5,Grocery,Packaged Food,Noodles and Pasta,,12639906,2026-09-06 17:37:22,False,https://metroonline.page.link/CaFM
Laziza Shahi Tukra Mix 180GM,229,False,0,171,5,Grocery,Desserts,Traditional Mixes,,12639905,2026-09-06 17:37:22,True,https://metroonline.page.link/41K5
Laziza Firni Saffaron 150GM,165,False,0,263,5,Grocery,Desserts,Traditional Mixes,,12639904,2026-09-06 17:37:22,True,https://metroonline.page.link/wFkT
Laziza Gajar Kheer 145GM,165,False,139,3,5,Grocery,Desserts,Traditional Mixes,,12639903,2026-09-06 17:37:22,True,https://metroonline.page.link/iNsV
Knorr Noodles Cheesy Chattpatta,77,False,53,0,7,Grocery,Packaged Food,Noodles and Pasta,,12639889,2026-09-06 17:37:22,False,https://metroonline.page.link/Ldf6
American Garden Whole Kernel Sweet Corn 340GM,635,False,0,76,3,Grocery,Canned Food,Canned Vegetables,,12639773,2026-09-06 17:37:22,True,https://metroonline.page.link/bqKC
Tapal Tezdum Tea Pouch 1.6KG,5117,False,,44,5,Grocery,Tea and Coffee,Tea,,12639655,2026-09-06 17:37:22,True,https://metroonline.page.link/bR1L
Peek Freans Smile Chocolate Donut,363,False,265,106,5,Grocery,Snacks,Cakes and Chocolates,,12639359,2026-09-06 17:37:22,True,https://metroonline.page.link/vUVe
American Kuisine Choctella Egg Boy 20 GM,220,False,189,11,5,Grocery,Snacks,Sweets and Toffees,,12638974,2026-09-06 17:37:22,True,https://metroonline.page.link/L2AG
Islamabad Tea Super Dana 900GM,1748,False,1665,0,60,Grocery,Tea and Coffee,Tea,,12638902,2026-09-06 17:37:22,True,https://metroonline.page.link/HxQD
Islamabad Tea Super Dana 430GM,898,False,825,164,60,Grocery,Tea and Coffee,Tea,,12638901,2026-09-06 17:37:22,True,https://metroonline.page.link/nxJm
Islamabad Tea Super Dana 170GM,378,False,349,0,60,Grocery,Tea and Coffee,Tea,,12638900,2026-09-06 17:37:22,True,https://metroonline.page.link/2Ldu
Islamabad Tea Leaf Blend 900GM,1850,True,1650,1024,60,Grocery,Tea and Coffee,Tea,,12638899,2026-09-06 17:37:22,True,https://metroonline.page.link/m6oD
Islamabad Tea Leaf Blend 430GM,950,True,850,2549,60,Grocery,Tea and Coffee,Tea,,12638898,2026-09-06 17:37:22,True,https://metroonline.page.link/Cm8e
Islamabad Tea Leaf Blend 170GM,388,False,369,127,60,Grocery,Tea and Coffee,Tea,,12638897,2026-09-06 17:37:22,True,https://metroonline.page.link/MCY7
Guard Twisted Elbow Macaroni 400g,199,False,159,625,10,Grocery,Packaged Food,Noodles and Pasta,,12638173,2026-09-06 17:37:22,True,https://metroonline.page.link/bwBK
Danedar Round Tea Bags 80P,1098,False,0,0,5,Grocery,Tea and Coffee,Tea,,12638172,2026-09-06 17:37:22,True,https://metroonline.page.link/2m2v
Chef Choice ChocoXpress Cooking Dark Chocolate 2KG,2350,False,0,28,2,Grocery,Home Baking,Cake Mixes and Baking Add Ons,,12637994,2026-09-06 17:37:22,True,https://metroonline.page.link/w8kd
Choco Bliss Crave Dark Cocoa Powder 1KG,6400,False,0,23,10,Grocery,Home Baking,Cake Mixes and Baking Add Ons,,12637993,2026-09-06 17:37:22,True,https://metroonline.page.link/dhSg
Chocobliss Crave Cocoa Powder 100GM,800,False,0,49,10,Grocery,Home Baking,Cake Mixes and Baking Add Ons,,12637992,2026-09-06 17:37:22,True,https://metroonline.page.link/i1co
Choco Bliss Crave Cocoa Powder 200GM,1500,False,0,42,10,Grocery,Home Baking,Cake Mixes and Baking Add Ons,,12637991,2026-09-06 17:37:22,True,https://metroonline.page.link/mEq7
Choco Bliss Crave Cocoa Powder 50g,420,False,0,49,10,Grocery,Home Baking,Cake Mixes and Baking Add Ons,,12637990,2026-09-06 17:37:22,True,https://metroonline.page.link/A9a9
Choco Bliss Crave Dark Cooking Chocolate Bar 500GM,1095,False,0,41,10,Grocery,Home Baking,Cake Mixes and Baking Add Ons,,12637989,2026-09-06 17:37:22,True,https://metroonline.page.link/wNLx
Choco Bliss Crave Cooking Milky Chocolate Bar 500GM,980,False,0,68,10,Grocery,Home Baking,Cake Mixes and Baking Add Ons,,12637988,2026-09-06 17:37:22,True,https://metroonline.page.link/2ci1
Choco Bliss Crave Cooking Dark Chocolate Bar 200GM,490,False,470,94,10,Grocery,Home Baking,Cake Mixes and Baking Add Ons,,12637987,2026-09-06 17:37:22,True,https://metroonline.page.link/DFmz
ChocoBliss Crave Cooking Milky Chocolate Bar 200GM,450,False,420,77,10,Grocery,Home Baking,Cake Mixes and Baking Add Ons,,12637986,2026-09-06 17:37:22,True,https://metroonline.page.link/6pae
Choco Bliss Crave Cooking Dark Chocolate Slab 2KG,3650,False,0,1,10,Grocery,Home Baking,Cake Mixes and Baking Add Ons,,12637984,2026-09-06 17:37:22,True,https://metroonline.page.link/kVAL
Tarang Tea Whitener Promo 225ML X27,1590,False,1500,1000000,5,Grocery,Tea and Coffee,Coffee and Whiteners,,12637931,2026-09-06 17:37:22,True,https://metroonline.page.link/heGE
Tapal Danedar Black Tea 350GM,735,False,0,2789,5,Grocery,Tea and Coffee,Tea,,12637816,2026-09-06 17:37:22,True,https://metroonline.page.link/VqDB
Metro Chef Pineapple Tidbits 565GM,745,False,699,283,5,Grocery,Canned Food,Canned Vegetables,,12637657,2026-09-06 17:37:22,True,https://metroonline.page.link/rbVH
Fine Life Sweet Corn 2950GM,1159,False,18544,0,5,Grocery,Canned Food,Canned Vegetables,,12637656,2026-09-06 17:37:22,False,https://metroonline.page.link/4J4p
Fine Life Mushroom Whole 400ML,181,False,3246,0,5,Grocery,Canned Food,Canned Vegetables,,12637483,2026-09-06 17:37:22,False,https://metroonline.page.link/qBQA
Fine Life Mushroom Sliced 400 ML,251,False,3972,0,5,Grocery,Canned Food,Canned Vegetables,,12637482,2026-09-06 17:37:22,False,https://metroonline.page.link/qTWE
LU Gala Biscuits Bar Packs x12,119,False,105,0,5,Grocery,Snacks,Biscuits And Wafers,Biscuits and Cookies,12637136,2026-09-06 17:37:22,False,https://metroonline.page.link/xT1Q
Wah Salty Chewra 150GM,250,True,150,341,5,Grocery,Snacks,Crisps and Popcorn,Crisps,12637042,2026-09-06 17:37:22,True,https://metroonline.page.link/j4ce
Wah Mix Nimko 70g,50,True,30,0,5,Grocery,Snacks,Crisps and Popcorn,Crisps,12637041,2026-09-06 17:37:22,True,https://metroonline.page.link/8DXf
Wah Dal Moth 70g,50,True,30,35,5,Grocery,Snacks,Crisps and Popcorn,Crisps,12637040,2026-09-06 17:37:22,True,https://metroonline.page.link/A5fE
Wah Dal Moth 200g,250,True,150,0,5,Grocery,Snacks,Crisps and Popcorn,Crisps,12637038,2026-09-06 17:37:22,True,https://metroonline.page.link/gRf3
Wah Mix Nimco 200GM,250,True,150,15,5,Grocery,Snacks,Crisps and Popcorn,Crisps,12637037,2026-09-06 17:37:22,True,https://metroonline.page.link/7EzZ
Wah Sweet Chewra 200g,250,True,150,60,5,Grocery,Snacks,Crisps and Popcorn,Crisps,12637036,2026-09-06 17:37:22,True,https://metroonline.page.link/Zpt5
Wah Moong Dal 200GM,250,True,150,4,5,Grocery,Snacks,Crisps and Popcorn,Crisps,12637035,2026-09-06 17:37:22,True,https://metroonline.page.link/GYq6
Wah Moong Dal 58g,50,True,30,7,5,Grocery,Snacks,Crisps and Popcorn,Crisps,12637034,2026-09-06 17:37:22,True,https://metroonline.page.link/s65n
Wah Salty Peanuts 40GM,50,False,46,0,5,Grocery,Snacks,Crisps and Popcorn,Crisps,12637033,2026-09-06 17:37:22,True,https://metroonline.page.link/BwJM
Super Crisp Fried Peanut 17GM x12,360,False,0,0,5,Grocery,Snacks,Crisps and Popcorn,Crisps,12637030,2026-09-06 17:37:22,False,https://metroonline.page.link/wb7F
Super Crisp Dino Munchies 16g,360,False,0,0,5,Grocery,Snacks,Crisps and Popcorn,Crisps,12637029,2026-09-06 17:37:22,False,https://metroonline.page.link/HAFn
Super Crisp Salted 117GM,100,False,0,0,5,Grocery,Snacks,Crisps and Popcorn,Crisps,12637028,2026-09-06 17:37:22,True,https://metroonline.page.link/V5Yk
Super Crisp Salt 32g x 6,245,False,0,0,5,Grocery,Snacks,Crisps and Popcorn,Crisps,12637027,2026-09-06 17:37:22,False,https://metroonline.page.link/S35b
Super Crisp Fried Peanut 44GM x6,300,False,0,0,5,Grocery,Snacks,Crisps and Popcorn,Crisps,12637026,2026-09-06 17:37:22,False,https://metroonline.page.link/gQQP
Super Crisp Salt 55g,60,False,55,230,5,Grocery,Snacks,Crisps and Popcorn,Crisps,12637025,2026-09-06 17:37:22,True,https://metroonline.page.link/yfoU
Super Crisp Chilli 117g,100,False,89,0,5,Grocery,Snacks,Crisps and Popcorn,Crisps,12637024,2026-09-06 17:37:22,True,https://metroonline.page.link/ff2i
Super Crisp Chilli 55g,60,False,55,0,5,Grocery,Snacks,Crisps and Popcorn,Crisps,12637023,2026-09-06 17:37:22,True,https://metroonline.page.link/DJZo
Super Crisp Salt 15g x 12,240,False,0,0,5,Grocery,Snacks,Crisps and Popcorn,Crisps,12637022,2026-09-06 17:37:22,False,https://metroonline.page.link/17JV
Super Crisp BBQ 120g,100,False,0,0,5,Grocery,Snacks,Crisps and Popcorn,Crisps,12637021,2026-09-06 17:37:22,True,https://metroonline.page.link/BS33
Super Crisp Nimko Mix 60g,120,False,69,77,5,Grocery,Snacks,Crisps and Popcorn,Crisps,12637020,2026-09-06 17:37:22,True,https://metroonline.page.link/CDYH
 Super Crisp Catty Chin 16g 1X12,360,False,0,0,5,Grocery,Snacks,Crisps and Popcorn,Crisps,12637019,2026-09-06 17:37:22,False,https://metroonline.page.link/6F6X
Super Crisp Fried Peanuts 71GM,120,False,69,403,5,Grocery,Snacks,Crisps and Popcorn,Crisps,12637018,2026-09-06 17:37:22,True,https://metroonline.page.link/JGTm
Super Crisp Catty Chin 28 g 1X6 ,240,False,209,0,5,Grocery,Snacks,Crisps and Popcorn,Crisps,12637017,2026-09-06 17:37:22,False,https://metroonline.page.link/nLof
 Super Crisp BBQ 57GM,60,False,0,221,5,Grocery,Snacks,Crisps and Popcorn,Crisps,12637016,2026-09-06 17:37:22,True,https://metroonline.page.link/Rgfc
Super Crisp Catty Chins 58GM,60,False,0,162,5,Grocery,Snacks,Crisps and Popcorn,Crisps,12637015,2026-09-06 17:37:22,True,https://metroonline.page.link/F14w
Snackcity Kurleez Catchy Ketchup 24g,30,False,0,0,5,Grocery,Snacks,Crisps and Popcorn,Crisps,12637014,2026-09-06 17:37:22,False,https://metroonline.page.link/PYP2
Snackcity Kurleez Mirch Masala 24g,30,False,0,0,5,Grocery,Snacks,Crisps and Popcorn,Crisps,12637013,2026-09-06 17:37:22,False,https://metroonline.page.link/yMht
Korneez Plain Salted Popcorn,49,False,45,0,5,Grocery,Snacks,Crisps and Popcorn,Popcorn,12637012,2026-09-06 17:37:22,True,https://metroonline.page.link/M6UH
Korneez Toffee Popcorn Premium,109,False,0,0,5,Grocery,Snacks,Crisps and Popcorn,Popcorn,12637011,2026-09-06 17:37:22,True,https://metroonline.page.link/4Ypw
Korneez Caramel Peanut Popcorn,79,False,70,0,5,Grocery,Snacks,Crisps and Popcorn,Popcorn,12637010,2026-09-06 17:37:22,False,https://metroonline.page.link/viiK
Korneez Plain Salted Popcorn Large,79,False,65,0,5,Grocery,Snacks,Crisps and Popcorn,Popcorn,12637009,2026-09-06 17:37:22,True,https://metroonline.page.link/63a7
Slanty Salt 69g,49,False,45,1,5,Grocery,Snacks,Crisps and Popcorn,Crisps,12637008,2026-09-06 17:37:22,False,https://metroonline.page.link/rLNz
Slanty Vegetable 26g,49,False,45,1,5,Grocery,Snacks,Crisps and Popcorn,Crisps,12637007,2026-09-06 17:37:22,False,https://metroonline.page.link/gjV8
Potato Stick Pepper  Salt 38G,19,False,15,4,5,Grocery,Snacks,Crisps and Popcorn,Crisps,12637006,2026-09-06 17:37:22,False,https://metroonline.page.link/gHgD
Slanty Vegetable 33g,19,False,18,4,5,Grocery,Snacks,Crisps and Popcorn,Crisps,12637005,2026-09-06 17:37:22,False,https://metroonline.page.link/Qqgs
Cheetos Cheese 12GM,19,False,19,2,5,Grocery,Snacks,Crisps and Popcorn,Crisps,12637004,2026-09-06 17:37:22,True,https://metroonline.page.link/3LmN
Cheetos Crunchy 75g,49,False,45,0,5,Grocery,Snacks,Crisps and Popcorn,Crisps,12637003,2026-09-06 17:37:22,False,https://metroonline.page.link/jw7n
Bunny Masoor Masala Nimko 100g,250,False,0,0,5,Grocery,Snacks,Crisps and Popcorn,,12637002,2026-09-06 17:37:22,True,https://metroonline.page.link/jLca
Bunny Lahori Nimko 200g,370,False,0,0,5,Grocery,Snacks,Crisps and Popcorn,,12637001,2026-09-06 17:37:22,False,https://metroonline.page.link/bo4Q
Bunny Potato Stick Salt  Pepper,50,False,30,0,5,Grocery,Snacks,Crisps and Popcorn,,12637000,2026-09-06 17:37:22,True,https://metroonline.page.link/EjTi
RAFHAN Vanilla Custard 275GM,222,False,180,0,7,Grocery,Desserts,Jellies and Custards,,12636972,2026-09-06 17:37:22,True,https://metroonline.page.link/fzkv
My Cook Vanilla Essence 28ML,109,False,0,150,5,Grocery,Desserts,Traditional Mixes,,12636965,2026-09-06 17:37:22,True,https://metroonline.page.link/b4oB
Kurleez Mirch Masala 23g 1x6,119,False,0,0,5,Grocery,Snacks,Crisps and Popcorn,Crisps,12636867,2026-09-06 17:37:22,False,https://metroonline.page.link/qfBR
Track B  B Pouch (Brown) 45g,230,False,0,0,5,Grocery,Snacks,Cakes and Chocolates,,12636850,2026-09-06 17:37:22,True,https://metroonline.page.link/8fbh
Nestle Kitkat 2Fingers 20.7GM,70,False,0,0,10,Grocery,Snacks,Cakes and Chocolates,,12636849,2026-09-06 17:37:22,False,https://metroonline.page.link/Db2y
Nestle Kitkat 4Fingers 41.5GM,146,False,0,0,10,Grocery,Snacks,Cakes and Chocolates,,12636848,2026-09-06 17:37:22,False,https://metroonline.page.link/aD7s
Toblerone Milk Chocolate 100GM,802,False,0,0,5,Grocery,Snacks,Cakes and Chocolates,,12636845,2026-09-06 17:37:22,False,https://metroonline.page.link/qejp
Hersheys Cookies  Cream 40g,420,False,0,0,5,Grocery,Snacks,Cakes and Chocolates,,12636825,2026-09-06 17:37:22,True,https://metroonline.page.link/H1pr
Rocher T24,4059,False,0,0,5,Grocery,Snacks,Cakes and Chocolates,,12636820,2026-09-06 17:37:22,False,https://metroonline.page.link/rjf7
Verve Milk Chocolate 90g,150,False,0,0,5,Grocery,Snacks,Cakes and Chocolates,,12636817,2026-09-06 17:37:22,False,https://metroonline.page.link/BLnN
Cadbury Dairy Milk Oreo 95GM,500,False,415,152,5,Grocery,Snacks,Cakes and Chocolates,,12636812,2026-09-06 17:37:22,True,https://metroonline.page.link/LD7B
Moro 18G,30,False,25,165,5,Grocery,Snacks,Cakes and Chocolates,,12636811,2026-09-06 17:37:22,True,https://metroonline.page.link/z1SA
Oreo Biscuit 38GM,248,False,225,110,5,Grocery,Snacks,Cakes and Chocolates,,12636810,2026-09-06 17:37:22,True,https://metroonline.page.link/4weR
Fauji Wheat Flakes 250G,749,False,0,173,5,Grocery,Breakfast,Cereals,,12636782,2026-09-06 17:37:22,True,https://metroonline.page.link/eY1H
Tarang 500ML Single,81,False,0,0,12,Grocery,Tea and Coffee,Coffee and Whiteners,,12636777,2026-09-06 17:37:22,False,https://metroonline.page.link/iezH
Tarang 112ML Tea Whitener,35,False,0,0,12,Grocery,Tea and Coffee,Coffee and Whiteners,,12636776,2026-09-06 17:37:22,True,https://metroonline.page.link/tjDV
Dahi Phulki 200GM,185,False,0,0,5,Grocery,Packaged Food,Ready to Eat Meals,,12636769,2026-09-06 17:37:22,True,https://metroonline.page.link/Yjbf
LU Prince Mini Fingers 12 Packs Box,119,False,0,0,5,Grocery,Snacks,Biscuits And Wafers,Biscuits and Cookies,12636751,2026-09-06 17:37:22,False,https://metroonline.page.link/pkF5
Lemon Grass Tea 50gm,49,False,1329,0,5,Grocery,Tea and Coffee,Tea,,12636719,2026-09-06 17:37:22,False,https://metroonline.page.link/LFjT
Nestle Everyday Lite 250GM,512,False,0,0,5,Grocery,Tea and Coffee,Coffee and Whiteners,,12636669,2026-09-06 17:37:22,False,https://metroonline.page.link/id5c
Everyday Sachet 16.8 GM X 1,11,False,0,0,5,Grocery,Tea and Coffee,Coffee and Whiteners,,12636668,2026-09-06 17:37:22,False,https://metroonline.page.link/RxRW
Everyday Tea Whitener 225ML,59,False,0,0,12,Grocery,Tea and Coffee,Coffee and Whiteners,,12636667,2026-09-06 17:37:22,False,https://metroonline.page.link/1Lmd
National Crushed Pickle 390 GM,419,False,345,-2,5,Grocery,Canned Food,Pickles and Olives,,12636624,2026-09-06 17:37:22,True,https://metroonline.page.link/CPGd
Twix Chocolate 50GM,121,False,0,0,5,Grocery,Snacks,Cakes and Chocolates,,12636515,2026-09-06 17:37:22,False,https://metroonline.page.link/mXAf
Perk Cadbury Chocolate Box 24 x 18.2GM,715,False,0,0,5,Grocery,Snacks,Cakes and Chocolates,,12636485,2026-09-06 17:37:22,True,https://metroonline.page.link/ovWB
Yums Candy Box 18X18,238,False,225,890,5,Grocery,Snacks,Sweets and Toffees,,12636287,2026-09-06 17:37:22,True,https://metroonline.page.link/QJWs
Guard Spiral Macaroni 400gm,199,False,,441,2,Grocery,Packaged Food,Noodles and Pasta,,12636180,2026-09-06 17:37:22,True,https://metroonline.page.link/R7he
Guard Elbow Macaroni 400gm,199,False,149,292,2,Grocery,Packaged Food,Noodles and Pasta,,12636179,2026-09-06 17:37:22,True,https://metroonline.page.link/3YGS
Guard Shell Macaroni 400gm,199,False,0,377,2,Grocery,Packaged Food,Noodles and Pasta,,12636178,2026-09-06 17:37:22,True,https://metroonline.page.link/QGS3
RAFHAN Vanilla Ice Cream Powder 285GM,220,False,185,157,7,Grocery,Desserts,Jellies and Custards,,12636037,2026-09-06 17:37:22,True,https://metroonline.page.link/RWB1
Shakkar Whole,320,False,0,1152,10,Grocery,Home Baking,,,12636024,2026-09-06 17:37:22,True,https://metroonline.page.link/w29G
METRO CHEF GREEN OLIVE SLICE 3KG,2999,False,32348,0,3,Grocery,Canned Food,Canned Fruits,,12635862,2026-09-06 17:37:22,False,https://metroonline.page.link/exbD
Metro Chef Pineapple Slices 565GM,745,False,739,1299,3,Grocery,Canned Food,Canned Fruits,,12635861,2026-09-06 17:37:22,True,https://metroonline.page.link/BeSX
Metro Chef Pineapple Slices 3050GM,3725,False,3199,122,3,Grocery,Canned Food,Canned Fruits,,12635860,2026-09-06 17:37:22,True,https://metroonline.page.link/rtdd
Super Crisp Twister 12packs,360,False,0,0,5,Grocery,Snacks,Crisps and Popcorn,Crisps,12635552,2026-09-06 17:37:22,False,https://metroonline.page.link/uYyG
Lays Paprika 11g,19,False,0,107,5,Grocery,Snacks,Crisps and Popcorn,Crisps,12635542,2026-09-06 17:37:22,True,https://metroonline.page.link/scdq
Giggly Eclairs Toffee x50,98,False,89,4619,5,Grocery,Snacks,Sweets and Toffees,,12635516,2026-09-06 17:37:22,True,https://metroonline.page.link/Ev1U
Candyland Chilli Milli Jelly Box,238,False,215,653,5,Grocery,Snacks,Jellies and Marshmallows,,12635163,2026-09-06 17:37:22,True,https://metroonline.page.link/oKSE
Tapal Green Tea Leaves Jasmine 100GM,318,False,0,395,5,Grocery,Tea and Coffee,Tea,,12634673,2026-09-06 17:37:22,True,https://metroonline.page.link/2PWc
Lemon Sandwich Biscuits Ticky Pack Box,239,False,220,292,5,Grocery,Snacks,Biscuits And Wafers,Biscuits and Cookies,12634654,2026-09-06 17:37:22,True,https://metroonline.page.link/XHSG
Hardum Mezan Chai Pouch 1900GM,3218,False,0,0,5,Grocery,Tea and Coffee,Tea,,12634592,2026-09-06 17:37:22,False,https://metroonline.page.link/Bvus
Hardum Mezan Chai Danedar Pouch 900 GM,1779,False,1750,0,5,Grocery,Tea and Coffee,Tea,,12634590,2026-09-06 17:37:22,False,https://metroonline.page.link/MrZi
Hardum Mezan Chai Danedar Pouch 475 GM,869,False,0,0,5,Grocery,Tea and Coffee,Tea,,12634589,2026-09-06 17:37:22,False,https://metroonline.page.link/TuZX
Mezan Hardum Pouch 950GM,1732,False,0,0,5,Grocery,Tea and Coffee,Tea,,12634580,2026-09-06 17:37:22,True,https://metroonline.page.link/mvx7
Mezan Hardum Hard Pack 190GM,347,False,0,0,5,Grocery,Tea and Coffee,Tea,,12634579,2026-09-06 17:37:22,False,https://metroonline.page.link/b8g3
Super Crisp Chilli 32GM X6,244,False,0,0,5,Grocery,Snacks,Crisps and Popcorn,Crisps,12633738,2026-09-06 17:37:22,False,https://metroonline.page.link/SdUi
Dewdrop Fruit Cocktail 820GM,730,False,0,842,4,Grocery,Canned Food,Canned Fruits,,12633723,2026-09-06 17:37:22,True,https://metroonline.page.link/cyeo
Innovative Frisky Vanilla Wafer,149,False,135,126,5,Grocery,Snacks,Biscuits And Wafers,Wafers,12633712,2026-09-06 17:37:22,True,https://metroonline.page.link/aXaJ
Nescafe 3 in 1 Sachet (25GM),70,False,55,0,5,Grocery,Tea and Coffee,Coffee and Whiteners,,12633710,2026-09-06 17:37:22,True,https://metroonline.page.link/4tJU
Tapal Green Tea Bags Strawberry 30Pcs,248,False,0,393,5,Grocery,Tea and Coffee,Tea,,12633636,2026-09-06 17:37:22,True,https://metroonline.page.link/uKeW
Everyday Tea Whitener 350GM,760,False,710,7361,3,Grocery,Tea and Coffee,Coffee and Whiteners,,12633566,2026-09-06 17:37:22,True,https://metroonline.page.link/KsWD
Bake Time Chocolate Cake Slice,295,False,225,549,5,Grocery,Snacks,Cakes and Chocolates,,12633546,2026-09-06 17:37:22,True,https://metroonline.page.link/bvEd
Freshup Spearmint Stick X12,476,False,360,74,5,Grocery,Snacks,Sweets and Toffees,,12633543,2026-09-06 17:37:22,True,https://metroonline.page.link/R4Lk
Hilal Freshup Spearmint Big Bite,105,False,105,0,5,Grocery,Snacks,Confectionary,,12622622,2026-09-06 17:37:22,True,https://metroonline.page.link/R3Ve
METRO CHEF TROPICAL FRUIT COCKTAIL 565,725,False,675,114,5,Grocery,Canned Food,Canned Fruits,,12633532,2026-09-06 17:37:22,True,https://metroonline.page.link/L7xy
Kurkure ToofaniÂ Mirch 37GM,19,False,0,53,5,Grocery,Snacks,Crisps and Popcorn,Crisps,12633531,2026-09-06 17:37:22,True,https://metroonline.page.link/ZQvA
Super Crisp BBQ 16GM X12,239,False,225,0,5,Grocery,Snacks,Crisps and Popcorn,Crisps,12633525,2026-09-06 17:37:22,False,https://metroonline.page.link/LtKv
Super Crisp BBQ 33GM X6,245,False,230,0,5,Grocery,Snacks,Crisps and Popcorn,Crisps,12633496,2026-09-06 17:37:22,False,https://metroonline.page.link/VGP8
Super Crisp Chilli 15GM x12,240,False,0,0,5,Grocery,Snacks,Crisps and Popcorn,Crisps,12633495,2026-09-06 17:37:22,False,https://metroonline.page.link/X8Ta
Oreo Mini Original Bar Packs Box,119,False,103,0,5,Grocery,Snacks,Biscuits And Wafers,Biscuits and Cookies,12633335,2026-09-06 17:37:22,False,https://metroonline.page.link/dnUq
Bake Time Fruit Cake Box,239,False,205,23,5,Grocery,Snacks,Cakes and Chocolates,,12633326,2026-09-06 17:37:22,True,https://metroonline.page.link/mz3A
Apricot Dry 250GM,156,False,,0,5,Grocery,Snacks,,,12633313,2026-09-06 17:37:22,True,https://metroonline.page.link/vYWu
Delmonte Fruit Cocktail 836 GM,1269,False,0,0,5,Grocery,Canned Food,Canned Fruits,,12620933,2026-09-06 17:37:22,True,https://metroonline.page.link/epPo
Whistlez Herb Cracker Ticky Pack Box,120,False,0,0,5,Grocery,Snacks,Biscuits And Wafers,Biscuits and Cookies,12633243,2026-09-06 17:37:22,False,https://metroonline.page.link/2Lt2
Whistlez Herb Cracker Snack Pack Box,120,False,0,0,5,Grocery,Snacks,Biscuits And Wafers,Biscuits and Cookies,12633242,2026-09-06 17:37:22,False,https://metroonline.page.link/53uR
Whistlez Herb Cracker Half Roll Box,180,False,0,0,5,Grocery,Snacks,Biscuits And Wafers,Biscuits and Cookies,12633241,2026-09-06 17:37:22,False,https://metroonline.page.link/CW1n
Dairy Milk Roast Almond 38GM X24,5995,False,0,0,5,Grocery,Snacks,Cakes and Chocolates,,12633188,2026-09-06 17:37:22,True,https://metroonline.page.link/u39E
Dairy Milk Bubbly 87GM X24,11998,False,0,0,5,Grocery,Snacks,Sweets and Toffees,,12633187,2026-09-06 17:37:22,True,https://metroonline.page.link/25U9
Dairy Milk Bubbly 40GM X24,5995,False,0,0,5,Grocery,Snacks,Sweets and Toffees,,12633186,2026-09-06 17:37:22,True,https://metroonline.page.link/mwdc
Cadbury Dairy Milk Chocolate x24 ,5998,False,0,0,5,Grocery,Snacks,Cakes and Chocolates,,12633185,2026-09-06 17:37:22,True,https://metroonline.page.link/EQca
Cadbury Dairy Milk Chocolate 18GM Box,1198,False,1105,871,5,Grocery,Snacks,Cakes and Chocolates,,12633184,2026-09-06 17:37:22,True,https://metroonline.page.link/wgvW
Cadbury Dairy Milk Chocolate 9GM Box,718,False,0,109,5,Grocery,Snacks,Cakes and Chocolates,,12633183,2026-09-06 17:37:22,True,https://metroonline.page.link/TiGQ
Cadbury Dairy Milk Chocolate 36 GM,148,False,135,2341,5,Grocery,Snacks,Cakes and Chocolates,,12633181,2026-09-06 17:37:22,True,https://metroonline.page.link/8tCf
Eclairs Pouch Candy 200GM,148,False,140,1626,5,Grocery,Snacks,Sweets and Toffees,,12633180,2026-09-06 17:37:22,True,https://metroonline.page.link/vLZh
SNACKERS Pizza Chips 36GM,29,False,20,0,5,Grocery,Snacks,Crisps and Popcorn,Crisps,12633121,2026-09-06 17:37:22,False,https://metroonline.page.link/8DG1
Dewdrop Mushroom Pieces 380GM,325,False,0,24,5,Grocery,Canned Food,Canned Vegetables,,12633076,2026-09-06 17:37:22,True,https://metroonline.page.link/NKVN
KERNLPOP 12 IN 1 Butter 90gm,170,False,160,28,15,Grocery,Snacks,Crisps and Popcorn,Popcorn,12633070,2026-09-06 17:37:22,True,https://metroonline.page.link/tsYJ
Hilal Hajmola Candy Box,174,False,0,0,5,Grocery,Snacks,Sweets and Toffees,,12632959,2026-09-06 17:37:22,True,https://metroonline.page.link/B9iP
Sooper Chocolate Ticky Pack x24,240,False,0,0,10,Grocery,Snacks,Biscuits And Wafers,Biscuits and Cookies,12632924,2026-09-06 17:37:22,False,https://metroonline.page.link/Ucfr
Mitchells Strawberry Jelly 450GM,335,False,0,77,5,Grocery,Desserts,Jellies and Custards,,12632814,2026-09-06 17:37:22,True,https://metroonline.page.link/8rG6
Nestle Everyday Tea Whitener 1.8KG,3815,False,0,1486,3,Grocery,Tea and Coffee,Coffee and Whiteners,,12632810,2026-09-06 17:37:22,True,https://metroonline.page.link/d8Wt
Nestle Everyday Cardamom 3IN1 Sachets X25,1497,False,0,0,5,Grocery,Tea and Coffee,Tea,,12632675,2026-09-06 17:37:22,False,https://metroonline.page.link/tyw8
Nestle Everyday Karak 3IN1 Sachets X25,1259,False,0,0,5,Grocery,Tea and Coffee,Tea,,12632674,2026-09-06 17:37:22,False,https://metroonline.page.link/Tf68
Dewdrop Whole Mushrooms 330GM,599,False,0,143,5,Grocery,Canned Food,Canned Vegetables,,12632611,2026-09-06 17:37:22,True,https://metroonline.page.link/xZxR
Dewdrop Pineapple Pieces 565GM,530,True,430,184,5,Grocery,Canned Food,Canned Fruits,,12632512,2026-09-06 17:37:22,True,https://metroonline.page.link/7oSi
KernelPop Natural Popcorn 80GM,108,False,95,61,5,Grocery,Snacks,Crisps and Popcorn,Popcorn,12632499,2026-09-06 17:37:22,True,https://metroonline.page.link/EeFm
Lays French Cheese 72GM,98,False,85,17,5,Grocery,Snacks,Crisps and Popcorn,Crisps,12632436,2026-09-06 17:37:22,True,https://metroonline.page.link/73iF
Laziza Strawberry Falooda 195g,229,False,0,169,5,Grocery,Desserts,Traditional Mixes,,12632296,2026-09-06 17:37:22,True,https://metroonline.page.link/3xgF
Kurkure Red Chilli 40GM,120,False,0,168,5,Grocery,Snacks,Crisps and Popcorn,Crisps,12632262,2026-09-06 17:37:22,True,https://metroonline.page.link/6cVQ
Lays Wavy Masala 39g,38,False,0,0,5,Grocery,Snacks,Crisps and Popcorn,Crisps,12632253,2026-09-06 17:37:22,False,https://metroonline.page.link/qfWz
Lays Paprika 30GM,48,False,45,2,5,Grocery,Snacks,Crisps and Popcorn,Crisps,9999587,2026-09-06 17:37:22,True,https://metroonline.page.link/KJLp
Kurkure Chutney Chaska 14GM X6,120,False,,2,5,Grocery,Snacks,Crisps and Popcorn,Crisps,12632249,2026-09-06 17:37:22,True,https://metroonline.page.link/vuAA
Hersheys Chocolate Syrup 22oz,1655,False,0,38,5,Grocery,Home Baking,Cake Mixes and Baking Add Ons,,12632210,2026-09-06 17:37:22,True,https://metroonline.page.link/rSn4
Hersheys Caramel Syrup 22oz,1725,False,0,32,5,Grocery,Home Baking,Cake Mixes and Baking Add Ons,,12632209,2026-09-06 17:37:22,True,https://metroonline.page.link/5Hg4
Farmhouse Shortbread Cookies,139,False,129,0,5,Grocery,Snacks,Biscuits And Wafers,Biscuits and Cookies,12632041,2026-09-06 17:37:22,False,https://metroonline.page.link/YQhv
Farmhouse Coco Crunch Cookies,139,False,0,0,5,Grocery,Snacks,Biscuits And Wafers,Biscuits and Cookies,12632040,2026-09-06 17:37:22,False,https://metroonline.page.link/HQQs
Farmhouse Chocolate Chip Cookies,109,False,105,0,5,Grocery,Snacks,Biscuits And Wafers,Biscuits and Cookies,12632030,2026-09-06 17:37:22,False,https://metroonline.page.link/msQS
Tapal Danedar Teabags Knotted 600P,3399,False,0,228,5,Grocery,Tea and Coffee,Tea,,12631672,2026-09-06 17:37:22,True,https://metroonline.page.link/hccE
Cadbury Dairy Milk Oreo Doy Bag 174GM,998,False,825,72,5,Grocery,Snacks,Cakes and Chocolates,,12631642,2026-09-06 17:37:22,True,https://metroonline.page.link/tu5h
Cadbury Dairy Milk Bubbly Mini 135GM,848,False,705,112,5,Grocery,Snacks,Cakes and Chocolates,,12631639,2026-09-06 17:37:22,True,https://metroonline.page.link/oqa6
Tapal Danedar Black Tea 900GM,1813,False,0,1418,5,Grocery,Tea and Coffee,Tea,,12631638,2026-09-06 17:37:22,True,https://metroonline.page.link/LYKS
Fine Life Sweet Corn 400GM,231,False,0,0,2,Grocery,Canned Food,Canned Vegetables,,12631335,2026-09-06 17:37:22,False,https://metroonline.page.link/o2eN
Rafhan Chocolate Topping 1.28KG,1500,False,0,72,8,Grocery,Home Baking,Cake Mixes and Baking Add Ons,,12629813,2026-09-06 17:37:22,True,https://metroonline.page.link/WqJJ
Rafhan Vanila Custard 1.1Kg,658,False,0,4,7,Grocery,Desserts,Jellies and Custards,,12629697,2026-09-06 17:37:22,True,https://metroonline.page.link/yftr
Rafhan Banana Jelly 2Kg,3250,False,2483,30,7,Grocery,Desserts,Jellies and Custards,,12629694,2026-09-06 17:37:22,True,https://metroonline.page.link/vQ7S
Rafhan Strawberry Jelly 2Kg,3250,False,0,58,7,Grocery,Desserts,Jellies and Custards,,12629692,2026-09-06 17:37:22,True,https://metroonline.page.link/Bt26
Rafhan Vanilla Icecream Powder 1.1Kg,718,False,572,18,10,Grocery,Desserts,Jellies and Custards,,12629691,2026-09-06 17:37:22,True,https://metroonline.page.link/7rsw
Rafhan Strawberry Topping 1.28Kg,1535,False,1075,0,8,Grocery,Home Baking,Cake Mixes and Baking Add Ons,,12629690,2026-09-06 17:37:22,True,https://metroonline.page.link/whFx
Supreme Brooke Bond Black Tea Leaf 1.75Kg,2999,False,2700,190,10,Grocery,Tea and Coffee,Tea,,12629688,2026-09-06 17:37:22,True,https://metroonline.page.link/vAHe
Lipton Yellow Label Tea 1.75 Kg,3499,False,3150,340,5,Grocery,Tea and Coffee,Tea,,12629687,2026-09-06 17:37:22,True,https://metroonline.page.link/A1k4
Snickers Chocolate 50GM,299,False,265,0,5,Grocery,Snacks,Cakes and Chocolates,,12629666,2026-09-06 17:37:22,True,https://metroonline.page.link/YEUh
Nescafe Coffee Jar 200GM,3849,False,3340,1772,5,Grocery,Tea and Coffee,Coffee and Whiteners,,12629662,2026-09-06 17:37:22,True,https://metroonline.page.link/ds2o
Soft Mint 132G 60 Pcs,148,False,135,854,5,Grocery,Snacks,Sweets and Toffees,,3971555,2026-09-06 17:37:22,True,https://metroonline.page.link/tCcw
Peek Freans Saltish Biscuits Snack Pack,239,False,225,272,5,Grocery,Snacks,Biscuits And Wafers,Biscuits and Cookies,12629494,2026-09-06 17:37:22,True,https://metroonline.page.link/h7zy
LU Wheatable High Fibre Family Pack,100,False,85,826,5,Grocery,Snacks,Biscuits And Wafers,Biscuits and Cookies,12629483,2026-09-06 17:37:22,True,https://metroonline.page.link/meJA
Bubbly 87G,498,False,415,193,5,Grocery,Snacks,Cakes and Chocolates,,12629481,2026-09-06 17:37:22,True,https://metroonline.page.link/6wy8
CDM 38G Fruit&Nuts,248,False,195,233,5,Grocery,Snacks,Cakes and Chocolates,,12629453,2026-09-06 17:37:22,True,https://metroonline.page.link/vi3W
Zeera Plus Salt Biscuit Snack,236,False,225,0,5,Grocery,Snacks,Biscuits And Wafers,Biscuits and Cookies,12629447,2026-09-06 17:37:22,False,https://metroonline.page.link/dBvz
CDM 38G RST Almond,248,False,210,259,5,Grocery,Snacks,Cakes and Chocolates,,12620478,2026-09-06 17:37:22,True,https://metroonline.page.link/kUKF
LU Prince Chocolate Snack Pack,283,False,270,2,5,Grocery,Snacks,Biscuits And Wafers,Biscuits and Cookies,12629442,2026-09-06 17:37:22,True,https://metroonline.page.link/28Ka
Cadbury Dairy Milk Bite Size Chocolate Pouch 144GM,798,False,720,96,5,Grocery,Snacks,Cakes and Chocolates,,12629441,2026-09-06 17:37:22,True,https://metroonline.page.link/3TMt
Cadbury Dairy Milk Crackle Chocolate 24 GM,148,False,117,55,5,Grocery,Snacks,Cakes and Chocolates,,12629440,2026-09-06 17:37:22,True,https://metroonline.page.link/rNAE
Bubbly 40G,248,False,210,246,5,Grocery,Snacks,Cakes and Chocolates,,12629439,2026-09-06 17:37:22,True,https://metroonline.page.link/aypQ
LU Wheatable Sugar Free Family Pack,100,False,85,0,5,Grocery,Snacks,Biscuits And Wafers,Biscuits and Cookies,12629398,2026-09-06 17:37:22,True,https://metroonline.page.link/fnUP
Peek Freans Rio Strawberry and Vanilla Half Roll Box,392,False,305,48,5,Grocery,Snacks,Biscuits And Wafers,Biscuits and Cookies,12629391,2026-09-06 17:37:22,True,https://metroonline.page.link/em5t
Cadbury Dairy Milk Chocolate Box 38 GM x24,3598,False,0,0,5,Grocery,Snacks,Cakes and Chocolates,,12629387,2026-09-06 17:37:22,True,https://metroonline.page.link/juoF
Super Crisp Nimko Mix 12GM,121,False,0,0,10,Grocery,Snacks,Crisps and Popcorn,Crisps,12629055,2026-09-06 17:37:22,False,https://metroonline.page.link/9PV4
Hilal Aamrus Jumbo Candy 70 PCS,174,False,155,0,5,Grocery,Snacks,Sweets and Toffees,,12628969,2026-09-06 17:37:22,True,https://metroonline.page.link/d1RP
Hilal Panpasand Candy 25 PCS,85,False,0,52,5,Grocery,Snacks,Sweets and Toffees,,12628968,2026-09-06 17:37:22,True,https://metroonline.page.link/kRWn
Hilal Panpasand Candy 50PCS,175,False,0,0,5,Grocery,Snacks,Sweets and Toffees,,12628967,2026-09-06 17:37:22,True,https://metroonline.page.link/SGpc
Hilal Hajmola Candy 25 PCS,88,False,135,0,5,Grocery,Snacks,Sweets and Toffees,,12628966,2026-09-06 17:37:22,True,https://metroonline.page.link/NC4r
Hilal Choran Chatni Candy 70 PCS,174,False,165,148,5,Grocery,Snacks,Sweets and Toffees,,12628965,2026-09-06 17:37:22,True,https://metroonline.page.link/CQSS
Hilal Ding Dong Chewing Gum 36 Pcs,89,False,0,0,5,Grocery,Snacks,Sweets and Toffees,,12628960,2026-09-06 17:37:22,False,https://metroonline.page.link/sLbM
Knorr Blazin Hot Noodles ,175,False,168,0,7,Grocery,Packaged Food,Noodles and Pasta,,12628800,2026-09-06 17:37:22,False,https://metroonline.page.link/NuUb
Lipton Black Tea Leaf 11GM,30,False,28,0,5,Grocery,Tea and Coffee,Tea,,12628560,2026-09-06 17:37:22,False,https://metroonline.page.link/1BpB
Slice Mushroom 400 GM,380,False,0,91,5,Grocery,Canned Food,Canned Vegetables,,12628557,2026-09-06 17:37:22,True,https://metroonline.page.link/doyp
Ok Fennel Seed 100GM,95,False,0,0,5,Grocery,OK,,,12628550,2026-09-06 17:37:22,True,https://metroonline.page.link/3Ji3
Knorr Noodles Chatpatta 200GM,185,False,173,598,10,Grocery,Packaged Food,Noodles and Pasta,,12628499,2026-09-06 17:37:22,True,https://metroonline.page.link/iYrG
Vital Tea Bag 600 PCS,3299,False,0,129,5,Grocery,Tea and Coffee,Tea,,12628356,2026-09-06 17:37:22,True,https://metroonline.page.link/tfwL
Vital Green Tea Bag Lemon 30 PCS,239,False,225,0,5,Grocery,Tea and Coffee,Tea,,12628355,2026-09-06 17:37:22,False,https://metroonline.page.link/2kyj
Falak Vermicilli 150 GM,106,False,0,0,5,Grocery,Packaged Food,Noodles and Pasta,,12628349,2026-09-06 17:37:22,False,https://metroonline.page.link/S4tV
Nestle Everyday Mix Chai 560GM,1165,False,1125,765,3,Grocery,Tea and Coffee,Coffee and Whiteners,,12628316,2026-09-06 17:37:22,True,https://metroonline.page.link/asRm
Nescafe Gold Vanilla Latte Box (10 Sachets),15281,False,0,0,15,Grocery,Tea and Coffee,Coffee and Whiteners,,12627522,2026-09-06 17:37:22,False,https://metroonline.page.link/VP9z
Vital Tea Leaves 900GM,1850,True,1620,53,5,Grocery,Tea and Coffee,Tea,,12627514,2026-09-06 17:37:22,True,https://metroonline.page.link/PyWE
Falak Kheer Mix 155 GM,70,False,0,0,5,Grocery,Desserts,Traditional Mixes,,12627488,2026-09-06 17:37:22,False,https://metroonline.page.link/MkSn
Shan Shoop Chatpata Noodles 65G x 6,50,False,397,0,5,Grocery,Packaged Food,Noodles and Pasta,,12627487,2026-09-06 17:37:22,True,https://metroonline.page.link/DJmU
Shan Shoop Chicken Noodles 65 GM x 6,50,False,0,0,5,Grocery,Packaged Food,Noodles and Pasta,,12627486,2026-09-06 17:37:22,True,https://metroonline.page.link/pPna
Shan Shoop Masala 65 GM X 6,459,False,0,0,5,Grocery,Packaged Food,Noodles and Pasta,,12627485,2026-09-06 17:37:22,True,https://metroonline.page.link/Q7bV
Vital Tea Bag 100 Pcs,999,False,0,14,5,Grocery,Tea and Coffee,Tea,,12625978,2026-09-06 17:37:22,True,https://metroonline.page.link/QRHj
Vital Tea Bag 50 Pcs,499,False,0,24,5,Grocery,Tea and Coffee,Tea,,12625977,2026-09-06 17:37:22,True,https://metroonline.page.link/dVao
Vital Tea Leaves 24 GM,19,False,0,0,5,Grocery,Tea and Coffee,Tea,,12625975,2026-09-06 17:37:22,False,https://metroonline.page.link/xJcF
Vital Tea Leaves 95gm,199,False,0,143,5,Grocery,Tea and Coffee,Tea,,12625974,2026-09-06 17:37:22,True,https://metroonline.page.link/Af5e
Vital Tea Leaves Hard Pack 170GM,399,False,0,45,5,Grocery,Tea and Coffee,Tea,,12625973,2026-09-06 17:37:22,True,https://metroonline.page.link/3vCQ
Vital Tea Leaves Tin Pack 375gm,919,False,0,15,5,Grocery,Tea and Coffee,Tea,,12625972,2026-09-06 17:37:22,True,https://metroonline.page.link/Kd7w
Vital Tea Leaves 385g,750,True,650,17,5,Grocery,Tea and Coffee,Tea,,12625971,2026-09-06 17:37:22,True,https://metroonline.page.link/GF4m
Vital Tea Leaves Jar 440GM,1149,False,990,32,5,Grocery,Tea and Coffee,Tea,,12625970,2026-09-06 17:37:22,True,https://metroonline.page.link/jCcC
Vital Tea Leaves 430GM,950,True,835,28,5,Grocery,Tea and Coffee,Tea,,12625969,2026-09-06 17:37:22,True,https://metroonline.page.link/XB9d
Rocher T3,506,False,0,0,5,Grocery,Snacks,Cakes and Chocolates,,12625938,2026-09-06 17:37:22,False,https://metroonline.page.link/9UyF
Lays Yogurt  Herb 65G,66,False,0,9,5,Grocery,Snacks,Crisps and Popcorn,Crisps,12625903,2026-09-06 17:37:22,True,https://metroonline.page.link/TSR7
Teamax Tea Whitener 223ML x27,1580,False,0,0,10,Grocery,Tea and Coffee,Coffee and Whiteners,,12625900,2026-09-06 17:37:22,True,https://metroonline.page.link/HmVK
National Mango Pickle 320G,285,False,0,81,5,Grocery,Canned Food,Pickles and Olives,,12625849,2026-09-06 17:37:22,True,https://metroonline.page.link/dHxp
Arbella Fetuccine Pasta 500GM,445,False,525,144,5,Grocery,Packaged Food,Noodles and Pasta,,12625811,2026-09-06 17:37:22,True,https://metroonline.page.link/mm7A
Tapal Green Tea bag Peach 30Pcs,248,False,,457,5,Grocery,Tea and Coffee,Tea,,12625794,2026-09-06 17:37:22,True,https://metroonline.page.link/sNif
Kinder Chocolate T4,347,False,0,0,5,Grocery,Snacks,Cakes and Chocolates,,12625773,2026-09-06 17:37:22,False,https://metroonline.page.link/r9h2
Mitchells Chick Peas 800GM,679,False,0,256,5,Grocery,Canned Food,Canned Vegetables,,12625770,2026-09-06 17:37:22,True,https://metroonline.page.link/63sF
Fresh Up Strawberry Big Bite,105,False,99,0,5,Grocery,Snacks,Jellies and Marshmallows,,12625766,2026-09-06 17:37:22,True,https://metroonline.page.link/zUAo
Kinder Bueno Chocolate,347,False,0,0,5,Grocery,Snacks,Cakes and Chocolates,,12625735,2026-09-06 17:37:22,False,https://metroonline.page.link/pSk3
Bake Time Plain Cake Box,205,False,215,31,5,Grocery,Snacks,Cakes and Chocolates,,12625683,2026-09-06 17:37:22,True,https://metroonline.page.link/7xsa
Fine Life Pineapple Pieces Heavy Syrup 580ML,353,False,0,0,2,Grocery,Canned Food,Canned Fruits,,12625662,2026-09-06 17:37:22,False,https://metroonline.page.link/ETQG
Lays Yogurt  Herb 26 GM X6,121,False,0,0,5,Grocery,Snacks,Crisps and Popcorn,Crisps,12625658,2026-09-06 17:37:22,False,https://metroonline.page.link/bLdb
Tapal Lemon Grass Teabag 90 Tea Bags,718,False,650,1113,5,Grocery,Tea and Coffee,Tea,,12625656,2026-09-06 17:37:22,True,https://metroonline.page.link/v823
Nestle Everyday Tea Whitener for Mix Chai 230GM,505,False,459,4070,3,Grocery,Tea and Coffee,Coffee and Whiteners,,12625655,2026-09-06 17:37:22,True,https://metroonline.page.link/z4N5
BAKE TIME MARBLE CAKE Rs.40,205,False,182,262,5,Grocery,Snacks,Cakes and Chocolates,,12625652,2026-09-06 17:37:22,True,https://metroonline.page.link/n8Ad
Mezan Hardum Pouch 475GM,861,False,0,0,5,Grocery,Tea and Coffee,Tea,,12625590,2026-09-06 17:37:22,True,https://metroonline.page.link/KHUW
Nescafe Coffee 3 in 1 Box,2100,False,1920,0,3,Grocery,Tea and Coffee,Coffee and Whiteners,,12625577,2026-09-06 17:37:22,True,https://metroonline.page.link/esSY
Tapal Danedar Black Tea 430GM,931,False,850,2682,10,Grocery,Tea and Coffee,Tea,,12625575,2026-09-06 17:37:22,True,https://metroonline.page.link/mfqJ
Fish Cracker 80 GM,125,False,0,949,5,Grocery,Snacks,Crisps and Popcorn,,12625569,2026-09-06 17:37:22,True,https://metroonline.page.link/oiGn
Nescafe Classic Instant Coffee 100GM,2089,False,,4282,4,Grocery,Tea and Coffee,Coffee and Whiteners,,12625514,2026-09-06 17:37:22,True,https://metroonline.page.link/p9Hz
Lipton Yellow Label Black Tea 100 Tea Bags,1176,False,990,40,5,Grocery,Tea and Coffee,Tea,,12625511,2026-09-06 17:37:22,True,https://metroonline.page.link/Eu2a
Kernelpop Popcorn Butter 80 GM,108,False,95,0,5,Grocery,Snacks,Crisps and Popcorn,Popcorn,12625496,2026-09-06 17:37:22,True,https://metroonline.page.link/9bTN
Knorr Noodles Chicken 200GM,185,False,173,3578,10,Grocery,Packaged Food,Noodles and Pasta,,12625477,2026-09-06 17:37:22,True,https://metroonline.page.link/jUUg
Rose Petal Tea 50 GM,415,False,0,-2,3,Grocery,Tea and Coffee,Tea,,12625427,2026-09-06 17:37:22,False,https://metroonline.page.link/SLBN
Licorice Tea 50 GM,299,False,0,-2,3,Grocery,Tea and Coffee,Tea,,12625425,2026-09-06 17:37:22,False,https://metroonline.page.link/g7K8
Flu and Cold Relief Tea 25 GM,399,False,0,-1,3,Grocery,Tea and Coffee,Tea,,12625422,2026-09-06 17:37:22,True,https://metroonline.page.link/WLfN
Lemon Grass Tea 50 GM,299,False,0,0,3,Grocery,Tea and Coffee,Tea,,12625420,2026-09-06 17:37:22,True,https://metroonline.page.link/xCUf
Sea Buckthorn Pulp Tea 50 GM,259,False,0,0,3,Grocery,Tea and Coffee,Tea,,12625417,2026-09-06 17:37:22,False,https://metroonline.page.link/WXv6
Lipton Yellow Label Black Tea 50 Tea Bags,600,False,550,57,5,Grocery,Tea and Coffee,Tea,,12625366,2026-09-06 17:37:22,True,https://metroonline.page.link/5467
Lipton Black Tea Teabag 500Pcs,3940,False,0,841,5,Grocery,Tea and Coffee,Tea,,12625361,2026-09-06 17:37:22,False,https://metroonline.page.link/FJuZ
Mezan Hardum 95GM,179,False,0,0,5,Grocery,Tea and Coffee,Tea,,12625178,2026-09-06 17:37:22,True,https://metroonline.page.link/9zB4
Tez Dum Hard Packs 190 GM,398,False,0,0,5,Grocery,Tea and Coffee,Tea,,12625177,2026-09-06 17:37:22,True,https://metroonline.page.link/EhnN
Ferrero Rocher T16 200 GM Box - Pack of 6,2895,False,0,0,5,Grocery,Snacks,Cakes and Chocolates,,12625128,2026-09-06 17:37:22,False,https://metroonline.page.link/jXtY
Kinder Joy Egg Boy,402,False,0,0,5,Grocery,Snacks,Cakes and Chocolates,,12625126,2026-09-06 17:37:22,False,https://metroonline.page.link/krMU
Kinder Joy Egg Girl 20GM,402,False,0,0,5,Grocery,Snacks,Cakes and Chocolates,,12625125,2026-09-06 17:37:22,False,https://metroonline.page.link/FBVR
Green tea Per KG,3750,False,0,-6,3,Grocery,Tea and Coffee,Tea,,12625022,2026-09-06 17:37:22,False,https://metroonline.page.link/FRnL
Delmonte Black Olives Sliced 235 GM,1099,False,0,0,5,Grocery,Canned Food,Pickles and Olives,,12624919,2026-09-06 17:37:22,False,https://metroonline.page.link/J76g
SMS Mushroom 330 GM,655,False,0,0,5,Grocery,Canned Food,Canned Vegetables,,12624846,2026-09-06 17:37:22,True,https://metroonline.page.link/ezua
Kinder T8 100 GM,643,False,0,0,5,Grocery,Snacks,Cakes and Chocolates,,12624812,2026-09-06 17:37:22,False,https://metroonline.page.link/yF1F
Arbella Elbow Pasta 500 GM,445,False,525,107,5,Grocery,Packaged Food,Noodles and Pasta,,12624728,2026-09-06 17:37:22,True,https://metroonline.page.link/8Nou
Dewdrop Sweet Corn 425GM,280,False,0,120,5,Grocery,Canned Food,Canned Vegetables,,12624667,2026-09-06 17:37:22,True,https://metroonline.page.link/SkKn
Shahi Nimko Mix 100 GM X1,240,False,0,0,5,Grocery,Snacks,Crisps and Popcorn,Crisps,12624596,2026-09-06 17:37:22,True,https://metroonline.page.link/i9Es
Delmonte Black Olives Pitted 235 GM,1099,False,0,0,5,Grocery,Canned Food,Pickles and Olives,,12624475,2026-09-06 17:37:22,False,https://metroonline.page.link/Wvzo
Delmonte Green Olives Sliced 235 GM,1099,False,0,113,5,Grocery,Canned Food,Pickles and Olives,,12624474,2026-09-06 17:37:22,True,https://metroonline.page.link/TzPA
Delmonte Black Olives Pitted 450 GM,1999,False,0,1,5,Grocery,Canned Food,Pickles and Olives,,12624473,2026-09-06 17:37:22,True,https://metroonline.page.link/oBuz
Delmonte Green Olives Stuffed 450 GM,1999,False,0,6,5,Grocery,Canned Food,Pickles and Olives,,12624472,2026-09-06 17:37:22,True,https://metroonline.page.link/tZWr
Delmonte Green Olives Pitted 450 GM,1999,False,0,24,5,Grocery,Canned Food,Pickles and Olives,,12624471,2026-09-06 17:37:22,True,https://metroonline.page.link/cCwQ
Delmonte Green Olives Sliced 450 GM,1999,False,0,19,5,Grocery,Canned Food,Pickles and Olives,,12624470,2026-09-06 17:37:22,True,https://metroonline.page.link/fKV8
Delmonte Green Olives Plain 450 GM,1999,False,0,31,5,Grocery,Canned Food,Pickles and Olives,,12624469,2026-09-06 17:37:22,True,https://metroonline.page.link/wZmK
Tapal Lemon Grass Jar 100 GM,318,False,0,741,5,Grocery,Tea and Coffee,Tea,,12624377,2026-09-06 17:37:22,True,https://metroonline.page.link/7S1K
Coopoliva Black Olives Sliced 450 GM,1299,False,0,72,5,Grocery,Canned Food,Pickles and Olives,,12624294,2026-09-06 17:37:22,True,https://metroonline.page.link/t4us
Coopoliva Green Olives Sliced 450 GM,1299,False,0,50,5,Grocery,Canned Food,Pickles and Olives,,12624293,2026-09-06 17:37:22,True,https://metroonline.page.link/Sg2Z
Nescafe Coffee Gold Blend 100GM,2200,False,0,0,5,Grocery,Tea and Coffee,Coffee and Whiteners,,12624279,2026-09-06 17:37:22,False,https://metroonline.page.link/BFP8
Delmonte Kernel Corn Whole 2400 GM,2999,False,0,10,5,Grocery,Canned Food,Canned Vegetables,,12624204,2026-09-06 17:37:22,True,https://metroonline.page.link/X1xg
 Black Sliced Olives Horeca 3KG,2949,False,0,0,5,Grocery,Canned Food,Pickles and Olives,,12624179,2026-09-06 17:37:22,False,https://metroonline.page.link/3HYK
Jalapeno Slice Pepe 3KG,1780,False,0,0,5,Grocery,Canned Food,Pickles and Olives,,12624177,2026-09-06 17:37:22,True,https://metroonline.page.link/YeEF
Shangrilla Mango Pickle Jar 1KG,599,False,0,24,5,Grocery,Canned Food,Pickles and Olives,,12623808,2026-09-06 17:37:22,True,https://metroonline.page.link/p6Fc
Rafhan Custard Mango 50GM,49,False,36,516,7,Grocery,Desserts,Jellies and Custards,,12623534,2026-09-06 17:37:22,True,https://metroonline.page.link/oQcJ
National Custard Banana 120GM,119,False,0,26,5,Grocery,Desserts,Jellies and Custards,,12623522,2026-09-06 17:37:22,True,https://metroonline.page.link/7TRh
National Hyderbadi Pickle 320GM,291,False,249,57,5,Grocery,Canned Food,Pickles and Olives,,12623491,2026-09-06 17:37:22,True,https://metroonline.page.link/tbbK
National Pickle Mix 320GM,285,False,0,146,5,Grocery,Canned Food,Pickles and Olives,,12623490,2026-09-06 17:37:22,True,https://metroonline.page.link/362y
Tarang Milk 112.5ML X 24,816,False,0,1000000,3,Grocery,Tea and Coffee,Coffee and Whiteners,,12623432,2026-09-06 17:37:22,True,https://metroonline.page.link/d7D8
Saf Instant Yeast 500GM,1349,False,0,0,5,Grocery,Home Baking,Cake Mixes and Baking Add Ons,,12623414,2026-09-06 17:37:22,True,https://metroonline.page.link/r54k
Rossmoor Gelatine Powder 50 GM,259,False,250,227,5,Grocery,Home Baking,Cake Mixes and Baking Add Ons,,12623236,2026-09-06 17:37:22,True,https://metroonline.page.link/agQ8
FINE LIFE GREEN OLIVE STUFFED 365G,729,False,0,0,5,Grocery,Canned Food,Pickles and Olives,,12623186,2026-09-06 17:37:22,False,https://metroonline.page.link/eSHP
OK KARACHI MIX NIMKO 1KG,999,False,899,0,5,Grocery,OK,Crisps and Popcorn,Crisps,12623171,2026-09-06 17:37:22,False,https://metroonline.page.link/bQ2y
Nescafe Coffee Tin 475GM,8000,False,6135,337,5,Grocery,Tea and Coffee,Coffee and Whiteners,,12623133,2026-09-06 17:37:22,True,https://metroonline.page.link/Kp7s
Cadbury Dairy Milk Bubbly ,118,False,,548,5,Grocery,Snacks,Cakes and Chocolates,,12623069,2026-09-06 17:37:22,True,https://metroonline.page.link/oqKv
Rafhan Custard Vanilla 50 GM,49,False,0,454,7,Grocery,Desserts,Jellies and Custards,,12623054,2026-09-06 17:37:22,True,https://metroonline.page.link/cajv
National Jelly Banana 80 GM,169,False,0,0,5,Grocery,Desserts,Jellies and Custards,,12623052,2026-09-06 17:37:22,True,https://metroonline.page.link/zkhz
National Custard Mango 120GM,119,False,0,4,5,Grocery,Desserts,Jellies and Custards,,12623006,2026-09-06 17:37:22,True,https://metroonline.page.link/6pDk
Cadbury Dairy Milk 90 GM,448,False,398,29,5,Grocery,Snacks,Cakes and Chocolates,,12622971,2026-09-06 17:37:22,True,https://metroonline.page.link/kBdt
Rossmoor Cocoa Powder 200GM,899,False,0,213,5,Grocery,Home Baking,Cake Mixes and Baking Add Ons,,12622965,2026-09-06 17:37:22,True,https://metroonline.page.link/t5Y8
Laziza Gulab Jaman Mix 85GM,239,False,215,198,5,Grocery,Desserts,Traditional Mixes,,12622910,2026-09-06 17:37:22,True,https://metroonline.page.link/EvUz
Delmonte Kernel Corn Whole 410 GM,669,False,559,140,5,Grocery,Canned Food,Canned Vegetables,,12622904,2026-09-06 17:37:22,True,https://metroonline.page.link/KYF3
Mehran Kheer Mix Pistachio 155GM,129,False,0,7,5,Grocery,Desserts,Traditional Mixes,,12622869,2026-09-06 17:37:22,True,https://metroonline.page.link/BrfT
National Kheer Mix 155 GM,169,False,0,2,5,Grocery,Desserts,Traditional Mixes,,12622868,2026-09-06 17:37:22,True,https://metroonline.page.link/B8H9
Crispo Spaghetti 900 GM,429,False,0,459,5,Grocery,Packaged Food,Noodles and Pasta,,12622864,2026-09-06 17:37:22,True,https://metroonline.page.link/SWXQ
Mitchells Jubilee Chocolate 40GM,24,False,0,0,5,Grocery,Snacks,Cakes and Chocolates,,12622850,2026-09-06 17:37:22,False,https://metroonline.page.link/5Aqy
Tapal Envelope Tea Bags 200 GM,998,False,865,76,5,Grocery,Tea and Coffee,Tea,,12622815,2026-09-06 17:37:22,True,https://metroonline.page.link/zWSr
Lays Potato Crisps Salted 29GM,19,False,18,0,5,Grocery,Snacks,Crisps and Popcorn,Crisps,12622813,2026-09-06 17:37:22,False,https://metroonline.page.link/mbvc
Tarang Tea Whitener 200ML,50,False,0,318,12,Grocery,Tea and Coffee,Coffee and Whiteners,,12622806,2026-09-06 17:37:22,True,https://metroonline.page.link/MzsK
Ok Daal Moong Fry 500GM,650,False,0,93,5,Grocery,OK,Crisps and Popcorn,Crisps,12622771,2026-09-06 17:37:22,True,https://metroonline.page.link/ihjF
Mehran Kheer Zafrani 155 GM,135,False,0,0,5,Grocery,Desserts,Traditional Mixes,,12622756,2026-09-06 17:37:22,True,https://metroonline.page.link/nkzn
Laziza Firni Khas Kewra 150GM,165,False,149,1181,5,Grocery,Desserts,Traditional Mixes,,12622749,2026-09-06 17:37:22,True,https://metroonline.page.link/N1FE
Ok Chana Mix Nimko 500GM,525,False,0,96,5,Grocery,OK,Crisps and Popcorn,Crisps,12622718,2026-09-06 17:37:22,True,https://metroonline.page.link/Ksho
Shezan Fruit Salad 850GM,525,False,0,0,5,Grocery,Canned Food,Canned Fruits,,12622712,2026-09-06 17:37:22,True,https://metroonline.page.link/2V5M
FINE LIFE GREEN OLIVE PLAIN 365G,615,False,530,0,5,Grocery,Canned Food,Pickles and Olives,,12622692,2026-09-06 17:37:22,False,https://metroonline.page.link/FTxW
Lahori Mixture 100 GM,165,False,0,0,5,Grocery,Snacks,Crisps and Popcorn,Crisps,12622616,2026-09-06 17:37:22,True,https://metroonline.page.link/vuNG
Shangrila Mixed Pickle 400 GM,239,False,240,132,5,Grocery,Canned Food,Pickles and Olives,,12622600,2026-09-06 17:37:22,True,https://metroonline.page.link/Cmwc
Arbella Farfelle 500 GM,445,False,525,114,5,Grocery,Packaged Food,Noodles and Pasta,,12622597,2026-09-06 17:37:22,True,https://metroonline.page.link/LPYC
Dewdrop Mushroom 400 GM,449,False,0,182,5,Grocery,Canned Food,Canned Vegetables,,12622543,2026-09-06 17:37:22,True,https://metroonline.page.link/4HnQ
FINE LIFE BLACK OLIVE PLAIN 365G,565,False,500,0,5,Grocery,Canned Food,Pickles and Olives,,12622536,2026-09-06 17:37:22,False,https://metroonline.page.link/V1tT
Lays Potato Crisps French Cheese 29GM,19,False,0,0,5,Grocery,Snacks,Crisps and Popcorn,Crisps,12622517,2026-09-06 17:37:22,False,https://metroonline.page.link/Namu
Mehran Sheer Khurma 155 GM,175,False,0,186,5,Grocery,Desserts,Traditional Mixes,,12622511,2026-09-06 17:37:22,True,https://metroonline.page.link/jaFV
Laziza Kheer Mix Economy Pack 310GM,319,False,253,245,5,Grocery,Desserts,Traditional Mixes,,12622478,2026-09-06 17:37:22,True,https://metroonline.page.link/SiYq
LAZIZA KHEER MIX PSTCH 155G,165,False,149,1336,5,Grocery,Desserts,Traditional Mixes,,12622402,2026-09-06 17:37:22,True,https://metroonline.page.link/5qwM
Laziza Rabri Falooda Mix 200GM,229,False,0,125,5,Grocery,Desserts,Traditional Mixes,,12622383,2026-09-06 17:37:22,True,https://metroonline.page.link/BY9A
Kolson Snackers Crisps Pizza X 12,228,False,0,0,5,Grocery,Snacks,Crisps and Popcorn,Crisps,12622371,2026-09-06 17:37:22,False,https://metroonline.page.link/F3cA
Kolson Snackers Crisps French Cheese X 12,119,False,0,0,5,Grocery,Snacks,Crisps and Popcorn,Crisps,12622370,2026-09-06 17:37:22,False,https://metroonline.page.link/SarF
Ok Masoori Nimko 500GM,499,False,0,0,5,Grocery,OK,Crisps and Popcorn,Crisps,12622355,2026-09-06 17:37:22,True,https://metroonline.page.link/rLr7
National Pickle Hyderabadi Jar 1 KG,710,False,0,23,2,Grocery,Canned Food,Pickles and Olives,,12622342,2026-09-06 17:37:22,True,https://metroonline.page.link/MNNn
Shangrila Mixed Pickle Jar 1 KG,601,False,0,768,5,Grocery,Canned Food,Pickles and Olives,,12622341,2026-09-06 17:37:22,True,https://metroonline.page.link/YhYR
Tapal Green Teabag Mint 30 P,248,False,225,1857,5,Grocery,Tea and Coffee,Tea,,12622302,2026-09-06 17:37:22,True,https://metroonline.page.link/qH7N
KERNLPOP 12 IN 1 Cheese 90gm,170,False,160,16,5,Grocery,Snacks,Crisps and Popcorn,Popcorn,12622252,2026-09-06 17:37:22,True,https://metroonline.page.link/nCKj
Tapal Green Tea Bags Elaichi 30Pcs,248,False,0,92,5,Grocery,Tea and Coffee,Tea,,12622244,2026-09-06 17:37:22,True,https://metroonline.page.link/xKPM
Everyday Box 4G X112,1638,False,0,382,3,Grocery,Tea and Coffee,Coffee and Whiteners,,12622221,2026-09-06 17:37:22,True,https://metroonline.page.link/3DUp
National Pickle Mango Jar 1 KG,649,False,539,71,5,Grocery,Canned Food,Pickles and Olives,,12622205,2026-09-06 17:37:22,True,https://metroonline.page.link/7oDN
Tapal Tea Family Mixture Hard Pack 80GM,198,False,0,230,5,Grocery,Tea and Coffee,Tea,,12622152,2026-09-06 17:37:22,True,https://metroonline.page.link/R6pd
Laziza Standard Rasmalai Mix 75GM,239,False,215,212,5,Grocery,Desserts,Traditional Mixes,,12622140,2026-09-06 17:37:22,True,https://metroonline.page.link/8b1h
Tapal Danedar Black Tea Leaves Teabag 25 PCS,248,False,0,0,5,Grocery,Tea and Coffee,Tea,,12622102,2026-09-06 17:37:22,True,https://metroonline.page.link/PYjU
Nescafe Coffee Gold Blend 50GM,1380,False,1375,771,5,Grocery,Tea and Coffee,Coffee and Whiteners,,12622084,2026-09-06 17:37:22,False,https://metroonline.page.link/p1KZ
Mong Papad 100 GM,155,False,0,527,5,Grocery,Snacks,Crisps and Popcorn,Crisps,12622064,2026-09-06 17:37:22,True,https://metroonline.page.link/VDjE
KernelPops Cheese Popcorn 3in1 80GM,486,False,440,23,15,Grocery,Snacks,Crisps and Popcorn,Popcorn,12622036,2026-09-06 17:37:22,True,https://metroonline.page.link/am7e
Mash Papad 100 GM,155,False,0,366,5,Grocery,Snacks,Crisps and Popcorn,Crisps,12622014,2026-09-06 17:37:22,True,https://metroonline.page.link/jrYv
Laziza Kheer Mix Almond 155GM,165,False,131,575,5,Grocery,Desserts,Traditional Mixes,,12622011,2026-09-06 17:37:22,True,https://metroonline.page.link/xGTj
Mitchells Jubilee Chocolate Bar 10GM,364,False,0,0,5,Grocery,Snacks,Cakes and Chocolates,,12621989,2026-09-06 17:37:22,False,https://metroonline.page.link/dpL4
National Jelly Strawberry 80 GM,169,False,0,0,5,Grocery,Desserts,Jellies and Custards,,12621978,2026-09-06 17:37:22,True,https://metroonline.page.link/qzji
Laziza Kheer Mix Standard 155GM,165,False,131,1024,2,Grocery,Desserts,Traditional Mixes,,12621976,2026-09-06 17:37:22,True,https://metroonline.page.link/QZML
Lays Potato Crisps Masala 29GM,19,False,18,0,5,Grocery,Snacks,Crisps and Popcorn,Crisps,12621941,2026-09-06 17:37:22,False,https://metroonline.page.link/Y2Py
Tapal Tez Dum Black Tea Leaves Pouch Pack 430 GM,948,False,0,109,5,Grocery,Tea and Coffee,Tea,,12621925,2026-09-06 17:37:22,True,https://metroonline.page.link/cMQv
Tapal Black Tea Teabags 200 GM,998,False,880,559,5,Grocery,Tea and Coffee,Tea,,12621916,2026-09-06 17:37:22,True,https://metroonline.page.link/NM5s
Laziza Sheer Khurma 160GM,239,False,191,797,5,Grocery,Desserts,Traditional Mixes,,12621909,2026-09-06 17:37:22,True,https://metroonline.page.link/QDjZ
Tapal Green Teabag Jasmine 30 Pcs,248,False,0,1544,5,Grocery,Tea and Coffee,Tea,,12621902,2026-09-06 17:37:22,True,https://metroonline.page.link/CvLq
Tapal Tez Dum Black Tea Leaves Hard Pack 95 GM,198,False,160,255,5,Grocery,Tea and Coffee,Tea,,12621881,2026-09-06 17:37:22,True,https://metroonline.page.link/AiGZ
Everyday Tea Whitener 180ML,59,False,0,0,12,Grocery,Tea and Coffee,Coffee and Whiteners,,12621866,2026-09-06 17:37:22,False,https://metroonline.page.link/R1r5
Nimko Mix 100 GM,110,False,0,0,5,Grocery,Snacks,Crisps and Popcorn,Crisps,12621846,2026-09-06 17:37:22,True,https://metroonline.page.link/Jr2e
Rossmore Cocoa Powder 100 GM,449,False,290,328,5,Grocery,Home Baking,Cake Mixes and Baking Add Ons,,12621844,2026-09-06 17:37:22,True,https://metroonline.page.link/Ab3j
Crispo Macaroni 400GM,199,False,0,372,2,Grocery,Packaged Food,Noodles and Pasta,,12621792,2026-09-06 17:37:22,True,https://metroonline.page.link/L1z2
Arbella Macaroni Rigate 500GM,445,False,399,0,5,Grocery,Packaged Food,Noodles and Pasta,,12621782,2026-09-06 17:37:22,True,https://metroonline.page.link/XKiM
Mehran Kheer Mix 155 GM,129,False,0,324,5,Grocery,Desserts,Traditional Mixes,,12621760,2026-09-06 17:37:22,True,https://metroonline.page.link/SXdf
Crispo Macaroni Shell 400GM,200,True,173,529,5,Grocery,Packaged Food,Noodles and Pasta,,12621730,2026-09-06 17:37:22,True,https://metroonline.page.link/ph3H
Lays French Cheese 30GM,45,False,45,3,5,Grocery,Snacks,Crisps and Popcorn,Crisps,9999840,2026-09-06 17:37:22,True,https://metroonline.page.link/mBRw
Mehran Firni Mix 180GM,129,False,0,78,5,Grocery,Desserts,Traditional Mixes,,12621714,2026-09-06 17:37:22,True,https://metroonline.page.link/d3nY
BrookeBond Supreme Black Tea Leaves 13 GM,30,False,0,0,5,Grocery,Tea and Coffee,Tea,,12621666,2026-09-06 17:37:22,True,https://metroonline.page.link/21An
Kolson Snackers Crisps Hot Masala ,228,False,0,0,5,Grocery,Snacks,Crisps and Popcorn,Crisps,12621624,2026-09-06 17:37:22,False,https://metroonline.page.link/Te9v
Laziza Rasmalai Mix Pista 75 GM,239,False,179,595,5,Grocery,Desserts,Traditional Mixes,,12621604,2026-09-06 17:37:22,True,https://metroonline.page.link/2sEM
Delmonte Fruit Cocktail 430GM,949,False,0,149,5,Grocery,Canned Food,Canned Fruits,,12621565,2026-09-06 17:37:22,True,https://metroonline.page.link/Ea3d
Kernelpops Popcorns Natural 45GM ,45,False,0,0,5,Grocery,Snacks,Crisps and Popcorn,Popcorn,12621529,2026-09-06 17:37:22,False,https://metroonline.page.link/TSKF
Arbella Elbow Pasta 500 GM,445,False,460,369,5,Grocery,Packaged Food,Noodles and Pasta,,12621523,2026-09-06 17:37:22,True,https://metroonline.page.link/nKtS
Lipton Yellow Label Black Tea Teabags 300P,2499,False,0,0,5,Grocery,Tea and Coffee,Tea,,12621514,2026-09-06 17:37:22,False,https://metroonline.page.link/cErP
Tapal Tea Family Mixture Hard Pack 170 GM,398,False,0,0,5,Grocery,Tea and Coffee,Tea,,12621497,2026-09-06 17:37:22,True,https://metroonline.page.link/Ngqr
Rafhan Banana Custard 275GM,219,False,199,1203,10,Grocery,Desserts,Jellies and Custards,,9999895,2026-09-06 17:37:22,True,https://metroonline.page.link/a7mJ
Delmonte Pineapple Tidbits 567GM,974,False,819,174,5,Grocery,Canned Food,Canned Fruits,,12621463,2026-09-06 17:37:22,True,https://metroonline.page.link/yiGE
Crispo Macaroni Twist 400 GM,199,False,149,343,5,Grocery,Packaged Food,Noodles and Pasta,,12621455,2026-09-06 17:37:22,True,https://metroonline.page.link/4AuP
Ok Lahori Super Nimko 1KG,1022,False,0,87,5,Grocery,OK,Crisps and Popcorn,Crisps,12621448,2026-09-06 17:37:22,True,https://metroonline.page.link/K8Cw
Sooper Plain Biscuit Half Roll Box,392,False,309,-2,5,Grocery,Snacks,Biscuits And Wafers,Biscuits and Cookies,12621413,2026-09-06 17:37:22,True,https://metroonline.page.link/PDBc
Delmonte Pineapple  Sliced 567GM,1014,False,829,197,5,Grocery,Canned Food,Canned Fruits,,12621385,2026-09-06 17:37:22,True,https://metroonline.page.link/ZsnM
Cadbury Dairy Milk Bubbly 20GM (Box),2878,False,0,-1,5,Grocery,Snacks,Cakes and Chocolates,,12621346,2026-09-06 17:37:22,True,https://metroonline.page.link/QakK
OK DAHI PAKORIYAN 200G,225,False,0,0,5,Grocery,OK,Crisps and Popcorn,Crisps,12621344,2026-09-06 17:37:22,False,https://metroonline.page.link/BuUa
Kernelpops Natural Popcorn 100GM Pack,170,False,150,0,5,Grocery,Snacks,Crisps and Popcorn,Popcorn,12621340,2026-09-06 17:37:22,True,https://metroonline.page.link/kmfA
Cadbury Dairy Milk 52GM,248,False,225,64,10,Grocery,Snacks,Cakes and Chocolates,,12621320,2026-09-06 17:37:22,True,https://metroonline.page.link/Aqpp
Lipton Green Tea Pure Classic 25 Tea Bags,275,False,,0,5,Grocery,Tea and Coffee,Tea,,12621308,2026-09-06 17:37:22,True,https://metroonline.page.link/xMUn
KernelPop Butter Popcorn 3in1 80GM,486,False,440,10,15,Grocery,Snacks,Crisps and Popcorn,Popcorn,12621291,2026-09-06 17:37:22,True,https://metroonline.page.link/pjbw
Tapal Black Tea Leaves Family Mixture 450 GM,948,False,0,71,5,Grocery,Tea and Coffee,Tea,,12621287,2026-09-06 17:37:22,True,https://metroonline.page.link/2Wpu
Ok Super Nimko 200GM,225,False,0,104,5,Grocery,OK,Crisps and Popcorn,Crisps,12621286,2026-09-06 17:37:22,True,https://metroonline.page.link/ysAU
Rossmoor Instant Yeast 33 GM,125,False,115,349,5,Grocery,Home Baking,Cake Mixes and Baking Add Ons,,12621273,2026-09-06 17:37:22,True,https://metroonline.page.link/w1er
Sooper Plain Biscuit Ticky Pack,239,False,225,0,5,Grocery,Snacks,Biscuits And Wafers,Biscuits and Cookies,12621262,2026-09-06 17:37:22,False,https://metroonline.page.link/BsRC
Crispo Macaroni Riggi 400 GM,199,False,150,508,5,Grocery,Packaged Food,Noodles and Pasta,,12621258,2026-09-06 17:37:22,True,https://metroonline.page.link/R3Wk
Rafhan Strawberry Custard 275GM,219,False,199,1619,10,Grocery,Desserts,Jellies and Custards,,9999935,2026-09-06 17:37:22,True,https://metroonline.page.link/ckWc
KernelPop Natural Popcorn 3in1 80GM,486,False,440,5,15,Grocery,Snacks,Crisps and Popcorn,Popcorn,12621253,2026-09-06 17:37:22,True,https://metroonline.page.link/5Kux
Snack City Mirch Masala 78GM,49,False,0,0,5,Grocery,Snacks,Crisps and Popcorn,Crisps,12621178,2026-09-06 17:37:22,False,https://metroonline.page.link/1oXj
Lays Masala 30GM,48,False,45,34,5,Grocery,Snacks,Crisps and Popcorn,Crisps,9999932,2026-09-06 17:37:22,True,https://metroonline.page.link/GBHV
BrookeBond Supreme Black Tea 160GM,374,False,0,1763,5,Grocery,Tea and Coffee,Tea,,12621138,2026-09-06 17:37:22,True,https://metroonline.page.link/wTZK
Rafhan Egg Mix Pudding 80 GM,190,False,0,453,10,Grocery,Desserts,Jellies and Custards,,12621133,2026-09-06 17:37:22,True,https://metroonline.page.link/zQqP
Tapal Black Tea Leaves Family Mixture 900 GM,1848,False,0,64,5,Grocery,Tea and Coffee,Tea,,12621130,2026-09-06 17:37:22,True,https://metroonline.page.link/rEts
Crispo Curl Macroni 400 GM,199,False,0,283,5,Grocery,Packaged Food,Noodles and Pasta,,12621122,2026-09-06 17:37:22,True,https://metroonline.page.link/sWnZ
Chiili Milli Jelly 24 PCS,186,False,0,0,5,Grocery,Snacks,Jellies and Marshmallows,,12621076,2026-09-06 17:37:22,False,https://metroonline.page.link/pBTd
Rossmoor Baking Powder 100 GM,159,False,0,245,5,Grocery,Desserts,Jellies and Custards,,12621073,2026-09-06 17:37:22,True,https://metroonline.page.link/KJ6D
National Mixed Pickle Jar 900GM,607,False,495,293,2,Grocery,Canned Food,Pickles and Olives,,12621066,2026-09-06 17:37:22,True,https://metroonline.page.link/T6RT
Tapal Green Tea Lemon Teabags 30pcs,248,False,225,1408,5,Grocery,Tea and Coffee,Tea,,12621048,2026-09-06 17:37:22,True,https://metroonline.page.link/XibB
Lays Wavy Bbq 30GM,45,False,45,116,5,Grocery,Snacks,Crisps and Popcorn,Crisps,9999830,2026-09-06 17:37:22,True,https://metroonline.page.link/VsU1
Snackcity Ketchup 78G,49,False,0,0,5,Grocery,Snacks,Crisps and Popcorn,Crisps,12621026,2026-09-06 17:37:22,False,https://metroonline.page.link/HVUM
Danedar Black Tea Leaves 85 GM,196,False,178,1205,5,Grocery,Tea and Coffee,Tea,,12621018,2026-09-06 17:37:22,True,https://metroonline.page.link/5rdf
Ok Potato Stick Spicy 180GM,230,False,0,107,5,Grocery,OK,Crisps and Popcorn,Crisps,12620997,2026-09-06 17:37:22,True,https://metroonline.page.link/WAia
Lays Salt 30GM,45,False,45,0,5,Grocery,Snacks,Crisps and Popcorn,Crisps,9999955,2026-09-06 17:37:22,True,https://metroonline.page.link/JHCW
Zarda Colour 100 GM,265,False,0,0,5,Grocery,Home Baking,Cake Mixes and Baking Add Ons,,12620907,2026-09-06 17:37:22,True,https://metroonline.page.link/giym
Lipton Yellow Label Black Tea 70GM,208,False,0,134,5,Grocery,Tea and Coffee,Tea,,12620859,2026-09-06 17:37:22,False,https://metroonline.page.link/ERTV
Ok Daal Mooth Nimko 200GM,215,False,0,114,5,Grocery,OK,Crisps and Popcorn,Crisps,12620841,2026-09-06 17:37:22,True,https://metroonline.page.link/yxYX
Lays Masala 12GM X6,120,False,115,0,5,Grocery,Snacks,Crisps and Popcorn,Crisps,12620830,2026-09-06 17:37:22,True,https://metroonline.page.link/uTY3
Cheetos Ketchup 28GM,19,False,17,0,5,Grocery,Snacks,Crisps and Popcorn,Crisps,12620823,2026-09-06 17:37:22,True,https://metroonline.page.link/jNJs
Chicken Papad 80 GM,145,False,0,833,2,Grocery,Snacks,Crisps and Popcorn,Crisps,12620815,2026-09-06 17:37:22,True,https://metroonline.page.link/6eBg
Ok Karachi Mix Nimco 500GM,555,False,479,96,5,Grocery,OK,Crisps and Popcorn,Crisps,12620789,2026-09-06 17:37:22,True,https://metroonline.page.link/fffc
Ok Karachi Nimko 200GM,235,False,0,105,5,Grocery,OK,Crisps and Popcorn,Crisps,12620743,2026-09-06 17:37:22,True,https://metroonline.page.link/ngmp
Candyland ABC Jelly Pack,186,False,0,0,5,Grocery,Snacks,Jellies and Marshmallows,,12620731,2026-09-06 17:37:22,False,https://metroonline.page.link/fKdm
Ok Pakori 1KG,979,False,909,19,5,Grocery,OK,Crisps and Popcorn,Crisps,12620726,2026-09-06 17:37:22,True,https://metroonline.page.link/zffv
Rafhan Mango Custard 275GM,219,False,199,1744,10,Grocery,Desserts,Jellies and Custards,,9999951,2026-09-06 17:37:22,True,https://metroonline.page.link/a8pN
Bounty Chocolate 57GM,274,False,0,0,5,Grocery,Snacks,Cakes and Chocolates,,12620655,2026-09-06 17:37:22,False,https://metroonline.page.link/nvFy
Rafhan Vanilla Custard 275GM,219,False,199,463,10,Grocery,Desserts,Jellies and Custards,,9999928,2026-09-06 17:37:22,True,https://metroonline.page.link/EwSD
Kurkure Red Chilli 58GM,58,False,55,484,5,Grocery,Snacks,Crisps and Popcorn,Crisps,12620625,2026-09-06 17:37:22,True,https://metroonline.page.link/L9Qa
Crispo Elbow Macaroni 400G,200,True,173,550,2,Grocery,Packaged Food,Noodles and Pasta,,12620623,2026-09-06 17:37:22,True,https://metroonline.page.link/ocww
Lays French Cheese 11GM X6,120,False,115,1,5,Grocery,Snacks,Crisps and Popcorn,Crisps,12620620,2026-09-06 17:37:22,True,https://metroonline.page.link/uf5L
Arbella Spaghetti 500 GM,445,True,405,335,5,Grocery,Packaged Food,Noodles and Pasta,,12620608,2026-09-06 17:37:22,True,https://metroonline.page.link/6V1w
Ok Dahi Boondi 1KG,979,False,909,24,5,Grocery,OK,Crisps and Popcorn,Crisps,12620594,2026-09-06 17:37:22,True,https://metroonline.page.link/3zND
Lipton Green Tea Lemon and Honey 25 Tea Bags,299,False,270,0,5,Grocery,Tea and Coffee,Tea,,12620557,2026-09-06 17:37:22,False,https://metroonline.page.link/wtzE
Cadbury Perk 5.9 GM X24,120,False,0,0,5,Grocery,Snacks,Cakes and Chocolates,,12620556,2026-09-06 17:37:22,False,https://metroonline.page.link/zngy
Rafhan Jelly Mango 80 GM ,190,False,165,926,7,Grocery,Desserts,Jellies and Custards,,12620553,2026-09-06 17:37:22,True,https://metroonline.page.link/WgL7
Mars Chocolate 51 GM,274,False,0,0,5,Grocery,Snacks,Cakes and Chocolates,,12620548,2026-09-06 17:37:22,False,https://metroonline.page.link/entL
Ok Daal Moong Fry 180GM,265,False,0,109,5,Grocery,OK,Crisps and Popcorn,Crisps,12620535,2026-09-06 17:37:22,True,https://metroonline.page.link/bgSn
Tapal Danedar Hard Pack 190GM,392,False,363,453,5,Grocery,Tea and Coffee,Tea,,12620409,2026-09-06 17:37:22,True,https://metroonline.page.link/95ty
Ok Pakori 500GM,499,False,459,104,5,Grocery,OK,Crisps and Popcorn,Crisps,12620388,2026-09-06 17:37:22,True,https://metroonline.page.link/hcg6
Crispo Spaghetti 500 GM,255,False,0,367,5,Grocery,Packaged Food,Noodles and Pasta,,12620383,2026-09-06 17:37:22,True,https://metroonline.page.link/Detn
Rafhan Jelly Banana 80 GM,190,False,165,1894,10,Grocery,Desserts,Jellies and Custards,,12620372,2026-09-06 17:37:22,True,https://metroonline.page.link/ao1n
Ok Dahi Boondi 500GM,499,False,459,2116,5,Grocery,OK,Crisps and Popcorn,Crisps,12620369,2026-09-06 17:37:22,True,https://metroonline.page.link/a1rb
Lays Masala 45GM,68,False,65,10,5,Grocery,Snacks,Crisps and Popcorn,Crisps,12620368,2026-09-06 17:37:22,True,https://metroonline.page.link/fMii
Kurkure Chutney Chaska 58GM,58,False,55,1055,5,Grocery,Snacks,Crisps and Popcorn,Crisps,12620366,2026-09-06 17:37:22,True,https://metroonline.page.link/PXG7
Lays Masala 150GM,99,False,0,0,5,Grocery,Snacks,Crisps and Popcorn,Crisps,12620353,2026-09-06 17:37:22,False,https://metroonline.page.link/9xba
BrookeBond Supreme Black Tea 900GM,1768,False,1571,13,5,Grocery,Tea and Coffee,Tea,,12620322,2026-09-06 17:37:22,True,https://metroonline.page.link/bkj9
Lays Salted 26GM X6,120,False,112,26,5,Grocery,Snacks,Crisps and Popcorn,Crisps,12620308,2026-09-06 17:37:22,True,https://metroonline.page.link/jb4H
Lipton Yellow Label Black Tea Danedar Jar 475GM,1465,False,1363,350,5,Grocery,Tea and Coffee,Tea,,12620298,2026-09-06 17:37:22,True,https://metroonline.page.link/WnXA
Nescafe Classic Instant Coffee 50GM,1099,False,,2124,4,Grocery,Tea and Coffee,Coffee and Whiteners,,12620291,2026-09-06 17:37:22,True,https://metroonline.page.link/7ebo
BrookeBond Supreme Black Tea 430GM,884,False,791,0,5,Grocery,Tea and Coffee,Tea,,12620276,2026-09-06 17:37:22,True,https://metroonline.page.link/dGDh
Rafhan Jelly Strawberry 80 GM,187,False,170,346,10,Grocery,Desserts,Jellies and Custards,,12620272,2026-09-06 17:37:22,True,https://metroonline.page.link/FQBu
National Vermicelli 120GM,76,False,68,4549,5,Grocery,Packaged Food,Noodles and Pasta,,12620229,2026-09-06 17:37:22,True,https://metroonline.page.link/taJb
Lipton Black Tea 140GM,385,False,385,0,5,Grocery,Tea and Coffee,Tea,,12620222,2026-09-06 17:37:22,False,https://metroonline.page.link/kAvX
Lays Salted 150 GM,101,False,0,0,5,Grocery,Snacks,Crisps and Popcorn,Crisps,12620200,2026-09-06 17:37:22,False,https://metroonline.page.link/n1uL
Lays Wavy BBQ 45GM,66,False,57,0,5,Grocery,Snacks,Crisps and Popcorn,Crisps,12620173,2026-09-06 17:37:22,True,https://metroonline.page.link/1ru7
Nestle Kitkat 4 Finger ,179,False,0,0,5,Grocery,Snacks,Cakes and Chocolates,,12620159,2026-09-06 17:37:22,False,https://metroonline.page.link/3Z5o
Lays Salted 45GM,66,False,65,4,5,Grocery,Snacks,Crisps and Popcorn,Crisps,12620144,2026-09-06 17:37:22,True,https://metroonline.page.link/g3aD
Lays French Cheese 45GM,66,False,65,1,5,Grocery,Snacks,Crisps and Popcorn,Crisps,12620087,2026-09-06 17:37:22,True,https://metroonline.page.link/sp6v
LIPTON BLACK TEA LEAF 900G,1999,True,1800,24,5,Grocery,Tea and Coffee,Tea,,9999804,2026-09-06 17:37:22,True,https://metroonline.page.link/BLHH
Lipton Yellow Label Black Tea 430GM,1155,False,1037,0,5,Grocery,Tea and Coffee,Tea,,12620044,2026-09-06 17:37:22,False,https://metroonline.page.link/zF24
Knorr Noodles Tikka 61GM,77,False,75,0,5,Grocery,Packaged Food,Noodles and Pasta,,22000119,2026-09-06 17:37:22,False,https://metroonline.page.link/nZhR
Kernelpop 3IN1 English Butter 100G,486,False,440,45,5,Grocery,Snacks,Crisps and Popcorn,,22000116,2026-09-06 17:37:22,True,https://metroonline.page.link/mjKy
Lipton Green Tea Mixed Berries 25 Tea Bags,299,False,270,0,5,Grocery,Tea and Coffee,Tea,,65482937,2026-09-06 17:37:22,False,https://metroonline.page.link/MuqG
"Lipton Green Tea (Pack of 3) - Berries, Lemon and Honey ",750,False,0,50,2,Grocery,Tea and Coffee,Tea,,29384751,2026-09-06 17:37:22,False,https://metroonline.page.link/F3a3
Walnut Without Shell 250GM,1035,False,0,0,3,Grocery,Packaged Food,,,12640876,2026-09-06 17:37:22,False,https://metroonline.page.link/Uc5j
Zeera Plus Biscuits Half Roll ,234,False,225,0,5,Grocery,Snacks,Biscuits And Wafers,Biscuits and Cookies,47154048,2026-09-06 17:37:22,False,https://metroonline.page.link/1HtY
Kolson Spaghetti 450GM,220,False,165,0,10,Grocery,Packaged Food,Noodles and Pasta,,18541543,2026-09-06 17:37:22,False,https://metroonline.page.link/vPY3
Supreme Danedar Tea 85GM,199,False,0,132,5,Grocery,Tea and Coffee,Tea,,36901693,2026-09-06 17:37:22,False,https://metroonline.page.link/ybJQ
Supreme Danedar Tea 170GM,374,False,398,0,5,Grocery,Tea and Coffee,Tea,,37180781,2026-09-06 17:37:22,False,https://metroonline.page.link/cgv4
Supreme Danedar Tea 430GM,899,False,828,0,5,Grocery,Tea and Coffee,Tea,,37276860,2026-09-06 17:37:22,False,https://metroonline.page.link/3sxA
Chocolatto Chocolate Snack Pack Box,239,False,225,0,7,Grocery,Snacks,Biscuits And Wafers,Biscuits and Cookies,37792627,2026-09-06 17:37:22,False,https://metroonline.page.link/8oxX
Natural Popcorn 200GM ,200,False,175,6,5,Grocery,Snacks,Crisps and Popcorn,Popcorn,12622834,2026-09-06 17:37:22,True,https://metroonline.page.link/uD99
Kernelpop Popcorn Caramel Coat,119,False,100,61,2,Grocery,Snacks,Crisps and Popcorn,Popcorn,71776547,2026-09-06 17:37:22,True,https://metroonline.page.link/QYpG
Lipton Danedar Tea 480GM,895,False,1116,299,5,Grocery,Tea and Coffee,Tea,,61570724,2026-09-06 17:37:22,False,https://metroonline.page.link/Seh1
Lipton Danedar Tea 800GM,2198,False,2132,0,5,Grocery,Tea and Coffee,Tea,,61741638,2026-09-06 17:37:22,False,https://metroonline.page.link/i2of
Lipton 50 Tea Bags + Nestle Everyday 230GM,1050,False,950,100,2,Grocery,Tea and Coffee,Tea,,66052110,2026-09-06 17:37:22,False,https://metroonline.page.link/JNKt
Lipton 430GM + Nestle Everyday 350GM,1880,False,1699,15,2,Grocery,Tea and Coffee,Tea,,66052113,2026-09-06 17:37:22,False,https://metroonline.page.link/qQ5m
Knorr Noodles Chatpatta 244GM CP,255,False,0,0,5,Grocery,Packaged Food,Noodles and Pasta,,56286281,2026-09-06 17:37:22,False,https://metroonline.page.link/mjqr
Knorr Noodles Chatpatta 366GM CP,375,False,0,0,5,Grocery,Packaged Food,Noodles and Pasta,,28330039,2026-09-06 17:37:22,False,https://metroonline.page.link/Kw3T
Knorr Noodles Chicken 122G CP,139,False,0,0,5,Grocery,Packaged Food,Noodles and Pasta,,67199217,2026-09-06 17:37:22,False,https://metroonline.page.link/2KnY
Lipton Cardamom Tea Premix 700GM,1674,False,,0,5,Grocery,Tea and Coffee,Tea,,78868113,2026-09-06 17:37:22,False,https://metroonline.page.link/T8iF
Lipton Teabags 500 Pcs,3599,False,3240,0,5,Grocery,Tea and Coffee,Tea,,79250126,2026-09-06 17:37:22,True,https://metroonline.page.link/Z88L
Lipton Yellow Label Tea 12GM,50,False,0,102,5,Grocery,Tea and Coffee,Tea,,79621082,2026-09-06 17:37:22,True,https://metroonline.page.link/XM9L
Lipton Yellow Label Danedar Tea 280GM 	,998,False,899,0,5,Grocery,Tea and Coffee,Tea,,80438855,2026-09-06 17:37:22,False,https://metroonline.page.link/bBdW
Supreme Brooke Bond Mix Tea 430GM,899,False,865,0,5,Grocery,Tea and Coffee,Tea,,80604635,2026-09-06 17:37:22,False,https://metroonline.page.link/arzS
You Milk Chocolate Rs.30 (1x18),538,False,475,-3,5,Grocery,Snacks,Cakes and Chocolates,,48155114,2026-09-06 17:37:22,True,https://metroonline.page.link/ZGgT
Mini Oreo Original BP,299,False,285,0,5,Grocery,Snacks,Biscuits And Wafers,Biscuits and Cookies,62768930,2026-09-06 17:37:22,False,https://metroonline.page.link/rDWu
Prince Biscuit Half Roll Pack of 6 Pieces,234,False,215,0,5,Grocery,Snacks,Biscuits And Wafers,Biscuits and Cookies,63596402,2026-09-06 17:37:22,False,https://metroonline.page.link/Aecr
Inovative Frisky Chocolate Wafers,149,False,135,250,5,Grocery,Snacks,Biscuits And Wafers,Wafers,73914836,2026-09-06 17:37:22,True,https://metroonline.page.link/x6Vn
Frisky Orange Cream Wafers,149,False,129,0,5,Grocery,Snacks,Biscuits And Wafers,Wafers,74240434,2026-09-06 17:37:22,True,https://metroonline.page.link/s9jw
Bisca Chocolate Biscuit (12x24),240,True,225,322,5,Grocery,Snacks,Biscuits And Wafers,Wafers,74398875,2026-09-06 17:37:22,True,https://metroonline.page.link/oB8m
Peek Freans Lemon Sandwich ,395,False,299,254,5,Grocery,Snacks,Biscuits And Wafers,Biscuits and Cookies,74719784,2026-09-06 17:37:22,True,https://metroonline.page.link/VrEE
Peek Freans Gluco Half Roll,395,False,,299,5,Grocery,Snacks,Biscuits And Wafers,Biscuits and Cookies,74953079,2026-09-06 17:37:22,True,https://metroonline.page.link/dtT8
BrookeBond Supreme Black Tea 600 Tea Bags ,3299,False,2970,0,3,Grocery,Tea and Coffee,Tea,,42174706,2026-09-06 17:37:22,False,https://metroonline.page.link/MohF
Knorr Hot Korean Kimchi Ramen,349,False,308,0,5,Grocery,Packaged Food,Noodles and Pasta,,90423558,2026-09-06 17:37:22,True,https://metroonline.page.link/x7bJ
HILAL CUP KAKE DBL CHOC Rs.20,240,True,205,-2,5,Grocery,Snacks,Cakes and Chocolates,,63334044,2026-09-06 17:37:22,True,https://metroonline.page.link/MmEY
Hilal Cupkake Strawbery Rs.20,240,True,205,166,5,Grocery,Snacks,Cakes and Chocolates,,63455822,2026-09-06 17:37:22,True,https://metroonline.page.link/Kzus
Knorr Blazin Noodles Jalapeno 102GM,153,False,140,0,10,Grocery,Packaged Food,Noodles and Pasta,,65452988,2026-09-06 17:37:22,False,https://metroonline.page.link/LjYP
Jar of Joy: Lipton Yellow Label Black Tea 430gm,1299,False,1201,0,5,Grocery,Tea and Coffee,Tea,,34461353,2026-09-06 17:37:22,False,https://metroonline.page.link/ojtW
Lipton Green Tea Mixed Berries 10S,98,False,0,0,5,Grocery,Tea and Coffee,Tea,,11882744,2026-09-06 17:37:22,False,https://metroonline.page.link/V4bX
Lipton Green Tea Lemon Honey 10S,98,False,0,0,5,Grocery,Tea and Coffee,Tea,,12220384,2026-09-06 17:37:22,False,https://metroonline.page.link/Zs4y
Tuc Bites Masala Rs.20 Sp,18,False,15,0,0,Grocery,Snacks,Biscuits And Wafers,,23012677,2026-09-06 17:37:22,False,https://metroonline.page.link/k5U3
Tuc Bites Sour Cream & Onion R,18,False,15,0,,Grocery,Snacks,Biscuits And Wafers,,23205258,2026-09-06 17:37:22,False,https://metroonline.page.link/11C7
Tuc Bites Salt & Pepper Rs. 20,18,False,15,0,,Grocery,Snacks,Biscuits And Wafers,,23327192,2026-09-06 17:37:22,False,https://metroonline.page.link/LDDs
Tuc Bites Masala Rs. 40 Sp,38,False,30,0,,Grocery,Snacks,Biscuits And Wafers,,23480291,2026-09-06 17:37:22,False,https://metroonline.page.link/V2Q5
Tuc Bites Sour Cream & Onion R,38,False,30,0,,Grocery,Snacks,Biscuits And Wafers,,23584172,2026-09-06 17:37:22,False,https://metroonline.page.link/xYeY
Tuc Bites Salt & Pepper Rs. 40,38,False,35,0,,Grocery,Snacks,Biscuits And Wafers,,23670579,2026-09-06 17:37:22,False,https://metroonline.page.link/RgQq
Knorr Noodle Chatpatta 50GM,50,False,46,287,5,Grocery,Packaged Food,Noodles and Pasta,,60521498,2026-09-06 17:37:22,True,https://metroonline.page.link/hCv6
Knorr Noodle Chicken 61G,50,False,49,1914,1,Grocery,Packaged Food,Noodles and Pasta,,60849806,2026-09-06 17:37:22,False,https://metroonline.page.link/m9td
Buttons Chocolate Box,358,False,299,534,5,Grocery,Snacks,Cakes and Chocolates,,94124724,2026-09-06 17:37:22,True,https://metroonline.page.link/BQWk
EAZU Crunchy Wafer Choco 75GM,270,False,149,0,5,Grocery,Snacks,Biscuits And Wafers,,94124728,2026-09-06 17:37:22,True,https://metroonline.page.link/L8vG
You Milk Chocolate,98,False,89,0,5,Grocery,Snacks,Cakes and Chocolates,,94124730,2026-09-06 17:37:22,True,https://metroonline.page.link/Yh1p
You Milk Chocolate Box,1536,False,1018,0,5,Grocery,Snacks,Cakes and Chocolates,,94124732,2026-09-06 17:37:22,True,https://metroonline.page.link/gEHQ
Boom Boom Bubble Box 36 PCS,89,False,76,0,5,Grocery,Snacks,Jellies and Marshmallows,,94124742,2026-09-06 17:37:22,False,https://metroonline.page.link/4Ev2
Jelibon Jelly Bag 30 PCS,148,False,135,338,5,Grocery,Snacks,Jellies and Marshmallows,,94124744,2026-09-06 17:37:22,False,https://metroonline.page.link/VLi8
Cheetos Crunchy RFH 27GM,28,False,36,0,5,Grocery,Snacks,Crisps and Popcorn,,94124747,2026-09-06 17:37:22,True,https://metroonline.page.link/VAau
Cheetos Crunchy RFH 46GM,48,False,56,0,5,Grocery,Snacks,Crisps and Popcorn,,94124752,2026-09-06 17:37:22,True,https://metroonline.page.link/m39o
Korneez Hot & Spicy Popcorn x24,99,False,91,0,5,Grocery,Snacks,Crisps and Popcorn,,94124753,2026-09-06 17:37:22,True,https://metroonline.page.link/mwTo
LAYS Masala 120GM,149,False,146,0,5,Grocery,Snacks,Crisps and Popcorn,,94124757,2026-09-06 17:37:22,False,https://metroonline.page.link/S3WR
Cake Up - Triple Chocolate,300,False,216,63,5,Grocery,Snacks,Cakes and Chocolates,,94124762,2026-09-06 17:37:22,True,https://metroonline.page.link/gzLS
Chocolatto Chocolate Biscuits Original Half Roll 6 pcs,299,False,270,0,5,Grocery,Snacks,Biscuits And Wafers,,94124765,2026-09-06 17:37:22,False,https://metroonline.page.link/V1F6
Shoop Noodle Chicken 34G X6,185,False,0,0,5,Grocery,Packaged Food,Noodles and Pasta,,55820435,2026-09-06 17:37:22,True,https://metroonline.page.link/h3LL
Now Chocolate Rs 10 12 Pieces,99,False,110,0,5,Grocery,Snacks,Cakes and Chocolates,,13122996,2026-09-06 17:37:22,True,https://metroonline.page.link/zq6B
Lipton Yellow Label Black Tea 25 Teabags,299,False,275,0,5,Grocery,Tea and Coffee,Tea,,22636227,2026-09-06 17:37:22,True,https://metroonline.page.link/Le6b
Funny Bunny Jumbo Lollipop 100 Pcs,998,False,845,383,3,Grocery,Snacks,Jellies and Marshmallows,,20656205,2026-09-06 17:37:22,True,https://metroonline.page.link/Ft8V
LU Candi Original Snack Pack,392,False,305,6,3,Grocery,Snacks,Biscuits And Wafers,Biscuits and Cookies,20939837,2026-09-06 17:37:22,True,https://metroonline.page.link/tNns
Zeera Plus Biscuits Snack Pack Box,319,False,,0,3,Grocery,Snacks,Biscuits And Wafers,Biscuits and Cookies,97546647,2026-09-06 17:37:22,False,https://metroonline.page.link/Hj4k
Bisconni Daydream Biscuits,300,False,275,252,3,Grocery,Snacks,Biscuits And Wafers,Biscuits and Cookies,76675111,2026-09-06 17:37:22,True,https://metroonline.page.link/Z92P
Kurkure Red Chili 40G,38,False,35,580,5,Grocery,Snacks,Crisps and Popcorn,Crisps,24930355,2026-09-06 17:37:22,True,https://metroonline.page.link/KuEV
Zeera Plus Bp,239,False,219,0,5,Grocery,Snacks,Biscuits And Wafers,Biscuits and Cookies,25212479,2026-09-06 17:37:22,False,https://metroonline.page.link/XRbY
Chip Hop Chocolate Cookies H.R,299,False,275,1133,5,Grocery,Snacks,Biscuits And Wafers,Biscuits and Cookies,25779158,2026-09-06 17:37:22,True,https://metroonline.page.link/DNy9
Chocolate Chip Orignal Sp,215,False,225,0,5,Grocery,Snacks,Biscuits And Wafers,Biscuits and Cookies,26024976,2026-09-06 17:37:22,False,https://metroonline.page.link/jE4r
Cadbury Mini Fingers Bar Pack,285,False,225,101,5,Grocery,Snacks,Biscuits And Wafers,Biscuits and Cookies,26253664,2026-09-06 17:37:22,True,https://metroonline.page.link/YSqs
Prince Chocolate Biscuit,239,False,215,0,5,Grocery,Snacks,Biscuits And Wafers,Biscuits and Cookies,26412569,2026-09-06 17:37:22,False,https://metroonline.page.link/56Bq
Peak Freans Party Biscuits,359,False,335,143,5,Grocery,Snacks,Biscuits And Wafers,Biscuits and Cookies,26646299,2026-09-06 17:37:22,False,https://metroonline.page.link/CQZw
Lays Yogurt & Herb 30GM,45,False,45,0,20,Grocery,Snacks,Crisps and Popcorn,Crisps,9999469,2026-09-06 17:37:22,True,https://metroonline.page.link/GszX
Lays Wavy Flaming Hot 44G,69,False,0,0,20,Grocery,Snacks,Crisps and Popcorn,Crisps,54574762,2026-09-06 17:37:22,True,https://metroonline.page.link/eqgq
Lays Masala 62G,98,False,85,0,20,Grocery,Snacks,Crisps and Popcorn,Crisps,54574764,2026-09-06 17:37:22,True,https://metroonline.page.link/7LfQ
Lays Wavy Flaming Hot 68G,98,False,0,0,20,Grocery,Snacks,Crisps and Popcorn,Crisps,54574767,2026-09-06 17:37:22,False,https://metroonline.page.link/xCf1
Lays Wavy Bbq 68G,98,False,85,2,20,Grocery,Snacks,Crisps and Popcorn,Crisps,54574769,2026-09-06 17:37:22,True,https://metroonline.page.link/VFtU
Lays Wavy Mexican Chili 68G,78,False,0,0,20,Grocery,Snacks,Crisps and Popcorn,Crisps,54574772,2026-09-06 17:37:22,False,https://metroonline.page.link/DJXS
Lays Paprika 62G,98,False,0,0,20,Grocery,Snacks,Crisps and Popcorn,Crisps,54574774,2026-09-06 17:37:22,False,https://metroonline.page.link/SJuP
Kurkure Toofaani Mirch 40G,38,False,0,0,20,Grocery,Snacks,Crisps and Popcorn,Crisps,54574779,2026-09-06 17:37:22,True,https://metroonline.page.link/PrqU
Cheetos Crunch Rfh 85G,98,False,85,0,20,Grocery,Snacks,Crisps and Popcorn,Crisps,54574781,2026-09-06 17:37:22,True,https://metroonline.page.link/dcFD
Kurkure Toofani Masala 40G,38,False,0,0,20,Grocery,Snacks,Crisps and Popcorn,Crisps,54574783,2026-09-06 17:37:22,False,https://metroonline.page.link/zAXY
Lays Wavy Mexican Chili 44G,58,False,0,0,20,Grocery,Snacks,Crisps and Popcorn,Crisps,54574785,2026-09-06 17:37:22,False,https://metroonline.page.link/Bsq1
Lays Wavy Black Salt 26G,48,False,0,0,20,Grocery,Snacks,Crisps and Popcorn,Crisps,54574788,2026-09-06 17:37:22,False,https://metroonline.page.link/cGcf
Lays Wavy Black Salt 43G,68,False,0,0,20,Grocery,Snacks,Crisps and Popcorn,Crisps,54574790,2026-09-06 17:37:22,False,https://metroonline.page.link/jXLs
Lays Wavy Black Salt 66G,98,False,0,0,20,Grocery,Snacks,Crisps and Popcorn,Crisps,54574792,2026-09-06 17:37:22,False,https://metroonline.page.link/hrAC
Lays Salt 120G,149,False,139,0,20,Grocery,Snacks,Crisps and Popcorn,Crisps,54574793,2026-09-06 17:37:22,False,https://metroonline.page.link/ZggY
Lays French Cheese 120G,149,False,139,0,20,Grocery,Snacks,Crisps and Popcorn,Crisps,54574795,2026-09-06 17:37:22,False,https://metroonline.page.link/m2ob
Lays Yogurt & Herb 120G,149,False,145,0,20,Grocery,Snacks,Crisps and Popcorn,Crisps,54574796,2026-09-06 17:37:22,False,https://metroonline.page.link/8NfA
Kurkure Chutney Chaska 40G,38,False,36,2297,20,Grocery,Snacks,Crisps and Popcorn,Crisps,54574798,2026-09-06 17:37:22,True,https://metroonline.page.link/aGdi
Cadbury Perk 12G x24,475,False,,984,3,Grocery,Snacks,Cakes and Chocolates,,60908609,2026-09-06 17:37:22,True,
Opus Bar Caramel Filled Rs.10,198,False,185,214,5,Grocery,Snacks,Cakes and Chocolates,,82044484,2026-09-06 17:37:22,True,https://metroonline.page.link/Fv1b
Fanty Rs 2.5(70 Pc) Box,173,False,159,0,4,Grocery,Snacks,Sweets and Toffees,,82522717,2026-09-06 17:37:22,True,https://metroonline.page.link/mHtT
Butter Crunch 8 Mini Half Roll Box RS.30,239,False,215,61,3,Grocery,Snacks,Biscuits And Wafers,Biscuits and Cookies,69294535,2026-09-06 17:37:22,True,
INDOMIE MEAT MASALA 120GM,87,False,75,1513,3,Grocery,Packaged Food,Noodles and Pasta,,27323132,2026-09-06 17:37:22,True,
Mezan Ultra Rich H Pk 170G,379,False,,0,3,Grocery,Tea and Coffee,Tea,,2445021,2026-09-06 17:37:22,True,https://metroonline.page.link/utXx
Meezan Ultra Rich Pouch 280G,499,False,,0,3,Grocery,Tea and Coffee,Tea,,2445025,2026-09-06 17:37:22,True,https://metroonline.page.link/s5Gm
Mezan Ultra Rich Pouch 430G,899,False,,0,3,Grocery,Tea and Coffee,Tea,,2445027,2026-09-06 17:37:22,True,https://metroonline.page.link/t9Mp
Mezan Ultra Rich Pouch 900G,1799,False,1725,0,3,Grocery,Tea and Coffee,Tea,,2445030,2026-09-06 17:37:22,True,https://metroonline.page.link/4V1z
Meezan Ultra Rich H Pk 85G,189,False,,0,3,Grocery,Tea and Coffee,Tea,,2445033,2026-09-06 17:37:22,True,https://metroonline.page.link/GKn2
Lipton Green Tea Lemon Honey 25 Tea Bags,275,False,,0,5,Grocery,Tea and Coffee,Tea,,47812579,2026-09-06 17:37:22,True,
Lipton Black Tea Leaf 900GM (50 extra cups),2073,False,1913,0,5,Grocery,Tea and Coffee,Tea,,70568318,2026-09-06 17:37:22,True,
Lipton Yellow Label Danedar 900GM,1790,False,1962,227,5,Grocery,Tea and Coffee,Tea,,80747169,2026-09-06 17:37:22,True,
Peek Freans Original Chocolate Sandwich Biscuits Snack Pack,395,False,323,506,10,Grocery,Snacks,Biscuits And Wafers,Biscuits and Cookies,17417206,2026-09-06 17:37:22,True,
Candi Original Half Roll,279,False,265,0,10,Grocery,Snacks,Biscuits And Wafers,Biscuits and Cookies,28662759,2026-09-06 17:37:22,True,
Novita Orange Mini,239,False,215,0,5,Grocery,Snacks,Biscuits And Wafers,Wafers,28996159,2026-09-06 17:37:22,False,
Yums Fruity Rs.20 (12 Pcs),238,False,230,0,10,Grocery,Snacks,Sweets and Toffees,,29433474,2026-09-06 17:37:22,True,
Yums Sour Rs 20 (12 Pieces),238,False,230,0,10,Grocery,Snacks,Sweets and Toffees,,29534421,2026-09-06 17:37:22,True,
Abc Jelly Rs 20 (18 Pcs),355,False,340,0,10,Grocery,Snacks,Jellies and Marshmallows,,29685835,2026-09-06 17:37:22,True,
Now Chocolate Rs 20 (12 Pieces),238,False,230,70,5,Grocery,Snacks,Cakes and Chocolates,,29796686,2026-09-06 17:37:22,True,
Sonnet Chocolate 12 Pieces,238,False,230,30,10,Grocery,Snacks,Cakes and Chocolates,,29988270,2026-09-06 17:37:22,False,
Kitkat 2 Fingers 17.7GM,200,False,145,4609,10,Grocery,Snacks,Cakes and Chocolates,,30092084,2026-09-06 17:37:22,True,
Kernel Popcorn Cheese 80g,108,False,95,1,5,Grocery,Snacks,Crisps and Popcorn,Popcorn,12636063,2026-09-06 17:37:22,True,
Kernelpop  Salt & Pepper 80G,110,False,97,50,10,Grocery,Snacks,Crisps and Popcorn,Popcorn,66460959,2026-09-06 17:37:22,True,
Super Crisp Masala 44G,60,False,55,417,10,Grocery,Snacks,Crisps and Popcorn,Crisps,66945479,2026-09-06 17:37:22,True,
Kernelpop Jalapeno 80G,110,False,97,26,10,Grocery,Snacks,Crisps and Popcorn,Popcorn,67269237,2026-09-06 17:37:22,True,
Kernelpop English Butter 80G,110,False,97,2,5,Grocery,Snacks,Crisps and Popcorn,Popcorn,67448591,2026-09-06 17:37:22,True,
Korneez champs popcorn 75gm,109,False,95,37,10,Grocery,Snacks,Crisps and Popcorn,Popcorn,77616993,2026-09-06 17:37:22,True,
Rio Strawberry Vanilla S/P 16's Box,320,False,,169,10,Grocery,Snacks,Biscuits And Wafers,Biscuits and Cookies,70644727,2026-09-06 17:37:22,True,
LU Oreo Original Biscuit S/P Box,292,False,,0,10,Grocery,Snacks,Biscuits And Wafers,Biscuits and Cookies,70922772,2026-09-06 17:37:22,False,
Nescafe Classic Coffee 16 Mugs 25GM,450,False,,2,10,Grocery,Tea and Coffee,Coffee and Whiteners,,71122450,2026-09-06 17:37:22,True,
Peek Freans Party Biscuits Snack Pack,319,False,,267,10,Grocery,Snacks,Biscuits And Wafers,Biscuits and Cookies,59196383,2026-09-06 17:37:22,True,
Popnosh Popcorn Caramal 68G,200,False,142,0,,Grocery,Snacks,Crisps and Popcorn,Popcorn,88631451,2026-09-06 17:37:22,True,
Popcorn Popnosh movie theater 38G,150,False,150,14,10,Grocery,Snacks,Crisps and Popcorn,Popcorn,88779338,2026-09-06 17:37:22,True,
Popnosh Cheddar Cheese 40Gm,50,False,55,87,10,Grocery,Snacks,Crisps and Popcorn,Popcorn,88922543,2026-09-06 17:37:22,True,
Popnosh Popcorn Spicy Jalapeno,50,False,57,107,10,Grocery,Snacks,Crisps and Popcorn,Popcorn,89049282,2026-09-06 17:37:22,True,
Popnosh Popcorn Caramel Crunch,70,False,57,0,10,Grocery,Snacks,Crisps and Popcorn,Popcorn,89165642,2026-09-06 17:37:22,True,
NOMS THAI SWEET CHILLI 32 G,79,False,70,4,10,Grocery,Snacks,Crisps and Popcorn,Crisps,9999883,2026-09-06 17:37:22,True,
NOMS CHEDDAR JALAPENO 32 G,79,False,70,3,10,Grocery,Snacks,Crisps and Popcorn,Crisps,9999880,2026-09-06 17:37:22,True,
NOMS CHILLI LEMON 32 G,79,False,70,96,10,Grocery,Snacks,Crisps and Popcorn,Crisps,9999890,2026-09-06 17:37:22,True,
NOMS SALT & PEPPER 32 G,79,False,70,310,10,Grocery,Snacks,Crisps and Popcorn,Crisps,9999874,2026-09-06 17:37:22,True,
NOMSSOUR CREAM & HERB 32G,79,False,70,148,10,Grocery,Snacks,Crisps and Popcorn,Crisps,9999867,2026-09-06 17:37:22,True,
Noms Nachos Smoky BBQ 32GM,79,False,75,176,10,Grocery,Snacks,Crisps and Popcorn,Crisps,89707514,2026-09-06 17:37:22,True,
BOOM BOOM Box Rs.2.5 (72 PCS),179,False,155,0,10,Grocery,Snacks,Sweets and Toffees,,56392104,2026-09-06 17:37:22,False,
Day Dream Coffee FP,199,False,,0,10,Grocery,Snacks,Biscuits And Wafers,Biscuits and Cookies,78193616,2026-09-06 17:37:22,True,
Super Crisps BBQ 27G,40,False,,247,10,Grocery,Snacks,Crisps and Popcorn,Crisps,80897003,2026-09-06 17:37:22,True,
Sooper Soft Bakes Chocolate (40 Rs) 12 Pieces Pack,468,False,435,0,10,Grocery,Snacks,Biscuits And Wafers,Biscuits and Cookies,58771523,2026-09-06 17:37:22,True,
Klassno Coffee Original 3 In 1 Box 20 Sachets,1398,False,1120,74,10,Grocery,Tea and Coffee,Coffee and Whiteners,,58891540,2026-09-06 17:37:22,True,
Zeera Plus 10 Half Roll ,299,False,275,0,5,Grocery,Snacks,Biscuits And Wafers,Biscuits and Cookies,59109411,2026-09-06 17:37:22,True,
Kolson Folds B.B.Q 16gm,29,False,27,0,10,Grocery,Snacks,Crisps and Popcorn,Crisps,59279072,2026-09-06 17:37:22,False,
Super Cola Rs 2 (70 Pieces) Box,173,False,145,0,10,Grocery,Snacks,Sweets and Toffees,,59549603,2026-09-06 17:37:22,True,
Bubble Pop Gum Rs 5 (50 Pieces),248,False,225,568,10,Grocery,Snacks,Sweets and Toffees,,60688207,2026-09-06 17:37:22,True,
Noms Cheddar Jalapeno 64 G,149,False,135,23,10,Grocery,Snacks,Crisps and Popcorn,Crisps,16324454,2026-09-06 17:37:22,True,
MACHOS TORTILLA CHIPS CHEESE 4,79,False,75,0,5,Grocery,Snacks,Crisps and Popcorn,Crisps,98839131,2026-09-06 17:37:22,True,
MACHOS TORTILLA CHIPS HOT 40G,79,False,75,0,5,Grocery,Snacks,Crisps and Popcorn,Crisps,99164260,2026-09-06 17:37:22,True,
Macho Nachos Tortilla Chips Sweet Thai Chilichanga,79,False,75,0,5,Grocery,Snacks,Crisps and Popcorn,Crisps,99371258,2026-09-06 17:37:22,True,
Gluco Teddy Cake RS.40 Choco Filling,395,False,299,1825,5,Grocery,Snacks,Biscuits And Wafers,Biscuits and Cookies,37499799,2026-09-06 17:37:22,True,
Everyday Karak Chai 3IN1 17G,80,False,65,48,20,Grocery,Tea and Coffee,Coffee and Whiteners,,69803342,2026-09-06 17:37:22,True,
Nutrilov Chocolate Brownie GB 40g,175,False,165,0,10,Grocery,Snacks,Biscuits And Wafers,Biscuits and Cookies,70151172,2026-09-06 17:37:22,True,
KitKat Chocolate 4 Fingers,400,False,,1844,5,Grocery,Snacks,Cakes and Chocolates,,52985683,2026-09-06 17:37:22,True,
CHOCOLATTO Biscuits Original Half Roll Box,361,False,361,18,5,Grocery,Snacks,Biscuits And Wafers,Biscuits and Cookies,53133024,2026-09-06 17:37:22,True,
Olmec Dark Chocolate 2Kg,2800,False,,20,5,Grocery,Snacks,Cakes and Chocolates,,58451868,2026-09-06 17:37:22,True,
Olmec Milky Chocolate 2Kg,2875,False,,11,10,Grocery,Snacks,Cakes and Chocolates,,58868430,2026-09-06 17:37:22,True,
Olmec White Chocolate 2Kg,2530,False,,102,10,Grocery,Snacks,Cakes and Chocolates,,58951758,2026-09-06 17:37:22,True,
Everyday Tea Whitener 15G Sachet,30,False,,0,5,Grocery,Tea and Coffee,Coffee and Whiteners,,33793124,2026-09-06 17:37:22,True,
Brookebond Supreme 85G ,195,False,,1196,5,Grocery,Tea and Coffee,Tea,,40040361,2026-09-06 17:37:22,False,
LIPTON BLACK TEA LEAF 430G,1050,True,945,963,10,Grocery,Tea and Coffee,Tea,,9999873,2026-09-06 17:37:22,True,
Supreme Black Tea Leaf 430GM CP,931,False,800,253,10,Grocery,Tea and Coffee,Tea,,81090792,2026-09-06 17:37:22,True,
Supreme Black Tea Leaf 900GM CP,1813,False,1620,750,10,Grocery,Tea and Coffee,Tea,,81090793,2026-09-06 17:37:22,True,
Lipton Yellow Label 170G ,415,False,0,168,10,Grocery,Tea and Coffee,Tea,,81090794,2026-09-06 17:37:22,True,
Brookebond Supreme 170G ,392,False,0,27,10,Grocery,Tea and Coffee,Tea,,81090795,2026-09-06 17:37:22,False,
Lipton Danedar 430G ,1040,False,1051,140,10,Grocery,Tea and Coffee,Tea,,81090797,2026-09-06 17:37:22,True,
Lipton Yellow Label 85G ,200,False,0,321,10,Grocery,Tea and Coffee,Tea,,81090798,2026-09-06 17:37:22,True,
Cookania Choco Lava Snack Pack,178,False,150,44,10,Grocery,Snacks,Biscuits And Wafers,,81736849,2026-09-06 17:37:22,True,
Peek Freans Peanut Pik Selling Pack,321,False,310,209,10,Grocery,Snacks,Biscuits And Wafers,,81736851,2026-09-06 17:37:22,True,
LU Tuc Snack Pack,392,False,305,7,10,Grocery,Snacks,Biscuits And Wafers,,81736852,2026-09-06 17:37:22,True,
Cake Up Rs.25,300,False,280,0,10,Grocery,Snacks,Cakes and Chocolates,,81736853,2026-09-06 17:37:22,False,
Digestive Half Roll Rs.40,239,False,215,70,10,Grocery,Snacks,Biscuits And Wafers,Biscuits and Cookies,44164755,2026-09-06 17:37:22,True,
Inovative Charm Choc Filled Cookiees 24 Packs Box,239,False,215,174,10,Grocery,Snacks,Biscuits And Wafers,,44833136,2026-09-06 17:37:22,True,
Digestive 8 Mini Half Roll Box Rs.30 ,239,False,215,121,10,Grocery,Snacks,Biscuits And Wafers,Biscuits and Cookies,45196331,2026-09-06 17:37:22,True,
 Innovative Jumbo Junior 24 Snack Pack Rs 10,239,False,215,147,10,Grocery,Snacks,Biscuits And Wafers,Biscuits and Cookies,47518376,2026-09-06 17:37:22,True,
Innovative Zeera Tasty Salty Biscuits 24 Snack Pack Rs 10),238,False,215,217,10,Grocery,Snacks,Biscuits And Wafers,,47780066,2026-09-06 17:37:22,True,
Fine Life Cola Candy,140,False,105,0,10,Grocery,Snacks,Sweets and Toffees,,80337004,2026-09-06 17:37:22,True,
Fine Life Orange Candy,140,False,105,0,10,Grocery,Snacks,Sweets and Toffees,,80578909,2026-09-06 17:37:22,True,
Laziza Kheer Mix Pstch 155g,129,False,,0,10,Grocery,Home Baking,Cake Mixes and Baking Add Ons,,18456850,2026-09-06 17:37:22,True,
National Strawberry Custard 300G,215,False,,0,10,Grocery,Desserts,Jellies and Custards,,18879204,2026-09-06 17:37:22,True,
Kernelpop Coated Salted Caramel Popcorn 50GM,120,True,60,4,5,Grocery,Snacks,Crisps and Popcorn,Popcorn,18224865,2026-09-06 17:37:22,True,
Kernelpop Coated Butter Scotch Popcorn 50GM,120,True,60,3,5,Grocery,Snacks,Crisps and Popcorn,Popcorn,18224868,2026-09-06 17:37:22,True,
Kernelpop Popcorn Butter 30G,110,False,0,0,5,Grocery,Snacks,Crisps and Popcorn,Popcorn,18224870,2026-09-06 17:37:22,False,
Kernelpop Popcorn Cheese 30G,110,False,0,0,5,Grocery,Snacks,Crisps and Popcorn,Popcorn,18224872,2026-09-06 17:37:22,True,
Kernelpop Popcorn  Natural 30G,110,False,0,0,5,Grocery,Snacks,Crisps and Popcorn,Popcorn,18224874,2026-09-06 17:37:22,True,
Kernelpop Popcorn  Jalapeno 30G,110,False,0,0,5,Grocery,Snacks,Crisps and Popcorn,Popcorn,18224877,2026-09-06 17:37:22,True,
Kernelpop Popcorn  Salt & Pepper 30G,110,False,0,0,5,Grocery,Snacks,Crisps and Popcorn,Popcorn,18224879,2026-09-06 17:37:22,True,
Kernelpop Popcorn  English Butter 30G,110,False,0,0,5,Grocery,Snacks,Crisps and Popcorn,Popcorn,18224881,2026-09-06 17:37:22,False,
Wah Mix Nimco 25GM,30,False,0,131,5,Grocery,Snacks,Crisps and Popcorn,Crisps,18224883,2026-09-06 17:37:22,True,
Wah Daal Moth 25GM,30,False,0,109,5,Grocery,Snacks,Crisps and Popcorn,Popcorn,18224885,2026-09-06 17:37:22,True,
Wah Potato Sticks Red Chilli,250,True,150,121,5,Grocery,Snacks,Crisps and Popcorn,Crisps,18224887,2026-09-06 17:37:22,True,
Wah Potato Sticks Black Pepper,250,True,150,527,5,Grocery,Snacks,Crisps and Popcorn,Crisps,18224890,2026-09-06 17:37:22,True,
Zeera Plus Bar Pack Biscuits,237,False,0,0,5,Grocery,Snacks,Biscuits And Wafers,Biscuits and Cookies,18224892,2026-09-06 17:37:22,True,
Milkees Creamy 50 Pcs,248,False,0,247,5,Grocery,Snacks,Sweets and Toffees,Biscuits and Cookies,18224894,2026-09-06 17:37:22,True,
Big Boom Boom Box 50 Pcs,294,False,220,1180,10,Grocery,Snacks,Sweets and Toffees,,35434934,2026-09-06 17:37:22,True,
Cookania Teatime Lemon Snack Pack,178,False,150,43,10,Grocery,Snacks,Biscuits And Wafers,,35434938,2026-09-06 17:37:22,True,
Cookania Milkabisk Mini Snack Pack,169,False,150,9,10,Grocery,Snacks,Biscuits And Wafers,,35434941,2026-09-06 17:37:22,True,
HILAL CUP KAKE CHOCOLATE Rs.20,240,True,205,-1,10,Grocery,Snacks,Cakes and Chocolates,,35434943,2026-09-06 17:37:22,True,
Dingdong (Big Bubble) 50 pcs,212,False,185,240,10,Grocery,Snacks,Sweets and Toffees,,35434945,2026-09-06 17:37:22,True,
Noms Sour Cream & Herb 64 GM,149,False,135,154,10,Grocery,Snacks,Crisps and Popcorn,Crisps,35434947,2026-09-06 17:37:22,True,
Noms Chilli Lemon 64 GM,149,False,135,341,10,Grocery,Snacks,Crisps and Popcorn,Crisps,35434949,2026-09-06 17:37:22,True,
Noms Thai Sweet Chilli 64 GM,149,False,135,257,10,Grocery,Snacks,Crisps and Popcorn,Crisps,35434952,2026-09-06 17:37:22,True,
Noms Smoky Bbq 64 GM,149,False,135,0,10,Grocery,Snacks,Crisps and Popcorn,Crisps,35434954,2026-09-06 17:37:22,True,
Noms Salt & Pepper  64 GM,149,False,135,157,10,Grocery,Snacks,Crisps and Popcorn,Crisps,35434956,2026-09-06 17:37:22,True,
Popnosh Corn Up Sea Salt 26GM,50,False,46,92,10,Grocery,Snacks,Crisps and Popcorn,Crisps,35434958,2026-09-06 17:37:22,True,
Sooper Classic Chocolate Biscuits Snack Pack,320,False,310,0,10,Grocery,Snacks,Biscuits And Wafers,,35434960,2026-09-06 17:37:22,True,
Lipton Green Tea 25 Sachets Mixed Berries,299,False,,0,5,Grocery,Tea and Coffee,Tea,,53235157,2026-09-06 17:37:22,True,
Peak Freans Chocolate Sandwich TP,239,False,220,303,3,Grocery,Snacks,,Biscuits and Cookies,31790437,2026-09-06 17:37:22,True,
Cocomo Triple Chocolate Pouch,50,False,45,1156,3,Grocery,Snacks,Biscuits And Wafers,Biscuits and Cookies,31790440,2026-09-06 17:37:22,True,
TRU BRU Classic Coffee 85G,1700,False,,26,5,Grocery,Tea and Coffee,Coffee and Whiteners,,42949882,2026-09-06 17:37:22,True,
R&H Green Tea Bag Ginseng 50 Pcs,619,False,599,133333,60,Grocery,Tea and Coffee,Tea,,69020987,2026-09-06 17:37:22,True,https://metroonline.page.link/PEyM
Fine Life Vermicelli 120GM,69,False,0,133333,133333,Grocery,Packaged Food,Noodles and Pasta,,32471644,2026-09-06 17:37:22,False,
Peek Freans Sooper Snack Pack,320,True,295,10,5,Grocery,Snacks,,Biscuits and Cookies,40244625,2026-09-06 17:37:22,True,
Peek Freans Sooper Ticky Pack,360,True,330,10,5,Grocery,Snacks,,Biscuits and Cookies,40244629,2026-09-06 17:37:22,True,
Peek Freans Choco Lava Munch Pack,320,True,295,10,5,Grocery,Snacks,,Biscuits and Cookies,40244630,2026-09-06 17:37:22,True,
Hilal Wispy Twin Chocolate Box Rs. 20 (Pack of 12),240,True,200,10,5,Grocery,Snacks,,Wafers,40244632,2026-09-06 17:37:22,True,
Hilal Wispy Twin Strawberry Box Rs. 20 (Pack of 12),240,True,200,10,5,Grocery,Snacks,,Wafers,40244634,2026-09-06 17:37:22,True,
Hilal Ding Dong Splash Original Jar Rs. 5 (Pack of 50),250,True,200,10,5,Grocery,Snacks,Sweets and Toffees,,40244635,2026-09-06 17:37:22,True,
Hilal Ding Dong Splash Strawberry Jar Rs. 5 (Pack of 50),250,True,200,10,5,Grocery,Snacks,Sweets and Toffees,,40244637,2026-09-06 17:37:22,True,
Hilal Ding Dong Splash Mango Jar Rs. 5 (Pack of 50),250,True,210,10,5,Grocery,Snacks,Sweets and Toffees,,40244638,2026-09-06 17:37:22,True,
LU Oreo Bar Pack,320,True,275,10,5,Grocery,Snacks,,Biscuits and Cookies,40244640,2026-09-06 17:37:22,True,
LU Bakeri Khaas Bar Pack,240,True,200,10,5,Grocery,Snacks,,Biscuits and Cookies,40244641,2026-09-06 17:37:22,True,
LU Bakeri Khaas Ticky Pack,240,True,200,10,5,Grocery,Snacks,,Biscuits and Cookies,40244642,2026-09-06 17:37:22,True,
Cadbury Cookies Bar Pack,320,True,265,10,5,Grocery,Snacks,,Biscuits and Cookies,40244647,2026-09-06 17:37:22,True,
Kernelpop Butter Popcorn 15GM,60,True,30,10,5,Grocery,Snacks,Crisps and Popcorn,Popcorn,40244651,2026-09-06 17:37:22,True,
Kernelpop Cheese Popcorn 15GM,60,True,30,10,5,Grocery,Snacks,Crisps and Popcorn,Popcorn,40244653,2026-09-06 17:37:22,True,
Kernelpop Natural Popcorn 15GM,60,True,30,10,5,Grocery,Snacks,Crisps and Popcorn,Popcorn,40244656,2026-09-06 17:37:22,True,
Kernelpop Jalapeno Popcorn 15GM,60,True,30,10,5,Grocery,Snacks,Crisps and Popcorn,Popcorn,40244658,2026-09-06 17:37:22,True,
Kernelpop Salt & Pepper Popcorn 15GM,60,True,30,10,5,Grocery,Snacks,Crisps and Popcorn,Popcorn,40244659,2026-09-06 17:37:22,True,
Kernelpop English Butter Popcorn 15GM,60,False,30,10,5,Grocery,Snacks,Crisps and Popcorn,Popcorn,40244661,2026-09-06 17:37:22,True,
Kernelpop Coated Peanut Butter Popcorn 50GM,120,True,60,10,5,Grocery,Snacks,Crisps and Popcorn,Popcorn,40244663,2026-09-06 17:37:22,True,
Giggly Badam Candy Jar Rs. 5 (Pack of 30),150,True,120,10,5,Grocery,Snacks,Sweets and Toffees,,40244664,2026-09-06 17:37:22,True,
Giggly Khopra Candy Jar Rs.5 (Pack of 30),150,True,120,10,5,Grocery,Snacks,Sweets and Toffees,,40244665,2026-09-06 17:37:22,True,
Giggly Tinkle Candy Jar Rs.5  (Pack of 30),150,True,120,10,5,Grocery,Snacks,Sweets and Toffees,,40244667,2026-09-06 17:37:22,True,
ABC Soft and Juicy Jelly Bag Rs. 10 (Pack of 18),180,True,145,10,5,Grocery,Snacks,Jellies and Marshmallows,,40244668,2026-09-06 17:37:22,True,
Pizzo Soft and Juicy Jelly Bag Rs. 10 (Pack of 18),180,True,145,10,5,Grocery,Snacks,Jellies and Marshmallows,,40244670,2026-09-06 17:37:22,True,
Michlee Chilli Jelly Bag Rs. 10 (Pack of 18),180,True,145,10,5,Grocery,Snacks,Jellies and Marshmallows,,40244671,2026-09-06 17:37:22,True,
Kracks BBQ 110GM,450,False,0,10,5,Grocery,Snacks,Crisps and Popcorn,Crisps,40244672,2026-09-06 17:37:22,True,
Kracks Hot & Spicy 110GM,450,False,0,10,5,Grocery,Snacks,Crisps and Popcorn,Crisps,40244674,2026-09-06 17:37:22,True,
Kracks Original 110GM,450,False,0,10,5,Grocery,Snacks,Crisps and Popcorn,Crisps,40244675,2026-09-06 17:37:22,True,
Kracks Sour Cream & Onion 110GM,450,False,0,10,5,Grocery,Snacks,Crisps and Popcorn,Crisps,40244677,2026-09-06 17:37:22,True,
Kracks Salt & Vinegar 110GM,450,False,,10,5,Grocery,Snacks,Crisps and Popcorn,Crisps,40244679,2026-09-06 17:37:22,True,https://metroonline.page.link/AQEf
Kracks Cheese 110GM,450,False,,10,5,Grocery,Snacks,Crisps and Popcorn,Crisps,40244680,2026-09-06 17:37:22,True,https://metroonline.page.link/cBoC
Cadbury Dairy Milk Wafer Bar 16GM,48,False,42,10,5,Grocery,Snacks,,Wafers,40244682,2026-09-06 17:37:22,True,
Cadbury Moro Chocolate 42GM,98,False,90,10,5,Grocery,Snacks,Cakes and Chocolates,,40244683,2026-09-06 17:37:22,True,
Cadbury Moro Chocolate 20GM,49,False,45,10,5,Grocery,Snacks,Cakes and Chocolates,,40244684,2026-09-06 17:37:22,True,
Cadbury Eclairs Rs. 5 Pouch 180GM,220,False,0,10,5,Grocery,Snacks,Sweets and Toffees,,40245069,2026-09-06 17:37:22,True,
Hilal Creamfillz Cake Vanilla Box Rs. 30 (Pack of 10),299,False,0,10,5,Grocery,Snacks,Cakes and Chocolates,,40245071,2026-09-06 17:37:22,True,
Hilal Creamfillz Cake Strawberry Box Rs. 30 (Pack of 10),299,False,0,10,5,Grocery,Snacks,Cakes and Chocolates,,40245072,2026-09-06 17:37:22,True,
Peek Freans Click Munch Pack,359,False,0,10,5,Grocery,Snacks,,Biscuits and Cookies,40245074,2026-09-06 17:37:22,True,
Peek Freans Click Snack Pack,314,False,0,10,5,Grocery,Snacks,,Biscuits and Cookies,40245075,2026-09-06 17:37:22,True,
Peek Freans Chocolate Sandwich Snack Pack,319,False,0,10,5,Grocery,Snacks,,Biscuits and Cookies,40245077,2026-09-06 17:37:22,True,
Hilal Freshup Xtra Spearment Jar Rs. 5 (Pack of 50),245,False,0,10,5,Grocery,Snacks,Sweets and Toffees,,40245079,2026-09-06 17:37:22,True,
Peek Freans Peanut Pik Half Roll,395,False,0,10,5,Grocery,Snacks,,Biscuits and Cookies,40245080,2026-09-06 17:37:22,True,
Peek Freans Peanut Pista Half Roll,395,False,0,10,5,Grocery,Snacks,,Biscuits and Cookies,40245081,2026-09-06 17:37:22,True,
Peek Freans Party Pik Half Roll,395,False,0,10,5,Grocery,Snacks,,Biscuits and Cookies,40245083,2026-09-06 17:37:22,True,
Peek Freans Click Half Roll,392,False,0,10,5,Grocery,Snacks,,Biscuits and Cookies,40245084,2026-09-06 17:37:22,True,
Peek Freans Rio Double Chocolate Half Roll,400,False,0,10,5,Grocery,Snacks,,Biscuits and Cookies,40245085,2026-09-06 17:37:22,True,
Peek Freans Lemon Sandwich Munch Pack,355,False,0,10,5,Grocery,Snacks,,Biscuits and Cookies,40245087,2026-09-06 17:37:22,True,
Gluco Teddy Milk Cake Box Rs. 40 (Pack of 8),395,False,0,10,5,Grocery,Snacks,Cakes and Chocolates,,40245088,2026-09-06 17:37:22,True,
Treet-II Platinum Razor,36,False,0,0,5,Health and Beauty,Toiletries,Men Grooming,,12642996,2026-09-06 17:37:26,True,https://metroonline.page.link/GcDn
Treet-II (5) Orange,126,False,104,0,5,Health and Beauty,Toiletries,Men Grooming,,12642995,2026-09-06 17:37:26,True,https://metroonline.page.link/2rvj
Treet-II (5) Blue,160,False,76,0,5,Health and Beauty,Toiletries,Men Grooming,,12642994,2026-09-06 17:37:26,True,https://metroonline.page.link/TVyt
Treet-3 Orange,75,False,0,0,5,Health and Beauty,Toiletries,Men Grooming,,12642993,2026-09-06 17:37:26,False,https://metroonline.page.link/essk
Treet Trim-Ii Xl Card,57,False,61,0,48,Health and Beauty,Toiletries,Men Grooming,,12642992,2026-09-06 17:37:26,True,https://metroonline.page.link/fNz2
Treet Big Blade,90,False,0,0,5,Health and Beauty,Toiletries,Men Grooming,,12642991,2026-09-06 17:37:26,False,https://metroonline.page.link/nJKy
TREET TIDY BODY RAZOR,70,False,45,428,5,Health and Beauty,Toiletries,Men Grooming,,9999997,2026-09-06 17:37:26,True,https://metroonline.page.link/QDRa
Treet Tec-II 1S Pouch,25,False,0,0,5,Health and Beauty,Toiletries,Men Grooming,,12642989,2026-09-06 17:37:26,False,https://metroonline.page.link/fs1h
Treet Safex Salon Razor,30,False,0,0,5,Health and Beauty,Toiletries,Men Grooming,,12642985,2026-09-06 17:37:26,True,https://metroonline.page.link/Qrx2
Treet Razor-II 1S,25,False,0,0,5,Health and Beauty,Toiletries,Men Grooming,,12642983,2026-09-06 17:37:26,False,https://metroonline.page.link/WG5i
Treet Razer-III 3S Pouch,200,False,0,0,5,Health and Beauty,Toiletries,Men Grooming,,12642982,2026-09-06 17:37:26,False,https://metroonline.page.link/y1bP
Treet Platinum Super Blade,83,False,61,694,48,Health and Beauty,Toiletries,Men Grooming,,12642981,2026-09-06 17:37:26,True,https://metroonline.page.link/4vQt
Treet Pedicure Blade,100,False,0,0,5,Health and Beauty,Toiletries,Men Grooming,,12642980,2026-09-06 17:37:26,True,https://metroonline.page.link/kSmh
Treet JensonS Male Skin,36,False,35,0,5,Health and Beauty,Toiletries,Men Grooming,,12642979,2026-09-06 17:37:26,False,https://metroonline.page.link/kXM8
Treet JensonS Female Skin,26,False,25,0,5,Health and Beauty,Toiletries,Women Care,,12642978,2026-09-06 17:37:26,False,https://metroonline.page.link/2SNv
Treet Hygiene Razor-3 S Pouch,135,False,98,0,5,Health and Beauty,Toiletries,Men Grooming,,12642977,2026-09-06 17:37:26,True,https://metroonline.page.link/TYEz
Treet Hygiene Razor Pouch,50,False,45,2069,48,Health and Beauty,Toiletries,Men Grooming,,12642976,2026-09-06 17:37:26,True,https://metroonline.page.link/QyZv
Treet Hercules,370,False,0,63,5,Health and Beauty,Toiletries,Men Grooming,,12642975,2026-09-06 17:37:26,True,https://metroonline.page.link/xpC8
Treet Femina Pink Pouch,280,False,145,359,5,Health and Beauty,Toiletries,Women Care,,12642974,2026-09-06 17:37:26,True,https://metroonline.page.link/biUJ
Treet Femina Facial Razor,99,False,75,65,5,Health and Beauty,Toiletries,Women Care,,12642973,2026-09-06 17:37:26,True,https://metroonline.page.link/Njy5
Treet Dura Sharp Blade,125,False,0,0,5,Health and Beauty,Toiletries,Men Grooming,,12642972,2026-09-06 17:37:26,True,https://metroonline.page.link/kCfr
Treet Comfort Safety Razor,450,False,0,342,5,Health and Beauty,Toiletries,Men Grooming,,12642971,2026-09-06 17:37:26,True,https://metroonline.page.link/AUtQ
TREET CLASSIC BLADE,85,False,79,0,5,Health and Beauty,Toiletries,Men Grooming,,12642970,2026-09-06 17:37:26,True,https://metroonline.page.link/Fwkp
Treet Black Carbon Blade,75,False,65,217,48,Health and Beauty,Toiletries,Men Grooming,,12642969,2026-09-06 17:37:26,True,https://metroonline.page.link/Nrjn
Treet 7 Days (5+1) Blade,60,False,39,0,5,Health and Beauty,Toiletries,Men Grooming,,12642968,2026-09-06 17:37:26,True,https://metroonline.page.link/VQ93
Ok Sanitary Pad XL 7 Pcs,184,False,165,0,5,Health and Beauty,OK,Women Care,,12642825,2026-09-06 17:37:26,False,https://metroonline.page.link/1FcJ
Ok Sanitary Pad XL 14 Pcs,369,False,330,0,5,Health and Beauty,OK,Women Care,,12642824,2026-09-06 17:37:26,False,https://metroonline.page.link/SHS2
OK SANITARY PADS L 8PCS,184,False,176,0,5,Health and Beauty,OK,Women Care,,12642823,2026-09-06 17:37:26,False,https://metroonline.page.link/6tP6
OK SANITARY PADS L 16PCS,369,False,310,0,5,Health and Beauty,OK,Women Care,,12642822,2026-09-06 17:37:26,False,https://metroonline.page.link/adaZ
Fine Dreaming Sanitary Pads Xlarge X 2,50,False,45,0,5,Health and Beauty,Toiletries,Women Care,,12642770,2026-09-06 17:37:26,False,https://metroonline.page.link/wy94
Glow  Lovely Face Wash 50GM  Face Cream,400,False,0,0,7,Health and Beauty,Skin Care,Facewashes,,12642738,2026-09-06 17:37:26,False,https://metroonline.page.link/1U8f
Tresemme Botanique Conditioner NR 360ML,950,False,735,38,12,Health and Beauty,Hair Care,Conditioners,,12642731,2026-09-06 17:37:26,True,https://metroonline.page.link/Z4dh
Tresemme Botanique Shampoo NR 360ML,940,False,718,61,12,Health and Beauty,Hair Care,Shampoos,,12642722,2026-09-06 17:37:26,True,https://metroonline.page.link/7Qeb
Treet Femina Shaving Razor,75,False,34,522,48,Health and Beauty,Toiletries,Women Care,,12642345,2026-09-06 17:37:26,True,https://metroonline.page.link/CCk9
Butterfly Sanitary Pads XXL Mini,199,False,172,0,36,Health and Beauty,Toiletries,Women Care,,12641946,2026-09-06 17:37:26,False,https://metroonline.page.link/JEFk
Colgate Premier Clean Twin Pack Toothbrush Medium,149,False,0,125,5,Health and Beauty,Oral Care,Tooth Brushes,,12641864,2026-09-06 17:37:26,True,https://metroonline.page.link/9igE
Ponds Honey  Almond Lotion 100ML,278,False,237,0,7,Health and Beauty,Skin Care,Lotions and Sunscreen,,12641773,2026-09-06 17:37:26,False,https://metroonline.page.link/WDrb
Tresemme Conditioner Keratin Smooth  Straight 360ML,960,False,695,61,12,Health and Beauty,Hair Care,Conditioners,,12641744,2026-09-06 17:37:26,True,https://metroonline.page.link/JbBX
Tresemme Conditioner Color Revitalize 360ML,950,False,735,79,12,Health and Beauty,Hair Care,Conditioners,,12641743,2026-09-06 17:37:26,True,https://metroonline.page.link/bktA
Tresemme Conditioner Protein Thickness 360ML,900,False,735,0,12,Health and Beauty,Hair Care,Conditioners,,12641737,2026-09-06 17:37:26,True,https://metroonline.page.link/GfN9
CTB Triple Pack Soft Zig Zag,259,False,0,0,5,Health and Beauty,Oral Care,Tooth Brushes,,12641702,2026-09-06 17:37:26,True,https://metroonline.page.link/AQpj
Lifebuoy Total Soap Trio 130gm,375,False,284,811,36,Health and Beauty,Bath and Soap,Antibacterial,,12640307,2026-09-06 17:37:26,True,https://metroonline.page.link/Z12Q
Ponds Light Moisturising Cream 75ML,450,False,413,454,24,Health and Beauty,Skin Care,Creams,,12641326,2026-09-06 17:37:26,True,https://metroonline.page.link/M9uB
Palmolive Naturals Soap Radiant Glow 130GM,148,False,0,2461,5,Health and Beauty,Bath and Soap,Fragrant,,12640426,2026-09-06 17:37:26,True,https://metroonline.page.link/5WbV
LUX 4 in 1 White Soap Bars 135GM,479,False,433,0,24,Health and Beauty,Bath and Soap,Fragrant,,12641231,2026-09-06 17:37:26,True,https://metroonline.page.link/Fo9z
LUX 4 in 1 Pink Soap Bars 135GM,479,False,433,0,24,Health and Beauty,Bath and Soap,Fragrant,,12641214,2026-09-06 17:37:26,True,https://metroonline.page.link/15h4
Lux Aloe Vera Handwash 220ML,316,False,270,157,7,Health and Beauty,Bath and Soap,Hand and Body Washes,,12641184,2026-09-06 17:37:26,True,https://metroonline.page.link/P6Jm
Butterfly Sanitary Pads XXL Trio Ultra Big Saver Pack,750,False,735,541,12,Health and Beauty,Toiletries,Women Care,,12641179,2026-09-06 17:37:26,True,https://metroonline.page.link/iAba
Lux Lavender Handwash 220ML,316,False,243,141,7,Health and Beauty,Bath and Soap,Hand and Body Washes,,12641126,2026-09-06 17:37:26,True,https://metroonline.page.link/VC44
Sunsilk Shampoo + Conditioner Long  Healthy 185ML,475,False,0,0,7,Health and Beauty,Hair Care,Shampoos,,12641011,2026-09-06 17:37:26,False,https://metroonline.page.link/rzdm
Gillette Soothing Shaving Gel for Sensitive Skin 200ML,802,False,0,0,3,Health and Beauty,Toiletries,Men Grooming,,12640966,2026-09-06 17:37:26,False,https://metroonline.page.link/7s6L
Nivea Roll-on Deodorant White 50ML,1500,False,1242,17,5,Health and Beauty,Fragrances,Anti Perspirants,,12640929,2026-09-06 17:37:26,False,https://metroonline.page.link/T9Gg
Nivea Body Lotion Natural Fairness 125g,818,False,0,0,5,Health and Beauty,Skin Care,Lotions and Sunscreen,,12640928,2026-09-06 17:37:26,False,https://metroonline.page.link/v5Wf
Lifebuoy Total Soap Trio 106Gm 36,265,False,0,0,36,Health and Beauty,Bath and Soap,Antibacterial,,12640730,2026-09-06 17:37:26,True,https://metroonline.page.link/znez
Lifebuoy Care Soap Trio 98GM,265,False,0,0,36,Health and Beauty,Bath and Soap,Antibacterial,,12640722,2026-09-06 17:37:26,True,https://metroonline.page.link/Tbhg
LUX Soap Velvet Touch White Trio 100GM,362,False,0,201,36,Health and Beauty,Bath and Soap,Fragrant,,12640678,2026-09-06 17:37:26,True,https://metroonline.page.link/WkdR
Dettol Soap Skincare 110G Cp,498,False,509,127,5,Health and Beauty,Bath and Soap,Antibacterial,,9999970,2026-09-06 17:37:26,True,https://metroonline.page.link/DcPA
Tresemme Keratin Smooth Shampoo  Conditioner 180ML,699,False,0,0,7,Health and Beauty,Hair Care,Shampoos,,12640620,2026-09-06 17:37:26,False,https://metroonline.page.link/96pA
METRO PRO. HW FRESH&COOL 300ML,755,False,765,0,5,Health and Beauty,Bath and Soap,,,12640509,2026-09-06 17:37:26,False,https://metroonline.page.link/zR8m
METRO PRO. HW FRESH&COOL REFILL 300ML,225,False,230,0,5,Health and Beauty,Bath and Soap,,,12640508,2026-09-06 17:37:26,False,https://metroonline.page.link/EqHH
Palmolive Soap 135G,156,False,115,218,5,Health and Beauty,Bath and Soap,Fragrant,,12640429,2026-09-06 17:37:26,True,https://metroonline.page.link/c74Z
Palmolive Naturals Hydrating Glow 135GM,156,False,0,6643,5,Health and Beauty,Bath and Soap,Fragrant,,12640428,2026-09-06 17:37:26,True,https://metroonline.page.link/xQYX
Palmolive Naturals Moisturizing Glow 135GM,159,False,0,565,5,Health and Beauty,Bath and Soap,Fragrant,,12640427,2026-09-06 17:37:26,True,https://metroonline.page.link/xpQH
Lifebuoy Naturally Long Shampoo 175ML,315,False,290,106,24,Health and Beauty,Hair Care,Shampoos,,12640398,2026-09-06 17:37:26,True,https://metroonline.page.link/QdGP
Colgate Toothbrush Triple Pack MED,180,False,0,2,5,Health and Beauty,Oral Care,Tooth Brushes,,12640391,2026-09-06 17:37:26,True,https://metroonline.page.link/cNav
Lifebuoy Care Soap Trio 128GM,375,False,284,733,36,Health and Beauty,Bath and Soap,Antibacterial,,12640306,2026-09-06 17:37:26,True,https://metroonline.page.link/xP9M
Head and Shoulders 2in1 Shampoo Smooth  Silky 190ML,600,False,0,0,5,Health and Beauty,Hair Care,Shampoos,,12640294,2026-09-06 17:37:26,False,https://metroonline.page.link/QQXi
Head and Shoulders 2in1 Shampoo Classic Clean 190ML,595,False,0,0,5,Health and Beauty,Hair Care,Shampoos,,12640292,2026-09-06 17:37:26,True,https://metroonline.page.link/s7Zi
Dettol Soap Soothe 170g,199,False,0,0,5,Health and Beauty,Bath and Soap,Antibacterial,,12640287,2026-09-06 17:37:26,True,https://metroonline.page.link/iizc
Dettol Soap Skincare Saver Pack,367,False,0,0,5,Health and Beauty,Bath and Soap,Antibacterial,,12640286,2026-09-06 17:37:26,True,https://metroonline.page.link/Bs3e
Sunsilk Shampoo Anti Hairfall 200ML,285,False,261,0,7,Health and Beauty,Hair Care,Shampoos,,12639993,2026-09-06 17:37:26,False,https://metroonline.page.link/oodb
Lux Trio Pack Velvet Soft,422,False,329,0,36,Health and Beauty,Bath and Soap,Fragrant,,12639990,2026-09-06 17:37:26,True,https://metroonline.page.link/H9vt
Lux Scented Soap Bar Pink 175GM,188,False,0,3064,48,Health and Beauty,Bath and Soap,Fragrant,,12639989,2026-09-06 17:37:26,True,https://metroonline.page.link/iEZy
Lifebuoy Soap Bar Turmeric 128GM,115,False,103,0,48,Health and Beauty,Bath and Soap,Antibacterial,,12639987,2026-09-06 17:37:26,False,https://metroonline.page.link/3xem
Lifebuoy Soap Bar Neem 140GM,114,False,109,0,7,Health and Beauty,Bath and Soap,Antibacterial,,12639986,2026-09-06 17:37:26,True,https://metroonline.page.link/3PSm
Glow  Lovely Men Fairness Cream 25GM,185,False,185,1901,48,Health and Beauty,Skin Care,Creams,,12639984,2026-09-06 17:37:26,True,https://metroonline.page.link/crhB
Fair  Lovely Lotion 100ML,270,False,188,115,10,Health and Beauty,Skin Care,Lotions and Sunscreen,,12639982,2026-09-06 17:37:26,True,https://metroonline.page.link/SP5m
Colgate Toothpaste Total Charcoal 100GM,395,False,274,226,5,Health and Beauty,Oral Care,Tooth Pastes,,12639888,2026-09-06 17:37:26,True,https://metroonline.page.link/5NCq
Colgate Toothpaste Optic White Pulse Shine 100GM,500,False,425,0,5,Health and Beauty,Oral Care,Tooth Pastes,,12639886,2026-09-06 17:37:26,False,https://metroonline.page.link/FTGV
Colgate Toothpaste Optic White Dazzling White 100GM,400,False,0,0,5,Health and Beauty,Oral Care,Tooth Pastes,,12639885,2026-09-06 17:37:26,False,https://metroonline.page.link/64x2
Colgate Toothpaste Herbal 22G,294,False,0,15,5,Health and Beauty,Oral Care,Tooth Pastes,,12639884,2026-09-06 17:37:26,True,https://metroonline.page.link/iQoD
Colgate Toothpaste Regular 20GM,49,False,0,2,5,Health and Beauty,Oral Care,Tooth Pastes,,12639883,2026-09-06 17:37:26,True,https://metroonline.page.link/cjct
Colgate Toothbrush Twin Pack Zigzag,190,False,0,2,5,Health and Beauty,Oral Care,Tooth Brushes,,12639882,2026-09-06 17:37:26,True,https://metroonline.page.link/n7Fa
Colgate Toothbrush Twin Pack Soft,160,False,112,100,5,Health and Beauty,Oral Care,Tooth Brushes,,12639881,2026-09-06 17:37:26,True,https://metroonline.page.link/h8k8
Colgate Toothbrush Twin Pack Medium,160,False,0,0,5,Health and Beauty,Oral Care,Tooth Brushes,,12639880,2026-09-06 17:37:26,True,https://metroonline.page.link/jNMn
Clear Lemon Fresh Shampoo 380ml,800,False,684,0,12,Health and Beauty,Hair Care,Shampoos,,12639879,2026-09-06 17:37:26,True,https://metroonline.page.link/oV91
Clear Complete Clean Shampoo 380ml,829,False,684,263,12,Health and Beauty,Hair Care,Shampoos,,12639878,2026-09-06 17:37:26,True,https://metroonline.page.link/fJcR
Capri White Soap 130GM x 6 pack,800,False,0,0,5,Health and Beauty,Bath and Soap,Fragrant,,12639875,2026-09-06 17:37:26,False,https://metroonline.page.link/PbgU
Capri Calming Glow Purple Soap,149,False,135,2750,5,Health and Beauty,Bath and Soap,Fragrant,,12639874,2026-09-06 17:37:26,True,https://metroonline.page.link/JPm3
Capri Purple Soap 130GM x 3 pack,189,False,0,0,5,Health and Beauty,Bath and Soap,Fragrant,,12639873,2026-09-06 17:37:26,False,https://metroonline.page.link/q1jA
CAPRI SOAP WHITE 150G X3 SP,490,False,385,39,24,Health and Beauty,Bath and Soap,Fragrant,,9999835,2026-09-06 17:37:26,True,https://metroonline.page.link/KzGs
CAPRI SOAP PURPLE 150G X3 SP,480,False,385,127,24,Health and Beauty,Bath and Soap,Fragrant,,9999837,2026-09-06 17:37:26,True,https://metroonline.page.link/8EzV
Capri Purple Soap 130GM x 6 pack,800,False,649,0,5,Health and Beauty,Bath and Soap,Fragrant,,12639870,2026-09-06 17:37:26,False,https://metroonline.page.link/tZLg
Butterfly Long Ultra Big Saver Sanitary Pads Large,375,False,0,0,5,Health and Beauty,Toiletries,Women Care,,12639864,2026-09-06 17:37:26,False,https://metroonline.page.link/WYyG
Butterfly Ultra Thin Economy Sanitary Pads Extra Large,199,False,209,0,5,Health and Beauty,Toiletries,Women Care,,12639862,2026-09-06 17:37:26,True,https://metroonline.page.link/pWnT
Butterfly Panty Liners,330,False,428,51,5,Health and Beauty,Toiletries,Women Care,,12639861,2026-09-06 17:37:26,True,https://metroonline.page.link/DK3Z
Butterfly Ultra Thin Dry Mesh Sanitary Pads Extra Large,299,False,0,0,5,Health and Beauty,Toiletries,Women Care,,12639860,2026-09-06 17:37:26,False,https://metroonline.page.link/hR3w
Butterfly Ultra Thin Dry Mesh Sanitary Pads Large,299,False,0,0,5,Health and Beauty,Toiletries,Women Care,,12639859,2026-09-06 17:37:26,False,https://metroonline.page.link/X7uc
Butterfly Ultra Thin Cottony Sanitary Pads Extra Long 10Pcs,375,False,344,61,24,Health and Beauty,Toiletries,Women Care,,12639858,2026-09-06 17:37:26,True,https://metroonline.page.link/cFKJ
Butterfly Ultra Thin Cottony Sanitary Pads Large,299,False,268,287,24,Health and Beauty,Toiletries,Women Care,,12639857,2026-09-06 17:37:26,True,https://metroonline.page.link/CQQr
Butterfly Ultra Thin Cottony Sanitary Pads Extra Long 7Pcs,299,False,268,466,24,Health and Beauty,Toiletries,Women Care,,12639856,2026-09-06 17:37:26,True,https://metroonline.page.link/XZDV
Butterfly Maxi Net Mesh L Value Pack,540,False,525,363,12,Health and Beauty,Toiletries,Women Care,,12639855,2026-09-06 17:37:26,True,https://metroonline.page.link/nWA7
Butterfly Maxi Net Mesh XL Value Pack,540,False,525,898,12,Health and Beauty,Toiletries,Women Care,,12639854,2026-09-06 17:37:26,True,https://metroonline.page.link/Q1LM
Butterfly Maxi Net Mesh L,299,False,299,868,24,Health and Beauty,Toiletries,Women Care,,12639853,2026-09-06 17:37:26,True,https://metroonline.page.link/oRfh
Butterfly Maxi Cotton XL,290,False,299,74,24,Health and Beauty,Toiletries,Women Care,,12639852,2026-09-06 17:37:26,True,https://metroonline.page.link/nXWe
Butterfly Maxi Cotton L,299,False,299,25,24,Health and Beauty,Toiletries,Women Care,,12639851,2026-09-06 17:37:26,True,https://metroonline.page.link/jg3L
Bold Gas Body Spray Zodiac,481,False,0,0,5,Health and Beauty,Fragrances,Body Sprays and Body Mists,,12639845,2026-09-06 17:37:26,False,https://metroonline.page.link/MAAW
Bold Gas Body Spray Prime,481,False,0,0,5,Health and Beauty,Fragrances,Body Sprays and Body Mists,,12639844,2026-09-06 17:37:26,False,https://metroonline.page.link/DPQ5
Bold Gas Body Spray Neo,481,False,0,0,5,Health and Beauty,Fragrances,Body Sprays and Body Mists,,12639843,2026-09-06 17:37:26,False,https://metroonline.page.link/bjz2
Bold Gas Body Spray Maverick,481,False,0,0,5,Health and Beauty,Fragrances,Body Sprays and Body Mists,,12639842,2026-09-06 17:37:26,False,https://metroonline.page.link/BEmh
Bold Gas Body Spray Groove,481,False,0,0,5,Health and Beauty,Fragrances,Body Sprays and Body Mists,,12639841,2026-09-06 17:37:26,False,https://metroonline.page.link/igiq
Bold Gas Body Spray Alpha,481,False,0,0,5,Health and Beauty,Fragrances,Body Sprays and Body Mists,,12639840,2026-09-06 17:37:26,False,https://metroonline.page.link/mj1X
Bold Facewash Oil Control 100ml,320,False,0,0,5,Health and Beauty,Skin Care,Facewashes,,12639839,2026-09-06 17:37:26,False,https://metroonline.page.link/VL4A
Bold Facewash Insta White 100ml,320,False,0,0,5,Health and Beauty,Skin Care,Facewashes,,12639838,2026-09-06 17:37:26,False,https://metroonline.page.link/izFA
Bold Facewash Hydra Boost 100ml,320,False,0,0,5,Health and Beauty,Skin Care,Facewashes,,12639837,2026-09-06 17:37:26,False,https://metroonline.page.link/g2YK
Bold Zero Body Spray Noir 120ml,645,False,0,0,5,Health and Beauty,Fragrances,Body Sprays and Body Mists,,12639836,2026-09-06 17:37:26,False,https://metroonline.page.link/XVhL
Bold Zero Body Spray Intense 120ml,645,False,0,0,5,Health and Beauty,Fragrances,Body Sprays and Body Mists,,12639835,2026-09-06 17:37:26,False,https://metroonline.page.link/daXw
Bold Zero Body Spray Aqua 120ml,645,False,402,0,5,Health and Beauty,Fragrances,Body Sprays and Body Mists,,12639834,2026-09-06 17:37:26,False,https://metroonline.page.link/D6SX
Bold Body Spray Sport Black Collection 120 ml,581,False,0,0,5,Health and Beauty,Fragrances,Body Sprays and Body Mists,,12639833,2026-09-06 17:37:26,False,https://metroonline.page.link/tq5e
Bold Body Spray Noir Black Collection 120 ml,581,False,0,0,5,Health and Beauty,Fragrances,Body Sprays and Body Mists,,12639832,2026-09-06 17:37:26,False,https://metroonline.page.link/fqDM
Bold Body Spray Infinity Black Collection 120 ml,581,False,0,0,5,Health and Beauty,Fragrances,Body Sprays and Body Mists,,12639831,2026-09-06 17:37:26,False,https://metroonline.page.link/fngz
Bold Body Spray Fresh Black Collection 120 ml,581,False,0,0,5,Health and Beauty,Fragrances,Body Sprays and Body Mists,,12639830,2026-09-06 17:37:26,False,https://metroonline.page.link/bFYP
Bold Body Spray Classic Black Collection 120 ml,581,False,0,0,5,Health and Beauty,Fragrances,Body Sprays and Body Mists,,12639829,2026-09-06 17:37:26,False,https://metroonline.page.link/wfNW
Bold Body Spray Active Black Collection 120ML,581,False,0,0,5,Health and Beauty,Fragrances,Body Sprays and Body Mists,,12639828,2026-09-06 17:37:26,False,https://metroonline.page.link/Ny8m
Bold Body Spray Vintage 120 ml,581,False,0,0,5,Health and Beauty,Fragrances,Body Sprays and Body Mists,,12639827,2026-09-06 17:37:26,False,https://metroonline.page.link/oFCG
Bold Body Spray Soul 120 ml,581,False,0,0,5,Health and Beauty,Fragrances,Body Sprays and Body Mists,,12639826,2026-09-06 17:37:26,False,https://metroonline.page.link/Rsk6
Bold Body Spray Revive 120 ml,625,False,0,0,5,Health and Beauty,Fragrances,Body Sprays and Body Mists,,12639825,2026-09-06 17:37:26,False,https://metroonline.page.link/aFxX
Bold Body Spray Noir 120 ml,581,False,0,0,5,Health and Beauty,Fragrances,Body Sprays and Body Mists,,12639823,2026-09-06 17:37:26,False,https://metroonline.page.link/MLZq
290471	Bold Body Spray Musk 120ml,625,False,0,0,5,Health and Beauty,Fragrances,Body Sprays and Body Mists,,12639822,2026-09-06 17:37:26,False,https://metroonline.page.link/3QWo
Bold Body Spray Intense 120ml,581,False,0,0,5,Health and Beauty,Fragrances,Body Sprays and Body Mists,,12639821,2026-09-06 17:37:26,False,https://metroonline.page.link/Pyuz
Bold Body Spray Ice 120ml,581,False,432,0,5,Health and Beauty,Fragrances,Body Sprays and Body Mists,,12639819,2026-09-06 17:37:26,False,https://metroonline.page.link/g7Dv
Bold Body Spray Electric 120ml,581,False,0,0,5,Health and Beauty,Fragrances,Body Sprays and Body Mists,,12639818,2026-09-06 17:37:26,False,https://metroonline.page.link/SXMU
Bold Body Spray Champion 120ml,581,False,0,0,5,Health and Beauty,Fragrances,Body Sprays and Body Mists,,12639817,2026-09-06 17:37:26,False,https://metroonline.page.link/4odh
Bold Body Spray Allure 120ml,581,False,0,0,5,Health and Beauty,Fragrances,Body Sprays and Body Mists,,12639816,2026-09-06 17:37:26,False,https://metroonline.page.link/mVBH
Dettol Antibacterial Cool Soap 85GM x3,362,False,0,0,5,Health and Beauty,Bath and Soap,Antibacterial,,12639699,2026-09-06 17:37:26,True,https://metroonline.page.link/RSae
Head and Shoulders Classic Clean Shampoo 75ML,218,False,205,0,5,Health and Beauty,Hair Care,Shampoos,,12639691,2026-09-06 17:37:26,True,https://metroonline.page.link/oqK8
Anne French Lotion 78g,240,False,160,0,5,Health and Beauty,Toiletries,Women Care,,12639633,2026-09-06 17:37:26,True,https://metroonline.page.link/Q6nm
Anne French Lotion 40g,135,False,0,0,5,Health and Beauty,Toiletries,Women Care,,12639632,2026-09-06 17:37:26,True,https://metroonline.page.link/1U9L
Anne French Cream 56g,195,False,155,0,5,Health and Beauty,Toiletries,Women Care,,12639631,2026-09-06 17:37:26,True,https://metroonline.page.link/SBN5
Anne French Cream 25g,125,False,0,1,5,Health and Beauty,Toiletries,Women Care,,12639630,2026-09-06 17:37:26,True,https://metroonline.page.link/amkJ
Always Thick T5 Night,400,False,410,0,16,Health and Beauty,Toiletries,Women Care,,12639554,2026-09-06 17:37:26,True,https://metroonline.page.link/irPE
Always Feather Soft 2in1 T5 Trios,1152,False,0,0,2,Health and Beauty,Toiletries,Women Care,,12639553,2026-09-06 17:37:26,False,https://metroonline.page.link/Dznk
Head  Shoulders 2in1 Silky Black 360ml,1080,False,0,0,5,Health and Beauty,Hair Care,Shampoos,,12639539,2026-09-06 17:37:26,False,https://metroonline.page.link/gu9y
Head  Shoulders 2in1 Silky Black 190ml,600,False,0,0,5,Health and Beauty,Hair Care,Shampoos,,12639538,2026-09-06 17:37:26,False,https://metroonline.page.link/G5Mn
Gillette Simply Venus 3 Blades 1s,367,False,0,0,5,Health and Beauty,Toiletries,Women Care,,12639522,2026-09-06 17:37:26,True,https://metroonline.page.link/zyAs
Gillette Fusion Progpow Cart 4,5780,False,0,0,5,Health and Beauty,Toiletries,Men Grooming,,12639519,2026-09-06 17:37:26,True,https://metroonline.page.link/gxeV
Garnier Hair Color Natural Black 1.0 Sachet,199,False,155,49,5,Health and Beauty,Hair Care,Hair Colors,,12639515,2026-09-06 17:37:26,True,https://metroonline.page.link/BjLT
Garnier Face Wash  Shaving Foam For Men 50ml,519,False,359,9,5,Health and Beauty,Skin Care,Facewashes,,12639514,2026-09-06 17:37:26,True,https://metroonline.page.link/QgWa
Garnier Face Wash  Shaving Foam For Men 100ml,949,False,659,47,5,Health and Beauty,Skin Care,Facewashes,,12639513,2026-09-06 17:37:26,True,https://metroonline.page.link/Xxfx
Garnier Color Natural Dark Shiny Brown 4.7,1099,True,825,14,5,Health and Beauty,Hair Care,Hair Colors,,12639512,2026-09-06 17:37:26,True,https://metroonline.page.link/USpQ
Garnier Charcoal Mask Black Algae,754,False,0,0,5,Health and Beauty,Skin Care,Masks and Cleansers,,12639511,2026-09-06 17:37:26,False,https://metroonline.page.link/9MLh
Garnier Charcoal Mask Black Tea,754,False,0,0,5,Health and Beauty,Skin Care,Masks and Cleansers,,12639510,2026-09-06 17:37:26,False,https://metroonline.page.link/Xex5
Garnier 3in1 Face Wash Charcoal 50ml,466,False,349,0,5,Health and Beauty,Skin Care,Facewashes,,12639509,2026-09-06 17:37:26,False,https://metroonline.page.link/SQi7
GARNIER 3IN1 FW C.COAL 100ML,900,True,749,12,5,Health and Beauty,Skin Care,Facewashes,,9999819,2026-09-06 17:37:26,True,https://metroonline.page.link/k52p
FA Roll On Mystic Moments 50ml,199,False,0,0,5,Health and Beauty,Fragrances,Anti Perspirants,,12639496,2026-09-06 17:37:26,False,https://metroonline.page.link/9d9p
FA Roll On Caribbean Lemon 50ml,199,False,0,0,5,Health and Beauty,Fragrances,Anti Perspirants,,12639494,2026-09-06 17:37:26,False,https://metroonline.page.link/WemQ
Doctor Laung Toothpaste 35GM,98,False,0,0,5,Health and Beauty,Skin Care,Lotions and Sunscreen,,12639480,2026-09-06 17:37:26,True,https://metroonline.page.link/8ukW
Doctor Toothpaste Medium 40GM,90,False,69,0,5,Health and Beauty,Oral Care,Tooth Pastes,,12639476,2026-09-06 17:37:26,True,https://metroonline.page.link/vNM5
Doctor Toothpaste Large Brush Pack 70GM,182,False,193,47,5,Health and Beauty,Oral Care,Tooth Pastes,,12639475,2026-09-06 17:37:26,True,https://metroonline.page.link/E7Le
Doctor Toothpaste Large 70GM,190,False,0,0,5,Health and Beauty,Oral Care,Tooth Pastes,,12639474,2026-09-06 17:37:26,True,https://metroonline.page.link/ncYv
Doctor Tooth Paste 140GM,273,False,199,0,5,Health and Beauty,Oral Care,Tooth Pastes,,12639473,2026-09-06 17:37:26,True,https://metroonline.page.link/YFsb
Doctor Toothpaste Family Brush Pack 100GM,150,False,0,0,5,Health and Beauty,Oral Care,Tooth Pastes,,12639472,2026-09-06 17:37:26,False,https://metroonline.page.link/bhwU
Doctor Tooth Paste 90GM,250,False,199,0,5,Health and Beauty,Oral Care,Tooth Pastes,,12639471,2026-09-06 17:37:26,True,https://metroonline.page.link/U9hj
Doctor Tooth Paste 180GM,450,False,350,48,5,Health and Beauty,Oral Care,Tooth Pastes,,12639470,2026-09-06 17:37:26,True,https://metroonline.page.link/p1JE
Doctor Prickly Heat Cream 80G,200,False,0,0,5,Health and Beauty,Skin Care,Creams,,12639468,2026-09-06 17:37:26,True,https://metroonline.page.link/UdVz
Doctor Anti lice Shampoo 50ML,117,False,0,0,5,Health and Beauty,Hair Care,Shampoos,,12639467,2026-09-06 17:37:26,True,https://metroonline.page.link/ueLW
Doctor Anti lice Shampoo 100ML,190,False,0,0,5,Health and Beauty,Hair Care,Shampoos,,12639466,2026-09-06 17:37:26,True,https://metroonline.page.link/hdtJ
Dettol Soap Aloe Soothe 85GM x3,363,False,0,0,5,Health and Beauty,Bath and Soap,Antibacterial,,12639450,2026-09-06 17:37:26,False,https://metroonline.page.link/mcQL
Dettol Soap Fresh 110GM CP,498,False,509,27,5,Health and Beauty,Bath and Soap,Antibacterial,,9999876,2026-09-06 17:37:26,True,https://metroonline.page.link/gtWR
Dettol Soap Fresh 110GM,155,False,0,64,5,Health and Beauty,Bath and Soap,Antibacterial,,12639447,2026-09-06 17:37:26,True,https://metroonline.page.link/zu77
Dettol Hand Sanitizer Original 200ML,726,False,0,0,5,Health and Beauty,Bath and Soap,Hand and Body Washes,,12639445,2026-09-06 17:37:26,False,https://metroonline.page.link/uRc3
Dettol Liquid Hand Wash Refill Skin Care 750ML,1030,False,0,0,5,Health and Beauty,Bath and Soap,Hand and Body Washes,,12639444,2026-09-06 17:37:26,False,https://metroonline.page.link/DcZY
Colgate Tooth Brush Wonder Woman ,199,False,0,160,5,Health and Beauty,Oral Care,Tooth Brushes,,12639442,2026-09-06 17:37:26,True,https://metroonline.page.link/H6PF
Colgate Tooth Brush Batman ,199,True,169,65,5,Health and Beauty,Oral Care,Tooth Brushes,,12639441,2026-09-06 17:37:26,True,https://metroonline.page.link/X4zP
Colgate Tooth Brush Zig Zag Plus ,129,False,0,0,5,Health and Beauty,Oral Care,Tooth Brushes,,12639440,2026-09-06 17:37:26,True,https://metroonline.page.link/PbSg
Parodontax Tooth Paste Herbal 100g,345,False,0,0,5,Health and Beauty,Oral Care,Tooth Pastes,,12639315,2026-09-06 17:37:26,True,https://metroonline.page.link/Ex1C
Parley Natural Fairness Cream 70g,345,False,0,0,5,Health and Beauty,Skin Care,Creams,,12639314,2026-09-06 17:37:26,True,https://metroonline.page.link/Lq9y
Parley Face Wash Creamy Peach 70ml,195,False,0,0,5,Health and Beauty,Skin Care,Creams,,12639311,2026-09-06 17:37:26,True,https://metroonline.page.link/M79e
Parley Face Wash Fairness Cream 70g,195,False,0,0,5,Health and Beauty,Skin Care,Creams,,12639309,2026-09-06 17:37:26,True,https://metroonline.page.link/RjgY
Parley No Marks Cream 25g,345,False,0,0,5,Health and Beauty,Skin Care,Creams,,12639308,2026-09-06 17:37:26,True,https://metroonline.page.link/FiCR
Parley Natural Fairness Cream 25g,349,False,0,0,5,Health and Beauty,Skin Care,Creams,,12639307,2026-09-06 17:37:26,False,https://metroonline.page.link/rkEb
Pantene Shampoo Milky Extra Treatment 1L,1933,False,1755,0,8,Health and Beauty,Hair Care,Shampoos,,12639293,2026-09-06 17:37:26,True,https://metroonline.page.link/G2Fu
Pantene Shampoo Milky Extra Treatment 75ml,188,False,0,0,5,Health and Beauty,Hair Care,Shampoos,,12639291,2026-09-06 17:37:26,True,https://metroonline.page.link/hREE
Palmolive Natural Shampoo Brilliant Shine 180ml,400,False,331,69,24,Health and Beauty,Hair Care,Shampoos,,12639289,2026-09-06 17:37:26,True,https://metroonline.page.link/KLaK
Palmolive Natural Shampoo Anti-Hairfall 180ml,435,False,331,236,24,Health and Beauty,Hair Care,Shampoos,,12639288,2026-09-06 17:37:26,True,https://metroonline.page.link/KGHU
PALMOLIVE SOAP RADIANT 165G,175,False,169,249,5,Health and Beauty,Bath and Soap,Antibacterial,,9999879,2026-09-06 17:37:26,True,https://metroonline.page.link/Xigx
PALMOLIVE SOAP MOISTUR 165G,189,False,169,1100,5,Health and Beauty,Bath and Soap,Fragrant,,9999853,2026-09-06 17:37:26,True,https://metroonline.page.link/h9ZZ
Palmolive Shampoo Healthy  Smooth 700ml,1147,False,1035,67,5,Health and Beauty,Hair Care,Shampoos,,12639284,2026-09-06 17:37:26,True,https://metroonline.page.link/3r6D
PALMOLIVE H.W MILK+HONEY 225ML,337,False,299,67,5,Health and Beauty,Bath and Soap,Antibacterial,,9999849,2026-09-06 17:37:26,True,https://metroonline.page.link/bspJ
Palmolive Hand Wash Antibacterial 450ML,545,False,479,28,5,Health and Beauty,Bath and Soap,Antibacterial,,9999847,2026-09-06 17:37:26,True,https://metroonline.page.link/72pQ
PALMOLIVE H.W ANTBAC 450ML PCH,471,False,415,97,5,Health and Beauty,Bath and Soap,Antibacterial,,9999844,2026-09-06 17:37:26,True,https://metroonline.page.link/hrqi
PALMOLIVE H.W ANTBAC 1L PCH,873,False,755,51,5,Health and Beauty,Bath and Soap,Antibacterial,,9999859,2026-09-06 17:37:26,True,https://metroonline.page.link/Dq6m
PALMOLIVE H.W AL+CHM 450ML PCH,475,False,415,46,5,Health and Beauty,Bath and Soap,Antibacterial,,9999846,2026-09-06 17:37:26,True,https://metroonline.page.link/pY46
PALMOLIVE H.W AL+CHM 1L PCH,873,False,755,40,5,Health and Beauty,Bath and Soap,Antibacterial,,9999865,2026-09-06 17:37:26,True,https://metroonline.page.link/ZKGc
Palmolive Hand Wash Aloe Vera & Chamomile 450ML,545,False,479,104,5,Health and Beauty,Bath and Soap,Antibacterial,,9999568,2026-09-06 17:37:26,True,https://metroonline.page.link/4YQU
PALMOLIVE H.W AL + CHM 225ML,337,False,299,23,5,Health and Beauty,Bath and Soap,Antibacterial,,9999839,2026-09-06 17:37:26,True,https://metroonline.page.link/weJH
Veet Lotion Nikhar 25G,124,False,0,0,5,Health and Beauty,Toiletries,Women Care,,12639264,2026-09-06 17:37:26,False,https://metroonline.page.link/n3d5
Veet Lotion Nikhar 100G,876,False,0,0,5,Health and Beauty,Toiletries,Women Care,,12639263,2026-09-06 17:37:26,False,https://metroonline.page.link/mYLb
Veet Lotion Sensitive Skin 120G,689,False,675,54,5,Health and Beauty,Toiletries,Women Care,,12639262,2026-09-06 17:37:26,True,https://metroonline.page.link/MXxS
Veet Lotion Nikhar 80G,491,False,0,0,5,Health and Beauty,Toiletries,Women Care,,12639261,2026-09-06 17:37:26,False,https://metroonline.page.link/ddvr
Veet Lotion Nikhar 40G,247,False,0,0,5,Health and Beauty,Toiletries,Women Care,,12639260,2026-09-06 17:37:26,False,https://metroonline.page.link/5Ynq
Veet Face Wax Sensitive Skin 8 Strips,349,False,360,15,5,Health and Beauty,Toiletries,Women Care,,12639259,2026-09-06 17:37:26,True,https://metroonline.page.link/Sh5Q
Vatika Shampoo Volume & Thickness 360ML,794,False,650,0,5,Health and Beauty,Hair Care,Shampoos,,12639258,2026-09-06 17:37:26,True,https://metroonline.page.link/6taV
Vatika Shampoo Nourish  Protect  200ML,435,False,380,20,6,Health and Beauty,Hair Care,Shampoos,,12639257,2026-09-06 17:37:26,True,https://metroonline.page.link/Ac9t
Vatika Shampoo Nourish  Protect  400ML,794,False,0,0,5,Health and Beauty,Hair Care,Shampoos,,12639256,2026-09-06 17:37:26,True,https://metroonline.page.link/VZyZ
Vatika Shampoo Moisture Treatment 200ML,435,False,350,29,5,Health and Beauty,Hair Care,Shampoos,,12639255,2026-09-06 17:37:26,True,https://metroonline.page.link/buLq
Vatika Shampoo Black Seed 400ML,719,False,0,51,5,Health and Beauty,Hair Care,Shampoos,,12639254,2026-09-06 17:37:26,True,https://metroonline.page.link/VQCy
Vatika Shampoo Black Seed 200ML,435,False,0,24,5,Health and Beauty,Hair Care,Shampoos,,12639253,2026-09-06 17:37:26,True,https://metroonline.page.link/PJQT
Vatika Shampoo Argan 400ML,719,False,0,0,5,Health and Beauty,Hair Care,Shampoos,,12639252,2026-09-06 17:37:26,True,https://metroonline.page.link/sr7V
Vatika Shampoo Argan 200ML,494,False,0,0,5,Health and Beauty,Hair Care,Shampoos,,12639251,2026-09-06 17:37:26,True,https://metroonline.page.link/vF1f
Vatika Hair Oil Garlic 100ML,350,False,0,3,5,Health and Beauty,Hair Care,Oils and Serums,,12639250,2026-09-06 17:37:26,True,https://metroonline.page.link/6bHb
Vatika Hair Oil Coconut 200ML,715,False,0,1,5,Health and Beauty,Hair Care,Oils and Serums,,12639249,2026-09-06 17:37:26,True,https://metroonline.page.link/tpaq
Vatika Hair Oil Coconut 100ML,385,False,0,0,5,Health and Beauty,Hair Care,Oils and Serums,,12639248,2026-09-06 17:37:26,True,https://metroonline.page.link/42C9
Vatika Hair Oil Argan 100ML,385,False,0,0,5,Health and Beauty,Hair Care,Oils and Serums,,12639247,2026-09-06 17:37:26,True,https://metroonline.page.link/5kXm
Vatika Hair Oil Cactus 200ML,715,False,0,0,5,Health and Beauty,Hair Care,Oils and Serums,,12639244,2026-09-06 17:37:26,True,https://metroonline.page.link/7deE
Vatika Hair Oil Cactus 100ML,365,False,0,19,5,Health and Beauty,Hair Care,Oils and Serums,,12639243,2026-09-06 17:37:26,True,https://metroonline.page.link/6e9e
Vatika Hair Oil Black Seed 200ML,560,False,0,81,5,Health and Beauty,Hair Care,Oils and Serums,,12639242,2026-09-06 17:37:26,True,https://metroonline.page.link/1K7s
Vatika Hair Oil Black Seed 100ML,385,False,0,0,5,Health and Beauty,Hair Care,Oils and Serums,,12639241,2026-09-06 17:37:26,True,https://metroonline.page.link/REsj
Vatika Hair Oil Argan 200ML,715,False,0,0,5,Health and Beauty,Hair Care,Oils and Serums,,12639240,2026-09-06 17:37:26,True,https://metroonline.page.link/w6TB
Truly Whitening Toothpaste Medium 40G,100,False,0,451,5,Health and Beauty,Oral Care,Tooth Pastes,,12639236,2026-09-06 17:37:26,True,https://metroonline.page.link/EZhz
Truly Whitening Toothpaste Large 70G,131,False,0,495,5,Health and Beauty,Oral Care,Tooth Pastes,,12639235,2026-09-06 17:37:26,True,https://metroonline.page.link/dwA6
Truly Smokers Toothpaste Family 70G,131,False,0,3,5,Health and Beauty,Oral Care,Tooth Pastes,,12639233,2026-09-06 17:37:26,True,https://metroonline.page.link/csJV
Truly Smokers Toothpaste Family 120G,228,False,0,0,5,Health and Beauty,Oral Care,Tooth Pastes,,12639232,2026-09-06 17:37:26,True,https://metroonline.page.link/dZa3
Tresemme Shampoo Revitalise 650ML,1535,False,1224,43,6,Health and Beauty,Hair Care,Shampoos,,12639231,2026-09-06 17:37:26,True,https://metroonline.page.link/UXuG
Tresemme Shampoo Revitalise 170ML,450,False,408,82,24,Health and Beauty,Hair Care,Shampoos,,12639230,2026-09-06 17:37:26,True,https://metroonline.page.link/yzbZ
Tresemme Shampoo Protein Thickness 650ML,1459,False,1299,0,6,Health and Beauty,Hair Care,Shampoos,,12639229,2026-09-06 17:37:26,True,https://metroonline.page.link/LMDr
Tresemme Shampoo Keratin Smooth 170ML,495,False,475,633,24,Health and Beauty,Hair Care,Shampoos,,12639228,2026-09-06 17:37:26,True,https://metroonline.page.link/8FE9
Sunsilk Shampoo Refresh 185ML,285,False,244,0,24,Health and Beauty,Hair Care,Shampoos,,12639225,2026-09-06 17:37:26,False,https://metroonline.page.link/eM3c
Nivea Purifying Face Wash Gel 150ML,1800,False,0,12,5,Health and Beauty,Skin Care,Facewashes,,12639184,2026-09-06 17:37:26,True,https://metroonline.page.link/eM5h
Nivea Shower Gel Deep for Men 250ml,1518,False,0,16,5,Health and Beauty,Bath and Soap,Hand and Body Washes,,12639183,2026-09-06 17:37:26,True,https://metroonline.page.link/KCSD
Nivea Cream Tin 60ml,1200,False,999,137,5,Health and Beauty,Skin Care,Creams,,12639179,2026-09-06 17:37:26,True,https://metroonline.page.link/zUkU
Nivea Body Lotion Aloe Vera 400ML,2025,False,1870,5,5,Health and Beauty,Skin Care,Creams,,12639177,2026-09-06 17:37:26,True,https://metroonline.page.link/kQ1T
Nivea After Shave Balm 100ml,1840,False,0,0,5,Health and Beauty,Toiletries,Men Grooming,,12639176,2026-09-06 17:37:26,False,https://metroonline.page.link/9WCd
Sensodyne Gumcare Extra Soft Tooth brush,219,False,0,137,5,Health and Beauty,Oral Care,Tooth Brushes,,12639065,2026-09-06 17:37:26,True,https://metroonline.page.link/rBT3
Sensodyne Gumcare Tooth brush,219,False,208,149,5,Health and Beauty,Oral Care,Tooth Brushes,,12639064,2026-09-06 17:37:26,True,https://metroonline.page.link/4uQj
Safeguard Soap Lemon Fresh 175G,223,False,0,0,5,Health and Beauty,Bath and Soap,Antibacterial,,12639056,2026-09-06 17:37:26,True,https://metroonline.page.link/Qj7G
Safeguard Soap Floral 103G,129,False,127,0,5,Health and Beauty,Bath and Soap,Antibacterial,,12639055,2026-09-06 17:37:26,True,https://metroonline.page.link/1uSM
Protex Gentle Soap 95GM,130,False,119,123,48,Health and Beauty,Bath and Soap,Antibacterial,,12639034,2026-09-06 17:37:26,True,https://metroonline.page.link/tLCX
Protex Soap Aloe 95GM,130,False,119,83,48,Health and Beauty,Bath and Soap,Antibacterial,,12639033,2026-09-06 17:37:26,True,https://metroonline.page.link/wRSw
Protex Liquid Handwash Balance Pouch 450ml,430,False,0,0,5,Health and Beauty,Bath and Soap,Antibacterial,,12639032,2026-09-06 17:37:26,False,https://metroonline.page.link/UQeE
Protex Liquid Handwash Balance Bottle 225ML,337,False,0,0,5,Health and Beauty,Bath and Soap,Antibacterial,,12639031,2026-09-06 17:37:26,True,https://metroonline.page.link/uxN8
Pantene Pro-V 2 in 1 Shampoo + Conditioner - Advanced Hairfall Solution Smooth and Strong 185ml,540,False,0,0,5,Health and Beauty,Hair Care,Shampoos,,12639014,2026-09-06 17:37:26,False,https://metroonline.page.link/mkvn
Pantene Pro-V 2 in 1 Shampoo + Conditioner - Advanced Hairfall Solution Black 185ml,540,False,0,0,5,Health and Beauty,Hair Care,Shampoos,,12639013,2026-09-06 17:37:26,False,https://metroonline.page.link/zKG3
Safeguard Liquid Handwash Floral Scent 375ML,469,False,0,0,5,Health and Beauty,Bath and Soap,Hand and Body Washes,,12638927,2026-09-06 17:37:26,False,https://metroonline.page.link/qDvW
Safeguard Liquid Handwash Lemon Fresh 375ML,469,False,0,0,5,Health and Beauty,Bath and Soap,Hand and Body Washes,,12638926,2026-09-06 17:37:26,False,https://metroonline.page.link/rjU2
Safeguard Liquid Handwash Floral Scent 420ML,554,False,0,0,5,Health and Beauty,Bath and Soap,Hand and Body Washes,,12638925,2026-09-06 17:37:26,False,https://metroonline.page.link/usvR
Safeguard Liquid Handwash Pure White 420 ML,554,False,0,0,5,Health and Beauty,Bath and Soap,Hand and Body Washes,,12638783,2026-09-06 17:37:26,False,https://metroonline.page.link/fA7Z
Safeguard Liquid Handwash Pure White 180ML,229,False,0,0,5,Health and Beauty,Bath and Soap,Hand and Body Washes,,12638782,2026-09-06 17:37:26,False,https://metroonline.page.link/fWt2
Safeguard Liquid Handwash Floral Scent 200ML,274,False,0,0,5,Health and Beauty,Bath and Soap,Hand and Body Washes,,12638781,2026-09-06 17:37:26,False,https://metroonline.page.link/Zsbu
Safeguard Liquid Handwash Lemon Fresh 225ML,274,False,0,0,5,Health and Beauty,Bath and Soap,Hand and Body Washes,,12638780,2026-09-06 17:37:26,False,https://metroonline.page.link/CdSd
Safeguard Soap Floral Scent Bundle Pack 175G X 3,654,False,507,0,5,Health and Beauty,Bath and Soap,Antibacterial,,12638779,2026-09-06 17:37:26,True,https://metroonline.page.link/NQdt
Safeguard Soap Lemon Fresh Bundle Pack 175G X 3,654,False,0,0,5,Health and Beauty,Bath and Soap,Antibacterial,,12638778,2026-09-06 17:37:26,True,https://metroonline.page.link/fCwA
Safeguard Soap Pure White Bundle Pack 175G X 3,654,False,0,0,5,Health and Beauty,Bath and Soap,Antibacterial,,12638777,2026-09-06 17:37:26,True,https://metroonline.page.link/B3cJ
Always Sanitary Napkins Ultra Thin Quattro Packs,1552,False,1520,0,5,Health and Beauty,Toiletries,Women Care,,12638776,2026-09-06 17:37:26,True,https://metroonline.page.link/Yf5P
Always Sanitary Napkins Maxi Thick Night Double Pack,809,False,0,0,5,Health and Beauty,Toiletries,Women Care,,12638775,2026-09-06 17:37:26,False,https://metroonline.page.link/XdjF
Pantene Shampoo Anti-Hairfall 1L,1933,False,1755,0,8,Health and Beauty,Hair Care,Shampoos,,12638773,2026-09-06 17:37:26,True,https://metroonline.page.link/oz4P
Head  Shoulders Shampoo Neem 360ML,793,False,785,0,10,Health and Beauty,Hair Care,Shampoos,,12638770,2026-09-06 17:37:26,True,https://metroonline.page.link/NZWd
Head & Shoulder Neem Shmapoo 185ML,466,False,437,0,10,Health and Beauty,Hair Care,Shampoos,,12638769,2026-09-06 17:37:26,True,https://metroonline.page.link/xsr6
Head and Shoulders Shampoo Silky Black 1L,2181,False,1862,0,8,Health and Beauty,Hair Care,Shampoos,,12638768,2026-09-06 17:37:26,True,https://metroonline.page.link/gjuV
Head and Shoulders Shampoo Anti-Hairfall 1L,2099,False,1862,0,8,Health and Beauty,Hair Care,Shampoos,,12638767,2026-09-06 17:37:26,True,https://metroonline.page.link/omC8
Head  Shoulders Shampoo 2in1 Smooth  Silky 360ML,1080,False,0,0,10,Health and Beauty,Hair Care,Shampoos,,12638766,2026-09-06 17:37:26,False,https://metroonline.page.link/CRJV
Head and Shoulders Shampoo 2in1 Classic Clean 360ML,1080,False,0,0,10,Health and Beauty,Hair Care,Shampoos,,12638764,2026-09-06 17:37:26,False,https://metroonline.page.link/NDqa
Tresemme Shampoo Protein Thickness with Collagen 170ML,550,False,408,86,24,Health and Beauty,Hair Care,Shampoos,,12638761,2026-09-06 17:37:26,True,https://metroonline.page.link/79xW
Tresemme Shampoo Protein Thickness 370ML,849,False,750,0,12,Health and Beauty,Hair Care,Shampoos,,12638673,2026-09-06 17:37:26,True,https://metroonline.page.link/vWSy
Palmolive Naturals Soap Refreshing Glow 135GM,156,False,0,38,5,Health and Beauty,Bath and Soap,Fragrant,,12638536,2026-09-06 17:37:26,True,https://metroonline.page.link/mDVn
Dettol Soap Fresh 85GM,129,False,0,239,2,Health and Beauty,Bath and Soap,Antibacterial,,12638506,2026-09-06 17:37:26,True,https://metroonline.page.link/RMQr
Dettol Soap Original 85GM x3 ,367,False,357,114,10,Health and Beauty,Bath and Soap,Antibacterial,,12638407,2026-09-06 17:37:26,True,https://metroonline.page.link/PQd5
Dettol Soap Fresh 85GM x3,363,False,0,0,10,Health and Beauty,Bath and Soap,Antibacterial,,12638406,2026-09-06 17:37:26,False,https://metroonline.page.link/FVE1
Veet Nikhar 50gm,322,False,0,0,5,Health and Beauty,Toiletries,Women Care,,12638382,2026-09-06 17:37:26,False,https://metroonline.page.link/y5dY
Dettol Original Liquid Hand wash Refill 750ML,1225,True,1030,85,10,Health and Beauty,Bath and Soap,Hand and Body Washes,,12638375,2026-09-06 17:37:26,True,https://metroonline.page.link/CiqJ
Tresemme Shampoo Keratin Smooth 650ML,1635,False,1224,25,6,Health and Beauty,Hair Care,Shampoos,,12638352,2026-09-06 17:37:26,True,https://metroonline.page.link/RewP
Tresemme Shampoo Revitalise 370ML,930,False,718,73,12,Health and Beauty,Hair Care,Shampoos,,12638321,2026-09-06 17:37:26,True,https://metroonline.page.link/7h3G
Tresemme Keratin Smooth Shampoo 370ML,940,False,781,136,12,Health and Beauty,Hair Care,Shampoos,,12638312,2026-09-06 17:37:26,True,https://metroonline.page.link/G9xh
Nivea Roll-on Deodorant Natural Fairness Women 50ML,1500,False,1242,23,5,Health and Beauty,Fragrances,Anti Perspirants,,12638297,2026-09-06 17:37:26,True,https://metroonline.page.link/VS3X
Ponds Bright Beauty Cream  50gm,320,False,0,0,7,Health and Beauty,Skin Care,Creams,,12638269,2026-09-06 17:37:26,False,https://metroonline.page.link/Uweu
Nivea Face Wash Cream 150ml,1656,False,0,0,15,Health and Beauty,Skin Care,Creams,,12638268,2026-09-06 17:37:26,False,https://metroonline.page.link/g9wE
Nivea Cream Jar 300ml,2200,False,1999,15,15,Health and Beauty,Skin Care,Creams,,12638267,2026-09-06 17:37:26,True,https://metroonline.page.link/FWY3
Nivea Men Protect and Care Shaving Cream 100ml,1500,False,1449,0,15,Health and Beauty,Toiletries,Men Grooming,,12638266,2026-09-06 17:37:26,False,https://metroonline.page.link/j5T3
Nivea Men Protect and Care Shaving Foam 200ml,2200,False,1870,6,15,Health and Beauty,Toiletries,Men Grooming,,12638265,2026-09-06 17:37:26,True,https://metroonline.page.link/34YH
Nivea Cream Tin 150ml,2000,False,1799,35,15,Health and Beauty,Skin Care,Creams,,12638264,2026-09-06 17:37:26,True,https://metroonline.page.link/8dsZ
Nivea Body Lotion Cocoa Butter 400ML,1870,False,1870,16,5,Health and Beauty,Skin Care,Lotions and Sunscreen,,12638263,2026-09-06 17:37:26,True,https://metroonline.page.link/NP7m
Nivea Body Lotion Smooth 400ML,1870,False,1870,37,5,Health and Beauty,Skin Care,Lotions and Sunscreen,,12638262,2026-09-06 17:37:26,True,https://metroonline.page.link/JJQg
Sultan Rapeseed Mustard Oil 250ML,130,False,0,0,3,Health and Beauty,Hair Care,Oils and Serums,,12638188,2026-09-06 17:37:26,False,https://metroonline.page.link/T98f
Vatika Hair Fall Shampoo 360ML,794,False,650,0,5,Health and Beauty,Hair Care,Shampoos,,12638186,2026-09-06 17:37:26,True,https://metroonline.page.link/Sggf
LUX Velvet Touch White Trio 130GM,439,False,413,221,36,Health and Beauty,Bath and Soap,Fragrant,,12638179,2026-09-06 17:37:26,True,https://metroonline.page.link/vK8t
LUX Soft Touch Pink Trio 130GM,400,False,400,2796,36,Health and Beauty,Bath and Soap,Fragrant,,12638178,2026-09-06 17:37:26,False,https://metroonline.page.link/vrCU
Veet Face Wax Normal 8 Sheets,446,False,0,57,5,Health and Beauty,Toiletries,Women Care,,12638160,2026-09-06 17:37:26,True,https://metroonline.page.link/F5Ah
Palmolive Natural Shampoo Silky Straight 180ml,399,False,331,47,24,Health and Beauty,Hair Care,Shampoos,,12638111,2026-09-06 17:37:26,True,https://metroonline.page.link/24GU
Dettol Soap Original 110GM CP,494,False,509,149,2,Health and Beauty,Bath and Soap,Antibacterial,,9999836,2026-09-06 17:37:26,True,https://metroonline.page.link/UR9J
Metro Professional Hand Wash Antibacterial 5L,3299,False,2460,49,15,Health and Beauty,Bath and Soap,Hand and Body Washes,,12637937,2026-09-06 17:37:26,True,https://metroonline.page.link/BhxX
Ok Hand Wash 5L,1999,False,1526,90,15,Health and Beauty,OK,Hand and Body Washes,,12637936,2026-09-06 17:37:26,True,https://metroonline.page.link/TBXo
METRO PRO. HW ANTIBACTERIAL 500ML,525,False,410,0,15,Health and Beauty,Bath and Soap,Hand and Body Washes,,12637506,2026-09-06 17:37:26,False,https://metroonline.page.link/iXmu
Garnier Light Complete Fairness Cream 25ml,139,False,0,0,5,Health and Beauty,Skin Care,Creams,,12637228,2026-09-06 17:37:26,False,https://metroonline.page.link/zuSZ
Garnier Light Complete Face Wash 25ML,115,False,0,0,5,Health and Beauty,Skin Care,Facewashes,,12637178,2026-09-06 17:37:26,False,https://metroonline.page.link/Xwvb
Garnier Sakura White Hydra Bomb,754,False,0,0,5,Health and Beauty,Skin Care,Masks and Cleansers,,12637176,2026-09-06 17:37:26,False,https://metroonline.page.link/G45p
Garnier Chamomile Hydra Bomb,754,False,0,0,5,Health and Beauty,Skin Care,Masks and Cleansers,,12637175,2026-09-06 17:37:26,False,https://metroonline.page.link/NUsx
Garnier Green Tea Hydra Bomb,754,False,0,0,5,Health and Beauty,Skin Care,Masks and Cleansers,,12637174,2026-09-06 17:37:26,False,https://metroonline.page.link/5LFF
Garnier Pomegranate Hydra Bomb,754,False,0,0,5,Health and Beauty,Skin Care,Masks and Cleansers,,12637173,2026-09-06 17:37:26,False,https://metroonline.page.link/km9T
Garnier Hydra Tissue Eye Mask ,322,False,0,0,5,Health and Beauty,Skin Care,Masks and Cleansers,,12637172,2026-09-06 17:37:26,False,https://metroonline.page.link/3vBE
Garnier Light Complete Tissue Mask,754,False,0,0,15,Health and Beauty,Skin Care,Masks and Cleansers,,12637171,2026-09-06 17:37:26,False,https://metroonline.page.link/k17a
Garnier Light Complete Fairness Cream 40ML,399,False,0,16,5,Health and Beauty,Skin Care,Creams,,12637169,2026-09-06 17:37:26,True,https://metroonline.page.link/vHRw
Garnier Men Oil Clear Facewash 50ml,465,True,399,25,15,Health and Beauty,Skin Care,Facewashes,,12637168,2026-09-06 17:37:26,True,https://metroonline.page.link/XrN9
Garnier Men Power White Super,1099,False,0,0,5,Health and Beauty,Skin Care,Facewashes,,12637167,2026-09-06 17:37:26,False,https://metroonline.page.link/mb6S
Loreal Dream Hyaluron Eye Cream,2259,False,2026,0,3,Health and Beauty,Skin Care,Masks and Cleansers,,12637166,2026-09-06 17:37:26,False,https://metroonline.page.link/Hsou
Garnier Color Natural 7.7 Deer Brown,1099,True,825,21,10,Health and Beauty,Hair Care,Hair Colors,,12637161,2026-09-06 17:37:26,True,https://metroonline.page.link/EFsz
Garnier Color Natural 6.7 Pure Chocolate Brown,1099,True,825,27,10,Health and Beauty,Hair Care,Hair Colors,,12637160,2026-09-06 17:37:26,True,https://metroonline.page.link/YJRQ
Loreal Casting CrÃ¨me Hair Color Gloss Chocolate Noir 323,2699,False,0,6,10,Health and Beauty,Hair Care,Hair Colors,,12637159,2026-09-06 17:37:26,True,https://metroonline.page.link/H5x3
Loreal Hyaluron Tissue Face Mask,649,False,0,0,15,Health and Beauty,Skin Care,Masks and Cleansers,,12637158,2026-09-06 17:37:26,False,https://metroonline.page.link/U5Rn
Loreal Casting CrÃ¨me Hair Color Gloss CERISE NOI 360,2899,False,0,0,10,Health and Beauty,Hair Care,Hair Colors,,12637156,2026-09-06 17:37:26,False,https://metroonline.page.link/hJeG
Loreal Casting CrÃ¨me Hair Color Gloss ICED TRUFL 513,2699,False,0,7,10,Health and Beauty,Hair Care,Hair Colors,,12637155,2026-09-06 17:37:26,True,https://metroonline.page.link/AQiy
Loreal Casting CrÃ¨me Hair Color Gloss CARAMEL 630,2899,False,0,0,10,Health and Beauty,Hair Care,Hair Colors,,12637154,2026-09-06 17:37:26,False,https://metroonline.page.link/1swQ
Loreal Casting CrÃ¨me Glosss Mahogny 550,2899,False,1899,0,10,Health and Beauty,Hair Care,Hair Colors,,12637153,2026-09-06 17:37:26,False,https://metroonline.page.link/Mtu5
Loreal Casting CrÃ¨me Glosss Ebony 200,2899,False,0,0,10,Health and Beauty,Hair Care,Hair Colors,,12637152,2026-09-06 17:37:26,False,https://metroonline.page.link/T7uX
Hemani Amla Hair Oil 100ML,355,False,0,0,10,Health and Beauty,Hair Care,Oils and Serums,,12636934,2026-09-06 17:37:26,True,https://metroonline.page.link/ax7r
Hemani Coconut Hair Oil 100ML,355,False,0,0,10,Health and Beauty,Hair Care,Oils and Serums,,12636932,2026-09-06 17:37:26,True,https://metroonline.page.link/K85v
Hemani Almond Hair Oil 100ML,355,False,0,3,10,Health and Beauty,Hair Care,Oils and Serums,,12636931,2026-09-06 17:37:26,True,https://metroonline.page.link/1ri1
Hemani Pure Coconut Oil 200ML,485,False,327,12,10,Health and Beauty,Hair Care,Oils and Serums,,12636928,2026-09-06 17:37:26,True,https://metroonline.page.link/9qid
Hemani Coconut Hair Oil  700ML,1229,False,949,0,10,Health and Beauty,Hair Care,Oils and Serums,,12636927,2026-09-06 17:37:26,True,https://metroonline.page.link/NwZX
Hemani Coconut Hair Oil 400ML,799,False,0,0,10,Health and Beauty,Hair Care,Oils and Serums,,12636926,2026-09-06 17:37:26,True,https://metroonline.page.link/naLc
Hemani Hair Oil Argan 200ML,559,False,0,4,10,Health and Beauty,Hair Care,Oils and Serums,,12636920,2026-09-06 17:37:26,True,https://metroonline.page.link/T2tq
Hemani Oil Almond 60ML,645,False,0,0,10,Health and Beauty,Hair Care,Oils and Serums,,12636918,2026-09-06 17:37:26,True,https://metroonline.page.link/HZRE
Hemani Neem Oil 60ML,645,False,0,9,10,Health and Beauty,Hair Care,Oils and Serums,,12636917,2026-09-06 17:37:26,True,https://metroonline.page.link/3Ngx
Hemani Oil Castor 60ML,355,False,0,1,10,Health and Beauty,Hair Care,Oils and Serums,,12636916,2026-09-06 17:37:26,True,https://metroonline.page.link/Q3Ui
Hemani Oil Black Seed 60ML,645,False,0,11,10,Health and Beauty,Hair Care,Oils and Serums,,12636915,2026-09-06 17:37:26,True,https://metroonline.page.link/Rqnq
Hemani Oil Anti Hair Loss 75ML,785,False,0,0,10,Health and Beauty,Hair Care,Oils and Serums,,12636911,2026-09-06 17:37:26,False,https://metroonline.page.link/rsK2
Hemani Oil Black Seed 200ml,559,False,0,12,10,Health and Beauty,Hair Care,Oils and Serums,,12636909,2026-09-06 17:37:26,True,https://metroonline.page.link/XDwE
Hemani Oil Amla Gold 200ml,559,False,0,18,10,Health and Beauty,Hair Care,Oils and Serums,,12636908,2026-09-06 17:37:26,True,https://metroonline.page.link/esPo
Hemani Oil Amla Green 200ml,559,False,0,10,10,Health and Beauty,Hair Care,Oils and Serums,,12636907,2026-09-06 17:37:26,True,https://metroonline.page.link/2t8G
Hemani Hairserum Argan 100ml,1000,False,0,0,10,Health and Beauty,Hair Care,Oils and Serums,,12636906,2026-09-06 17:37:26,False,https://metroonline.page.link/MMjq
Hemani Facewash Lemon 100ML,325,False,300,27,5,Health and Beauty,Skin Care,Facewashes,,12636905,2026-09-06 17:37:26,True,https://metroonline.page.link/jPCK
Hemani Facewash Cucumber 100ML,325,False,300,33,5,Health and Beauty,Skin Care,Facewashes,,12636904,2026-09-06 17:37:26,True,https://metroonline.page.link/zYxE
Hemani Facewash Blackseed 100ML,325,False,300,20,5,Health and Beauty,Skin Care,Facewashes,,12636903,2026-09-06 17:37:26,True,https://metroonline.page.link/gCtU
Hemani Facewash Olive 100ML,325,False,300,2,5,Health and Beauty,Skin Care,Facewashes,,12636900,2026-09-06 17:37:26,True,https://metroonline.page.link/sfc4
Hemani Beauty Cream 40g,585,False,0,9,5,Health and Beauty,Skin Care,Facewashes,,12636899,2026-09-06 17:37:26,False,https://metroonline.page.link/Ansf
OPAL Beauty Soap 4+1,250,False,0,188,15,Health and Beauty,Bath and Soap,Fragrant,,12636809,2026-09-06 17:37:26,True,https://metroonline.page.link/DD1E
Veet Hair Removal Lotion Sensitive Skin 80GM,590,False,0,84,4,Health and Beauty,Toiletries,Women Care,,12636796,2026-09-06 17:37:26,True,https://metroonline.page.link/cTF7
LUX Velvet Touch Soap 175GM,188,False,0,77,48,Health and Beauty,Bath and Soap,Fragrant,,12636794,2026-09-06 17:37:26,True,https://metroonline.page.link/FTBi
Gillette Blue 3 Razors x6 ,1834,False,1465,0,15,Health and Beauty,Toiletries,Men Grooming,,12636648,2026-09-06 17:37:26,True,https://metroonline.page.link/bBWk
Gillette 5 Blue 2 Plus Disposable Razors,844,False,0,0,15,Health and Beauty,Toiletries,Men Grooming,,12636623,2026-09-06 17:37:26,True,https://metroonline.page.link/Gea6
Protex Soap Aloe 130GM,150,False,130,54,48,Health and Beauty,Bath and Soap,Antibacterial,,12636550,2026-09-06 17:37:26,True,https://metroonline.page.link/68EL
Protex Soap Gentle 130GM,150,False,130,41,48,Health and Beauty,Bath and Soap,Antibacterial,,12636548,2026-09-06 17:37:26,True,https://metroonline.page.link/fQos
Protex Soap Balance 130GM,150,False,135,95,48,Health and Beauty,Bath and Soap,Antibacterial,,12636533,2026-09-06 17:37:26,True,https://metroonline.page.link/trJd
PROTEX Balance Soap 100GM,130,False,110,106,48,Health and Beauty,Bath and Soap,Antibacterial,,12636531,2026-09-06 17:37:26,True,https://metroonline.page.link/MbuC
PALMOLIVE H.W ANTIBAC 225ML,337,False,299,87,15,Health and Beauty,Bath and Soap,Hand and Body Washes,,9999856,2026-09-06 17:37:26,True,https://metroonline.page.link/tYvb
Gillette Fusion Proglide Cart 4,6025,False,0,0,15,Health and Beauty,Toiletries,Men Grooming,,12636361,2026-09-06 17:37:26,False,https://metroonline.page.link/Fjdz
Dettol Soap Cool 85GM,129,False,0,0,5,Health and Beauty,Bath and Soap,Antibacterial,,12636339,2026-09-06 17:37:26,True,https://metroonline.page.link/Q4uJ
Capri Soap Purple 140GM x 3,400,False,0,223,15,Health and Beauty,Bath and Soap,Fragrant,,12635944,2026-09-06 17:37:26,True,https://metroonline.page.link/c7PJ
Sunsilk Shampoo Hair Fall Solution 185ML,495,False,400,134,24,Health and Beauty,Hair Care,Shampoos,,12635914,2026-09-06 17:37:26,True,https://metroonline.page.link/wxFD
Garnier Hair Color Darkest Brown 3.0 Sachet,199,False,0,179,5,Health and Beauty,Hair Care,Hair Colors,,12635912,2026-09-06 17:37:26,True,https://metroonline.page.link/Ho57
Sunsilk Shampoo Natural Anti-Dandruff Hijab 375ML,720,False,0,0,7,Health and Beauty,Hair Care,Shampoos,,12635905,2026-09-06 17:37:26,False,https://metroonline.page.link/qseS
Sunsilk Shampoo Natural Anti-Dandruff Hijab 185ML,420,False,0,0,7,Health and Beauty,Hair Care,Shampoos,,12635904,2026-09-06 17:37:26,False,https://metroonline.page.link/Dcny
Capri Soap Peach 130gx3 Sv. Rs.30,390,False,319,159,24,Health and Beauty,Bath and Soap,Fragrant,,12635507,2026-09-06 17:37:26,False,https://metroonline.page.link/Xqg4
Ponds Honey and Almond Lotion 50ml,240,False,110,294,48,Health and Beauty,Skin Care,Lotions and Sunscreen,,12635486,2026-09-06 17:37:26,True,https://metroonline.page.link/Apfb
Nivea Body Lotion Sensual Musk 400ML,1870,False,1870,10,5,Health and Beauty,Skin Care,Lotions and Sunscreen,,12635430,2026-09-06 17:37:26,True,https://metroonline.page.link/ktvp
Nivea Body Lotion Aloe 250ML,1800,True,1530,13,5,Health and Beauty,Skin Care,Lotions and Sunscreen,,12635413,2026-09-06 17:37:26,True,https://metroonline.page.link/MKbz
Always Ultra Thin S3 Quattro Saving Pack,1552,False,1520,0,5,Health and Beauty,Toiletries,Women Care,,12635382,2026-09-06 17:37:26,True,https://metroonline.page.link/vVTs
Nivea Deodorant Deep Men 150ML,1600,False,1325,12,15,Health and Beauty,Fragrances,Body Sprays and Body Mists,,12635373,2026-09-06 17:37:26,True,https://metroonline.page.link/WUKE
Nivea Fair Cream Men 75ml,1200,False,1089,4,15,Health and Beauty,Skin Care,Creams,,12635369,2026-09-06 17:37:26,True,https://metroonline.page.link/WkCu
Nivea Fair Cream Men 150ml,1800,False,1615,5,15,Health and Beauty,Skin Care,Creams,,12635368,2026-09-06 17:37:26,True,https://metroonline.page.link/GXY9
Nivea Deo Black  White Men 150ML,1618,False,1428,0,15,Health and Beauty,Fragrances,Anti Perspirants,,12635366,2026-09-06 17:37:26,True,https://metroonline.page.link/H2vR
Nivea Deodorant Black and White Women 150ML,1600,False,1325,15,15,Health and Beauty,Fragrances,Anti Perspirants,,12635365,2026-09-06 17:37:26,True,https://metroonline.page.link/poLS
Nivea Fairness Cream 200ML SPF15,2200,False,0,0,15,Health and Beauty,Skin Care,Creams,,12635364,2026-09-06 17:37:26,False,https://metroonline.page.link/AdNz
Nivea Fairness Cream 100ML,1600,False,0,0,15,Health and Beauty,Skin Care,Creams,,12635363,2026-09-06 17:37:26,False,https://metroonline.page.link/za7P
Nivea Face Wash Protect 100ml,1800,False,1615,0,15,Health and Beauty,Skin Care,Facewashes,,12635362,2026-09-06 17:37:26,True,https://metroonline.page.link/T4vj
Nivea After Shave Lotion 100ML,1905,False,1794,0,15,Health and Beauty,Toiletries,Men Grooming,,12635361,2026-09-06 17:37:26,False,https://metroonline.page.link/fGbM
Nivea Cream Natural Fairness 200ml,1800,False,0,0,15,Health and Beauty,Skin Care,Creams,,12635360,2026-09-06 17:37:26,False,https://metroonline.page.link/UNER
Nivea Shaving Foam Fresh  Cool 200ML,2200,False,1999,0,15,Health and Beauty,Toiletries,Men Grooming,,12635359,2026-09-06 17:37:26,False,https://metroonline.page.link/ewjX
Nivea Shaving Gel Protect 200ml,3000,False,2550,1,15,Health and Beauty,Toiletries,Men Grooming,,12635358,2026-09-06 17:37:26,True,https://metroonline.page.link/fRq9
Nivea Shaving Gel Sensitive 200ml,2500,False,2100,1,15,Health and Beauty,Toiletries,Men Grooming,,12635357,2026-09-06 17:37:26,True,https://metroonline.page.link/Roux
Nivea Shaving Gel Cool 200ml,3000,False,2100,9,15,Health and Beauty,Toiletries,Men Grooming,,12635356,2026-09-06 17:37:26,True,https://metroonline.page.link/VM9B
Nivea Shaving Foam Sensitive 200ML,2200,False,1870,9,15,Health and Beauty,Toiletries,Men Grooming,,12635355,2026-09-06 17:37:26,True,https://metroonline.page.link/bGrB
Nivea Cream Soft 50ML,650,False,499,48,15,Health and Beauty,Skin Care,Creams,,12635354,2026-09-06 17:37:26,True,https://metroonline.page.link/dm9A
Nivea Cream Soft 100ml,1200,False,999,15,15,Health and Beauty,Skin Care,Creams,,12635353,2026-09-06 17:37:26,True,https://metroonline.page.link/6vfD
Nivea Body Lotion Cocoa Butter 250ML,1530,False,1530,8,15,Health and Beauty,Skin Care,Lotions and Sunscreen,,12635352,2026-09-06 17:37:26,True,https://metroonline.page.link/ZhFe
Nivea Cream Soft 200ml,1800,True,1530,7,15,Health and Beauty,Skin Care,Creams,,12635351,2026-09-06 17:37:26,True,https://metroonline.page.link/ZJpK
Nivea Deo Fresh Ocean Men 150ML,1440,False,0,0,15,Health and Beauty,Fragrances,Anti Perspirants,,12635348,2026-09-06 17:37:26,False,https://metroonline.page.link/Z5zP
Nivea Roll-on Deodorant Deep Espresso Men 50ML,1500,False,1242,20,15,Health and Beauty,Fragrances,Anti Perspirants,,12635347,2026-09-06 17:37:26,True,https://metroonline.page.link/4k2E
Nivea Roll-on Deodorant Deep Men 50ML,1500,False,1242,23,15,Health and Beauty,Fragrances,Anti Perspirants,,12635346,2026-09-06 17:37:26,True,https://metroonline.page.link/h3aj
Nivea Soft Freshies Pink 100ML,799,False,0,0,5,Health and Beauty,Skin Care,Creams,,12635343,2026-09-06 17:37:26,False,https://metroonline.page.link/QxAi
Nivea Shower Gel Lemongrass 250ML,1518,False,1500,26,15,Health and Beauty,Bath and Soap,Hand and Body Washes,,12635337,2026-09-06 17:37:26,False,https://metroonline.page.link/ZotQ
Nivea Roll On BW Clean Women 50ml,1517,False,0,0,15,Health and Beauty,Fragrances,Anti Perspirants,,12635334,2026-09-06 17:37:26,True,https://metroonline.page.link/Cu6w
Nivea Wash Gel Deep 100ml,1800,False,0,18,15,Health and Beauty,Skin Care,Facewashes,,12635333,2026-09-06 17:37:26,True,https://metroonline.page.link/1XRp
Labello Lip Balm Fruit 4.8GM,1000,False,0,18,5,Health and Beauty,Skin Care,Creams,,12635332,2026-09-06 17:37:26,True,https://metroonline.page.link/QL1U
Nivea Body Lotion Natural Fairness 250ML,1800,True,1530,9,5,Health and Beauty,Skin Care,Lotions and Sunscreen,,12635330,2026-09-06 17:37:26,True,https://metroonline.page.link/TncZ
Nivea Body Lotion Express Hydration 400ML,1870,False,1870,14,5,Health and Beauty,Skin Care,Lotions and Sunscreen,,12635328,2026-09-06 17:37:26,True,https://metroonline.page.link/pp2Q
Nivea Body Lotion Fair 400ML,1870,False,1870,8,5,Health and Beauty,Skin Care,Lotions and Sunscreen,,12635327,2026-09-06 17:37:26,True,https://metroonline.page.link/KVBb
Nivea Deodorant Pearl & Beauty Women 150ML,1600,False,1325,1,15,Health and Beauty,Fragrances,Anti Perspirants,,12635325,2026-09-06 17:37:26,True,https://metroonline.page.link/2EYU
Nivea Deodorant Natural Radiance 150ML,1600,False,1325,-1,15,Health and Beauty,Fragrances,Anti Perspirants,,12635324,2026-09-06 17:37:26,True,https://metroonline.page.link/iv9j
Nivea Deodorant Silver Protect 150ML,1600,False,1325,1,15,Health and Beauty,Fragrances,Anti Perspirants,,12635322,2026-09-06 17:37:26,True,https://metroonline.page.link/qXRx
Nivea Deodorant Cool Men 150ML,1600,False,1325,2,15,Health and Beauty,Fragrances,Anti Perspirants,,12635320,2026-09-06 17:37:26,True,https://metroonline.page.link/8GxD
Nivea Roll-on Deodorant Black & White 50ML,1500,False,1242,17,15,Health and Beauty,Fragrances,Anti Perspirants,,12635319,2026-09-06 17:37:26,True,https://metroonline.page.link/v22o
Nivea Roll-on Deodorant Fresh Men 50ML,1500,False,1242,14,15,Health and Beauty,Fragrances,Anti Perspirants,,12635318,2026-09-06 17:37:26,True,https://metroonline.page.link/K9v5
Nivea Deodorant Poder Touch Women 150ML,1600,False,1325,0,15,Health and Beauty,Fragrances,Anti Perspirants,,12635317,2026-09-06 17:37:26,True,https://metroonline.page.link/pdDN
Nivea Cream Tin 250ml,2300,False,0,0,15,Health and Beauty,Skin Care,Creams,,12635316,2026-09-06 17:37:26,False,https://metroonline.page.link/nrNm
Nivea Body Lotion Nourishing 400ML,2200,False,1870,11,5,Health and Beauty,Skin Care,Lotions and Sunscreen,,12635315,2026-09-06 17:37:26,True,https://metroonline.page.link/zXsa
Nivea Deo Spray Protect 150ml,1379,False,0,0,15,Health and Beauty,Fragrances,Anti Perspirants,,12635314,2026-09-06 17:37:26,False,https://metroonline.page.link/PEbY
Nivea Deo Invisible Men 150ml,1440,False,0,0,15,Health and Beauty,Fragrances,Anti Perspirants,,12635313,2026-09-06 17:37:26,False,https://metroonline.page.link/7xEG
Nivea Body Lotion Nourishing 250ML,1800,False,1530,5,5,Health and Beauty,Skin Care,Lotions and Sunscreen,,12635312,2026-09-06 17:37:26,True,https://metroonline.page.link/jTNc
Nivea Deo Dry Comfort Women150ML,1379,False,0,0,15,Health and Beauty,Fragrances,Anti Perspirants,,12635311,2026-09-06 17:37:26,False,https://metroonline.page.link/AKdu
Nivea Deo Spray Dry Impact 150ML,1379,False,0,0,15,Health and Beauty,Fragrances,Anti Perspirants,,12635310,2026-09-06 17:37:26,False,https://metroonline.page.link/Jykt
Nivea Deo Invisible Woman 150ML,1379,False,0,0,15,Health and Beauty,Fragrances,Anti Perspirants,,12635309,2026-09-06 17:37:26,False,https://metroonline.page.link/jrpG
Nivea Deodorant Fresh Natural 150ML,1600,False,1325,3,15,Health and Beauty,Fragrances,Anti Perspirants,,12635308,2026-09-06 17:37:26,True,https://metroonline.page.link/R6tx
Nivea Deodorant Fresh Active 150ML,1600,False,1325,7,15,Health and Beauty,Fragrances,Anti Perspirants,,12635307,2026-09-06 17:37:26,True,https://metroonline.page.link/iMVk
Nivea Body Lotion Express Hydration 250ML,1800,True,1530,13,5,Health and Beauty,Skin Care,Lotions and Sunscreen,,12635306,2026-09-06 17:37:26,True,https://metroonline.page.link/6yzV
Nivea Body Lotion Express Hydration 125ML,900,False,0,0,5,Health and Beauty,Skin Care,Lotions and Sunscreen,,12635305,2026-09-06 17:37:26,False,https://metroonline.page.link/pZQJ
Nivea Foam 100ml,1800,False,0,0,2,Health and Beauty,Toiletries,Men Grooming,,12635304,2026-09-06 17:37:26,True,https://metroonline.page.link/31Bd
Labello Lip Balm Strawberry 4.8GM,1000,False,0,0,5,Health and Beauty,Skin Care,Creams,,12635303,2026-09-06 17:37:26,True,https://metroonline.page.link/pwcE
Labello Lip Balm Pearly Shine 4.8GM,1000,False,0,0,5,Health and Beauty,Skin Care,Creams,,12635301,2026-09-06 17:37:26,False,https://metroonline.page.link/VpZd
Labello Lip Balm Classic 4.8GM,1000,False,750,8,5,Health and Beauty,Skin Care,Creams,,12635300,2026-09-06 17:37:26,True,https://metroonline.page.link/Qyk5
Pantene Shampoo Anti Hair Fall 75ml,188,False,0,0,5,Health and Beauty,Hair Care,Shampoos,,12634805,2026-09-06 17:37:26,True,https://metroonline.page.link/1jEf
Colgate Tooth Brush Extra Clean with Cap ,109,False,70,0,4,Health and Beauty,Oral Care,Tooth Brushes,,12634768,2026-09-06 17:37:26,True,https://metroonline.page.link/QGEq
Lifebuoy Shampoo Naturally Long 90ML,150,False,128,0,48,Health and Beauty,Hair Care,Shampoos,,12634766,2026-09-06 17:37:26,True,https://metroonline.page.link/8jPX
Safeguard Liquid Handwash Floral Scent 180ML,229,False,0,0,3,Health and Beauty,Bath and Soap,Hand and Body Washes,,12634764,2026-09-06 17:37:26,False,https://metroonline.page.link/ir4n
Colgate Tooth Brush Premier Clean ,99,False,0,0,6,Health and Beauty,Oral Care,Tooth Brushes,,12634699,2026-09-06 17:37:26,True,https://metroonline.page.link/LZvD
Capri Blue Soap 130GM x 6 pack,800,False,0,0,5,Health and Beauty,Bath and Soap,Fragrant,,12634653,2026-09-06 17:37:26,False,https://metroonline.page.link/p2Gn
Loreal Face wash White Perfect Milky 100ML,860,False,769,0,5,Health and Beauty,Skin Care,Facewashes,,12634558,2026-09-06 17:37:26,True,https://metroonline.page.link/Mv17
LOREAL Conditioner Dream Long 175ML,449,False,0,34,10,Health and Beauty,Hair Care,Conditioners,,12634537,2026-09-06 17:37:26,True,https://metroonline.page.link/B7sN
LOREAL Shampoo Dream Length 175ML,520,True,449,108,24,Health and Beauty,Hair Care,Shampoos,,12634536,2026-09-06 17:37:26,True,https://metroonline.page.link/QvJV
Vatika Shampoo Volume & Thickness 185ML,435,False,375,48,10,Health and Beauty,Hair Care,Shampoos,,12634417,2026-09-06 17:37:26,True,https://metroonline.page.link/NMVV
Protector Tooth Brush (Toddlers),122,False,0,0,15,Health and Beauty,Oral Care,Tooth Brushes,,12634181,2026-09-06 17:37:26,False,https://metroonline.page.link/Daeq
Protector Kids Tooth Brush (5-8Years),99,False,0,0,15,Health and Beauty,Oral Care,Tooth Brushes,,12634180,2026-09-06 17:37:26,False,https://metroonline.page.link/bRnw
Protector Anti-Bacterial Standard Tooth Brush,132,False,0,0,15,Health and Beauty,Oral Care,Tooth Brushes,,12634179,2026-09-06 17:37:26,False,https://metroonline.page.link/9E9r
Protector Anti-Bacterial Profile Tooth Brush,132,False,0,0,15,Health and Beauty,Oral Care,Tooth Brushes,,12634178,2026-09-06 17:37:26,False,https://metroonline.page.link/BWkS
Protector Anti-Bacterial Magnetic Tooth Brush,216,False,0,0,15,Health and Beauty,Oral Care,Tooth Brushes,,12634177,2026-09-06 17:37:26,False,https://metroonline.page.link/JwwL
CAPRI PINK 135GM X6,800,False,0,0,15,Health and Beauty,Bath and Soap,Fragrant,,12634170,2026-09-06 17:37:26,False,https://metroonline.page.link/iweW
Ponds Face wash Pure White 50GM,350,True,280,376,48,Health and Beauty,Skin Care,Facewashes,,12634140,2026-09-06 17:37:26,True,https://metroonline.page.link/LHZM
Ponds Milk  Honey Lotion 100ML,190,False,190,0,10,Health and Beauty,Skin Care,Lotions and Sunscreen,,12633756,2026-09-06 17:37:26,False,https://metroonline.page.link/SbHi
Safeguard Soap Floral Scent 175GM,223,False,0,0,15,Health and Beauty,Bath and Soap,Antibacterial,,12633736,2026-09-06 17:37:26,True,https://metroonline.page.link/1K5w
Dettol Soap Skin Care 85G,129,False,0,1,10,Health and Beauty,Bath and Soap,Antibacterial,,12633587,2026-09-06 17:37:26,True,https://metroonline.page.link/V1FY
LIFEBUOY Herbal Shampoo Naturally Long 375ML,615,False,511,15,12,Health and Beauty,Hair Care,Shampoos,,12633586,2026-09-06 17:37:26,True,https://metroonline.page.link/5KAa
Sensodyne Repair  Protect Toothpaste 75ml,695,False,0,0,5,Health and Beauty,Oral Care,Tooth Pastes,,12633555,2026-09-06 17:37:26,False,https://metroonline.page.link/nvyZ
Dettol Soap Soothe 85G,129,False,99,66,5,Health and Beauty,Bath and Soap,Antibacterial,,12633530,2026-09-06 17:37:26,True,https://metroonline.page.link/7NVz
LIFEBUOY Green 70GM,70,False,0,84,48,Health and Beauty,Bath and Soap,Antibacterial,,12633514,2026-09-06 17:37:26,True,https://metroonline.page.link/QKzu
Lifebuoy Shampoo Naturally Long 650ML,1139,False,0,144,6,Health and Beauty,Hair Care,Shampoos,,12633407,2026-09-06 17:37:26,True,https://metroonline.page.link/dMWU
Safeguard Liquid Handwash Pure White 200ML,274,False,0,0,5,Health and Beauty,Bath and Soap,Hand and Body Washes,,12633385,2026-09-06 17:37:26,False,https://metroonline.page.link/6VnB
Safeguard Liquid Handwash Lemon Fresh 180ML,229,False,0,0,5,Health and Beauty,Bath and Soap,Hand and Body Washes,,12633361,2026-09-06 17:37:26,False,https://metroonline.page.link/Kort
Safeguard Liquid Handwash Lemon Fresh 420 ML,554,False,0,0,5,Health and Beauty,Bath and Soap,Hand and Body Washes,,12633359,2026-09-06 17:37:26,False,https://metroonline.page.link/f7nx
PANTENE Shampoo Smooth  Strong 80ML,188,False,0,0,10,Health and Beauty,Hair Care,Shampoos,,12633351,2026-09-06 17:37:26,True,https://metroonline.page.link/mJpS
Dettol Hand Sanitizer 50ML,289,False,0,0,15,Health and Beauty,Bath and Soap,Antibacterial,,12633106,2026-09-06 17:37:26,True,https://metroonline.page.link/yVtH
HEMANI Hair Oil Almond 200ML,559,False,445,0,10,Health and Beauty,Hair Care,Oils and Serums,,12633102,2026-09-06 17:37:26,True,https://metroonline.page.link/DmrK
Lifebuoy Hand Wash Total 450ML,450,False,0,225,12,Health and Beauty,Bath and Soap,Hand and Body Washes,,12633056,2026-09-06 17:37:26,True,https://metroonline.page.link/Nvbi
SAFEGUARD Soap Lemon Fresh 95GM,129,False,0,3,15,Health and Beauty,Bath and Soap,Fragrant,,12632987,2026-09-06 17:37:26,True,https://metroonline.page.link/2rxe
LUX Soap Velvet Red 130GM X3,216,False,0,0,15,Health and Beauty,Bath and Soap,Fragrant,,12632954,2026-09-06 17:37:26,False,https://metroonline.page.link/WGmD
Dettol Soap Soothe 130G,155,False,0,2,5,Health and Beauty,Bath and Soap,Antibacterial,,12632805,2026-09-06 17:37:26,True,https://metroonline.page.link/X6vc
Lifebuoy Sanitizer 65ML,165,False,0,0,7,Health and Beauty,Bath and Soap,Hand and Body Washes,,12632743,2026-09-06 17:37:26,False,https://metroonline.page.link/uVx3
Safeguard Handwash Pure White 420ML,469,False,420,0,15,Health and Beauty,Bath and Soap,Hand and Body Washes,,12632709,2026-09-06 17:37:26,False,https://metroonline.page.link/Byd9
Dettol Soap Original 85GM,129,False,0,193,5,Health and Beauty,Bath and Soap,Antibacterial,,12632641,2026-09-06 17:37:26,True,https://metroonline.page.link/NhxS
Gillette Mach3 Cartridge 8,6945,False,0,-1,15,Health and Beauty,Toiletries,Men Grooming,,12632635,2026-09-06 17:37:26,True,https://metroonline.page.link/8vfi
CLEAR SHMP LEMON 185ML,419,False,0,0,24,Health and Beauty,Hair Care,Shampoos,,12632550,2026-09-06 17:37:26,False,https://metroonline.page.link/SjWa
Lifebuoy Hand Wash Care 450ML,450,False,0,195,12,Health and Beauty,Bath and Soap,Hand and Body Washes,,12632548,2026-09-06 17:37:26,True,https://metroonline.page.link/Sg9x
GARNIER Men Power White Face Wash,699,False,0,0,5,Health and Beauty,Skin Care,Facewashes,,12632547,2026-09-06 17:37:26,False,https://metroonline.page.link/RcRM
 Veet Hair Cream Sensitive Skin 25G ,248,False,235,0,5,Health and Beauty,Toiletries,Women Care,,12632544,2026-09-06 17:37:26,True,https://metroonline.page.link/MUYB
Herbal Essences Milk 400ML,650,False,0,0,10,Health and Beauty,Hair Care,Shampoos,,12632540,2026-09-06 17:37:26,False,https://metroonline.page.link/269a
Herbal Essences 400ML,650,False,0,0,10,Health and Beauty,Hair Care,Shampoos,,12632539,2026-09-06 17:37:26,False,https://metroonline.page.link/hfRF
Ponds Lotion Triple Vitamin 50ML,247,False,155,245,48,Health and Beauty,Skin Care,Lotions and Sunscreen,,12632491,2026-09-06 17:37:26,True,https://metroonline.page.link/FKQr
Lifebuoy Hand Wash Liquid Total 1L,850,False,0,39,8,Health and Beauty,Bath and Soap,Hand and Body Washes,,12632389,2026-09-06 17:37:26,True,https://metroonline.page.link/f1f3
Colgate Tooth Brush Classic Clean ,89,False,0,0,6,Health and Beauty,Oral Care,Tooth Brushes,,12632283,2026-09-06 17:37:26,True,https://metroonline.page.link/VJ22
Colgate Toothpaste Regular 150GM,350,False,0,172,5,Health and Beauty,Oral Care,Tooth Pastes,,12632278,2026-09-06 17:37:26,True,https://metroonline.page.link/RjHT
Lifebuoy Hand Wash Care 1L,850,False,0,79,8,Health and Beauty,Bath and Soap,Hand and Body Washes,,12632121,2026-09-06 17:37:26,True,https://metroonline.page.link/dXrc
Metro Pro Hand Sanitizer 500ML,1199,False,780,81,15,Health and Beauty,Bath and Soap,Hand and Body Washes,,12631929,2026-09-06 17:37:26,True,https://metroonline.page.link/bYQs
FINE LIFE SANITIZER MNDRN 50ML,199,False,185,0,15,Health and Beauty,Bath and Soap,Hand and Body Washes,,12631869,2026-09-06 17:37:26,False,https://metroonline.page.link/4RGS
Fine Life Sanitizer Apple 50ML,219,False,185,83,15,Health and Beauty,Bath and Soap,Hand and Body Washes,,12631868,2026-09-06 17:37:26,True,https://metroonline.page.link/sh61
Sunsilk Conditioner Long  Healthy 180ML,450,False,396,0,7,Health and Beauty,Hair Care,Conditioners,,12631668,2026-09-06 17:37:26,False,https://metroonline.page.link/5RUH
LIFEBUOY White 70GM,70,False,68,497,48,Health and Beauty,Bath and Soap,Antibacterial,,12629925,2026-09-06 17:37:26,True,https://metroonline.page.link/w94v
LIFEBUOY Red Soap 70GM,70,False,0,1133,7,Health and Beauty,Bath and Soap,Antibacterial,,12629924,2026-09-06 17:37:26,True,https://metroonline.page.link/h4mb
Nivea Body Lotion Sensual Musk 250ML,1800,False,0,0,5,Health and Beauty,Skin Care,Lotions and Sunscreen,,12629865,2026-09-06 17:37:26,False,https://metroonline.page.link/8tPD
Gillette Blue 3 Bag of 3,916,False,806,0,15,Health and Beauty,Toiletries,Men Grooming,,12628891,2026-09-06 17:37:26,True,https://metroonline.page.link/5Ymm
Sunsilk Shampoo Thick and Long 360ML,790,False,612,21,12,Health and Beauty,Hair Care,Shampoos,,12628817,2026-09-06 17:37:26,True,https://metroonline.page.link/SmaE
Clear Cool Shampoo Black Shine 380 ML,725,False,684,0,12,Health and Beauty,Hair Care,Shampoos,,12628815,2026-09-06 17:37:26,True,https://metroonline.page.link/RDmg
Fair and Lovely Body Lotion 200 ML,480,False,416,204,24,Health and Beauty,Skin Care,Lotions and Sunscreen,,12628776,2026-09-06 17:37:26,True,https://metroonline.page.link/hs8P
Fine Dreaming Sanitary Pads XL 7 PCS,175,False,145,0,5,Health and Beauty,Toiletries,Women Care,,12628050,2026-09-06 17:37:26,False,https://metroonline.page.link/uFwm
Fine Dreaming Sanitary Pads Large 16 PCS,345,False,320,0,5,Health and Beauty,Toiletries,Women Care,,12628049,2026-09-06 17:37:26,False,https://metroonline.page.link/c2x2
Fine Dreaming Sanitary Pads Large 8 PCS,175,False,135,0,5,Health and Beauty,Toiletries,Women Care,,12628048,2026-09-06 17:37:26,False,https://metroonline.page.link/rFVz
Lifebuoy Red Soap 130 GM,128,False,0,370,7,Health and Beauty,Bath and Soap,Hand and Body Washes,,12627733,2026-09-06 17:37:26,True,https://metroonline.page.link/XYRZ
FINE LIFE HAND WASH JASMINE 500ML,475,False,495,0,15,Health and Beauty,Bath and Soap,Hand and Body Washes,,12627730,2026-09-06 17:37:26,False,https://metroonline.page.link/jqGc
FINE LIFE HAND WASH MARINE 500ML,479,False,495,0,15,Health and Beauty,Bath and Soap,Hand and Body Washes,,12627729,2026-09-06 17:37:26,False,https://metroonline.page.link/UUtn
LOREAL SHMP CLR PRT 175ML,520,True,449,75,24,Health and Beauty,Hair Care,Shampoos,,9999882,2026-09-06 17:37:26,True,https://metroonline.page.link/fUWX
Loreal Professionals Fall Repair Shampoo 175 ML (Pak),520,True,449,99,24,Health and Beauty,Hair Care,Shampoos,,12627623,2026-09-06 17:37:26,True,https://metroonline.page.link/r6ac
LOREAL SHMP TTR 5 175ML,520,True,449,101,24,Health and Beauty,Hair Care,Shampoos,,9999878,2026-09-06 17:37:26,True,https://metroonline.page.link/qe5D
Loreal Shampoo Keratin Straight 360ML,749,False,815,31,12,Health and Beauty,Hair Care,Shampoos,,12625643,2026-09-06 17:37:26,True,https://metroonline.page.link/uXPg
LOREAL CNDTNR CLR PRTCT 175ML,550,True,449,8,10,Health and Beauty,Hair Care,Conditioners,,9999881,2026-09-06 17:37:26,True,https://metroonline.page.link/iJoj
Loreal Paris 6 Oil Nourish Conditioner 175 ML Pak,550,True,449,13,10,Health and Beauty,Hair Care,Conditioners,,12627618,2026-09-06 17:37:26,True,https://metroonline.page.link/nf6u
LOREAL CNDTNR TTR 5 175ML,550,True,449,47,10,Health and Beauty,Hair Care,Conditioners,,9999868,2026-09-06 17:37:26,True,https://metroonline.page.link/v9Fo
Loreal Paris Fall Repair Conditioner 175 ML Pak,550,True,449,35,10,Health and Beauty,Hair Care,Conditioners,,12627612,2026-09-06 17:37:26,True,https://metroonline.page.link/zwLk
Loreal Paris Nutri Gloss Conditioner 175 ML (Pak),289,False,0,0,10,Health and Beauty,Hair Care,Conditioners,,12627611,2026-09-06 17:37:26,False,https://metroonline.page.link/q3Ki
Garnier Color Natural 4.15 Frosty Dark Mahogany,999,False,0,0,10,Health and Beauty,Hair Care,Hair Colors,,12627610,2026-09-06 17:37:26,False,https://metroonline.page.link/UnNx
Color Naturals 6.3 Mocca ,1099,True,825,18,10,Health and Beauty,Hair Care,Hair Colors,,12627609,2026-09-06 17:37:26,True,https://metroonline.page.link/UtKu
Garnier Skin Natural Pure Active 3 In 1 50 ML,496,False,0,0,5,Health and Beauty,Skin Care,Facewashes,,12627608,2026-09-06 17:37:26,False,https://metroonline.page.link/DkLr
GARNIER PURE ACT 3IN1 100ML,900,True,749,60,5,Health and Beauty,Skin Care,Facewashes,,9999821,2026-09-06 17:37:26,True,https://metroonline.page.link/czFb
Lifebuoy Nature 106GM,105,False,76,6441,48,Health and Beauty,Bath and Soap,Antibacterial,,12627541,2026-09-06 17:37:26,True,https://metroonline.page.link/e5nW
Lifebuoy Lemon Fresh 106GM,105,False,0,5859,48,Health and Beauty,Bath and Soap,Antibacterial,,12627540,2026-09-06 17:37:26,True,https://metroonline.page.link/fcsc
Lifebuoy Soap Care  Protect 98GM,105,False,94,9076,7,Health and Beauty,Bath and Soap,Antibacterial,,12627538,2026-09-06 17:37:26,True,https://metroonline.page.link/qyYG
Lux Soap Purple Lotus 100gm,130,True,120,5151,48,Health and Beauty,Bath and Soap,Fragrant,,12627536,2026-09-06 17:37:26,True,https://metroonline.page.link/nzjv
Clear Complete Clean Shampoo 185ML,499,False,0,0,24,Health and Beauty,Hair Care,Shampoos,,12627535,2026-09-06 17:37:26,True,https://metroonline.page.link/bC6c
Sunsilk Shampoo Refresh 400ML,520,False,0,0,7,Health and Beauty,Hair Care,Shampoos,,12627533,2026-09-06 17:37:26,False,https://metroonline.page.link/3U58
Sunsilk 360ML Anti-Hairfall Shampoo ,703,False,0,0,7,Health and Beauty,Hair Care,Shampoos,,12627532,2026-09-06 17:37:26,False,https://metroonline.page.link/veUx
VEET HR LOTION DRY 80ML,590,False,499,21,5,Health and Beauty,Toiletries,Women Care,,9999893,2026-09-06 17:37:26,True,https://metroonline.page.link/wJMh
Veet Silk  Fresh Hair Removal Lotion for Normal Skin 40GM,295,False,245,2540,5,Health and Beauty,Toiletries,Women Care,,12626746,2026-09-06 17:37:26,True,https://metroonline.page.link/3QCz
VEET HR LOTION NORMAL 80ML,590,False,499,7,5,Health and Beauty,Toiletries,Women Care,,9999884,2026-09-06 17:37:26,True,https://metroonline.page.link/szAG
Veet Silk  Fresh Hair Removal Lotion For Dry Skin 40GM,295,False,230,1682,5,Health and Beauty,Toiletries,Women Care,,12626744,2026-09-06 17:37:26,True,https://metroonline.page.link/tFDX
Veet Silk  Fresh Hair Removal Lotion For Dry Skin 120 GM,689,False,680,41,5,Health and Beauty,Toiletries,Women Care,,12626743,2026-09-06 17:37:26,True,https://metroonline.page.link/YRFV
Veet Silk  Fresh Hair Removal Lotion for Normal Skin 120GM,689,False,0,67,5,Health and Beauty,Toiletries,Women Care,,12626741,2026-09-06 17:37:26,True,https://metroonline.page.link/Aupj
Veet Zulia Sensitive 125g,789,False,835,1,4,Health and Beauty,Toiletries,Women Care,,9999863,2026-09-06 17:37:26,True,https://metroonline.page.link/xKCu
Veet Zulia Dry 125g,789,False,835,29,5,Health and Beauty,Toiletries,Women Care,,9999650,2026-09-06 17:37:26,True,https://metroonline.page.link/ahmB
Veet Zulia Normal 125g,980,True,789,0,5,Health and Beauty,Toiletries,Women Care,,9999854,2026-09-06 17:37:26,True,https://metroonline.page.link/7GRS
Veet Silk  Fresh Wax Strip Dry Skin 12 strips ,744,False,646,61,5,Health and Beauty,Toiletries,Women Care,,12626731,2026-09-06 17:37:26,True,https://metroonline.page.link/dbBB
Veet Zulia Sensitive 200g,1900,True,1430,71,5,Health and Beauty,Toiletries,Women Care,,9999845,2026-09-06 17:37:26,True,https://metroonline.page.link/e4N6
Veet Zulia Dry 200g,1449,False,1615,66,5,Health and Beauty,Toiletries,Women Care,,9999843,2026-09-06 17:37:26,True,https://metroonline.page.link/2Ezq
Veet Zulia Normal 200g,1449,False,1615,88,5,Health and Beauty,Toiletries,Women Care,,9999842,2026-09-06 17:37:26,True,https://metroonline.page.link/Skds
Veet Silk  Fresh Wax Strip Normal Skin 12 strips ,744,False,0,3,5,Health and Beauty,Toiletries,Women Care,,12626725,2026-09-06 17:37:26,True,https://metroonline.page.link/hmzL
Dettol Hand Sanitizer Original 50ml ,256,False,0,0,15,Health and Beauty,Bath and Soap,Hand and Body Washes,,12626640,2026-09-06 17:37:26,False,https://metroonline.page.link/deKX
Dettol Antiseptic Liquid Original 1L,2867,False,2690,0,15,Health and Beauty,Bath and Soap,Hand and Body Washes,,12626637,2026-09-06 17:37:26,True,https://metroonline.page.link/gvL4
Dettol Liquid Handwash Original 150ml Refill Pouch,271,False,256,50,15,Health and Beauty,Bath and Soap,Hand and Body Washes,,12626624,2026-09-06 17:37:26,True,https://metroonline.page.link/BdN4
Dettol Liquid Handwash Skincare 150ml Refill Pouch,271,False,0,44,15,Health and Beauty,Bath and Soap,Hand and Body Washes,,12626623,2026-09-06 17:37:26,True,https://metroonline.page.link/GKfB
Dettol Liquid Handwash Original 150ml Pump,345,False,0,73,15,Health and Beauty,Bath and Soap,Hand and Body Washes,,12626622,2026-09-06 17:37:26,True,https://metroonline.page.link/QE9R
Dettol Liquid Handwash Skincare 150ml Pump,345,False,0,17,15,Health and Beauty,Bath and Soap,Hand and Body Washes,,12626621,2026-09-06 17:37:26,True,https://metroonline.page.link/eyMv
DETTOL LHW PUMP ORIGINAL 250ML,542,False,499,121,4,Health and Beauty,Bath and Soap,Hand and Body Washes,,9999808,2026-09-06 17:37:26,True,https://metroonline.page.link/5MCH
Dettol Anti-Bacterial Soap Skincare 170gm ,199,False,199,522,15,Health and Beauty,Bath and Soap,Antibacterial,,12626616,2026-09-06 17:37:26,True,https://metroonline.page.link/qCZV
Dettol Anti-Bacterial Soap Cool 160GM,199,False,,0,15,Health and Beauty,Bath and Soap,Antibacterial,,12626615,2026-09-06 17:37:26,True,https://metroonline.page.link/GZmL
DETTOL SOAP ORIGINAL 160G,190,False,169,511,15,Health and Beauty,Bath and Soap,Antibacterial,,9999897,2026-09-06 17:37:26,True,https://metroonline.page.link/yLp1
Dettol Anti-Bacterial Soap Skincare 138gm ,155,False,155,72,15,Health and Beauty,Bath and Soap,Antibacterial,,12626608,2026-09-06 17:37:26,True,https://metroonline.page.link/Kkew
Dettol Anti-Bacterial Soap Original 138GM,155,False,0,61,10,Health and Beauty,Bath and Soap,Antibacterial,,12626607,2026-09-06 17:37:26,True,https://metroonline.page.link/1THK
Lux Soap Pink 130GM,156,False,0,1548,48,Health and Beauty,Bath and Soap,Fragrant,,12625844,2026-09-06 17:37:26,True,https://metroonline.page.link/Q2id
Lux Soap Purple Lotus 128GM,156,False,126,2615,48,Health and Beauty,Bath and Soap,Fragrant,,12625828,2026-09-06 17:37:26,True,https://metroonline.page.link/3vFy
Pantene Milky Extra Treatment Conditioner 180 ML,446,False,0,0,10,Health and Beauty,Hair Care,Conditioners,,12625814,2026-09-06 17:37:26,True,https://metroonline.page.link/Pbqw
Pantene Anti Hairfall Conditioner 180 ML,446,False,0,0,10,Health and Beauty,Hair Care,Conditioners,,12625807,2026-09-06 17:37:26,True,https://metroonline.page.link/rBHC
Pantene Smooth and Strong Conditioner 185 ML,446,False,393,0,10,Health and Beauty,Hair Care,Conditioners,,12625805,2026-09-06 17:37:26,True,https://metroonline.page.link/zdUP
Veet HR/RMV Cream Dry-S 25 ML,248,False,0,123,5,Health and Beauty,Toiletries,Women Care,,12625801,2026-09-06 17:37:26,True,https://metroonline.page.link/Fcht
SENSODYNE DEEP CLEAN 100gm,520,False,450,569,15,Health and Beauty,Oral Care,Tooth Pastes,,12625646,2026-09-06 17:37:26,True,https://metroonline.page.link/ADWP
Head and Shoulders Shampoo Clean and Clear 1LTR,2181,False,1862,0,8,Health and Beauty,Hair Care,Shampoos,,12625585,2026-09-06 17:37:26,True,https://metroonline.page.link/XrzB
Capri Soap White 120GM X 3,415,False,319,23,24,Health and Beauty,Bath and Soap,Fragrant,,12625546,2026-09-06 17:37:26,True,https://metroonline.page.link/fmbt
Lux Soap Velvet Touch 70 GM,98,False,0,1,7,Health and Beauty,Bath and Soap,Fragrant,,12625543,2026-09-06 17:37:26,True,https://metroonline.page.link/BNpb
Castor Oil 235 ML,844,False,0,-5,10,Health and Beauty,Hair Care,Oils and Serums,,12625400,2026-09-06 17:37:26,True,https://metroonline.page.link/6Qsq
Neem Oil 110 ML,903,False,0,0,10,Health and Beauty,Hair Care,Oils and Serums,,12625399,2026-09-06 17:37:26,True,https://metroonline.page.link/wW1T
Apricot Kernel Oil (Bitter) 110 ML,791,False,0,-14,10,Health and Beauty,Hair Care,Oils and Serums,,12625388,2026-09-06 17:37:26,True,https://metroonline.page.link/XzRc
Sunflower Oil 235 ML,885,False,0,0,10,Health and Beauty,Hair Care,Oils and Serums,,12625384,2026-09-06 17:37:26,True,https://metroonline.page.link/4wUU
Flaxseed Oil 235ML,1115,False,0,-1,10,Health and Beauty,Hair Care,Oils and Serums,,12625383,2026-09-06 17:37:26,True,https://metroonline.page.link/Rn2w
Walnut Oil 110 ML,974,False,0,0,10,Health and Beauty,Hair Care,Oils and Serums,,12625382,2026-09-06 17:37:26,True,https://metroonline.page.link/2wyk
Black seed Oil 110 ML,897,False,0,-1,10,Health and Beauty,Hair Care,Oils and Serums,,12625381,2026-09-06 17:37:26,True,https://metroonline.page.link/rtVm
Sesame Oil 235 ML,1221,False,0,-15,10,Health and Beauty,Hair Care,Oils and Serums,,12625380,2026-09-06 17:37:26,True,https://metroonline.page.link/bApN
Mustard Oil 235 ML,625,False,0,-4,10,Health and Beauty,Hair Care,Oils and Serums,,12625375,2026-09-06 17:37:26,False,https://metroonline.page.link/wDHT
Coconut Oil 235 ML,1274,False,0,-11,10,Health and Beauty,Hair Care,Oils and Serums,,12625373,2026-09-06 17:37:26,True,https://metroonline.page.link/ef6w
 Lux Soap Fresh Splash 100 GM,130,True,120,4511,48,Health and Beauty,Bath and Soap,Fragrant,,12625351,2026-09-06 17:37:26,True,https://metroonline.page.link/Lj1F
 Lux Soap Fresh Splash 128GM,156,False,0,4039,48,Health and Beauty,Bath and Soap,Fragrant,,12625341,2026-09-06 17:37:26,True,https://metroonline.page.link/CSci
Lifebuoy White Soap 130 GM,129,False,0,2190,7,Health and Beauty,Bath and Soap,Antibacterial,,12625340,2026-09-06 17:37:26,True,https://metroonline.page.link/4s91
Lifebuoy Green Soap 130GM,129,False,0,680,48,Health and Beauty,Bath and Soap,Antibacterial,,12625339,2026-09-06 17:37:26,True,https://metroonline.page.link/DAVu
LIFEBUOY Lemon Fresh 128GM,129,False,0,1502,48,Health and Beauty,Bath and Soap,Antibacterial,,12625338,2026-09-06 17:37:26,True,https://metroonline.page.link/auMt
LUX Soap Velvet Touch 50GM ,69,False,0,0,48,Health and Beauty,Bath and Soap,Fragrant,,12625336,2026-09-06 17:37:26,True,https://metroonline.page.link/yXsg
Lux Red Soap Valentina 140GM,77,False,0,0,7,Health and Beauty,Bath and Soap,Fragrant,,12625335,2026-09-06 17:37:26,False,https://metroonline.page.link/fkq7
Lux Elegant Gardenia White Soap 140GM,77,False,0,0,48,Health and Beauty,Bath and Soap,Fragrant,,12625334,2026-09-06 17:37:26,False,https://metroonline.page.link/1utY
 Lux Soap White Trio 100 GM,151,False,145,0,7,Health and Beauty,Bath and Soap,Fragrant,,12625331,2026-09-06 17:37:26,False,https://metroonline.page.link/53XD
Lux Soap Pink 100 GM,130,True,120,3370,48,Health and Beauty,Bath and Soap,Fragrant,,12625330,2026-09-06 17:37:26,True,https://metroonline.page.link/WyR2
Lux Soap White 100GM,130,True,120,1448,7,Health and Beauty,Bath and Soap,Fragrant,,12625329,2026-09-06 17:37:26,True,https://metroonline.page.link/2u73
Lifebuoy Soap Red 100GM,105,False,0,385,7,Health and Beauty,Bath and Soap,Antibacterial,,12625325,2026-09-06 17:37:26,True,https://metroonline.page.link/1qcZ
Sunsilk Shampoo SS 400 ML X1,390,False,0,0,7,Health and Beauty,Hair Care,Shampoos,,12621545,2026-09-06 17:37:26,False,https://metroonline.page.link/yAj6
Loreal Excellence Cream Hair Color Light Brown 5.1,3071,False,0,0,10,Health and Beauty,Hair Care,Hair Colors,,12625146,2026-09-06 17:37:26,False,https://metroonline.page.link/r2Fq
Loreal Excellence Hair Color Profound Brown 4.1,2899,False,0,0,10,Health and Beauty,Hair Care,Hair Colors,,12625145,2026-09-06 17:37:26,False,https://metroonline.page.link/12zn
Loreal Excellence Hair Color Honey Brown 7.7,2965,False,0,0,10,Health and Beauty,Hair Care,Hair Colors,,12625141,2026-09-06 17:37:26,True,https://metroonline.page.link/Gb86
Loreal Excellence Hair Color Very Light Ash Blonde 9.1,2965,False,0,0,10,Health and Beauty,Hair Care,Hair Colors,,12625140,2026-09-06 17:37:26,True,https://metroonline.page.link/7vRq
Loreal Excellence Natural Hair Color Light Blonde 8,2965,False,0,0,10,Health and Beauty,Hair Care,Hair Colors,,12625138,2026-09-06 17:37:26,False,https://metroonline.page.link/3dFx
Loreal Excellence Hair Color Black 1,2899,False,1899,0,10,Health and Beauty,Hair Care,Hair Colors,,12625133,2026-09-06 17:37:26,False,https://metroonline.page.link/Pp6f
Safeguard Soap Pure White 95GM x3,375,False,0,0,15,Health and Beauty,Bath and Soap,Antibacterial,,12625068,2026-09-06 17:37:26,True,https://metroonline.page.link/A8Wq
Safeguard Soap Floral Scent 100 GM X 3,372,False,0,0,15,Health and Beauty,Bath and Soap,Antibacterial,,12625066,2026-09-06 17:37:26,True,https://metroonline.page.link/uVNP
Safeguard Soap Pure White 135GM,172,False,0,0,10,Health and Beauty,Bath and Soap,Antibacterial,,12625064,2026-09-06 17:37:26,True,https://metroonline.page.link/gNgi
Safeguard Lemon Fresh 125G,172,False,160,0,10,Health and Beauty,Bath and Soap,Antibacterial,,12625063,2026-09-06 17:37:26,True,https://metroonline.page.link/7nqH
Safeguard Floral Scent 125G,172,False,160,0,10,Health and Beauty,Bath and Soap,Antibacterial,,12625062,2026-09-06 17:37:26,True,https://metroonline.page.link/RL4B
Safeguard Soap Pure White 135gm x3,506,False,0,0,15,Health and Beauty,Bath and Soap,Antibacterial,,12625061,2026-09-06 17:37:26,False,https://metroonline.page.link/TL1c
Safeguard Pure Lemon Fresh Soap 135GM X 3,506,False,395,0,24,Health and Beauty,Bath and Soap,Fragrant,,12625060,2026-09-06 17:37:26,True,https://metroonline.page.link/2C6B
Safeguard Floral Scent Soap 135GM X 3,505,False,0,0,24,Health and Beauty,Bath and Soap,Fragrant,,12625059,2026-09-06 17:37:26,True,https://metroonline.page.link/vrTE
Safeguard Soap White 100GM,130,False,145,1,10,Health and Beauty,Bath and Soap,Antibacterial,,12625058,2026-09-06 17:37:26,True,https://metroonline.page.link/wR6Q
Safeguard Pure White Soap 175GM,223,False,0,0,15,Health and Beauty,Bath and Soap,Fragrant,,12625057,2026-09-06 17:37:26,True,https://metroonline.page.link/8cp1
Sunsilk Shampoo Long And Healthy 360ML,790,False,675,18,12,Health and Beauty,Hair Care,Shampoos,,12624948,2026-09-06 17:37:26,True,https://metroonline.page.link/zM9y
Pond Pink Talcum Powder 400GM,400,False,0,0,15,Health and Beauty,Fragrances,Anti Perspirants,,12624913,2026-09-06 17:37:26,False,https://metroonline.page.link/Gw5B
Parodontax Toothpaste Extra Fresh,400,False,314,0,15,Health and Beauty,Oral Care,Tooth Pastes,,12624910,2026-09-06 17:37:26,True,https://metroonline.page.link/Jeph
H&S ANTI HAIR FALL 185ML PK,462,False,437,0,10,Health and Beauty,Hair Care,Shampoos,,12624300,2026-09-06 17:37:26,True,https://metroonline.page.link/kxs1
Nivea Roll-on Deodorant Cool Kick 50ML,1500,False,1242,21,15,Health and Beauty,Fragrances,Anti Perspirants,,12624830,2026-09-06 17:37:26,True,https://metroonline.page.link/Pvye
Nivea Roll-on Deodorant Comfort Women 50ML,1350,False,1242,0,15,Health and Beauty,Fragrances,Anti Perspirants,,12624828,2026-09-06 17:37:26,True,https://metroonline.page.link/aNN4
Nivea Men Stress Protect Roll-on 50ML,1350,False,0,0,15,Health and Beauty,Fragrances,Anti Perspirants,,12624825,2026-09-06 17:37:26,False,https://metroonline.page.link/iVWe
Nivea Nourishing Body Lotion 125ML,900,False,0,0,5,Health and Beauty,Skin Care,Lotions and Sunscreen,,12624820,2026-09-06 17:37:26,False,https://metroonline.page.link/YXok
Nivea Natural Fairness Body Cream 100ML,1200,False,1159,0,15,Health and Beauty,Skin Care,Creams,,12624819,2026-09-06 17:37:26,False,https://metroonline.page.link/jLpU
Palmolive Shampoo Silky Straight 375ML,700,False,,48,12,Health and Beauty,Hair Care,Shampoos,,12624818,2026-09-06 17:37:26,True,https://metroonline.page.link/o7Vf
Palmolive Shampoo Intensive Moisture 375 ML,700,False,,66,12,Health and Beauty,Hair Care,Shampoos,,12624817,2026-09-06 17:37:26,True,https://metroonline.page.link/fSXc
Palmolive Shampoo Healthy and Smooth 350ML,700,False,,86,12,Health and Beauty,Hair Care,Shampoos,,12624816,2026-09-06 17:37:26,True,https://metroonline.page.link/3AR3
Palmolive Shampoo Healthy and Smooth 180ML,399,False,331,0,24,Health and Beauty,Hair Care,Shampoos,,12624815,2026-09-06 17:37:26,True,https://metroonline.page.link/M3RV
Colgate Plax Freshmint 250ML,499,False,0,16,15,Health and Beauty,Oral Care,Tooth Pastes,,12624813,2026-09-06 17:37:26,True,https://metroonline.page.link/FXv3
Colgate Toothpaste Repair  Prevent 114GM,486,False,377,0,15,Health and Beauty,Oral Care,Tooth Pastes,,12624811,2026-09-06 17:37:26,True,https://metroonline.page.link/Yoj7
DETTOL LHW PUMP SKINCARE 250ML,542,False,499,44,4,Health and Beauty,Bath and Soap,Hand and Body Washes,,9999815,2026-09-06 17:37:26,True,https://metroonline.page.link/csME
Vatika Shampoo Moisture Treatment 400ML,794,False,0,0,10,Health and Beauty,Hair Care,Shampoos,,12624761,2026-09-06 17:37:26,True,https://metroonline.page.link/2Yrn
Vatika Shampoo Repair  Restore 400ML,794,False,0,0,10,Health and Beauty,Hair Care,Shampoos,,12624760,2026-09-06 17:37:26,False,https://metroonline.page.link/1ypq
Pantene Shampoo Anti Hair Fall 360ML,744,False,0,0,10,Health and Beauty,Hair Care,Shampoos,,12624758,2026-09-06 17:37:26,True,https://metroonline.page.link/stBT
PANTENE SHMP ANTI H.F 185ML,443,False,419,0,10,Health and Beauty,Hair Care,Shampoos,,12624757,2026-09-06 17:37:26,True,https://metroonline.page.link/eRHD
Head and Shoulders Shampoo Anti Hair Fall 650ML,1365,False,1350,0,12,Health and Beauty,Hair Care,Shampoos,,12624755,2026-09-06 17:37:26,True,https://metroonline.page.link/jJHu
Head and Shoulders Shampoo Black 650ML,1365,False,1350,0,12,Health and Beauty,Hair Care,Shampoos,,12624754,2026-09-06 17:37:26,True,https://metroonline.page.link/d7Dm
Head and Shoulders Shampoo Clean 650ML,1487,False,1350,0,12,Health and Beauty,Hair Care,Shampoos,,12624753,2026-09-06 17:37:26,True,https://metroonline.page.link/Lc1d
Head and Shoulders Shampoo Smooth  Silky 360ML,793,False,697,0,12,Health and Beauty,Hair Care,Shampoos,,12624752,2026-09-06 17:37:26,True,https://metroonline.page.link/CFEi
Head and Shoulders Shampoo Menthol 360ML,793,False,697,0,12,Health and Beauty,Hair Care,Shampoos,,12624749,2026-09-06 17:37:26,True,https://metroonline.page.link/DDro
Head and Shoulders Shampoo Silky Black 360ML,786,False,699,0,10,Health and Beauty,Hair Care,Shampoos,,12624748,2026-09-06 17:37:26,True,https://metroonline.page.link/pgn9
H&S SMOOTH & SILKY 185ML,462,False,437,0,10,Health and Beauty,Hair Care,Shampoos,,12624745,2026-09-06 17:37:26,True,https://metroonline.page.link/Ygtg
GARNIER CLNSING MLK NAT 400G,1585,False,1169,0,5,Health and Beauty,Skin Care,Facewashes,,9999660,2026-09-06 17:37:26,True,https://metroonline.page.link/Xkkp
Garnier Facewash Neem Skin Natural 50 GM,399,False,351,25,5,Health and Beauty,Skin Care,Facewashes,,12624729,2026-09-06 17:37:26,True,https://metroonline.page.link/LMMc
Garnier Color Naturals Hair Color Dark Blonde 6,1099,True,825,39,10,Health and Beauty,Hair Care,Hair Colors,,12624711,2026-09-06 17:37:26,True,https://metroonline.page.link/EDZv
Vatika Garlic Hair Oil 200 ML,640,False,0,75,10,Health and Beauty,Hair Care,Oils and Serums,,12624708,2026-09-06 17:37:26,True,https://metroonline.page.link/K2xV
EXC H.CLR SHADE 7.0,3179,False,2699,13,10,Health and Beauty,Hair Care,Hair Colors,,9999546,2026-09-06 17:37:26,True,https://metroonline.page.link/n1iR
Dermo White Perfect Day Facial Foam,4087,False,0,1,3,Health and Beauty,Skin Care,Facewashes,,12624655,2026-09-06 17:37:26,True,https://metroonline.page.link/JS8C
Dermo White Perfect Night Facial Foam,4087,False,0,0,3,Health and Beauty,Skin Care,Facewashes,,12624654,2026-09-06 17:37:26,False,https://metroonline.page.link/fzqh
Dermo Revitalift Day,4393,False,0,0,3,Health and Beauty,Skin Care,Creams,,12624651,2026-09-06 17:37:26,True,https://metroonline.page.link/vZxx
Loreal Paris Gloss Dark Blonde Casting 600,2699,False,0,11,10,Health and Beauty,Hair Care,Hair Colors,,12624650,2026-09-06 17:37:26,True,https://metroonline.page.link/V35R
LOREAL SHMP CLR PRTCT 360ML,910,True,725,72,12,Health and Beauty,Hair Care,Shampoos,,9999860,2026-09-06 17:37:26,True,https://metroonline.page.link/ninH
Loreal Excellence Hair Color Natural Brown 4,2699,False,0,13,10,Health and Beauty,Hair Care,Hair Colors,,12624642,2026-09-06 17:37:26,False,https://metroonline.page.link/owhM
Gillette Blue 3 System Razor,1376,False,0,0,15,Health and Beauty,Toiletries,Men Grooming,,12624602,2026-09-06 17:37:26,True,https://metroonline.page.link/Ekqf
Capri Peach Soap 135GM x 6 Save Rs. 50,800,False,669,0,15,Health and Beauty,Bath and Soap,Fragrant,,12624457,2026-09-06 17:37:26,False,https://metroonline.page.link/3o9B
Colgate Mouth Wash Plax Peppermint 500ML,849,False,0,13,15,Health and Beauty,Oral Care,Tooth Pastes,,12624420,2026-09-06 17:37:26,True,https://metroonline.page.link/fTDp
Colgate Plax Peppermint Mouthwash 250ML,499,False,0,84,15,Health and Beauty,Oral Care,Tooth Pastes,,12624419,2026-09-06 17:37:26,True,https://metroonline.page.link/zDft
Pantene Shampoo Smooth and Strong 650ML,1339,False,1215,0,12,Health and Beauty,Hair Care,Shampoos,,12624416,2026-09-06 17:37:26,True,https://metroonline.page.link/xFT2
Pantene Shampoo Black 360ML,744,False,0,0,10,Health and Beauty,Hair Care,Shampoos,,12624415,2026-09-06 17:37:26,True,https://metroonline.page.link/mRRe
Pantene Shampoo Milky Extra Treatment 360ML,744,False,0,0,10,Health and Beauty,Hair Care,Shampoos,,12624414,2026-09-06 17:37:26,True,https://metroonline.page.link/ZEA6
Capri Soap White 150GM,180,False,0,62,15,Health and Beauty,Bath and Soap,Fragrant,,12624379,2026-09-06 17:37:26,True,https://metroonline.page.link/EJ2P
Pantene Shampoo Smooth and Strong 360ML,744,False,0,0,10,Health and Beauty,Hair Care,Shampoos,,12624308,2026-09-06 17:37:26,True,https://metroonline.page.link/s4nL
PANTENE SHMP BLK 185ML,443,False,419,0,10,Health and Beauty,Hair Care,Shampoos,,12624306,2026-09-06 17:37:26,True,https://metroonline.page.link/J9ZV
PANTENE SHMP XT 185ML,446,False,419,0,10,Health and Beauty,Hair Care,Shampoos,,12624305,2026-09-06 17:37:26,True,https://metroonline.page.link/2mhG
PANTENE SHMP XT 185ML,443,False,419,0,10,Health and Beauty,Hair Care,Shampoos,,12624304,2026-09-06 17:37:26,True,https://metroonline.page.link/j3RP
Head and Shoulders Shampoo Dry Scalp Care 650ML,1487,False,1350,0,12,Health and Beauty,Hair Care,Shampoos,,12624303,2026-09-06 17:37:26,True,https://metroonline.page.link/tRkk
Head and Shoulders Shampoo Anti Hair Fall 360ML,786,False,699,0,12,Health and Beauty,Hair Care,Shampoos,,12624302,2026-09-06 17:37:26,True,https://metroonline.page.link/7cQo
Head and Shoulders Shampoo Scalp Care 360ML,786,False,699,0,12,Health and Beauty,Hair Care,Shampoos,,12624301,2026-09-06 17:37:26,True,https://metroonline.page.link/5z1q
H&S DRY SCALP CARE 185ML,462,False,437,0,10,Health and Beauty,Hair Care,Shampoos,,12624299,2026-09-06 17:37:26,True,https://metroonline.page.link/no8p
H&S MENTHOL 185ML,466,False,437,0,10,Health and Beauty,Hair Care,Shampoos,,12624298,2026-09-06 17:37:26,True,https://metroonline.page.link/r8xb
H&S SH CLASSIC CLEAN 185ML,462,False,437,0,10,Health and Beauty,Hair Care,Shampoos,,12624297,2026-09-06 17:37:26,True,https://metroonline.page.link/cG8B
Head and Shoulders Shampoo Anti Hair Fall 90ML,218,False,0,0,10,Health and Beauty,Hair Care,Shampoos,,12624295,2026-09-06 17:37:26,True,https://metroonline.page.link/vsH5
Garnier Color Naturals Hair Color Sparkle Dark Shiny Brown 4.7,849,False,0,0,10,Health and Beauty,Hair Care,Hair Colors,,12624281,2026-09-06 17:37:26,False,https://metroonline.page.link/UiAe
Dermo Revitalift Cleansing Milk Gel 100 ML,1589,False,0,0,3,Health and Beauty,Skin Care,Facewashes,,12624270,2026-09-06 17:37:26,False,https://metroonline.page.link/SBir
Garnier Color Naturals Hair Color Toffee Brown Black 3.3,1099,True,825,33,10,Health and Beauty,Hair Care,Hair Colors,,12624269,2026-09-06 17:37:26,True,https://metroonline.page.link/RG8L
GARN CLRNAT DEEP RED BRN 3.6,1099,True,825,27,10,Health and Beauty,Hair Care,Hair Colors,,9999638,2026-09-06 17:37:26,True,https://metroonline.page.link/6qML
Garnier Color Naturals Hair Color Luminous Black 2,1099,True,825,50,10,Health and Beauty,Hair Care,Hair Colors,,12624266,2026-09-06 17:37:26,True,https://metroonline.page.link/wwkk
Garnier Color Naturals Hair Color Hazel Blonde 7.3,1099,True,825,8,10,Health and Beauty,Hair Care,Hair Colors,,12624265,2026-09-06 17:37:26,True,https://metroonline.page.link/v6qG
H.CLR GLOSS DARK BLND 700,3179,False,2699,10,10,Health and Beauty,Hair Care,Hair Colors,,9999724,2026-09-06 17:37:26,True,https://metroonline.page.link/YK9y
CC H.CLR GLOSS CHCLT 535,3179,False,2699,11,10,Health and Beauty,Hair Care,Hair Colors,,9999869,2026-09-06 17:37:26,True,https://metroonline.page.link/bKiy
Loreal Paris Gloss Light Brown 500 Hair color,2699,False,0,13,10,Health and Beauty,Hair Care,Hair Colors,,12624259,2026-09-06 17:37:26,True,https://metroonline.page.link/XBFG
Loreal Paris Gloss Darkest Brown  400 Hair color,2699,False,0,7,10,Health and Beauty,Hair Care,Hair Colors,,12624258,2026-09-06 17:37:26,True,https://metroonline.page.link/X9ud
Loreal Paris Gloss Darkest Brown Casting 300,3179,False,0,0,10,Health and Beauty,Hair Care,Hair Colors,,12624257,2026-09-06 17:37:26,True,https://metroonline.page.link/Bgvy
Loreal Excellence Hair Color Dark Ash Brown 6.1,2699,False,0,11,10,Health and Beauty,Hair Care,Hair Colors,,12624256,2026-09-06 17:37:26,False,https://metroonline.page.link/1N8q
Loreal Excellence Hair Color Light Brown 6,2699,False,0,11,10,Health and Beauty,Hair Care,Hair Colors,,12624255,2026-09-06 17:37:26,False,https://metroonline.page.link/oAnv
Loreal Excellence Hair Color Light Golden Brown 5.3,2699,False,0,9,10,Health and Beauty,Hair Care,Hair Colors,,12624253,2026-09-06 17:37:26,False,https://metroonline.page.link/Xdvb
Loreal Excellence Hair Color Medium Brown 5,2699,False,0,14,10,Health and Beauty,Hair Care,Hair Colors,,12624252,2026-09-06 17:37:26,False,https://metroonline.page.link/ZU3X
Loreal Excellence Hair Color Dark Brown 3,2699,False,0,10,10,Health and Beauty,Hair Care,Hair Colors,,12624250,2026-09-06 17:37:26,False,https://metroonline.page.link/fWD9
Lifebuoy Total Handwash 220 ML,277,False,0,266,12,Health and Beauty,Bath and Soap,Hand and Body Washes,,12624209,2026-09-06 17:37:26,True,https://metroonline.page.link/yYDU
Sensodyne Toothpaste Repair  Protect Original Sensitive 75ML,695,False,0,0,15,Health and Beauty,Oral Care,Tooth Pastes,,12624103,2026-09-06 17:37:26,False,https://metroonline.page.link/qbnL
Lifebuoy Shampoo Strong  Thick 375ML,599,False,511,0,12,Health and Beauty,Hair Care,Shampoos,,12624099,2026-09-06 17:37:26,True,https://metroonline.page.link/tPKK
Sunsilk Shampoo Long  Healthy 185ML,495,False,0,165,24,Health and Beauty,Hair Care,Shampoos,,12624097,2026-09-06 17:37:26,True,https://metroonline.page.link/wVFu
Loreal Conditioner Keratin Straight 175ML,550,True,449,29,10,Health and Beauty,Hair Care,Conditioners,,12624095,2026-09-06 17:37:26,True,https://metroonline.page.link/4hge
Loreal Shampoo Keratin Straight 175ML,520,True,449,31,24,Health and Beauty,Hair Care,Shampoos,,12624094,2026-09-06 17:37:26,True,https://metroonline.page.link/6LKT
Life Style Coconut Oil 200ML,550,False,0,0,10,Health and Beauty,Hair Care,Oils and Serums,,12624093,2026-09-06 17:37:26,False,https://metroonline.page.link/Gozk
Life Style Olive Oil 100ML ,440,False,0,0,10,Health and Beauty,Hair Care,Oils and Serums,,12624092,2026-09-06 17:37:26,False,https://metroonline.page.link/mo2D
Life Style  Almond Oil 25ML,355,False,0,0,10,Health and Beauty,Hair Care,Oils and Serums,,12624091,2026-09-06 17:37:26,False,https://metroonline.page.link/Ad9k
Nivea Body Lotion Shea Butter 250ML,1800,True,1530,22,5,Health and Beauty,Skin Care,Lotions and Sunscreen,,12623999,2026-09-06 17:37:26,True,https://metroonline.page.link/YfWx
Lifebuoy Shampoo Strong  Thick 175ML,340,False,290,0,24,Health and Beauty,Hair Care,Shampoos,,12623941,2026-09-06 17:37:26,True,https://metroonline.page.link/pYms
Tresemme Keratin Smooth Strong Conditioner 160ML,525,False,424,0,24,Health and Beauty,Hair Care,Conditioners,,12623938,2026-09-06 17:37:26,True,https://metroonline.page.link/uCzM
Tresemme Keratin Smooth  Strong Conditioner 160ML ,525,False,0,228,24,Health and Beauty,Hair Care,Conditioners,,12623937,2026-09-06 17:37:26,True,https://metroonline.page.link/Wbn6
Tresemme Colour Revitalize Conditioner 160ML,525,False,424,120,24,Health and Beauty,Hair Care,Conditioners,,12623936,2026-09-06 17:37:26,True,https://metroonline.page.link/kUz3
Lux Soap White 128 GM,156,False,144,1721,7,Health and Beauty,Bath and Soap,Fragrant,,12623861,2026-09-06 17:37:26,True,https://metroonline.page.link/1kV3
Fine Life Handwash Coconut 500ML,550,True,499,206,15,Health and Beauty,Bath and Soap,Hand and Body Washes,,12623750,2026-09-06 17:37:26,True,https://metroonline.page.link/YPDy
Pantene Shampoo Smooth and Silky 1000ML,1933,False,1704,0,8,Health and Beauty,Hair Care,Shampoos,,12623699,2026-09-06 17:37:26,True,https://metroonline.page.link/hfdd
Vatika Hair Oil Sarson 100ML,350,False,299,82,10,Health and Beauty,Hair Care,Oils and Serums,,12623494,2026-09-06 17:37:26,True,https://metroonline.page.link/TKVQ
Gillette Shaving Foam Menthol 200ML,1101,False,718,0,15,Health and Beauty,Toiletries,Men Grooming,,12623442,2026-09-06 17:37:26,True,https://metroonline.page.link/Vv5k
Fair and Lovely Cream BB 40GM,300,False,0,0,7,Health and Beauty,Skin Care,Creams,,12623419,2026-09-06 17:37:26,False,https://metroonline.page.link/btSh
Garnier Hair Color 6.66 Intense Red,1099,True,825,21,10,Health and Beauty,Hair Care,Hair Colors,,12623413,2026-09-06 17:37:26,True,https://metroonline.page.link/Uahu
Garnier Hair Color 7 Blonde ,1099,True,825,16,10,Health and Beauty,Hair Care,Hair Colors,,12623397,2026-09-06 17:37:26,True,https://metroonline.page.link/qWMJ
GARNIER C.N CHCLT BRN 6.34,1099,True,825,15,10,Health and Beauty,Hair Care,Hair Colors,,9999941,2026-09-06 17:37:26,True,https://metroonline.page.link/JfMn
Garnier Color Naturals Hair Color 4.6 Burgundy Red,1099,True,825,24,10,Health and Beauty,Hair Care,Hair Colors,,12623394,2026-09-06 17:37:26,True,https://metroonline.page.link/3PDK
Garnier Hair Color 5.3 Golden Brown ,1099,True,825,26,10,Health and Beauty,Hair Care,Hair Colors,,12623392,2026-09-06 17:37:26,True,https://metroonline.page.link/dLvg
Garnier Hair Color 6.1 Dark Ash Blonde,1099,True,825,16,10,Health and Beauty,Hair Care,Hair Colors,,12623306,2026-09-06 17:37:26,True,https://metroonline.page.link/WWv3
Colgate Toothpaste Herbal 50G,74,False,,480,15,Health and Beauty,Oral Care,Tooth Pastes,,12623245,2026-09-06 17:37:26,True,https://metroonline.page.link/nXpr
Vatika Oil Almond 100ML,385,False,299,0,10,Health and Beauty,Hair Care,Oils and Serums,,12623203,2026-09-06 17:37:26,True,https://metroonline.page.link/NpN5
Lifebuoy Care Handwash 200 ML,277,False,211,320,12,Health and Beauty,Bath and Soap,Hand and Body Washes,,12623188,2026-09-06 17:37:26,True,https://metroonline.page.link/nTEt
Vatika Hair Oil Sarson 200ML,640,False,500,69,10,Health and Beauty,Hair Care,Oils and Serums,,12623185,2026-09-06 17:37:26,True,https://metroonline.page.link/7E9m
Gillette Blue 3 Cartridges 3S,1652,False,0,0,15,Health and Beauty,Toiletries,Men Grooming,,12623172,2026-09-06 17:37:26,True,https://metroonline.page.link/N9Pt
Garnier Color Naturals Hair Color Light Brown 5 ,849,False,0,32,10,Health and Beauty,Hair Care,Hair Colors,,12623150,2026-09-06 17:37:26,True,https://metroonline.page.link/b7uX
Vatika Hair Oil Olive 100ML,385,False,0,0,10,Health and Beauty,Hair Care,Oils and Serums,,12623102,2026-09-06 17:37:26,True,https://metroonline.page.link/NrZF
Vatika Olive Hair Oil 200 ML,715,False,0,0,10,Health and Beauty,Hair Care,Oils and Serums,,12623090,2026-09-06 17:37:26,True,https://metroonline.page.link/XvVf
Garnier Color Naturals Light Opal 5.25,1099,True,825,29,10,Health and Beauty,Hair Care,Hair Colors,,12623031,2026-09-06 17:37:26,True,https://metroonline.page.link/RoxZ
Lifebuoy Hand Wash Refill Total10 200ML,175,False,135,0,12,Health and Beauty,Bath and Soap,Hand and Body Washes,,12622975,2026-09-06 17:37:26,True,https://metroonline.page.link/FBrn
Vatika Garlic Shampoo 200 ML,420,False,0,148,10,Health and Beauty,Hair Care,Shampoos,,12622970,2026-09-06 17:37:26,True,https://metroonline.page.link/drFQ
Garnier Face Wash Light  Radiant 100ML,619,False,551,60,5,Health and Beauty,Skin Care,Facewashes,,12622961,2026-09-06 17:37:26,True,https://metroonline.page.link/u1uA
Garnier Hair Color 5 1/2 Creamy Coffee,1099,True,825,33,10,Health and Beauty,Hair Care,Hair Colors,,12622937,2026-09-06 17:37:26,True,https://metroonline.page.link/oRru
Dove Shampoo Hairfall Rescue 700 ML,1450,False,1299,82,6,Health and Beauty,Hair Care,Shampoos,,12622930,2026-09-06 17:37:26,True,https://metroonline.page.link/tha4
Garnier Men Face Wash Acno Fight 50GM,525,True,399,30,15,Health and Beauty,Skin Care,Facewashes,,12622901,2026-09-06 17:37:26,True,https://metroonline.page.link/sV9Z
Garnier Color Naturals Hair Color Brown 4 ,1099,True,825,55,10,Health and Beauty,Hair Care,Hair Colors,,12622893,2026-09-06 17:37:26,True,https://metroonline.page.link/7USi
Garnier Hair Color 7.1 Ash Blond,1099,True,825,38,10,Health and Beauty,Hair Care,Hair Colors,,12622892,2026-09-06 17:37:26,True,https://metroonline.page.link/nRDH
Garnier Color Naturals Hair Color Black 1  ,1099,True,825,15,10,Health and Beauty,Hair Care,Hair Colors,,12622890,2026-09-06 17:37:26,True,https://metroonline.page.link/pZG9
Garnier Color Naturals Hair Color Golden Brown 4.3 ,1099,True,825,15,10,Health and Beauty,Hair Care,Hair Colors,,12622860,2026-09-06 17:37:26,True,https://metroonline.page.link/EQpN
Colgate Tooth Paste Regular 75GM,199,False,165,457,15,Health and Beauty,Oral Care,Tooth Pastes,,12622750,2026-09-06 17:37:26,True,https://metroonline.page.link/XbbK
Loreal Paris Dream Long Restoring Shampoo 360ML,749,False,760,25,12,Health and Beauty,Hair Care,Shampoos,,12622736,2026-09-06 17:37:26,True,https://metroonline.page.link/nxPU
Kala Kola Hair Tonic 100ML,207,False,0,0,10,Health and Beauty,Hair Care,Oils and Serums,,12622734,2026-09-06 17:37:26,False,https://metroonline.page.link/hJsQ
Garnier Face Wash Light  Radiant 50 ML,369,False,316,43,5,Health and Beauty,Skin Care,Facewashes,,12622728,2026-09-06 17:37:26,True,https://metroonline.page.link/dX6i
Vatika Dandruff Guard 185ML,435,False,375,56,10,Health and Beauty,Hair Care,Shampoos,,12622706,2026-09-06 17:37:26,True,https://metroonline.page.link/7XH4
Garnier Face Wash Neutral Skin Neem 100ML,690,False,570,54,5,Health and Beauty,Skin Care,Facewashes,,12622683,2026-09-06 17:37:26,True,https://metroonline.page.link/kLdj
Vatika Dandruff Guard Shampoo 360ML,794,False,650,0,10,Health and Beauty,Hair Care,Shampoos,,12622670,2026-09-06 17:37:26,True,https://metroonline.page.link/GYQe
Lifestyle Almond Oil 100ML,1220,False,0,0,10,Health and Beauty,Hair Care,Oils and Serums,,12622667,2026-09-06 17:37:26,False,https://metroonline.page.link/TpGe
Sensodyne Tooth Brush Multi Soft ,219,False,0,95,15,Health and Beauty,Oral Care,,,12622542,2026-09-06 17:37:26,True,https://metroonline.page.link/YasZ
Vatika Shampoo Egg 400ML,794,False,0,0,10,Health and Beauty,Hair Care,Shampoos,,12622495,2026-09-06 17:37:26,True,https://metroonline.page.link/huRS
Head and Shoulder Shampoo Classic Clean 360ML,793,False,0,0,10,Health and Beauty,Hair Care,Shampoos,,12622493,2026-09-06 17:37:26,True,https://metroonline.page.link/R4Q4
Vatika Garlic Shampoo 360ML,719,False,650,0,10,Health and Beauty,Hair Care,Shampoos,,12622436,2026-09-06 17:37:26,True,https://metroonline.page.link/7MGa
Fine Life Handwash Luxury 500ML,550,True,499,442,15,Health and Beauty,Bath and Soap,Hand and Body Washes,,12622346,2026-09-06 17:37:26,True,https://metroonline.page.link/kHLr
Colgate Tooth Brush Slim Soft ,189,False,120,0,15,Health and Beauty,Oral Care,Tooth Brushes,,12622305,2026-09-06 17:37:26,True,https://metroonline.page.link/uiVH
Gillette Blue 2 Plus Bag of 3,528,False,465,0,15,Health and Beauty,Toiletries,Men Grooming,,12622299,2026-09-06 17:37:26,True,https://metroonline.page.link/Nvtq
Vatika Almond Oil 200ML,715,False,525,0,10,Health and Beauty,Hair Care,Oils and Serums,,12622280,2026-09-06 17:37:26,True,https://metroonline.page.link/vXpD
Dabur Hair Oil Amla 50ML,160,False,0,233,10,Health and Beauty,Hair Care,Oils and Serums,,12622216,2026-09-06 17:37:26,True,https://metroonline.page.link/c3xN
Metro Professional Luxury Handwash 5L,3299,False,2999,72,15,Health and Beauty,Bath and Soap,Hand and Body Washes,,9999817,2026-09-06 17:37:26,True,https://metroonline.page.link/5xVA
Sunsilk Shampoo Thick and Long 680ML,1390,False,1259,154,6,Health and Beauty,Hair Care,Shampoos,,12622162,2026-09-06 17:37:26,True,https://metroonline.page.link/gXto
Sensodyne Tooth Paste Fluoride 70GM,380,False,0,405,15,Health and Beauty,Oral Care,Tooth Pastes,,12622091,2026-09-06 17:37:26,True,https://metroonline.page.link/cyTa
Dove Shampoo Dryness Care 360ML,910,False,775,-1,12,Health and Beauty,Hair Care,Shampoos,,12622076,2026-09-06 17:37:26,True,https://metroonline.page.link/oZ3v
Garnier Men Face Wash Power Light 50ML,525,True,399,24,15,Health and Beauty,Skin Care,Facewashes,,12622047,2026-09-06 17:37:26,True,https://metroonline.page.link/7ha9
Vatika Shampoo Hair Fall Control 200ML,434,False,0,103,10,Health and Beauty,Hair Care,Shampoos,,12622046,2026-09-06 17:37:26,True,https://metroonline.page.link/JCcH
Sunsilk Conditioner Thick  Long 180 ML X1,475,False,475,4126,24,Health and Beauty,Hair Care,Conditioners,,12622040,2026-09-06 17:37:26,True,https://metroonline.page.link/nY9a
Sunsilk Shampoo Thick and Long 185ML,495,False,399,27,24,Health and Beauty,Hair Care,Shampoos,,12621994,2026-09-06 17:37:26,True,https://metroonline.page.link/ZPHu
Garnier Men Face Wash Power Light 100ML,949,False,779,46,15,Health and Beauty,Skin Care,Facewashes,,12621984,2026-09-06 17:37:26,True,https://metroonline.page.link/rYxS
Sunsilk Conditioner Black 180 ML X1,475,False,475,3826,24,Health and Beauty,Hair Care,Conditioners,,12621964,2026-09-06 17:37:26,True,https://metroonline.page.link/UwoV
Veet Hair Removing Cream Normal Skin 25ML,248,False,234,0,5,Health and Beauty,Toiletries,Women Care,,12621935,2026-09-06 17:37:26,True,https://metroonline.page.link/g4CE
Lifebuoy Hand Wash Total10 140ML,170,False,0,0,12,Health and Beauty,Bath and Soap,Hand and Body Washes,,12621933,2026-09-06 17:37:26,True,https://metroonline.page.link/jmAs
Always Ultra Sanitry Pads Double Pack,790,False,703,0,8,Health and Beauty,Toiletries,Women Care,,12621927,2026-09-06 17:37:26,True,https://metroonline.page.link/jxsY
Dove Shampoo Intense Repair 700ML,1450,False,1299,0,6,Health and Beauty,Hair Care,Shampoos,,12621819,2026-09-06 17:37:26,True,https://metroonline.page.link/nAhj
Colgate Tooth Paste Regular Sensitive 150GM,260,False,0,0,15,Health and Beauty,Oral Care,Tooth Pastes,,12621804,2026-09-06 17:37:26,False,https://metroonline.page.link/KK6M
Capri Soap Peach 120GM,140,False,135,3253,15,Health and Beauty,Bath and Soap,Fragrant,,12621794,2026-09-06 17:37:26,True,https://metroonline.page.link/9XMB
Colgate Tooth Brush Adult Twister Medium ,107,False,0,0,15,Health and Beauty,Oral Care,Tooth Brushes,,12621791,2026-09-06 17:37:26,False,https://metroonline.page.link/nrzX
Sunsilk Shampoo 380 ML ,390,False,0,0,7,Health and Beauty,Hair Care,Shampoos,,12621736,2026-09-06 17:37:26,False,https://metroonline.page.link/PTWU
Garnier Men Face Wash Acno Fight 100ML,949,False,769,36,15,Health and Beauty,Skin Care,Facewashes,,12621719,2026-09-06 17:37:26,True,https://metroonline.page.link/khkG
Sunsilk Shampoo Black 80ML,186,False,0,41,48,Health and Beauty,Hair Care,Shampoos,,12621699,2026-09-06 17:37:26,True,https://metroonline.page.link/RFEo
Capri Soap Pink 120GM,140,False,135,2517,15,Health and Beauty,Bath and Soap,Fragrant,,12621663,2026-09-06 17:37:26,True,https://metroonline.page.link/vH2F
Dabur Amla Hair Oil 100ML,375,False,0,0,10,Health and Beauty,Hair Care,Oils and Serums,,12621660,2026-09-06 17:37:26,True,https://metroonline.page.link/riYg
Capri Soap White 120GM,145,False,136,831,15,Health and Beauty,Bath and Soap,Fragrant,,12621655,2026-09-06 17:37:26,True,https://metroonline.page.link/6ZU4
Colgate Tooth Brush Charcoal Soft,195,False,0,0,15,Health and Beauty,Oral Care,Tooth Brushes,,12621644,2026-09-06 17:37:26,True,https://metroonline.page.link/zBEr
Gillette Shaving Foam Lemon  Lime 200ML,793,False,0,0,15,Health and Beauty,Toiletries,Men Grooming,,12621160,2026-09-06 17:37:26,False,https://metroonline.page.link/SxiK
Lifebuoy Shampoo Herbal 650ML,1127,False,0,340,8,Health and Beauty,Hair Care,Shampoos,,12621613,2026-09-06 17:37:26,True,https://metroonline.page.link/ViFs
Vatika Shampoo Black 185ML,435,False,375,0,10,Health and Beauty,Hair Care,Shampoos,,12621564,2026-09-06 17:37:26,True,https://metroonline.page.link/buj8
Veet Cream For Sensitive Skin 50 ML,495,False,459,1014,5,Health and Beauty,Toiletries,Women Care,,12621563,2026-09-06 17:37:26,True,https://metroonline.page.link/D1SM
Capri Soap Green 120GM,140,False,135,1456,15,Health and Beauty,Bath and Soap,Fragrant,,12621553,2026-09-06 17:37:26,True,https://metroonline.page.link/vDbN
Colgate Tooth Brush Adult Navigation Plus Tube,229,False,167,14,15,Health and Beauty,Oral Care,Tooth Brushes,,12621550,2026-09-06 17:37:26,True,https://metroonline.page.link/VNHh
Gillette Shaving Foam Regular 200ML,1107,False,654,0,15,Health and Beauty,Toiletries,Men Grooming,,12621462,2026-09-06 17:37:26,False,https://metroonline.page.link/zEAv
Qarshi Almond Oil 60ml,800,False,0,0,10,Health and Beauty,Hair Care,Oils and Serums,,12621421,2026-09-06 17:37:26,True,https://metroonline.page.link/uJMV
Colgate Tooth Brush Adult 360 Degree Soft ,249,False,0,12,15,Health and Beauty,Oral Care,Tooth Brushes,,12621387,2026-09-06 17:37:26,True,https://metroonline.page.link/HMrd
Vatika Shampoo Black 360ML,729,False,650,5,10,Health and Beauty,Hair Care,Shampoos,,12621384,2026-09-06 17:37:26,True,https://metroonline.page.link/14b2
Colgate Tooth Paste Great Regular Flavour 40GM,74,False,0,2,15,Health and Beauty,Oral Care,Tooth Pastes,,12621367,2026-09-06 17:37:26,True,https://metroonline.page.link/xk7c
Veet Hair Removing Cream Dry Skin 50ML,495,False,465,538,5,Health and Beauty,Toiletries,Women Care,,12621341,2026-09-06 17:37:26,True,https://metroonline.page.link/4tUr
Lifebuoy Shampoo Silky Soft 175ML,319,False,0,0,24,Health and Beauty,Hair Care,Shampoos,,12621338,2026-09-06 17:37:26,True,https://metroonline.page.link/4JmE
Lifebuoy Shampoo Anti Hair Fall 400ML,299,False,0,0,7,Health and Beauty,Hair Care,Shampoos,,12621304,2026-09-06 17:37:26,True,https://metroonline.page.link/iPnq
Sunsilk Shampoo Black 360 ML,783,False,692,50,8,Health and Beauty,Hair Care,Shampoos,,12621303,2026-09-06 17:37:26,True,https://metroonline.page.link/yxaL
OK HW 500ML,225,False,199,0,15,Health and Beauty,OK,Hand and Body Washes,,12621279,2026-09-06 17:37:26,False,https://metroonline.page.link/dmFD
Ponds Face Wash Pimple Clear White 50GM,350,True,280,600,48,Health and Beauty,Skin Care,Facewashes,,12621269,2026-09-06 17:37:26,True,https://metroonline.page.link/e9pB
Always Sanitary Pads Ultra Extra Long ,400,False,0,0,16,Health and Beauty,Toiletries,Women Care,,12621225,2026-09-06 17:37:26,True,https://metroonline.page.link/GcvM
Ponds Pure Detox Face Wash 100GM,490,False,464,510,24,Health and Beauty,Skin Care,Facewashes,,12621197,2026-09-06 17:37:26,True,https://metroonline.page.link/EoF5
Always Sanitary Pads Ultra S3 Double Pack,829,False,703,0,8,Health and Beauty,Toiletries,Women Care,,12621196,2026-09-06 17:37:26,True,https://metroonline.page.link/dFjC
Colgate Tooth Brush Adult Twister Soft,107,False,0,0,15,Health and Beauty,Oral Care,Tooth Brushes,,12621188,2026-09-06 17:37:26,False,https://metroonline.page.link/vY85
SENSODYNE ORIGINAL 100gm,470,False,475,225,15,Health and Beauty,Oral Care,Tooth Pastes,,12621168,2026-09-06 17:37:26,True,https://metroonline.page.link/LtSy
Capri Soap Blue 120GM,150,False,135,713,15,Health and Beauty,Bath and Soap,Fragrant,,12621153,2026-09-06 17:37:26,True,https://metroonline.page.link/hNVe
Dove Nourishing Oil Shampoo 360 ML ,910,False,760,17,12,Health and Beauty,Hair Care,Shampoos,,12621150,2026-09-06 17:37:26,True,https://metroonline.page.link/MaHM
Sunsilk Shampoo Black Shine 185ML,489,False,409,8,8,Health and Beauty,Hair Care,Shampoos,,12621134,2026-09-06 17:37:26,True,https://metroonline.page.link/af1B
Veet Cream For Normal Skin 50 ML,495,False,465,659,5,Health and Beauty,Toiletries,Women Care,,12621118,2026-09-06 17:37:26,True,https://metroonline.page.link/Yppn
Colgate Toothpaste Maxfresh Red 75G,225,False,155,1010,15,Health and Beauty,Oral Care,Tooth Pastes,,12621112,2026-09-06 17:37:26,True,https://metroonline.page.link/ztWH
Dove Shampoo Dryness Care 175ML,545,False,0,488,24,Health and Beauty,Hair Care,Shampoos,,12621109,2026-09-06 17:37:26,True,https://metroonline.page.link/rnDm
Head & Shoulders Silky Black 185ML,466,False,437,0,10,Health and Beauty,Hair Care,Shampoos,,12621043,2026-09-06 17:37:26,True,https://metroonline.page.link/7jH1
Always Sanitary Pads Ultra Normal,420,False,400,0,16,Health and Beauty,Toiletries,Women Care,,12621005,2026-09-06 17:37:26,True,https://metroonline.page.link/CY6N
Sunsilk Conditioner Hair Fall Solution 180ML,240,False,0,0,7,Health and Beauty,Hair Care,Conditioners,,12620993,2026-09-06 17:37:26,False,https://metroonline.page.link/bdBu
Dove Conditioner Hairfall Rescue 180ML,620,True,550,551,24,Health and Beauty,Hair Care,Conditioners,,12620977,2026-09-06 17:37:26,True,https://metroonline.page.link/SR2T
Sunsilk Shampoo Black 680ML,1390,False,1259,360,6,Health and Beauty,Hair Care,Shampoos,,12620975,2026-09-06 17:37:26,True,https://metroonline.page.link/yoZe
Fair and Lovely Face Wash Multi Vitamin 50GM,199,False,220,606,48,Health and Beauty,Skin Care,Facewashes,,12620966,2026-09-06 17:37:26,True,https://metroonline.page.link/itLQ
Dove Shampoo Intense Repair 175ML,432,False,401,125,24,Health and Beauty,Hair Care,Shampoos,,12620961,2026-09-06 17:37:26,True,https://metroonline.page.link/HuhZ
COLGATE GRF 100G,236,False,209,833,15,Health and Beauty,Oral Care,Tooth Pastes,,9999909,2026-09-06 17:37:26,True,https://metroonline.page.link/GJMk
Sensodyne Tooth Paste Orignal 50GM,400,False,0,0,15,Health and Beauty,Oral Care,Tooth Pastes,,12620954,2026-09-06 17:37:26,False,https://metroonline.page.link/Xjv1
Dove Shampoo Intense Repair 360ML,920,False,685,67,12,Health and Beauty,Hair Care,Shampoos,,12620895,2026-09-06 17:37:26,True,https://metroonline.page.link/hPmn
Colgate Toothbrush Zig Zag Plus S,129,False,0,0,15,Health and Beauty,Oral Care,Tooth Brushes,,12620884,2026-09-06 17:37:26,True,https://metroonline.page.link/N8bC
Sensodyne Rapid Action Mint Toothpaste 100GM,590,False,530,0,15,Health and Beauty,Oral Care,Tooth Pastes,,12620873,2026-09-06 17:37:26,True,https://metroonline.page.link/NL4w
Clear Shampoo Cool Black Shine 185 ML,461,False,428,0,24,Health and Beauty,Hair Care,Shampoos,,12620868,2026-09-06 17:37:26,True,https://metroonline.page.link/eX65
Colgate Tooth Paste Misvak 40GM,75,False,60,468,15,Health and Beauty,Oral Care,Tooth Pastes,,12620856,2026-09-06 17:37:26,True,https://metroonline.page.link/p5Zr
SENSODYNE FLUORIDE 100gm,450,False,475,362,15,Health and Beauty,Oral Care,Tooth Pastes,,12620832,2026-09-06 17:37:26,True,https://metroonline.page.link/joa8
Sunsilk Shampoo Hairfall 360ML,783,False,616,14,12,Health and Beauty,Hair Care,Shampoos,,12620829,2026-09-06 17:37:26,True,https://metroonline.page.link/q3Dq
Dove Conditioner Intense Repair 180 ML,600,False,539,541,24,Health and Beauty,Hair Care,Conditioners,,12620825,2026-09-06 17:37:26,True,https://metroonline.page.link/C9Wc
LOREAL SHMP TTR 5 360ML,910,True,725,61,12,Health and Beauty,Hair Care,Shampoos,,9999888,2026-09-06 17:37:26,True,https://metroonline.page.link/SdgF
PALMOLIVE NATURAL 130GX3,436,False,399,92,10,Health and Beauty,Bath and Soap,Fragrant,,9999985,2026-09-06 17:37:26,True,https://metroonline.page.link/L73P
MAXFRESH ND 75G BLUE,225,False,199,6,15,Health and Beauty,Oral Care,Tooth Pastes,,9999898,2026-09-06 17:37:26,True,https://metroonline.page.link/RSYg
Lifebuoy Shampoo Herbal 90ML,196,False,136,73,8,Health and Beauty,Hair Care,Shampoos,,12620805,2026-09-06 17:37:26,True,https://metroonline.page.link/3pJe
Always Sanitary Pads Maxi Thick,385,False,380,0,5,Health and Beauty,Toiletries,Women Care,,12620801,2026-09-06 17:37:26,True,https://metroonline.page.link/KvQ6
Sensodyne Tooth Paste Rapid Action 70GM,420,False,,1,15,Health and Beauty,Oral Care,,,12620797,2026-09-06 17:37:26,True,https://metroonline.page.link/rxkK
Dove Shampoo Hair Fall 175GM,550,True,495,94,24,Health and Beauty,Hair Care,Shampoos,,12620791,2026-09-06 17:37:26,True,https://metroonline.page.link/TAs6
Fair  Lovely Face Wash Multi vitamin 80 GM,380,False,353,351,48,Health and Beauty,Skin Care,Facewashes,,12620784,2026-09-06 17:37:26,True,https://metroonline.page.link/WTt5
Dove Shampoo Hairfall 360 ml,920,False,699,62,12,Health and Beauty,Hair Care,Shampoos,,12620781,2026-09-06 17:37:26,True,https://metroonline.page.link/b2ev
Ponds Lotion Triple Vitamin 100ML,350,False,0,396,48,Health and Beauty,Skin Care,Lotions and Sunscreen,,12620776,2026-09-06 17:37:26,True,https://metroonline.page.link/zYeo
Colgate Maximum Cavity Protection Toothpaste 300GM,655,False,599,1232,15,Health and Beauty,Oral Care,Tooth Pastes,,9999896,2026-09-06 17:37:26,True,https://metroonline.page.link/zucH
Always Sanitary Pads Maxi Thick Size Long ,790,False,0,0,16,Health and Beauty,Toiletries,Women Care,,12620765,2026-09-06 17:37:26,True,https://metroonline.page.link/in1D
Fair  Lovely Fairness Cream 25 GM,195,False,190,4149,10,Health and Beauty,Skin Care,Creams,,12620755,2026-09-06 17:37:26,False,https://metroonline.page.link/M8Ff
Always Sanitary Pads Thick Extra Long ,400,False,0,0,5,Health and Beauty,Toiletries,Women Care,,12620751,2026-09-06 17:37:26,True,https://metroonline.page.link/nQvk
Capri Soap Blue 120GM x 3,400,False,319,153,24,Health and Beauty,Bath and Soap,Fragrant,,12620728,2026-09-06 17:37:26,True,https://metroonline.page.link/xxYd
OK HW BLUE 500ML,225,False,177,0,15,Health and Beauty,OK,Hand and Body Washes,,12620727,2026-09-06 17:37:26,False,https://metroonline.page.link/pCwX
Always Sanitary Pads Thick Extra Long,791,False,725,0,5,Health and Beauty,Toiletries,Women Care,,12620713,2026-09-06 17:37:26,True,https://metroonline.page.link/vars
Gillette Razor G2-Disp-Bag of 3,419,False,0,0,15,Health and Beauty,Toiletries,Men Grooming,,12620710,2026-09-06 17:37:26,True,https://metroonline.page.link/m9VM
Ponds Face Wash Pimple Clear White 100GM,515,False,451,258,24,Health and Beauty,Skin Care,Facewashes,,12620682,2026-09-06 17:37:26,True,https://metroonline.page.link/F4Ga
Capri Soap Green 120GM X3,390,False,361,143,24,Health and Beauty,Bath and Soap,Fragrant,,12620677,2026-09-06 17:37:26,True,https://metroonline.page.link/ddkG
Colgate Tooth Brush Kids Extra Soft,129,False,0,0,15,Health and Beauty,Oral Care,Tooth Brushes,,12620672,2026-09-06 17:37:26,True,https://metroonline.page.link/4siG
Colgate Tooth Paste Max Fresh Red 125GM,335,False,220,803,15,Health and Beauty,Oral Care,Tooth Pastes,,12620668,2026-09-06 17:37:26,True,https://metroonline.page.link/nx52
Colgate Toothpaste Miswak 100 GM,167,False,0,100,15,Health and Beauty,Oral Care,Tooth Pastes,,12620667,2026-09-06 17:37:26,True,https://metroonline.page.link/atyx
Capri Soap Pink 120GM X3,400,False,319,65,24,Health and Beauty,Bath and Soap,Fragrant,,12620660,2026-09-06 17:37:26,False,https://metroonline.page.link/1CBS
Dove Nourishing Oil Shampoo 175 ML,550,True,495,271,24,Health and Beauty,Hair Care,Shampoos,,12620651,2026-09-06 17:37:26,True,https://metroonline.page.link/XVXz
Lifebuoy Shampoo Herbal 175ML,319,False,336,0,8,Health and Beauty,Hair Care,Shampoos,,12620649,2026-09-06 17:37:26,True,https://metroonline.page.link/QiYq
Ponds Facial Foam White Beauty 50GM,345,False,245,460,48,Health and Beauty,Skin Care,Facewashes,,12620641,2026-09-06 17:37:26,True,https://metroonline.page.link/oveF
Garnier Color Naturals Hair Color Dark Brown 3,1099,True,825,14,10,Health and Beauty,Hair Care,Hair Colors,,12620624,2026-09-06 17:37:26,True,https://metroonline.page.link/nNXr
Lifebuoy Hand Wash Refill Active Fresh 1 Litre,745,False,676,47,8,Health and Beauty,Bath and Soap,Hand and Body Washes,,12620615,2026-09-06 17:37:26,True,https://metroonline.page.link/tkLR
Colgate Pro Sensitive Relief 110 GM,388,False,0,0,15,Health and Beauty,Oral Care,Tooth Pastes,,12620596,2026-09-06 17:37:26,False,https://metroonline.page.link/bCUc
Dettol Soap Cool 110GM,155,False,0,0,10,Health and Beauty,Bath and Soap,Antibacterial,,12620580,2026-09-06 17:37:26,True,https://metroonline.page.link/TGNc
Colgate Tooth Paste Herbal 100GM,225,False,0,161,15,Health and Beauty,Oral Care,Tooth Pastes,,12620572,2026-09-06 17:37:26,True,https://metroonline.page.link/GKUw
Lifebuoy Shampoo Silky Soft 375ML,615,False,0,0,12,Health and Beauty,Hair Care,Shampoos,,12620564,2026-09-06 17:37:26,True,https://metroonline.page.link/p51Q
Colgate Tooth Paste Max Fresh Blue 125GM,335,False,259,827,15,Health and Beauty,Oral Care,Tooth Pastes,,12620521,2026-09-06 17:37:26,True,https://metroonline.page.link/7AXw
Ponds Lotion Triple Vitamin 200ML,585,False,0,118,24,Health and Beauty,Skin Care,Lotions and Sunscreen,,12620518,2026-09-06 17:37:26,True,https://metroonline.page.link/99wL
Colgate Herbal Regular 150 GM,330,False,225,33,15,Health and Beauty,Oral Care,Tooth Pastes,,12620513,2026-09-06 17:37:26,True,https://metroonline.page.link/PCAQ
Colgate Tooth Brush Premier Clean Adult Tube X1,99,False,0,1,1,Health and Beauty,Oral Care,Tooth Brushes,,12620512,2026-09-06 17:37:26,True,https://metroonline.page.link/Ft2t
COLGATE HERBAL 200G,400,False,355,171,15,Health and Beauty,Oral Care,Tooth Pastes,,9999924,2026-09-06 17:37:26,True,https://metroonline.page.link/b6RX
Sunsilk Shampoo Hairfall 680 ML,1390,False,1259,338,6,Health and Beauty,Hair Care,Shampoos,,12620486,2026-09-06 17:37:26,True,https://metroonline.page.link/xNEb
Fair and Lovely Face Wash Max Fairness 50GM,219,False,187,2316,48,Health and Beauty,Skin Care,Facewashes,,12620484,2026-09-06 17:37:26,True,https://metroonline.page.link/1YEv
Loreal 6 Oils Nourishment Shampoo 360 ML,910,True,725,66,12,Health and Beauty,Hair Care,Shampoos,,12620482,2026-09-06 17:37:26,True,https://metroonline.page.link/ux7X
Lifebuoy Shampoo Herbal 375 ML X1,620,False,563,65,8,Health and Beauty,Hair Care,Shampoos,,12620426,2026-09-06 17:37:26,True,https://metroonline.page.link/75P4
MAXFRESH ND GREEN 125G,325,False,299,1520,15,Health and Beauty,Oral Care,Tooth Pastes,,9999886,2026-09-06 17:37:26,True,https://metroonline.page.link/LDuY
Ponds Cream Bright Beauty 50GM,405,False,384,95,7,Health and Beauty,Skin Care,Creams,,12620408,2026-09-06 17:37:26,True,https://metroonline.page.link/2KQY
Fair  Lovely Fairness Cream 50 GM,320,True,280,211,48,Health and Beauty,Skin Care,Creams,,12620312,2026-09-06 17:37:26,True,https://metroonline.page.link/C8ek
Loreal Shampoo 6 Oil Nourish 175ML,520,True,449,55,24,Health and Beauty,Hair Care,Shampoos,,12620301,2026-09-06 17:37:26,True,https://metroonline.page.link/on6U
Gillette Blue 3 HRDC 1UP Razor  ,349,False,252,0,15,Health and Beauty,Toiletries,Men Grooming,,12620283,2026-09-06 17:37:26,True,https://metroonline.page.link/wNN8
Dove Soap Fresh 135 GM,209,False,0,0,15,Health and Beauty,Bath and Soap,Fragrant,,12620275,2026-09-06 17:37:26,False,https://metroonline.page.link/wCTd
Ponds Face Wash Bright Beauty 100 GM,490,False,485,2714,24,Health and Beauty,Skin Care,Facewashes,,12620270,2026-09-06 17:37:26,True,https://metroonline.page.link/vSBm
Colgate Tooth Brush Adult Extra Clean Soft ,109,False,75,0,15,Health and Beauty,Oral Care,Tooth Brushes,,12620254,2026-09-06 17:37:26,True,https://metroonline.page.link/2iTW
Glow and Lovely Fairness Cream Giselle Multivitamin 65ML,420,True,375,3142,10,Health and Beauty,Skin Care,Creams,,12620231,2026-09-06 17:37:26,True,https://metroonline.page.link/WJXa
Colgate Tooth Paste Regular 200 GM,431,False,365,1217,15,Health and Beauty,Oral Care,Tooth Pastes,,12620216,2026-09-06 17:37:26,True,https://metroonline.page.link/TnDH
Sensodyne Toothpaste Multicare 100 GM,400,False,0,0,15,Health and Beauty,Oral Care,Tooth Pastes,,12620208,2026-09-06 17:37:26,True,https://metroonline.page.link/KDC4
Lux Allure White Trio Soap,465,False,419,0,24,Health and Beauty,Bath and Soap,Fragrant,,74474009,2026-09-06 17:37:26,True,https://metroonline.page.link/ucpb
Almond Oil 235 ML,1769,False,0,-1,10,Health and Beauty,Hair Care,Oils and Serums,,66983145,2026-09-06 17:37:26,True,https://metroonline.page.link/US2c
Nexton Baby Soap 100GM,240,False,180,33,10,Health and Beauty,Bath and Soap,Fragrant,,94429253,2026-09-06 17:37:26,True,https://metroonline.page.link/z7ty
Lifebuoy Naturally Strong Onion & Aloe Vera Shampoo 370ml,619,False,563,0,5,Health and Beauty,Hair Care,Shampoos,,75118618,2026-09-06 17:37:26,True,https://metroonline.page.link/wtCW
SENSODYNE COMPLETE PROTECTION 70gm,420,False,350,0,5,Health and Beauty,Oral Care,Tooth Pastes,,75376426,2026-09-06 17:37:26,True,https://metroonline.page.link/aDvC
Lifebuoy Shampoo Onion 175ML,319,False,335,1,5,Health and Beauty,Hair Care,Shampoos,,83494552,2026-09-06 17:37:26,True,https://metroonline.page.link/L8XA
Krone Noir Deodorant 120ML Desire,550,False,,85,5,Health and Beauty,Fragrances,Body Sprays and Body Mists,,71219961,2026-09-06 17:37:26,True,https://metroonline.page.link/j18d
Krone Noir Deodorant 120ML Dune,550,False,,80,5,Health and Beauty,Fragrances,Body Sprays and Body Mists,,71436442,2026-09-06 17:37:26,True,https://metroonline.page.link/55ZH
Krone Noir Deodorant 120ML Now,550,False,,111,5,Health and Beauty,Fragrances,Body Sprays and Body Mists,,71971458,2026-09-06 17:37:26,True,https://metroonline.page.link/7bPb
Krone Noir Deodorant 120ML Tranquil,550,False,,108,5,Health and Beauty,Fragrances,Body Sprays and Body Mists,,72100691,2026-09-06 17:37:26,True,https://metroonline.page.link/e8tQ
Krone Xtreme Gas Deo - Active 150Ml,525,False,,0,5,Health and Beauty,Fragrances,Body Sprays and Body Mists,,74112064,2026-09-06 17:37:26,True,https://metroonline.page.link/UPR3
Krone Xtreme Gas Deo Dense 150Ml,525,False,,102,5,Health and Beauty,Fragrances,Body Sprays and Body Mists,,76022352,2026-09-06 17:37:26,True,https://metroonline.page.link/tKBp
Krone Xtreme Gas Deo Spell 150Ml,525,False,,58,5,Health and Beauty,Fragrances,Body Sprays and Body Mists,,76156541,2026-09-06 17:37:26,True,https://metroonline.page.link/Qe65
Krone Xtreme Gas Deo Energize 150Ml,525,False,,133,5,Health and Beauty,Fragrances,Body Sprays and Body Mists,,76247287,2026-09-06 17:37:26,True,https://metroonline.page.link/Tq5e
COLGATE SPARKLE 130G,200,True,175,23,15,Health and Beauty,Oral Care,Tooth Pastes,,9999989,2026-09-06 17:37:26,True,https://metroonline.page.link/vTmH
Palmolive Shampoo Intensive Moisture 180ml,399,False,331,278,24,Health and Beauty,Hair Care,Shampoos,,12634137,2026-09-06 17:37:26,True,https://metroonline.page.link/84bg
Gillette Blue 3 Flexi Razor,183,False,185,0,5,Health and Beauty,Toiletries,Men Grooming,,94124768,2026-09-06 17:37:26,True,https://metroonline.page.link/wRSV
Gillette Blue 3 Flexi Razor Bag of 3,527,False,536,0,5,Health and Beauty,Toiletries,Men Grooming,,94124770,2026-09-06 17:37:26,True,https://metroonline.page.link/K45N
Gillette Blue II 1up Razor x 2 	,174,False,352,0,5,Health and Beauty,Toiletries,Men Grooming,,94124772,2026-09-06 17:37:26,True,https://metroonline.page.link/26mi
Hemani Deo Active,395,False,323,0,5,Health and Beauty,Fragrances,Body Sprays and Body Mists,,94124774,2026-09-06 17:37:26,True,https://metroonline.page.link/vTGV
Hemani Deo Below Zero,396,False,323,0,5,Health and Beauty,Fragrances,Body Sprays and Body Mists,,94124776,2026-09-06 17:37:26,False,https://metroonline.page.link/sVqS
Capri White Soap 100GM x 5,470,True,409,50,5,Health and Beauty,Bath and Soap,Hand and Body Washes,,94124778,2026-09-06 17:37:26,True,https://metroonline.page.link/bbZE
Colgate Brush Triple PK Med,219,False,159,0,5,Health and Beauty,Oral Care,Tooth Brushes,,94124780,2026-09-06 17:37:26,True,https://metroonline.page.link/X92p
Palmolive Naturals Refreshing Glow Soap 98GM x 3,334,False,326,3048,36,Health and Beauty,Bath and Soap,Fragrant,,94124782,2026-09-06 17:37:26,True,https://metroonline.page.link/JCGt
Always Ultra S3 Quattro Packs,420,False,385,0,5,Health and Beauty,Toiletries,Women Care,,94124788,2026-09-06 17:37:26,False,https://metroonline.page.link/tiWn
Always Thick Trio,1095,False,905,0,12,Health and Beauty,Toiletries,Women Care,,94124789,2026-09-06 17:37:26,True,https://metroonline.page.link/3zkG
Always Thick Fresh Ipad3 Trio,1095,False,960,0,12,Health and Beauty,Toiletries,Women Care,,94124791,2026-09-06 17:37:26,True,https://metroonline.page.link/zFZi
Safeguard Bs Lavender 3x135GM,476,False,389,0,5,Health and Beauty,Bath and Soap,Antibacterial,,94124792,2026-09-06 17:37:26,True,https://metroonline.page.link/11aC
Nivea Deo Roll On Pearl & Beauty 50ml,1249,False,699,0,3,Health and Beauty,Toiletries,Women Care,,13110755,2026-09-06 17:37:26,True,https://metroonline.page.link/DNHT
Hypro Antibacterial Soap Extra 110GM,99,False,95,122,5,Health and Beauty,Bath and Soap,Antibacterial,,78627632,2026-09-06 17:37:26,True,https://metroonline.page.link/8w4n
SUFI Classic Beauty Soap Floral Fragrance 130GM (White),119,False,113,0,5,Health and Beauty,Bath and Soap,Fragrant,,86687740,2026-09-06 17:37:26,True,https://metroonline.page.link/qowg
SUFI Classic Beauty Soap Floral Fragrance 130GM (Blue),119,False,,0,5,Health and Beauty,Bath and Soap,Fragrant,,86938150,2026-09-06 17:37:26,True,https://metroonline.page.link/tfyu
SUFI Classic Beauty Soap Floral Fragrance 130GM (Pink),119,False,,0,5,Health and Beauty,Bath and Soap,Fragrant,,87058062,2026-09-06 17:37:26,True,https://metroonline.page.link/8GVc
Tresemme Keratin Smooth & Straight Shampoo Refill Pouch 1L,1825,False,1599,0,8,Health and Beauty,Hair Care,Shampoos,,68405997,2026-09-06 17:37:26,True,https://metroonline.page.link/sCDN
Sunsilk Black Shine Shampoo Refill Pouch 1L,1349,False,1295,0,8,Health and Beauty,Hair Care,Shampoos,,68902456,2026-09-06 17:37:26,True,https://metroonline.page.link/53pB
Pond's Triple Vitamin Silky Smooth Skin Moisturizing Lotion 400ml,1240,False,900,91,12,Health and Beauty,Skin Care,Lotions and Sunscreen,,43324617,2026-09-06 17:37:26,True,https://metroonline.page.link/AVkH
Hemani SQUAD Quetta Gold Edition Body Spray ,395,False,316,0,5,Health and Beauty,Fragrances,Body Sprays and Body Mists,,82985912,2026-09-06 17:37:26,False,https://metroonline.page.link/UUja
Hemani Deodorant Oud Unisex,579,False,530,5,5,Health and Beauty,Fragrances,Body Sprays and Body Mists,,83129492,2026-09-06 17:37:26,True,https://metroonline.page.link/ZXiu
Hemani Squad Quetta Black Edition,395,False,316,0,5,Health and Beauty,Fragrances,Body Sprays and Body Mists,,83207244,2026-09-06 17:37:26,False,https://metroonline.page.link/vsF6
Hemani Deodorant Cricket,395,False,350,1,5,Health and Beauty,Fragrances,Body Sprays and Body Mists,,83367358,2026-09-06 17:37:26,True,https://metroonline.page.link/QF2k
Hemani Ocean Lady Body Spray 2,529,False,370,0,3,Health and Beauty,Fragrances,Body Sprays and Body Mists,,84764982,2026-09-06 17:37:26,True,
Hemani Radiant Body Spray 200M,421,False,360,55,3,Health and Beauty,Fragrances,Body Sprays and Body Mists,,84913000,2026-09-06 17:37:26,True,
Hemani Acne Facewash 100ML,325,False,300,0,3,Health and Beauty,Skin Care,Facewashes,,85166501,2026-09-06 17:37:26,True,
Hemani Squad Deodorant Spray Gameplay For Men,395,False,316,0,3,Health and Beauty,Fragrances,Body Sprays and Body Mists,,85442345,2026-09-06 17:37:26,False,
Hemani Mystery Body Spray 200 Ml,421,False,360,0,3,Health and Beauty,Fragrances,Body Sprays and Body Mists,,85531332,2026-09-06 17:37:26,True,
Cool & Cool Lotion Shea Butter 100Ml,395,False,,84,3,Health and Beauty,Skin Care,Lotions and Sunscreen,,41294131,2026-09-06 17:37:26,False,
Cool & Cool Lotion Coca Butter 100Ml,395,False,,0,3,Health and Beauty,Skin Care,Lotions and Sunscreen,,41814255,2026-09-06 17:37:26,True,
Cool & Cool Lotion Radiance 100Ml,395,False,,30,3,Health and Beauty,Skin Care,Lotions and Sunscreen,,41963268,2026-09-06 17:37:26,False,
Cool & Cool Lotion Hydra Lift 100Ml,395,False,,67,3,Health and Beauty,Skin Care,Lotions and Sunscreen,,42186974,2026-09-06 17:37:26,True,
Ponds Cream White Beauty 25G,250,False,,0,5,Health and Beauty,Skin Care,Lotions and Sunscreen,,15237800,2026-09-06 17:37:26,True,
Sunsilk Sunrise Shampoo Long and Healthy 80Ml,189,False,162,0,48,Health and Beauty,Hair Care,Shampoos,,59586733,2026-09-06 17:37:26,True,
Glow & Lovely Hydraglow Cream - 60G,550,True,495,208,24,Health and Beauty,Skin Care,Creams,,60119362,2026-09-06 17:37:26,True,
Lifebuoy Naturally Strong Onion & Aloe Vera Shampoo 90 ML,195,False,135,449,10,Health and Beauty,Hair Care,Shampoos,,60272144,2026-09-06 17:37:26,True,
Lifebuoy Naturally Strong Onion and Aloe Vera Strength Shampoo 650ml,1139,False,890,167,10,Health and Beauty,Hair Care,Shampoos,,60725163,2026-09-06 17:37:26,True,
Lifebuoy Hand Wash Pouch Aloe 900ml,850,False,679,57,8,Health and Beauty,Bath and Soap,Hand and Body Washes,,60935542,2026-09-06 17:37:26,True,
Lifebuoy Hand Wash Bottle Aloe 200ML,277,False,212,170,12,Health and Beauty,Bath and Soap,Hand and Body Washes,,61149409,2026-09-06 17:37:26,True,
Clear Shampoo Complete Clean 80Ml,150,False,,0,10,Health and Beauty,Hair Care,Shampoos,,47990973,2026-09-06 17:37:26,True,
Bold Zero Deo Zeal,645,False,,0,10,Health and Beauty,Fragrances,Body Sprays and Body Mists,,64125049,2026-09-06 17:37:26,False,
Body Lotion Revive Radiance 250ml,699,False,650,0,10,Health and Beauty,Skin Care,Lotions and Sunscreen,,56292062,2026-09-06 17:37:26,True,
Body Lotion Silky Comfort 250ml,699,False,650,40,10,Health and Beauty,Skin Care,Lotions and Sunscreen,,56292065,2026-09-06 17:37:26,True,
Body Lotion Shea Butter 250ml,699,False,650,39,10,Health and Beauty,Skin Care,Lotions and Sunscreen,,56292067,2026-09-06 17:37:26,True,
Body Lotion Hydra Lift 250ml,699,False,650,9,10,Health and Beauty,Skin Care,Lotions and Sunscreen,,56292069,2026-09-06 17:37:26,True,
Cool & Cool Mospel Gel 65Ml,360,False,0,0,10,Health and Beauty,Skin Care,Lotions and Sunscreen,,56292070,2026-09-06 17:37:26,True,
Cool & Cool Mospel 100Ml Spray,599,False,0,0,10,Health and Beauty,Skin Care,Lotions and Sunscreen,,56292071,2026-09-06 17:37:26,True,
Nexton Lotion Aloe Vera 135ML,395,False,296,62,10,Health and Beauty,Skin Care,Lotions and Sunscreen,,56292073,2026-09-06 17:37:26,True,
Nexton Lotion White 135ML,475,False,296,68,10,Health and Beauty,Skin Care,Lotions and Sunscreen,,56292074,2026-09-06 17:37:26,True,
Nexton Lotion Cocoa 135ML,395,False,296,39,10,Health and Beauty,Skin Care,Lotions and Sunscreen,,56292075,2026-09-06 17:37:26,True,
Nexton Lotion Honey 135ML,395,False,296,76,10,Health and Beauty,Skin Care,Lotions and Sunscreen,,56292077,2026-09-06 17:37:26,True,
Golden Girl Soothing Lotion 120ML,140,False,0,263,10,Health and Beauty,Skin Care,Lotions and Sunscreen,,56292078,2026-09-06 17:37:26,True,
Golden Girl Massage Cream (Honey & Almond) 75ML,185,False,0,59,10,Health and Beauty,Skin Care,Creams,,56292079,2026-09-06 17:37:26,True,
Golden Girl Double Action Cleanser 75G,175,False,0,60,10,Health and Beauty,Skin Care,Creams,,56292081,2026-09-06 17:37:26,True,
Golden Girl Cleansing Milk 120ML,135,False,0,129,10,Health and Beauty,Skin Care,Creams,,56292082,2026-09-06 17:37:26,True,
Golden Girl Cleansing Milk 250ML,175,False,0,55,10,Health and Beauty,Skin Care,Creams,,56292083,2026-09-06 17:37:26,True,
Golden Girl Cleansing Milk Cucumber & Mint,239,False,0,72,10,Health and Beauty,Skin Care,Creams,,56292085,2026-09-06 17:37:26,True,
Herbion Moisturising Honey Lot 100 ML,300,False,0,30,10,Health and Beauty,Skin Care,Lotions and Sunscreen,,56292086,2026-09-06 17:37:26,True,
Krone Attitude 150Ml (Blast),460,True,390,40,10,Health and Beauty,Fragrances,Body Sprays and Body Mists,,56292087,2026-09-06 17:37:26,True,
Krone Attitude 150Ml (Rush),390,False,,16,10,Health and Beauty,Fragrances,Body Sprays and Body Mists,,56292088,2026-09-06 17:37:26,True,
Krone Attitude 150Ml (Vogue),390,False,329,51,10,Health and Beauty,Fragrances,Body Sprays and Body Mists,,56292090,2026-09-06 17:37:26,False,
Krone Attitude 150Ml (Sage),460,True,390,25,10,Health and Beauty,Fragrances,Body Sprays and Body Mists,,56292091,2026-09-06 17:37:26,True,
HEMANI DEO POLO,340,False,350,0,10,Health and Beauty,Fragrances,Body Sprays and Body Mists,,56292092,2026-09-06 17:37:26,True,
HEMANI DEO BOXING,315,False,350,0,10,Health and Beauty,Fragrances,Body Sprays and Body Mists,,56292095,2026-09-06 17:37:26,True,
Hemani Deo Squash,315,False,0,0,10,Health and Beauty,Fragrances,Body Sprays and Body Mists,,56292096,2026-09-06 17:37:26,True,
Hemani Deo Athlete,395,False,0,0,10,Health and Beauty,Fragrances,Body Sprays and Body Mists,,56292097,2026-09-06 17:37:26,True,
Yardley (M) Gentleman Legacy R,595,False,0,0,10,Health and Beauty,Fragrances,Body Sprays and Body Mists,,56292099,2026-09-06 17:37:26,True,
Yardley (M) Gentleman Classic,595,False,0,0,10,Health and Beauty,Fragrances,Body Sprays and Body Mists,,56292100,2026-09-06 17:37:26,True,
Enchanteur Alluring Body Spray,699,False,0,0,10,Health and Beauty,Fragrances,Body Sprays and Body Mists,,56292101,2026-09-06 17:37:26,True,
Enchanteur Romantic Body Spray,699,False,0,0,10,Health and Beauty,Fragrances,Body Sprays and Body Mists,,56292102,2026-09-06 17:37:26,True,
Enchanteur Stunning Roll On 50,525,False,556,0,10,Health and Beauty,Fragrances,Anti Perspirants,,56292104,2026-09-06 17:37:26,False,
Enchanteur Charming Roll On 50,525,False,0,0,10,Health and Beauty,Fragrances,Anti Perspirants,,56292105,2026-09-06 17:37:26,False,
Axe Dark Temptation (Chocolate) Deo,909,False,0,0,10,Health and Beauty,Fragrances,Body Sprays and Body Mists,,56292106,2026-09-06 17:37:26,True,
Axe Marne (Fresh Ocean & Lima) Deo,909,False,0,0,10,Health and Beauty,Fragrances,Body Sprays and Body Mists,,56292107,2026-09-06 17:37:26,True,
Axe Musk (Canela & Ambar) Deo,909,False,0,0,10,Health and Beauty,Fragrances,Body Sprays and Body Mists,,56292108,2026-09-06 17:37:26,True,
Axe Apollo (Citrus & Cedarwood) Deo,909,False,0,0,10,Health and Beauty,Fragrances,Body Sprays and Body Mists,,56292110,2026-09-06 17:37:26,True,
Rexona Xtracool Men Deo 150Ml,989,False,0,0,10,Health and Beauty,Fragrances,Body Sprays and Body Mists,,56292111,2026-09-06 17:37:26,True,
Rexona Antibacterial and Tono Perfecto,989,False,0,0,10,Health and Beauty,Fragrances,Body Sprays and Body Mists,,56292112,2026-09-06 17:37:26,True,
Rexona Antibacterial and Invisible,989,False,0,0,10,Health and Beauty,Fragrances,Body Sprays and Body Mists,,56292113,2026-09-06 17:37:26,True,
Rexona Powder Dry Women Deo 15,989,False,0,0,10,Health and Beauty,Fragrances,Body Sprays and Body Mists,,56292115,2026-09-06 17:37:26,True,
Herbion Crack Cream 25Gm,250,False,0,51,10,Health and Beauty,Skin Care,Creams,,56292116,2026-09-06 17:37:26,True,
Herbion Shampoo Bamboo 250 ML,535,False,441,124,10,Health and Beauty,Hair Care,Shampoos,,56292117,2026-09-06 17:37:26,True,
Herbion Shampoo Aloevera 250 ML,535,False,0,39,10,Health and Beauty,Hair Care,Shampoos,,56292120,2026-09-06 17:37:26,True,
Pantene Shampoo Anti Frizz 185 ML,446,False,0,0,10,Health and Beauty,Hair Care,Shampoos,,56292122,2026-09-06 17:37:26,True,
Pantene Shampoo Anti Frizz 360 ML,744,False,655,0,10,Health and Beauty,Hair Care,Shampoos,,56292123,2026-09-06 17:37:26,True,
Vatika Moisture Treatment Conditioner Almond & Honey 180 ML,525,False,0,0,10,Health and Beauty,Hair Care,Conditioners,,56292124,2026-09-06 17:37:26,True,
Vatika Conditioner Black Shine 180 ML,525,False,0,0,10,Health and Beauty,Hair Care,Conditioners,,56292126,2026-09-06 17:37:26,True,
Tresemme Botanique Shampoo N&R 650 ML,1635,False,1224,76,6,Health and Beauty,Hair Care,Shampoos,,56292127,2026-09-06 17:37:26,True,
Sunsilk Black Shine Pouch 360 ML,565,False,563,0,12,Health and Beauty,Hair Care,Shampoos,,56292128,2026-09-06 17:37:26,True,
Golden Girl Onion Hair Care Premium Pack 2,989,False,0,24,10,Health and Beauty,Hair Care,Shampoos,,56292129,2026-09-06 17:37:26,True,
Golden Girl Onion Hair Oil 240Ml,439,False,,35,10,Health and Beauty,Hair Care,Oils and Serums,,56292131,2026-09-06 17:37:26,True,https://metroonline.page.link/ZXSy
Golden Girl Onion Hair Conditioner 240Ml,299,False,0,59,10,Health and Beauty,Hair Care,Conditioners,,56292132,2026-09-06 17:37:26,True,
Golden Girl Onion Hair Shampoo 240Ml,329,False,0,47,10,Health and Beauty,Hair Care,Shampoos,,56292133,2026-09-06 17:37:26,True,
Golden Girl Keratin Smooth Shampoo 500Ml,699,False,0,0,10,Health and Beauty,Hair Care,Shampoos,,56292134,2026-09-06 17:37:26,True,
Herbion Anti-Lice Shampoo 100Ml,289,False,0,13,10,Health and Beauty,Hair Care,Shampoos,,56292136,2026-09-06 17:37:26,True,
Lifebuoy Shampoo Herbal Refill,1205,False,1235,0,8,Health and Beauty,Hair Care,Shampoos,,56292137,2026-09-06 17:37:26,True,
Lifebuoy Shampoo Herbal Pouch,495,False,435,48,12,Health and Beauty,Hair Care,Shampoos,,56292138,2026-09-06 17:37:26,True,
Ponsh Healthy and Smooth 180ML Refill Pouch,355,False,0,268,10,Health and Beauty,Hair Care,Shampoos,,56292139,2026-09-06 17:37:26,True,
Ponsh Im 180Ml Refill Pouch,355,False,0,267,10,Health and Beauty,Hair Care,Shampoos,,56292141,2026-09-06 17:37:26,True,
English Antilice Shampoo Medium Pack,170,False,115,528,10,Health and Beauty,Hair Care,Shampoos,,56292142,2026-09-06 17:37:26,True,
English Antilice Shampoo Family Pack,420,False,0,0,10,Health and Beauty,Hair Care,Shampoos,,56292143,2026-09-06 17:37:26,True,
English Antilice Shampoo Sachet,10,False,0,1938,10,Health and Beauty,Hair Care,Shampoos,,56292144,2026-09-06 17:37:26,True,
Pyrodent Mouthwash Spearmint 300Ml,445,False,397,111,10,Health and Beauty,Oral Care,Tooth Pastes,,56292145,2026-09-06 17:37:26,True,
Sparkle Toothpaste Normal 70G,105,False,86,260,10,Health and Beauty,Oral Care,Tooth Pastes,,56292147,2026-09-06 17:37:26,True,
Dabur Toothpaste Red 100G,260,False,0,0,10,Health and Beauty,Oral Care,Tooth Pastes,,56292148,2026-09-06 17:37:26,True,
Dabur ToothPaste Red 200Gm,475,False,0,0,10,Health and Beauty,Oral Care,Tooth Pastes,,56292149,2026-09-06 17:37:26,True,
Parodontax Toothpaste Protection 70G,380,False,0,51,10,Health and Beauty,Oral Care,Tooth Pastes,,56292151,2026-09-06 17:37:26,True,
Colgate Total Advanced Health,280,False,0,67,10,Health and Beauty,Oral Care,Tooth Pastes,,56292152,2026-09-06 17:37:26,True,
Colgate Total Advanced Health,395,False,0,45,10,Health and Beauty,Oral Care,Tooth Pastes,,56292153,2026-09-06 17:37:26,True,
Colgate Brush Triple Protection Soft,219,False,0,0,10,Health and Beauty,Oral Care,Tooth Brushes,,56292154,2026-09-06 17:37:26,True,
Colgate Triple Pack Zigzag Toothbrush Medium,259,False,0,0,10,Health and Beauty,Oral Care,Tooth Brushes,,56292156,2026-09-06 17:37:26,True,
Colgate Zigzag Toothbrush Twin,190,False,134,0,10,Health and Beauty,Oral Care,Tooth Brushes,,56292157,2026-09-06 17:37:26,True,
Colgate Triple Pack Toothbrush Premier Clean Soft,199,False,0,0,10,Health and Beauty,Oral Care,Tooth Brushes,,56292158,2026-09-06 17:37:26,True,
Sensodyne Rapid Action 100G,385,False,0,0,10,Health and Beauty,Oral Care,Tooth Pastes,,56292161,2026-09-06 17:37:26,True,
Sensodyne Complete Protection 70G,285,False,0,0,10,Health and Beauty,Oral Care,Tooth Pastes,,56292162,2026-09-06 17:37:26,True,
Sensodyne Toothpaste Kids 0-2 Years,228,False,0,32,10,Health and Beauty,Oral Care,Tooth Pastes,,56292163,2026-09-06 17:37:26,True,
Sensodyne Toothpaste Kids 3-5 Years,330,False,0,168,10,Health and Beauty,Oral Care,Tooth Pastes,,56292164,2026-09-06 17:37:26,True,
Sensodyne Toothpaste Kids 6-12 Years,330,False,0,0,10,Health and Beauty,Oral Care,Tooth Pastes,,56292166,2026-09-06 17:37:26,True,
Doctor Loung Toothpaste 65G + Brush,198,False,0,0,10,Health and Beauty,Oral Care,Tooth Pastes,,56292167,2026-09-06 17:37:26,True,
Nexera Toothpaste 140GM,300,False,250,0,10,Health and Beauty,Oral Care,Tooth Pastes,,56292168,2026-09-06 17:37:26,True,
Colgate Sensitive Pro-Relief Original 100G White,445,False,0,91,10,Health and Beauty,Oral Care,Tooth Pastes,,56292170,2026-09-06 17:37:26,True,
Colgate Optic White Mint Plus Mineral,400,True,350,0,10,Health and Beauty,Oral Care,Tooth Pastes,,56292171,2026-09-06 17:37:26,True,
Pepsodent White 120 G,269,False,0,0,10,Health and Beauty,Oral Care,Tooth Pastes,,56292172,2026-09-06 17:37:26,True,
Pepsodent Cavity Fighter 190G,405,False,0,0,10,Health and Beauty,Oral Care,Tooth Pastes,,56292173,2026-09-06 17:37:26,True,
Pepsodent White 190 G,405,False,0,0,10,Health and Beauty,Oral Care,Tooth Pastes,,56292174,2026-09-06 17:37:26,True,
Herbion Mouth Wash Peprament,425,False,0,67,10,Health and Beauty,Oral Care,Tooth Pastes,,56292176,2026-09-06 17:37:26,True,
English Herbal Toothpaste Save,290,False,0,0,10,Health and Beauty,Oral Care,Tooth Pastes,,56292177,2026-09-06 17:37:26,True,
English Complete Cavity Protection,224,False,0,5,10,Health and Beauty,Oral Care,Tooth Pastes,,56292179,2026-09-06 17:37:26,True,
Soda White Toothpaste Giant,350,False,0,0,10,Health and Beauty,Oral Care,Tooth Pastes,,56292180,2026-09-06 17:37:26,True,
Soda White Toothpaste Brush,189,False,196,40,10,Health and Beauty,Oral Care,Tooth Pastes,,56292181,2026-09-06 17:37:26,True,
Soda White Toothpaste Medium,130,True,99,95,10,Health and Beauty,Oral Care,Tooth Pastes,,56292183,2026-09-06 17:37:26,True,
English Complete Cavity Protection,40,False,0,765,10,Health and Beauty,Oral Care,Tooth Pastes,,56292184,2026-09-06 17:37:26,True,
English Herbal Toothpaste Brush,180,False,0,58,10,Health and Beauty,Oral Care,Tooth Pastes,,56292185,2026-09-06 17:37:26,True,
English Herbal Toothpaste Medium,56,False,53,275,10,Health and Beauty,Oral Care,Tooth Pastes,,56292186,2026-09-06 17:37:26,True,
English Antibacterial Toothpaste,260,False,0,47,10,Health and Beauty,Oral Care,Tooth Pastes,,56292188,2026-09-06 17:37:26,True,
English Regularmint Toothpaste,206,False,0,0,10,Health and Beauty,Oral Care,Tooth Pastes,,56292189,2026-09-06 17:37:26,True,
English Regularmint Toothpaste,137,False,0,0,10,Health and Beauty,Oral Care,Tooth Pastes,,56292190,2026-09-06 17:37:26,True,
English Regularmint Toothpaste,70,False,0,0,10,Health and Beauty,Oral Care,Tooth Pastes,,56292191,2026-09-06 17:37:26,True,
Safeguard Lemon 103Gx3 Bundle,375,False,0,0,10,Health and Beauty,Oral Care,Tooth Pastes,,56292193,2026-09-06 17:37:26,True,
Capri Soap Pink 150G,180,False,158,198,10,Health and Beauty,Bath and Soap,Antibacterial,,56292194,2026-09-06 17:37:26,True,
Opal Soap Shine 60G X5,250,False,0,190,10,Health and Beauty,Bath and Soap,Antibacterial,,56292195,2026-09-06 17:37:26,False,
Palmolive Hand Wash Milk and Honey,471,False,0,1,10,Health and Beauty,Bath and Soap,Hand and Body Washes,,56292197,2026-09-06 17:37:26,True,
Palmolive Naturals Refreshing Glow Soap 5 in 1 Saver Pack 98GM x 5,580,False,560,2776,10,Health and Beauty,Bath and Soap,Fragrant,,56292198,2026-09-06 17:37:26,True,
Palmolive Naturals Milk & Honey Handwash 450ML,545,False,525,0,10,Health and Beauty,Bath and Soap,Hand and Body Washes,,56292199,2026-09-06 17:37:26,True,
Lifebuoy Bar Care 130Gm,424,False,383,0,27,Health and Beauty,Bath and Soap,Antibacterial,,56292201,2026-09-06 17:37:26,True,
Dettol Liquid Hand Wash Skincare 250ml,986,False,0,0,10,Health and Beauty,Bath and Soap,Hand and Body Washes,,56292202,2026-09-06 17:37:26,True,
Dettol Liquid Handwash Original 250ml,986,False,0,123,10,Health and Beauty,Bath and Soap,Hand and Body Washes,,56292204,2026-09-06 17:37:26,True,
Safeguard Bar Soap Lavender 135Gx72 Pk,165,False,0,0,10,Health and Beauty,Bath and Soap,Fragrant,,56292205,2026-09-06 17:37:26,True,
Safeguard Bar Soap Lavender 175Gx72 Pk,208,False,0,0,10,Health and Beauty,Bath and Soap,Fragrant,,56292206,2026-09-06 17:37:26,True,
Safeguard Bar Soap Lavender 3X175G 24 Pk B,610,False,0,0,10,Health and Beauty,Bath and Soap,Fragrant,,56292207,2026-09-06 17:37:26,True,
Safeguard Bar Soap Lavender 103Gx72 Pk,129,False,0,0,10,Health and Beauty,Bath and Soap,Fragrant,,56292209,2026-09-06 17:37:26,True,
Protex Saver Pack Gentle 130G ,455,False,0,122,10,Health and Beauty,Bath and Soap,Fragrant,,56292210,2026-09-06 17:37:26,True,
Protex Soap Saver Pack Balance,430,False,373,93,10,Health and Beauty,Bath and Soap,Fragrant,,56292211,2026-09-06 17:37:26,True,
Lifebuoy Bar Total 130Gm,424,False,383,0,27,Health and Beauty,Bath and Soap,Antibacterial,,56292212,2026-09-06 17:37:26,True,
Black Cat 300G,479,False,320,1,10,Health and Beauty,Bath and Soap,Fragrant,,56292214,2026-09-06 17:37:26,True,
Black Cat Romance 70G,169,False,0,0,10,Health and Beauty,Bath and Soap,Fragrant,,56292215,2026-09-06 17:37:26,True,
Black Cat Passion 70G,169,False,0,0,10,Health and Beauty,Bath and Soap,Fragrant,,56292216,2026-09-06 17:37:26,True,
Black Cat Elegance 70G,169,False,0,0,10,Health and Beauty,Bath and Soap,Fragrant,,56292218,2026-09-06 17:37:26,True,
Black Cat Vintage 70G,169,False,0,0,10,Health and Beauty,Bath and Soap,Fragrant,,56292219,2026-09-06 17:37:26,True,
Black Cat Valiant 70G,169,False,0,0,10,Health and Beauty,Bath and Soap,Fragrant,,56292220,2026-09-06 17:37:26,True,
Black Cat Diamond 70G,169,False,0,0,10,Health and Beauty,Bath and Soap,Fragrant,,56292222,2026-09-06 17:37:26,True,
Dettol Liquid Hand Wash Original Refill 350Ml,545,False,607,77,10,Health and Beauty,Bath and Soap,Hand and Body Washes,,56292223,2026-09-06 17:37:26,True,
Dettol Antiseptic Liquid 100Ml X3,1356,False,0,0,10,Health and Beauty,Bath and Soap,Hand and Body Washes,,56292224,2026-09-06 17:37:26,True,
CAPRI HW WHITE 200ML BTL,285,False,225,201,10,Health and Beauty,Bath and Soap,Hand and Body Washes,,9999940,2026-09-06 17:37:26,True,
Capri Handwash White Pouch 1000ML,790,True,649,66,10,Health and Beauty,Bath and Soap,Hand and Body Washes,,56292227,2026-09-06 17:37:26,True,
Hypro Antibacterial Soap Extra 110GM x 3,279,False,260,9,10,Health and Beauty,Bath and Soap,Antibacterial,,56292228,2026-09-06 17:37:26,True,
Hypro Antibacterial Soap Energetic 110GM x 3,275,False,260,75,10,Health and Beauty,Bath and Soap,Antibacterial,,56292230,2026-09-06 17:37:26,True,
Safeguard Menthol 125G,169,False,0,0,10,Health and Beauty,Bath and Soap,Fragrant,,56292231,2026-09-06 17:37:26,True,
C&C SHOWERGEL BERRYMINT 500ML,899,False,799,140,10,Health and Beauty,Bath and Soap,Hand and Body Washes,,9999931,2026-09-06 17:37:26,True,
C&C SOAP HW FLORA FRESH 250ML,350,False,275,135,10,Health and Beauty,Bath and Soap,Hand and Body Washes,,9999919,2026-09-06 17:37:26,True,
C&C SOAP HW AQUA FRESH 250ML,350,False,275,141,10,Health and Beauty,Bath and Soap,Hand and Body Washes,,9999916,2026-09-06 17:37:26,True,
Capri Soap White 150G X2 Sp,290,False,0,0,10,Health and Beauty,Bath and Soap,Fragrant,,56292236,2026-09-06 17:37:26,False,
Lifebuoy Bar Total 165Gm,150,False,126,0,48,Health and Beauty,Bath and Soap,Antibacterial,,56292238,2026-09-06 17:37:26,True,
Lifebuoy Bar Care 165Gm,150,False,126,0,48,Health and Beauty,Bath and Soap,Antibacterial,,56292239,2026-09-06 17:37:26,True,
CAPRI HW PINK 450ML BTL,443,False,399,78,10,Health and Beauty,Bath and Soap,Hand and Body Washes,,9999907,2026-09-06 17:37:26,True,
Hypro Soap Fresh 120G X6 Sp,570,False,0,0,10,Health and Beauty,Bath and Soap,Fragrant,,56292242,2026-09-06 17:37:26,True,
Hypro Soap Extra 120G X6 Sp,570,False,0,0,10,Health and Beauty,Bath and Soap,Fragrant,,56292243,2026-09-06 17:37:26,True,
CAPRI SOAP BLUE 150G X3 SP,490,False,385,46,24,Health and Beauty,Bath and Soap,Fragrant,,9999812,2026-09-06 17:37:26,True,
CAPRI SOAP PINK 150G X3 SP,490,False,385,24,24,Health and Beauty,Bath and Soap,Fragrant,,9999826,2026-09-06 17:37:26,True,
Palmolive Naturals - G 165Gm,189,False,0,75,10,Health and Beauty,Bath and Soap,Hand and Body Washes,,56292247,2026-09-06 17:37:26,True,
Glow & Lovely Cream Cp 25Gm,150,False,0,0,10,Health and Beauty,Skin Care,Creams,,56292248,2026-09-06 17:37:26,True,
Enchanteur Stunning Talcome Powder,857,False,0,0,10,Health and Beauty,Bath and Soap,Fragrant,,56292250,2026-09-06 17:37:26,True,
Enchanteur Charming Talcome Powder,857,False,0,0,10,Health and Beauty,Bath and Soap,Fragrant,,56292251,2026-09-06 17:37:26,True,
Yardley (W) Imperial Jasmine Talcum Powder,1078,False,0,0,10,Health and Beauty,Bath and Soap,Fragrant,,56292253,2026-09-06 17:37:26,True,
Yardley (W) English Rose Talcum Powder,1078,False,0,0,10,Health and Beauty,Bath and Soap,Fragrant,,56292254,2026-09-06 17:37:26,True,
Enchanteur Alluring Talcome Powder,857,False,0,0,10,Health and Beauty,Bath and Soap,Fragrant,,56292255,2026-09-06 17:37:26,True,
Lux Bar Allure Pink Twin Cp 130G,240,False,217,0,48,Health and Beauty,Bath and Soap,Fragrant,,56292257,2026-09-06 17:37:26,True,
Lux Bar White Twin Cp 130G,240,False,217,0,48,Health and Beauty,Bath and Soap,Fragrant,,56292258,2026-09-06 17:37:26,False,
Vital Revitalizing 128 Gm,132,False,0,0,10,Health and Beauty,Bath and Soap,Fragrant,,56292259,2026-09-06 17:37:26,True,
Vital Revitalizing 98 Gm,102,False,0,0,10,Health and Beauty,Bath and Soap,Fragrant,,56292261,2026-09-06 17:37:26,True,
Vital Lemon & Tea 128 Gm,132,False,0,0,10,Health and Beauty,Bath and Soap,Fragrant,,56292262,2026-09-06 17:37:26,True,
Vital Lemon & Tea 98 Gm,102,False,0,0,10,Health and Beauty,Bath and Soap,Fragrant,,56292263,2026-09-06 17:37:26,True,
Vital Chiffon Feel 128 Gm,132,False,0,0,10,Health and Beauty,Bath and Soap,Fragrant,,56292265,2026-09-06 17:37:26,True,
Vital Chiffon Feel 98 Gm,102,False,0,0,10,Health and Beauty,Bath and Soap,Fragrant,,56292266,2026-09-06 17:37:26,True,
Vital Orange 120 Gm,99,False,0,0,10,Health and Beauty,Bath and Soap,Fragrant,,56292268,2026-09-06 17:37:26,True,
Vital Peach 120 Gm,99,False,0,0,10,Health and Beauty,Bath and Soap,Fragrant,,56292269,2026-09-06 17:37:26,True,
Vital Cucumber 120 Gm,99,False,0,0,10,Health and Beauty,Bath and Soap,Fragrant,,56292272,2026-09-06 17:37:26,True,
Vital Strawberry 120 Gm,99,False,0,0,10,Health and Beauty,Bath and Soap,Fragrant,,56292273,2026-09-06 17:37:26,True,
Vital Lemon 120 Gm,99,False,0,0,10,Health and Beauty,Bath and Soap,Fragrant,,56292275,2026-09-06 17:37:26,True,
Vital Musk Freesia 128 Gm,132,False,0,0,10,Health and Beauty,Bath and Soap,Fragrant,,56292276,2026-09-06 17:37:26,True,
Vital Floralia White 128 Gm,132,False,0,0,10,Health and Beauty,Bath and Soap,Fragrant,,56292277,2026-09-06 17:37:26,True,
Herbion Prickly Heat Powder,409,False,0,45,10,Health and Beauty,Bath and Soap,Fragrant,,56292279,2026-09-06 17:37:26,True,
Herbion Cherry Blossom Body Wash 400ML,955,False,899,0,10,Health and Beauty,Bath and Soap,Hand and Body Washes,,56292280,2026-09-06 17:37:26,True,
Herbion Rose Body Wash 400ML,955,False,899,0,10,Health and Beauty,Bath and Soap,Hand and Body Washes,,56292281,2026-09-06 17:37:26,True,
Dove Refreshing (Cucumber and Green tea) Scent Body Wash,319,False,0,0,10,Health and Beauty,Bath and Soap,Hand and Body Washes,,56292283,2026-09-06 17:37:26,True,
Dove Sensitive Skin Hypoallergenic Body Wash,319,False,0,0,10,Health and Beauty,Bath and Soap,Hand and Body Washes,,56292284,2026-09-06 17:37:26,True,
"Dove Pink (Soft, Smooth Skin)",319,False,0,0,10,Health and Beauty,Bath and Soap,Hand and Body Washes,,56292285,2026-09-06 17:37:26,True,
Dove Beauty Cream Bar 90G,319,False,315,0,10,Health and Beauty,Bath and Soap,Hand and Body Washes,,56292287,2026-09-06 17:37:26,True,
Dove Pampering (Shea Butter) 9,319,False,0,0,10,Health and Beauty,Bath and Soap,Hand and Body Washes,,56292288,2026-09-06 17:37:26,True,
"Dove Pink (Soft, Smooth Skin)",455,False,0,0,10,Health and Beauty,Bath and Soap,Hand and Body Washes,,56292290,2026-09-06 17:37:26,True,
Dove Refreshing (Cucumber & Green Tea),455,False,0,0,10,Health and Beauty,Bath and Soap,Hand and Body Washes,,56292291,2026-09-06 17:37:26,True,
Rivaj SPF 60 Whitening & Vanish,555,False,650,0,10,Health and Beauty,Skin Care,Creams,,56292292,2026-09-06 17:37:26,True,
Rivaj SPF 60 Whitening & Vanish,259,False,330,0,10,Health and Beauty,Skin Care,Creams,,56292293,2026-09-06 17:37:26,True,
Herbion Natural Sunblock 100Ml,555,False,0,53,10,Health and Beauty,Skin Care,Creams,,56292295,2026-09-06 17:37:26,True,
Treet Shaving Foam Original 200ML,499,True,450,32,10,Health and Beauty,Toiletries,Men Grooming,,89359913,2026-09-06 17:37:26,True,
Sunsilk Rosemary & Argan Oil Shampoo 380Ml,839,False,616,432,12,Health and Beauty,Hair Care,Shampoos,,72629841,2026-09-06 17:37:26,True,
Sunsilk Coconut Oil and Aloe Vera Shampoo 380ml,839,False,616,914,12,Health and Beauty,Hair Care,Shampoos,,72857519,2026-09-06 17:37:26,True,
Lifebuoy Handwash Care Pouch 900Ml,680,False,575,0,8,Health and Beauty,Bath and Soap,Hand and Body Washes,,73252601,2026-09-06 17:37:26,True,
Lifebuoy Handwash Total 900Ml,680,False,575,0,8,Health and Beauty,Bath and Soap,Hand and Body Washes,,73437005,2026-09-06 17:37:26,True,
Pond's Superlight Gel 50 GM,999,False,782,130,24,Health and Beauty,Skin Care,Creams,,73574608,2026-09-06 17:37:26,True,
Treet Swift II Razor 1s Pouch,100,False,85,637,48,Health and Beauty,Toiletries,Men Grooming,,54941517,2026-09-06 17:37:26,True,
Nexton Baby Shampoo 250ML,525,False,525,41,10,Health and Beauty,Hair Care,Shampoos,,60060387,2026-09-06 17:37:26,True,
Molped Maxi Hygiene Sheild Trio Extra Long 16 Pads,899,False,0,0,5,Health and Beauty,Toiletries,Women Care,,1509520,2026-09-06 17:37:26,True,
Molped Thickshield XL Vp,599,False,0,29,5,Health and Beauty,Toiletries,Women Care,,1509523,2026-09-06 17:37:26,True,
Molped Thickshield L,299,False,0,69,5,Health and Beauty,Toiletries,Women Care,,1509525,2026-09-06 17:37:26,True,
Molped Thickshield Xl,299,False,0,100,5,Health and Beauty,Toiletries,Women Care,,1509526,2026-09-06 17:37:26,True,
Molped Thickshield Barrier L,359,False,0,0,5,Health and Beauty,Toiletries,Women Care,,1509526,2026-09-06 17:37:26,True,
Molped Thickshield Barrier Xl,359,False,0,0,5,Health and Beauty,Toiletries,Women Care,,1509527,2026-09-06 17:37:26,True,
Molped Thinshield L,359,False,0,0,5,Health and Beauty,Toiletries,Women Care,,1509529,2026-09-06 17:37:26,True,
Molped Thinshield Xl,359,False,0,0,5,Health and Beauty,Toiletries,Women Care,,1509530,2026-09-06 17:37:26,True,
Nivea Roll-on Deodorant Black & White Men 50ML,1500,False,1242,27,5,Health and Beauty,Fragrances,Anti Perspirants,,3326108,2026-09-06 17:37:26,False,
Nivea Roll-on Deodorant Powder Women 50ML,1500,False,1242,29,5,Health and Beauty,Fragrances,Anti Perspirants,,3326111,2026-09-06 17:37:26,True,
Nivea Deodorant Fresh Men 150ML,1600,False,1325,4,5,Health and Beauty,Fragrances,Body Sprays and Body Mists,,3326114,2026-09-06 17:37:26,True,
Nivea Wash Gel Rrefreshing 150ML,1800,False,,23,5,Health and Beauty,Skin Care,Facewashes,,3326117,2026-09-06 17:37:26,True,
Butterfly Maxi Extra Long Trio,800,False,841,0,12,Health and Beauty,Toiletries,Women Care,,88420670,2026-09-06 17:37:26,True,
Butterfly Maxi Xl Trio,800,False,841,402,12,Health and Beauty,Toiletries,Women Care,,88672463,2026-09-06 17:37:26,True,
Tresemme  Bond Plex & Repair Conditioner 160Ml,595,False,424,215,24,Health and Beauty,Hair Care,Shampoos,,89073063,2026-09-06 17:37:26,True,
Tresemme Bond Plex & Repair Conditioner 360Ml	,950,False,735,51,12,Health and Beauty,Hair Care,Shampoos,,89275962,2026-09-06 17:37:26,True,
Tresemme Bond Plex & Repair Shampoo 170Ml,550,False,408,67,24,Health and Beauty,Hair Care,Shampoos,,89529004,2026-09-06 17:37:26,True,
Tresemme Bond Plex & Repair Shampoo 360Ml,940,False,718,65,12,Health and Beauty,Hair Care,Shampoos,,89688098,2026-09-06 17:37:26,True,
Lux Bar Rose Glow Trio Soaps 130GM,439,False,400,1755,36,Health and Beauty,Bath and Soap,Fragrant,,89929845,2026-09-06 17:37:26,True,https://metroonline.page.link/4Z7B
Hemani Aqua Cool Body Spray 20,529,False,360,7,15,Health and Beauty,Fragrances,Body Sprays and Body Mists,,40088044,2026-09-06 17:37:26,True,
Hemani Deo Firepit,395,False,316,0,10,Health and Beauty,Fragrances,Body Sprays and Body Mists,,40446182,2026-09-06 17:37:26,False,
Nisa Amla Shampoo 470Ml,397,False,0,0,10,Health and Beauty,Hair Care,Shampoos,,84652481,2026-09-06 17:37:26,True,
Nisa Amla Shampoo Sachet 5Ml,5,False,0,0,10,Health and Beauty,Hair Care,Shampoos,,84652482,2026-09-06 17:37:26,True,
Nisa Hair Color Shampoo Dark Brown 30Ml,64,False,0,0,10,Health and Beauty,Hair Care,Shampoos,,84652483,2026-09-06 17:37:26,True,
Nisa Hair Color Shampoo Med Brown 30Ml,64,False,0,0,10,Health and Beauty,Hair Care,Shampoos,,84652484,2026-09-06 17:37:26,True,
Nisa Hair Color Shampoo Black 30Ml,64,False,0,0,10,Health and Beauty,Hair Care,Shampoos,,84652485,2026-09-06 17:37:26,True,
Nisa Hair Color Shampoo Mohagni 30Ml,64,False,0,0,10,Health and Beauty,Hair Care,Shampoos,,84652486,2026-09-06 17:37:26,True,
Nisa Ultimate Hair Color Black 30Ml,149,False,0,0,10,Health and Beauty,Hair Care,Hair Colors,,84652487,2026-09-06 17:37:26,True,
Nisa Ultimate Hair Color Medium Brown 30Ml,149,False,0,0,10,Health and Beauty,Hair Care,Hair Colors,,84652488,2026-09-06 17:37:26,True,
Nisa Ultimate Hair Color Dark Brown 30Ml,149,False,0,0,10,Health and Beauty,Hair Care,Hair Colors,,84652489,2026-09-06 17:37:26,True,
Nisa Ultimate Hair Color Mohgni 30Ml,113,False,0,0,10,Health and Beauty,Hair Care,Hair Colors,,84652491,2026-09-06 17:37:26,True,
Nisa Frooto Soap Lemon 50G,30,False,0,0,10,Health and Beauty,Bath and Soap,Fragrant,,84652492,2026-09-06 17:37:26,True,
Lexi Beauty Soap White 130G,104,False,0,0,10,Health and Beauty,Bath and Soap,Fragrant,,84652493,2026-09-06 17:37:26,True,
Lexi Beauty Soap Pink 130G,104,False,0,0,10,Health and Beauty,Bath and Soap,Fragrant,,84652494,2026-09-06 17:37:26,True,
Nisa Hair Removal Cream Rose 120Ml,178,False,0,0,10,Health and Beauty,Toiletries,Women Care,,84652495,2026-09-06 17:37:26,True,
Nisa Hair Removal Cream Lemon 120Ml,178,False,0,0,10,Health and Beauty,Toiletries,Women Care,,84652496,2026-09-06 17:37:26,True,
Nisa Hair Removal Cream Rose 60Ml,124,False,0,0,10,Health and Beauty,Toiletries,Women Care,,84652497,2026-09-06 17:37:26,True,
Nisa Hair Removal Cream Lemon 60Ml,124,False,0,0,10,Health and Beauty,Toiletries,Women Care,,84652498,2026-09-06 17:37:26,True,
Nisa Hair Removal Lotion Rose 80Ml,124,False,0,0,10,Health and Beauty,Toiletries,Women Care,,84652499,2026-09-06 17:37:26,True,
Nisa Hair Removal Lotion Lemon 80Ml,124,False,0,0,10,Health and Beauty,Toiletries,Women Care,,84652500,2026-09-06 17:37:26,True,
Nisa Hair Removal Cream Sachet 20Ml,40,False,0,0,10,Health and Beauty,Toiletries,Women Care,,84652501,2026-09-06 17:37:26,True,
Nisa Bleach Sachet Peach 10Ml,25,False,0,805,10,Health and Beauty,Toiletries,Women Care,,84652502,2026-09-06 17:37:26,True,
Nisa Bleach Cream Peach 42G,150,False,0,0,10,Health and Beauty,Toiletries,Women Care,,84652503,2026-09-06 17:37:26,True,
Nisa Lovely Fairness Jar 38G,156,False,0,16,10,Health and Beauty,Skin Care,Lotions and Sunscreen,,84652504,2026-09-06 17:37:26,True,
Nisa Lovely Fairness Sachet 12G,40,False,0,42,10,Health and Beauty,Skin Care,Lotions and Sunscreen,,84652505,2026-09-06 17:37:26,True,
Nisa Lovely BB Natural 18G,198,False,0,0,10,Health and Beauty,Skin Care,Lotions and Sunscreen,,84652506,2026-09-06 17:37:26,True,
Nisa Lovely BB Natural 40G,297,False,0,0,10,Health and Beauty,Skin Care,Lotions and Sunscreen,,84652507,2026-09-06 17:37:26,True,
Nisa Whitening Urgent Facial 28G,59,False,0,0,10,Health and Beauty,Skin Care,Creams,,84652508,2026-09-06 17:37:26,True,
Ujooba Whitening Cream 17G,347,False,0,0,10,Health and Beauty,Skin Care,Creams,,84652509,2026-09-06 17:37:26,True,
Mw Charcol Mask 12Ml,40,False,0,0,0,Health and Beauty,Skin Care,Masks and Cleansers,,84652510,2026-09-06 17:37:26,False,
Pink Hamper Box-Small (H),66,False,0,100000,10,Health and Beauty,Toiletries,Women Care,,74937418,2026-09-06 17:37:26,True,
Pink Hamper Box-Large (H),79,False,0,100000,10,Health and Beauty,Toiletries,Women Care,,74937432,2026-09-06 17:37:26,True,
Ph-2 Ponsh Hs 180Ml Refill Pouc,279,False,0,100000,10,Health and Beauty,Toiletries,Women Care,,74937434,2026-09-06 17:37:26,True,
Ph2  Ladies Clutch,18154,False,0,100000,10,Health and Beauty,Toiletries,Women Care,,74937451,2026-09-06 17:37:26,False,
Pink Hamper 2,4999,False,0,1701000,5,Health and Beauty,Toiletries,Women Care,,57377361,2026-09-06 17:37:26,False,https://metroonline.page.link/s7je
Pink Hamper 1,2999,False,0,1200000,5,Health and Beauty,Toiletries,Women Care,,52831371,2026-09-06 17:37:26,False,https://metroonline.page.link/MbRX
Sunsilk Onion & Jojoba Oil Shampoo 380Ml,839,False,,258,10,Health and Beauty,Hair Care,Shampoos,,30855049,2026-09-06 17:37:26,True,
Treet Tidy Body Razor 3s-Saver Pack (Rs. 20 Off),190,False,0,71,5,Health and Beauty,Toiletries,Men Grooming,,21998302,2026-09-06 17:37:26,True,
TREET TIDY BODY RAZOR 5S-PROMO,250,False,165,89,5,Health and Beauty,Toiletries,Men Grooming,,9999978,2026-09-06 17:37:26,True,
Treet Swift II (4+1 FREE) Razor,400,False,0,289,5,Health and Beauty,Toiletries,Men Grooming,,21998309,2026-09-06 17:37:26,True,
Treet Swift 3 Razor Pouch (1 Pc),130,False,120,388,5,Health and Beauty,Toiletries,Men Grooming,,21998311,2026-09-06 17:37:26,True,
Treet Swift III (4+1 FREE) Razor,425,False,0,152,5,Health and Beauty,Toiletries,Men Grooming,,21998313,2026-09-06 17:37:26,True,
Treet Swift II Grip 1s Pouch,130,False,0,540,5,Health and Beauty,Toiletries,Men Grooming,,21998315,2026-09-06 17:37:26,True,
Treet Swift II Grip 5s (4+1 Saver Pack),520,False,0,167,5,Health and Beauty,Toiletries,Men Grooming,,21998317,2026-09-06 17:37:26,True,
Treet Platinum Super Stainless Blade-20s,165,False,0,125,5,Health and Beauty,Toiletries,Men Grooming,,21998319,2026-09-06 17:37:26,True,
Treet Carbon Steel Blade-20s,124,False,0,67,5,Health and Beauty,Toiletries,Men Grooming,,21998321,2026-09-06 17:37:26,True,
Treet Shaving Foam Classic 400ML,799,True,650,28,5,Health and Beauty,Toiletries,Men Grooming,,21998322,2026-09-06 17:37:26,True,
GARNIER SERUM 30ML,1999,True,1499,16,3,Health and Beauty,Skin Care,Facewashes,,9999745,2026-09-06 17:37:26,True,
Estela SoftGleam5 1s Razor Box,1500,False,,133333,,Health and Beauty,Toiletries,Women Care,,28241256,2026-09-06 17:37:26,True,https://metroonline.page.link/8A3V
Estela SoftGleam5 3s Cartridge Box,2000,False,,133333,,Health and Beauty,Toiletries,Women Care,,28241268,2026-09-06 17:37:26,True,https://metroonline.page.link/KdTD
Estela Handy5 1s Razor Box,1160,False,,133333,,Health and Beauty,Toiletries,Women Care,,28241277,2026-09-06 17:37:26,True,https://metroonline.page.link/36Dy
Estela Handy5 3s Cartridges Box,1410,False,,133333,,Health and Beauty,Toiletries,Women Care,,28241286,2026-09-06 17:37:26,True,https://metroonline.page.link/RKhe
Estela SoftGleam3 3s Blister,500,False,,133333,,Health and Beauty,Toiletries,Women Care,,28241294,2026-09-06 17:37:26,True,https://metroonline.page.link/t8DV
Estela XquisiteGlide5 1s Razor Box,2500,False,,133333,,Health and Beauty,Toiletries,Women Care,,28241301,2026-09-06 17:37:26,True,https://metroonline.page.link/JwE4
Estela XquisiteGlide5 3s Cartridge Box,3000,False,,133333,,Health and Beauty,Toiletries,Women Care,,28241309,2026-09-06 17:37:26,True,https://metroonline.page.link/nLqT
"Estela EX 4s (2 Small, 2 Regular)",750,True,575,133333,,Health and Beauty,Toiletries,Women Care,,28241320,2026-09-06 17:37:26,True,https://metroonline.page.link/HpLL
Estela FX 2s,500,True,399,133333,,Health and Beauty,Toiletries,Women Care,,28241326,2026-09-06 17:37:26,True,https://metroonline.page.link/dRau
Estela MX 1s,300,True,250,133333,,Health and Beauty,Toiletries,Women Care,,28241336,2026-09-06 17:37:26,True,https://metroonline.page.link/Ewxp
Genesis Razor in Gold,4500,False,,133333,,Health and Beauty,Toiletries,Men Grooming,,28241342,2026-09-06 17:37:26,True,https://metroonline.page.link/2QjQ
Genesis Razor in Black,3500,False,,133333,,Health and Beauty,Toiletries,Men Grooming,,28241350,2026-09-06 17:37:26,True,https://metroonline.page.link/mYAo
Genesis Glaze5 1s Razor Box,1850,False,,133333,,Health and Beauty,Toiletries,Men Grooming,,28241358,2026-09-06 17:37:26,True,https://metroonline.page.link/RbRr
Genesis Glaze5 3s Cartridges,2200,False,,133333,,Health and Beauty,Toiletries,Men Grooming,,28241367,2026-09-06 17:37:26,True,https://metroonline.page.link/ZtuP
Genesis UltraGlide5 1s Razor Box,2500,False,,133333,,Health and Beauty,Toiletries,Men Grooming,,28241374,2026-09-06 17:37:26,True,https://metroonline.page.link/1Mih
Genesis UltraGlide5 3s Cartridge Box,2500,False,,133333,,Health and Beauty,Toiletries,Men Grooming,,28241382,2026-09-06 17:37:26,True,https://metroonline.page.link/zhZX
Genesis SensiLight2 1s Razor Box,600,False,,133333,,Health and Beauty,Toiletries,Men Grooming,,28241389,2026-09-06 17:37:26,True,https://metroonline.page.link/PRCM
Genesis SensiLight2 3s Cartridges Box,700,False,,133333,,Health and Beauty,Toiletries,Men Grooming,,28241396,2026-09-06 17:37:26,True,https://metroonline.page.link/h39m
Genesis XperienceLight3 1s Razor Box,700,True,575,133333,,Health and Beauty,Toiletries,Men Grooming,,28241403,2026-09-06 17:37:26,True,https://metroonline.page.link/Y8z5
Genesis XperienceLight3 3s Cartridge Box,1000,True,750,133333,,Health and Beauty,Toiletries,Men Grooming,,28241410,2026-09-06 17:37:26,True,https://metroonline.page.link/SfAf
Genesis Smart3 1+2,950,True,699,133333,,Health and Beauty,Toiletries,Men Grooming,,28241419,2026-09-06 17:37:26,True,https://metroonline.page.link/V6qo
Genesis Smart3 3s Cartridge Box,1200,True,899,133333,,Health and Beauty,Toiletries,Men Grooming,,28241427,2026-09-06 17:37:26,True,https://metroonline.page.link/jr6c
Genesis SoftGlide3 3s Blister,500,False,,133333,,Health and Beauty,Toiletries,Men Grooming,,28241437,2026-09-06 17:37:26,True,https://metroonline.page.link/mCKc
Genesis SoftGlide3 1s Blister,175,False,,133333,,Health and Beauty,Toiletries,Men Grooming,,28241445,2026-09-06 17:37:26,True,https://metroonline.page.link/WQH2
Genesis My Blades Platinum 20s Blades,250,False,,133333,,Health and Beauty,Toiletries,Women Care,,28241452,2026-09-06 17:37:26,True,https://metroonline.page.link/A6YW
Genesis My Blades Silver 20s Blades,200,False,,133333,,Health and Beauty,Toiletries,Women Care,,28241459,2026-09-06 17:37:26,True,https://metroonline.page.link/Tsb8
Hemani Hair Removal Cream Aloe Vera & Cucumber 100ML,380,False,0,10,5,Health and Beauty,Toiletries,Women Care,,40244735,2026-09-06 17:37:26,True,
Hemani Hair Removal Cream Argan 100ML,380,False,0,10,5,Health and Beauty,Toiletries,Women Care,,40244737,2026-09-06 17:37:26,True,
Hemani Hydra Fresh Foaming Facewash,619,False,0,10,5,Health and Beauty,Skin Care,Facewashes,,40244738,2026-09-06 17:37:26,True,
Hemani Insta Bright Foaming Facewash,619,False,509,10,5,Health and Beauty,Skin Care,Facewashes,,40244740,2026-09-06 17:37:26,True,
Hemani Neem Anti Acne Foaming Facewash,619,False,0,10,5,Health and Beauty,Skin Care,Facewashes,,40244741,2026-09-06 17:37:26,True,
Hemani Saffron Whitening Foaming Facewash,619,False,509,10,5,Health and Beauty,Skin Care,Facewashes,,40244743,2026-09-06 17:37:26,True,
Broche Body Spray Aroma 200ML,599,True,449,10,5,Health and Beauty,Fragrances,Body Sprays and Body Mists,,40244745,2026-09-06 17:37:26,True,https://metroonline.page.link/4SyJ
Broche Body Spray Bliss 200ML,599,True,449,10,5,Health and Beauty,Fragrances,Body Sprays and Body Mists,,40244747,2026-09-06 17:37:26,True,https://metroonline.page.link/GrNm
Broche Body Spray Champ 200ML,599,True,449,10,5,Health and Beauty,Fragrances,Body Sprays and Body Mists,,40244748,2026-09-06 17:37:26,True,https://metroonline.page.link/SvPz
Meclay Damage Repair Conditioner 180ML,370,False,350,10,5,Health and Beauty,Hair Care,Conditioners,,40244750,2026-09-06 17:37:26,True,
Meclay Anti Dandruff Conditioner 180ML,370,False,350,10,5,Health and Beauty,Hair Care,Conditioners,,40244751,2026-09-06 17:37:26,True,https://metroonline.page.link/2isV
Meclay Hairfall Defense Conditioner 180ML,370,False,350,10,5,Health and Beauty,Hair Care,Conditioners,,40244753,2026-09-06 17:37:26,True,
Meclay Long & Healthy Conditioner 180ML,370,False,350,10,5,Health and Beauty,Hair Care,Conditioners,,40244754,2026-09-06 17:37:26,True,
Meclay Color Protect Conditioner 180ML,370,False,350,10,5,Health and Beauty,Hair Care,Conditioners,,40244756,2026-09-06 17:37:26,True,
Meclay Black Shine Conditioner 180ML,370,False,350,10,5,Health and Beauty,Hair Care,Conditioners,,40244757,2026-09-06 17:37:26,True,
Meclay Soft & Silky Conditioner 180ML,370,False,350,10,5,Health and Beauty,Hair Care,Conditioners,,40244759,2026-09-06 17:37:26,True,
Meclay Smooth & Straight Conditioner 180ML,370,False,350,10,5,Health and Beauty,Hair Care,Conditioners,,40244761,2026-09-06 17:37:26,True,
Meclay Strong & Healthy Conditioner 180ML,370,False,350,10,5,Health and Beauty,Hair Care,Conditioners,,40244763,2026-09-06 17:37:26,True,
Meclay Thick & Pink Conditioner 180ML,370,False,350,10,5,Health and Beauty,Hair Care,Conditioners,,40244764,2026-09-06 17:37:26,True,
Meclay Damage Repair Shampoo 185ML,370,False,0,10,5,Health and Beauty,Hair Care,Shampoos,,40244766,2026-09-06 17:37:26,True,
Meclay Anti Dandruff Shampoo 185ML,370,False,350,10,5,Health and Beauty,Hair Care,Shampoos,,40244768,2026-09-06 17:37:26,True,
Meclay Hairfall Defense Shampoo 185ML,370,False,0,10,5,Health and Beauty,Hair Care,Shampoos,,40244769,2026-09-06 17:37:26,True,
Meclay Long & Healthy Shampoo 185ML,370,False,0,10,5,Health and Beauty,Hair Care,Shampoos,,40244771,2026-09-06 17:37:26,True,
Meclay Color Protect Shampoo 185ML,370,False,350,10,5,Health and Beauty,Hair Care,Shampoos,,40244772,2026-09-06 17:37:26,True,
Meclay Black Shine Shampoo 185ML,370,False,0,10,5,Health and Beauty,Hair Care,Shampoos,,40244774,2026-09-06 17:37:26,True,
Meclay Soft & Silky Shampoo 185ML,370,False,0,10,5,Health and Beauty,Hair Care,Shampoos,,40244775,2026-09-06 17:37:26,True,
Meclay Smooth & Straight Shampoo 185ML,370,False,350,10,5,Health and Beauty,Hair Care,Shampoos,,40244777,2026-09-06 17:37:26,True,
Meclay Strong & Healthy Shampoo 185ML,370,False,0,10,5,Health and Beauty,Hair Care,Shampoos,,40244779,2026-09-06 17:37:26,True,
Meclay Thick & Pink Shampoo 185ML,370,False,350,10,5,Health and Beauty,Hair Care,Shampoos,,40244780,2026-09-06 17:37:26,True,
Meclay Damage Repair Conditioner 350ML,690,False,650,10,5,Health and Beauty,Hair Care,Conditioners,,40244782,2026-09-06 17:37:26,True,
Meclay Anti Dandruff Conditioner 350ML,690,False,650,10,5,Health and Beauty,Hair Care,Conditioners,,40244783,2026-09-06 17:37:26,True,
Meclay Hairfall Defense Conditioner 350ML,690,False,650,10,5,Health and Beauty,Hair Care,Conditioners,,40244785,2026-09-06 17:37:26,True,
Meclay Long & Healthy Conditioner 350ML,690,False,650,10,5,Health and Beauty,Hair Care,Conditioners,,40244786,2026-09-06 17:37:26,True,
Meclay Color Protect Conditioner 350ML,690,False,650,10,5,Health and Beauty,Hair Care,Conditioners,,40244787,2026-09-06 17:37:26,True,
Meclay Black Shine Conditioner 350ML,690,False,650,10,5,Health and Beauty,Hair Care,Conditioners,,40244789,2026-09-06 17:37:26,True,
Meclay Soft & Silky Conditioner 350ML,690,False,650,10,5,Health and Beauty,Hair Care,Conditioners,,40244790,2026-09-06 17:37:26,True,
Meclay Smooth & Straight Conditioner 350ML,690,False,650,10,5,Health and Beauty,Hair Care,Conditioners,,40244791,2026-09-06 17:37:26,True,
Meclay Strong & Healthy Conditioner 350ML,690,False,650,10,5,Health and Beauty,Hair Care,Conditioners,,40244794,2026-09-06 17:37:26,True,
Meclay Thick & Pink Conditioner 350ML,690,False,650,10,5,Health and Beauty,Hair Care,Conditioners,,40244797,2026-09-06 17:37:26,True,
Meclay Damage Repair Shampoo 360ML,690,False,650,10,5,Health and Beauty,Hair Care,Shampoos,,40244801,2026-09-06 17:37:26,True,
Meclay Anti Dandruff Shampoo 360ML,690,False,0,10,5,Health and Beauty,Hair Care,Shampoos,,40244805,2026-09-06 17:37:26,True,
Meclay Hairfall Defense Shampoo 360ML,690,False,650,10,5,Health and Beauty,Hair Care,Shampoos,,40244809,2026-09-06 17:37:26,True,
Meclay Long & Healthy Shampoo 360ML,690,False,0,10,5,Health and Beauty,Hair Care,Shampoos,,40244811,2026-09-06 17:37:26,True,
Meclay Color Protect Shampoo 360ML,690,False,0,10,5,Health and Beauty,Hair Care,Shampoos,,40244812,2026-09-06 17:37:26,True,
Meclay Black Shine Shampoo 360ML,690,False,650,10,5,Health and Beauty,Hair Care,Shampoos,,40244814,2026-09-06 17:37:26,True,
Meclay Soft & Silky Shampoo 360ML,690,False,0,10,5,Health and Beauty,Hair Care,Shampoos,,40244815,2026-09-06 17:37:26,True,
Meclay Smooth & Straight Shampoo 360ML,690,False,0,10,5,Health and Beauty,Hair Care,Shampoos,,40244817,2026-09-06 17:37:26,True,
Meclay Strong & Healthy Shampoo 360ML,690,False,0,10,5,Health and Beauty,Hair Care,Shampoos,,40244818,2026-09-06 17:37:26,True,
Meclay Thick & Pink Shampoo 360ML,690,False,650,10,5,Health and Beauty,Hair Care,Shampoos,,40244820,2026-09-06 17:37:26,True,
Meclay Damage Repair Shampoo 660ML,1250,True,1049,10,5,Health and Beauty,Hair Care,Shampoos,,40244821,2026-09-06 17:37:26,True,
Meclay Anti Dandruff Shampoo 660ML,1250,True,1049,10,5,Health and Beauty,Hair Care,Shampoos,,40244822,2026-09-06 17:37:26,True,
Meclay Hairfall Defense Shampoo 660ML,1049,False,0,10,5,Health and Beauty,Hair Care,Shampoos,,40244824,2026-09-06 17:37:26,True,
Meclay Long & Healthy Shampoo 660ML,1049,False,0,10,5,Health and Beauty,Hair Care,Shampoos,,40244825,2026-09-06 17:37:26,True,
Meclay Color Protect Shampoo 660ML,1250,True,1049,10,5,Health and Beauty,Hair Care,Shampoos,,40244828,2026-09-06 17:37:26,True,
Meclay Black Shine Shampoo 660ML,1049,False,0,10,5,Health and Beauty,Hair Care,Shampoos,,40244829,2026-09-06 17:37:26,True,
Meclay Soft & Silky Shampoo 660ML,1049,False,1090,10,5,Health and Beauty,Hair Care,Shampoos,,40244831,2026-09-06 17:37:26,True,
Meclay Smooth & Straight Shampoo 660ML,1250,True,1049,10,5,Health and Beauty,Hair Care,Shampoos,,40244833,2026-09-06 17:37:26,True,
Meclay Strong & Healthy Shampoo 660ML,1049,False,0,10,5,Health and Beauty,Hair Care,Shampoos,,40244836,2026-09-06 17:37:26,True,
Meclay Thick & Pink Shampoo 660ML,1250,True,1049,10,5,Health and Beauty,Hair Care,Shampoos,,40244837,2026-09-06 17:37:26,True,
Capri Handwash Anti Bacterial  Bottle 200ML,285,False,225,10,5,Health and Beauty,Bath and Soap,Hand and Body Washes,,40244839,2026-09-06 17:37:26,True,
Capri Soap Green Saver Pack 150GM x 3,490,False,385,10,5,Health and Beauty,Bath and Soap,Fragrant,,40244840,2026-09-06 17:37:26,True,
Capri Soap Peach Saver Pack 150GM x 3,490,False,385,10,5,Health and Beauty,Bath and Soap,Fragrant,,40244841,2026-09-06 17:37:26,True,
Hype Berry Berry Fruity Body Spray 150ML,550,True,449,10,5,Health and Beauty,Fragrances,Body Sprays and Body Mists,,40244844,2026-09-06 17:37:26,True,
Hype Candy Apple Body Spray 150ML,550,True,449,10,5,Health and Beauty,Fragrances,Body Sprays and Body Mists,,40244848,2026-09-06 17:37:26,True,
Hype Feeling Peachy Body Spray 150ML,550,True,449,10,5,Health and Beauty,Fragrances,Body Sprays and Body Mists,,40244851,2026-09-06 17:37:26,True,
Hype Fruit Frenzy Body Spray 150ML,550,True,449,10,5,Health and Beauty,Fragrances,Body Sprays and Body Mists,,40244853,2026-09-06 17:37:26,True,
Hype Beachy Vibes Body Spray 150ML,600,True,499,10,5,Health and Beauty,Fragrances,Body Sprays and Body Mists,,40244855,2026-09-06 17:37:26,True,
Hype Bold & Brilliant Body Spray 150ML,600,True,499,10,5,Health and Beauty,Fragrances,Body Sprays and Body Mists,,40244857,2026-09-06 17:37:26,True,
Hype Dare To Spice Body Spray 150ML,600,True,499,10,5,Health and Beauty,Fragrances,Body Sprays and Body Mists,,40244858,2026-09-06 17:37:26,True,
Hype Neon Night Body Spray 150ML,600,True,499,10,5,Health and Beauty,Fragrances,Body Sprays and Body Mists,,40244860,2026-09-06 17:37:26,True,
Bioaqua Facial Mask Aloe Vera,199,False,0,10,5,Health and Beauty,Skin Care,Masks and Cleansers,,40244901,2026-09-06 17:37:26,True,
Bioaqua Facial Mask Blueberry,199,False,0,10,5,Health and Beauty,Skin Care,Masks and Cleansers,,40244903,2026-09-06 17:37:26,True,
Bioaqua Facial Mask Cucumber,199,False,149,10,5,Health and Beauty,Skin Care,Masks and Cleansers,,40244904,2026-09-06 17:37:26,True,
Bioaqua Facial Mask Honey,199,False,149,10,5,Health and Beauty,Skin Care,Masks and Cleansers,,40244906,2026-09-06 17:37:26,True,
Bioaqua Facial Mask Honey Peac,199,False,149,10,5,Health and Beauty,Skin Care,Masks and Cleansers,,40244907,2026-09-06 17:37:26,True,
Bioaqua Facial Mask Hyaluronic,199,False,149,10,5,Health and Beauty,Skin Care,Masks and Cleansers,,40244909,2026-09-06 17:37:26,True,
Bioaqua Facial Mask Orange,199,False,149,10,5,Health and Beauty,Skin Care,Masks and Cleansers,,40244911,2026-09-06 17:37:26,True,
Bioaqua Facial Mask Rice,199,False,149,10,5,Health and Beauty,Skin Care,Masks and Cleansers,,40244913,2026-09-06 17:37:26,True,
Bioaqua Facial Mask Vitamin C,199,False,0,10,5,Health and Beauty,Skin Care,Masks and Cleansers,,40244914,2026-09-06 17:37:26,True,
Dr Rashel Face Wash Acid Renew,750,False,750,10,5,Health and Beauty,Skin Care,Facewashes,,40244916,2026-09-06 17:37:26,True,
Dr Rashel Face Wash Anti-Aging,1000,True,750,10,5,Health and Beauty,Skin Care,Facewashes,,40244917,2026-09-06 17:37:26,True,
Dr Rashel Face Wash Charcoal,1000,True,750,10,5,Health and Beauty,Skin Care,Facewashes,,40244918,2026-09-06 17:37:26,True,
Dr Rashel Face Wash Hyaluronic,1000,True,750,10,5,Health and Beauty,Skin Care,Facewashes,,40244920,2026-09-06 17:37:26,True,
Dr Rashel Face Wash Whitening,1000,True,750,10,5,Health and Beauty,Skin Care,Facewashes,,40244921,2026-09-06 17:37:26,True,
Nivea Men After Shave Fresh Kick 100ML,2000,False,1500,10,5,Health and Beauty,Toiletries,Men Grooming,,40244955,2026-09-06 17:37:26,True,
Nivea Men After Shave Sensitive 100ML,2000,False,1500,10,5,Health and Beauty,Toiletries,Men Grooming,,40244956,2026-09-06 17:37:26,True,
Colgate Gentle Cushion Clean Tooth Brush,499,False,499,10,5,Health and Beauty,Oral Care,Tooth Brushes,,40244958,2026-09-06 17:37:26,True,
Colgate Gentle Gum Care Tooth Brush,270,True,239,10,5,Health and Beauty,Oral Care,Tooth Brushes,,40244960,2026-09-06 17:37:26,True,
Colgate Gentle Gum Expert Tooth Brush,579,False,549,10,5,Health and Beauty,Oral Care,Tooth Brushes,,40244965,2026-09-06 17:37:26,True,
Colgate Gentle Kids Fluffy Paw Tooth Brush,545,False,499,10,5,Health and Beauty,Oral Care,Tooth Brushes,,40244968,2026-09-06 17:37:26,True,
Cool & Cool Bodywash Delicate 500ML,900,False,799,10,5,Health and Beauty,Bath and Soap,Hand and Body Washes,,40244971,2026-09-06 17:37:26,True,
Cool & Cool Bodywash Magic 500ML,900,False,799,10,5,Health and Beauty,Bath and Soap,Hand and Body Washes,,40244972,2026-09-06 17:37:26,True,
Cool & Cool Shower Gel 500ML,900,False,799,10,5,Health and Beauty,Bath and Soap,Hand and Body Washes,,40244975,2026-09-06 17:37:26,True,
Nivea Body Lotion Rich Nourishing 625ML,3000,False,2550,10,5,Health and Beauty,Skin Care,Lotions and Sunscreen,,40244977,2026-09-06 17:37:26,True,
Nivea Body Lotion Cocoa Butter 625ML,2550,False,2550,10,5,Health and Beauty,Skin Care,Lotions and Sunscreen,,40244980,2026-09-06 17:37:26,True,
Nivea Body Lotion Natural Fairness 625ML,2550,False,2550,10,5,Health and Beauty,Skin Care,Lotions and Sunscreen,,40244981,2026-09-06 17:37:26,True,
Nivea Body Lotion Repair & Care 400ML,2200,False,1870,10,5,Health and Beauty,Skin Care,Lotions and Sunscreen,,40244983,2026-09-06 17:37:26,True,
Dettol Soap Cool 110GM x 3,435,False,389,10,5,Health and Beauty,Bath and Soap,Antibacterial,,40244984,2026-09-06 17:37:26,True,
Dettol Soap Original 110GM x 3,435,False,389,10,5,Health and Beauty,Bath and Soap,Antibacterial,,40244985,2026-09-06 17:37:26,True,
Sunsilk Super Shine Hair Serum 92ML,1025,False,0,10,5,Health and Beauty,Hair Care,Oils and Serums,,40244987,2026-09-06 17:37:26,True,
Dove All Day Nourish Hair Serum 100ML,1739,False,0,10,5,Health and Beauty,Hair Care,Oils and Serums,,40244988,2026-09-06 17:37:26,True,
Dove Deep Repair Hair Mask 12 x 250ML,2100,True,1850,10,5,Health and Beauty,Hair Care,Oils and Serums,,40244990,2026-09-06 17:37:26,True,
Embrace Maxi Large Duo Pack 18Pcs,540,False,405,10,5,Health and Beauty,Toiletries,Women Care,,40245005,2026-09-06 17:37:26,True,
Embrace Maxi Large Trio Pack 28Pcs,790,False,595,10,5,Health and Beauty,Toiletries,Women Care,,40245006,2026-09-06 17:37:26,True,
Embrace Panty Liners 20Pcs,330,False,249,10,5,Health and Beauty,Toiletries,Women Care,,40245008,2026-09-06 17:37:26,True,
Embrace Savers Plus Duo X-Large 16Pcs,370,True,259,10,5,Health and Beauty,Toiletries,Women Care,,40245009,2026-09-06 17:37:26,True,
Embrace Savers Plus Single X-Large,190,True,135,10,5,Health and Beauty,Toiletries,Women Care,,40245011,2026-09-06 17:37:26,True,
Embrace Ultra Thin Large,295,False,219,10,5,Health and Beauty,Toiletries,Women Care,,40245013,2026-09-06 17:37:26,True,
Embrace Ultra Thin X-Large,295,False,219,10,5,Health and Beauty,Toiletries,Women Care,,40245014,2026-09-06 17:37:26,True,
Sensitive Maxi Large,325,False,0,10,5,Health and Beauty,Toiletries,Women Care,,40245015,2026-09-06 17:37:26,True,
Sensitive Ultra Thin Large,325,False,0,10,5,Health and Beauty,Toiletries,Women Care,,40245017,2026-09-06 17:37:26,True,
Sensitive Ultra Thin X-Large,325,False,245,10,5,Health and Beauty,Toiletries,Women Care,,40245018,2026-09-06 17:37:26,True,
Essential Maxi X-Large Value Pack,455,False,489,10,5,Health and Beauty,Toiletries,Women Care,,40245020,2026-09-06 17:37:26,True,
Sensitive Maxi Large Value Pack,490,False,525,10,5,Health and Beauty,Toiletries,Women Care,,40245021,2026-09-06 17:37:26,True,
Embrace Maxi Trio X-Large,659,False,699,10,5,Health and Beauty,Toiletries,Women Care,,40245022,2026-09-06 17:37:26,True,
Sensitive Maxi Trio X-Large,699,False,749,10,5,Health and Beauty,Toiletries,Women Care,,40245024,2026-09-06 17:37:26,True,
Sensitive Maxi Trio Pack Large,699,False,749,10,5,Health and Beauty,Toiletries,Women Care,,40245025,2026-09-06 17:37:26,True,
Vaseline Dewy Radiance Lotion 70ML,650,False,589,10,5,Health and Beauty,Skin Care,Lotions and Sunscreen,,40245027,2026-09-06 17:37:26,True,
Vaseline Gluta-Hya Flawless Glow Lotion 70ML,650,False,589,10,5,Health and Beauty,Skin Care,Lotions and Sunscreen,,40245029,2026-09-06 17:37:26,True,
Vaseline Gluta-Hya Overnight Radiance Lotion 70ML,650,False,589,10,5,Health and Beauty,Skin Care,Lotions and Sunscreen,,40245030,2026-09-06 17:37:26,True,
Ponds Bright Beauty Serum 15ML,945,False,855,10,5,Health and Beauty,Skin Care,Lotions and Sunscreen,,40245032,2026-09-06 17:37:26,True,
Ponds Hydra Miracle Serum 15ML,1095,False,999,10,5,Health and Beauty,Skin Care,Lotions and Sunscreen,,40245033,2026-09-06 17:37:26,True,
Ponds Bright Beauty Serum 30ML,1345,False,1249,10,5,Health and Beauty,Skin Care,Lotions and Sunscreen,,40245035,2026-09-06 17:37:26,True,
Vaseline Dewy Radiance Lotion 200ML,1500,False,1399,10,5,Health and Beauty,Skin Care,Lotions and Sunscreen,,40245036,2026-09-06 17:37:26,True,
Vaseline Gluta-Hya Flawless Glow Lotion 200ML,1500,False,1399,10,5,Health and Beauty,Skin Care,Lotions and Sunscreen,,40245038,2026-09-06 17:37:26,True,
Vaseline Gluta-Hya Overnight Radiance Lotion 200ML,1500,False,0,10,5,Health and Beauty,Skin Care,Lotions and Sunscreen,,40245039,2026-09-06 17:37:26,True,
Ponds Hydra Miracle Serum 30ML,1695,False,1599,10,5,Health and Beauty,Skin Care,Lotions and Sunscreen,,40245041,2026-09-06 17:37:26,True,
Sensodyne Original Toothpaste 70GM,380,False,0,10,5,Health and Beauty,Oral Care,Tooth Pastes,,40245092,2026-09-06 17:37:26,True,
Sensodyne Deep Clean Toothpaste 70GM,395,False,0,10,5,Health and Beauty,Oral Care,Tooth Pastes,,40245094,2026-09-06 17:37:26,True,
Lux Soap 3 in 1 Trio Pack 128GM x 3,439,False,0,10,5,Health and Beauty,Bath and Soap,Fragrant,,40245096,2026-09-06 17:37:26,True,
